conversation_id,rouge1_precision,rouge1_recall,rouge1_f1,rouge2_precision,rouge2_recall,rouge2_f1,rougeL_precision,rougeL_recall,rougeL_f1
ckrjw,0.9788359788359788,0.3140916808149406,0.4755784061696659,0.9468085106382979,0.30272108843537415,0.4587628865979382,0.9523809523809523,0.30560271646859083,0.4627249357326478
cksef,0.9806451612903225,0.14232209737827714,0.24856909239574815,0.9415584415584416,0.1358950328022493,0.2375102375102375,0.9419354838709677,0.13670411985018727,0.23875715453802127
ckz62,0.9657534246575342,0.3006396588486141,0.4585365853658537,0.9103448275862069,0.28205128205128205,0.43066884176182707,0.9383561643835616,0.2921108742004264,0.44552845528455287
cl2ea,0.9640718562874252,0.20379746835443038,0.3364681295715778,0.8734939759036144,0.18377693282636248,0.3036649214659686,0.844311377245509,0.17848101265822786,0.29467084639498436
cl8at,0.993485342019544,0.2752707581227437,0.4310954063604241,0.9575163398692811,0.2646793134598013,0.41472045293701354,0.9771986970684039,0.27075812274368233,0.42402826855123676
clcgf,0.9747474747474747,0.10025974025974026,0.18181818181818182,0.9390862944162437,0.09615384615384616,0.17444601603017443,0.9545454545454546,0.09818181818181818,0.17804992934526612
clhma,0.9835164835164835,0.13065693430656936,0.23067010309278352,0.9447513812154696,0.12490869247626005,0.22064516129032258,0.9615384615384616,0.12773722627737227,0.2255154639175258
clicr,0.9689119170984456,0.5404624277456648,0.6938775510204082,0.9427083333333334,0.5246376811594203,0.6741154562383613,0.9533678756476683,0.5317919075144508,0.6827458256029685
clm0x,0.9864864864864865,0.2201005025125628,0.3599013968775678,0.9457013574660633,0.21026156941649898,0.34403292181069955,0.9684684684684685,0.21608040201005024,0.3533278553820871
clm8e,0.9251700680272109,0.3028953229398664,0.45637583892617445,0.8493150684931506,0.2767857142857143,0.41750841750841755,0.8639455782312925,0.2828507795100223,0.42617449664429535
clmej,0.9937369519832986,0.1968569065343259,0.32861580945806007,0.9581589958158996,0.1894911046752172,0.3164075993091537,0.9812108559498957,0.19437551695616212,0.32447359337245424
clms8,0.9821428571428571,0.4824561403508772,0.6470588235294117,0.9700598802395209,0.4750733137829912,0.6377952755905513,0.9702380952380952,0.4766081871345029,0.6392156862745099
cltp4,0.9674418604651163,0.4262295081967213,0.5917496443812233,0.9252336448598131,0.406570841889117,0.5649072753209701,0.9302325581395349,0.4098360655737705,0.5689900426742532
clxn3,0.9724770642201835,0.1930783242258652,0.3221884498480243,0.9166666666666666,0.18065693430656934,0.301829268292683,0.9541284403669725,0.1894353369763206,0.3161094224924012
cly7c,0.9642857142857143,0.15033407572383073,0.26011560693641617,0.9136690647482014,0.1415830546265329,0.24517374517374516,0.95,0.14810690423162584,0.25626204238921
clzhs,0.9813664596273292,0.37799043062200954,0.5457685664939551,0.94375,0.36211031175059955,0.5233968804159446,0.968944099378882,0.37320574162679426,0.538860103626943
cm2w3,0.9583333333333334,0.24598930481283424,0.39148936170212767,0.8936170212765957,0.22580645161290322,0.3605150214592274,0.9375,0.24064171122994651,0.38297872340425526
cm7dp,0.9576271186440678,0.27764127764127766,0.4304761904761905,0.8803418803418803,0.2536945812807882,0.3938814531548757,0.9152542372881356,0.26535626535626533,0.4114285714285714
cmat3,0.9512195121951219,0.18886198547215496,0.3151515151515152,0.8,0.1583198707592892,0.2643290627107215,0.7479674796747967,0.14850686037126715,0.24781144781144782
cmb29,0.9841269841269841,0.20113544201135442,0.33400673400673403,0.9362549800796812,0.19074675324675325,0.31692515171948754,0.9722222222222222,0.19870235198702352,0.3299663299663299
cmbkj,0.94,0.2416452442159383,0.38445807770961143,0.8383838383838383,0.21391752577319587,0.3408624229979466,0.87,0.2236503856041131,0.35582822085889565
cmgap,0.9662921348314607,0.13837489943684633,0.2420830401125968,0.8926553672316384,0.12721417069243157,0.22269203664552503,0.9044943820224719,0.12952534191472245,0.22660098522167488
cml25,0.9565217391304348,0.4731182795698925,0.6330935251798562,0.9230769230769231,0.4540540540540541,0.6086956521739131,0.9456521739130435,0.46774193548387094,0.6258992805755395
cmmqc,0.9932203389830508,0.23743922204213938,0.3832570307390451,0.9693877551020408,0.23114355231143552,0.37328094302554027,0.8067796610169492,0.19286871961102106,0.31131458469587964
cmr65,0.8846153846153846,0.8598130841121495,0.872037914691943,0.8543689320388349,0.8301886792452831,0.8421052631578948,0.8653846153846154,0.8411214953271028,0.8530805687203792
cmu5s,0.9913544668587896,0.25806451612903225,0.40952380952380957,0.9624277456647399,0.25,0.39690107270560193,0.9740634005763689,0.2535633908477119,0.40238095238095234
cmur1,0.975609756097561,0.6993006993006993,0.814663951120163,0.9705882352941176,0.6947368421052632,0.8098159509202455,0.975609756097561,0.6993006993006993,0.814663951120163
cn0io,0.8467741935483871,0.6521739130434783,0.7368421052631577,0.7967479674796748,0.6125,0.6925795053003534,0.8064516129032258,0.6211180124223602,0.7017543859649121
cn36l,0.926829268292683,0.5241379310344828,0.669603524229075,0.8518518518518519,0.4791666666666667,0.6133333333333334,0.8780487804878049,0.496551724137931,0.6343612334801761
cn4vs,0.9570552147239264,0.21138211382113822,0.3462819089900111,0.9012345679012346,0.19810040705563092,0.3248053392658509,0.9079754601226994,0.2005420054200542,0.3285238623751387
cn5om,0.9702970297029703,0.6282051282051282,0.7626459143968871,0.94,0.6064516129032258,0.7372549019607842,0.9504950495049505,0.6153846153846154,0.7470817120622568
cnakl,0.9712643678160919,0.26283048211508553,0.4137086903304773,0.9075144508670521,0.24454828660436137,0.38527607361963195,0.9482758620689655,0.25660964230171074,0.4039167686658507
cnbyl,0.9689119170984456,0.25546448087431695,0.4043243243243243,0.90625,0.23803009575923392,0.37703141928494044,0.8031088082901554,0.21174863387978143,0.33513513513513515
cnd1y,0.9935897435897436,0.24720893141945774,0.39591315453384424,0.9646302250803859,0.23942537909018355,0.3836317135549872,0.9903846153846154,0.24641148325358853,0.39463601532567055
cnd3k,0.9961685823754789,0.13184584178498987,0.2328705776981639,0.95,0.12531709791983764,0.2214253697893321,0.89272030651341,0.11815415821501014,0.20868786386027766
cngmr,0.9565217391304348,0.4647887323943662,0.6255924170616113,0.9051094890510949,0.4381625441696113,0.5904761904761905,0.9202898550724637,0.4471830985915493,0.6018957345971564
cni11,0.9805825242718447,0.2865248226950355,0.4434687156970363,0.8975609756097561,0.26136363636363635,0.40484048404840484,0.9368932038834952,0.27375886524822696,0.4237102085620198
cnixv,0.8529411764705882,0.4461538461538462,0.5858585858585859,0.7761194029850746,0.40310077519379844,0.5306122448979591,0.7941176470588235,0.4153846153846154,0.5454545454545455
cnji3,0.9692307692307692,0.31343283582089554,0.4736842105263159,0.90625,0.29,0.4393939393939394,0.9230769230769231,0.29850746268656714,0.45112781954887216
cnm0a,0.9649122807017544,0.054455445544554455,0.10309278350515465,0.888235294117647,0.04985143611753054,0.0944045014066896,0.8421052631578947,0.047524752475247525,0.08997188378631678
cnme0,0.9673202614379085,0.09647979139504563,0.17545939537640784,0.8881578947368421,0.08806262230919765,0.1602373887240356,0.9281045751633987,0.09256844850065189,0.16834617664493182
cnp2m,0.9752475247524752,0.24320987654320989,0.38932806324110675,0.9203980099502488,0.22867737948084055,0.3663366336633663,0.9306930693069307,0.23209876543209876,0.37154150197628455
cnvn5,0.9483870967741935,0.588,0.7259259259259259,0.8896103896103896,0.5502008032128514,0.6799007444168734,0.9096774193548387,0.564,0.6962962962962962
cnzj1,0.9915966386554622,0.14540973505853358,0.25362708221386354,0.9535864978902954,0.13933415536374846,0.24314147391070465,0.9537815126050421,0.1398644485520641,0.24395486297689417
co5nb,0.9715909090909091,0.4609164420485175,0.6252285191956124,0.9314285714285714,0.44054054054054054,0.5981651376146788,0.9488636363636364,0.4501347708894879,0.6106032906764168
co6ou,0.9615384615384616,0.08163265306122448,0.1504890895410083,0.8454106280193237,0.07145773785218457,0.13177710843373494,0.8894230769230769,0.07551020408163266,0.13920240782543267
cod6c,0.8923076923076924,0.4142857142857143,0.5658536585365854,0.84375,0.38848920863309355,0.5320197044334976,0.8307692307692308,0.38571428571428573,0.526829268292683
cojcu,0.921875,0.30153321976149916,0.45442875481386397,0.8481675392670157,0.2764505119453925,0.416988416988417,0.8854166666666666,0.28960817717206133,0.43645699614890887
coot0,0.9454545454545454,0.25212121212121213,0.39808612440191393,0.8858447488584474,0.2354368932038835,0.37200383509108337,0.8863636363636364,0.23636363636363636,0.37320574162679426
coud9,0.971830985915493,0.24069767441860465,0.385834109972041,0.9198113207547169,0.2270081490104773,0.3641456582633053,0.9624413145539906,0.23837209302325582,0.3821062441752097
cox98,0.9692307692307692,0.25301204819277107,0.4012738853503185,0.9224806201550387,0.23943661971830985,0.3801916932907348,0.9307692307692308,0.2429718875502008,0.3853503184713376
coy1c,0.9765625,0.5580357142857143,0.7102272727272727,0.9448818897637795,0.5381165919282511,0.6857142857142857,0.9609375,0.5491071428571429,0.6988636363636365
cp48p,0.7878787878787878,0.45614035087719296,0.5777777777777777,0.7076923076923077,0.40707964601769914,0.5168539325842697,0.7121212121212122,0.41228070175438597,0.5222222222222223
cp77e,0.9798994974874372,0.3207236842105263,0.48327137546468396,0.9393939393939394,0.30642504118616143,0.46211180124223594,0.9698492462311558,0.31743421052631576,0.47831474597273854
cp7bz,0.9850746268656716,0.2634730538922156,0.41574803149606304,0.9400749063670412,0.25074925074925075,0.3958990536277603,0.9776119402985075,0.26147704590818366,0.4125984251968504
cp8og,0.9289940828402367,0.19382716049382717,0.32073544433094997,0.8571428571428571,0.17799752781211373,0.29477993858751284,0.8875739644970414,0.18518518518518517,0.306435137895812
cpbj4,0.8987341772151899,0.27989487516425754,0.42685370741482964,0.8135593220338984,0.25263157894736843,0.38554216867469887,0.8227848101265823,0.25624178712220763,0.3907815631262525
cpdv3,0.9926470588235294,0.21634615384615385,0.3552631578947369,0.9333333333333333,0.20224719101123595,0.3324538258575198,0.9705882352941176,0.21153846153846154,0.34736842105263155
cpn3r,0.9426751592356688,0.6090534979423868,0.74,0.9102564102564102,0.5867768595041323,0.71356783919598,0.910828025477707,0.588477366255144,0.715
cpqyt,0.963855421686747,0.40302267002518893,0.5683836589698047,0.9151515151515152,0.3813131313131313,0.5383244206773619,0.9156626506024096,0.38287153652392947,0.5399644760213144
cq2a6,0.9635036496350365,0.26666666666666666,0.4177215189873418,0.8455882352941176,0.23279352226720648,0.36507936507936506,0.8832116788321168,0.24444444444444444,0.38291139240506333
cq81a,0.9788732394366197,0.2907949790794979,0.4483870967741936,0.9432624113475178,0.27882599580712786,0.43042071197410997,0.9647887323943662,0.28661087866108786,0.4419354838709677
cqasg,0.9222222222222223,0.538961038961039,0.680327868852459,0.8764044943820225,0.5098039215686274,0.6446280991735538,0.8888888888888888,0.5194805194805194,0.6557377049180327
cqbbo,0.8348623853211009,0.5027624309392266,0.6275862068965518,0.7685185185185185,0.46111111111111114,0.576388888888889,0.7706422018348624,0.46408839779005523,0.5793103448275863
cqbml,0.9595588235294118,0.15361977633902296,0.26484018264840187,0.8671586715867159,0.13839811542991756,0.2386998476383951,0.8970588235294118,0.14361389052383755,0.2475900558092339
cqe7y,0.9850746268656716,0.25287356321839083,0.40243902439024387,0.93,0.23785166240409208,0.3788187372708758,0.8109452736318408,0.2081736909323116,0.3313008130081301
cqefn,0.9802955665024631,0.06633333333333333,0.12425850764907899,0.9306930693069307,0.06268756252084028,0.11746329272102467,0.9753694581280788,0.066,0.1236340930377771
cqfqi,0.9699248120300752,0.9772727272727273,0.9735849056603774,0.9696969696969697,0.9770992366412213,0.9733840304182511,0.9699248120300752,0.9772727272727273,0.9735849056603774
cqily,0.9818181818181818,0.09800362976406533,0.1782178217821782,0.7990867579908676,0.07943713118474807,0.14450867052023122,0.6863636363636364,0.06851179673321234,0.12458745874587457
cqjd9,0.9836065573770492,0.8780487804878049,0.9278350515463918,0.9560439560439561,0.8529411764705882,0.9015544041450777,0.9726775956284153,0.8682926829268293,0.9175257731958762
cql7g,0.8805031446540881,0.36363636363636365,0.5147058823529412,0.7721518987341772,0.3177083333333333,0.4501845018450184,0.8176100628930818,0.33766233766233766,0.47794117647058826
cqnd3,0.9637681159420289,0.23707664884135474,0.3805436337625179,0.9124087591240876,0.22321428571428573,0.3586800573888092,0.9420289855072463,0.23172905525846701,0.3719599427753934
cqo13,0.9802631578947368,0.3880208333333333,0.5559701492537312,0.9403973509933775,0.370757180156658,0.5318352059925094,0.9671052631578947,0.3828125,0.5485074626865671
cqovk,0.9047619047619048,0.5053191489361702,0.6484641638225257,0.8461538461538461,0.47058823529411764,0.6048109965635738,0.8666666666666667,0.48404255319148937,0.621160409556314
cqrdq,0.9834254143646409,0.08636584182435711,0.15878679750223018,0.9277777777777778,0.08106796116504854,0.14910714285714285,0.9502762430939227,0.08345463367297429,0.15343443354148084
cqu31,0.9107142857142857,0.42323651452282157,0.5779036827195467,0.8558558558558559,0.3958333333333333,0.5413105413105412,0.8571428571428571,0.3983402489626556,0.5439093484419263
cqu8z,0.9285714285714286,0.8666666666666667,0.896551724137931,0.920863309352518,0.8590604026845637,0.888888888888889,0.9285714285714286,0.8666666666666667,0.896551724137931
cqv2n,0.9617486338797814,0.3302063789868668,0.4916201117318436,0.9120879120879121,0.31203007518796994,0.46498599439775906,0.9344262295081968,0.32082551594746717,0.47765363128491617
cqwo8,0.964824120603015,0.5203252032520326,0.6760563380281691,0.9141414141414141,0.49184782608695654,0.6395759717314488,0.9447236180904522,0.5094850948509485,0.6619718309859155
cqwxa,0.9507042253521126,0.25961538461538464,0.4078549848942598,0.8936170212765957,0.24277456647398843,0.3818181818181818,0.9014084507042254,0.24615384615384617,0.3867069486404834
cqyw6,0.965034965034965,1.0,0.9822064056939501,0.9647887323943662,1.0,0.982078853046595,0.965034965034965,1.0,0.9822064056939501
cqzx5,0.9863013698630136,0.22018348623853212,0.36,0.9450171821305842,0.21040550879877581,0.344180225281602,0.9623287671232876,0.21483180428134557,0.35125000000000006
cr06h,0.9607843137254902,0.3466981132075472,0.5095320623916811,0.9078947368421053,0.3262411347517731,0.48000000000000004,0.9281045751633987,0.33490566037735847,0.49220103986135183
cr1hg,0.9891304347826086,0.33090909090909093,0.49591280653950964,0.9453551912568307,0.3151183970856102,0.47267759562841527,0.9782608695652174,0.32727272727272727,0.49046321525885556
cr1il,0.9817351598173516,0.3161764705882353,0.4783092324805339,0.9541284403669725,0.30633284241531666,0.463768115942029,0.958904109589041,0.3088235294117647,0.4671857619577308
cr2k8,0.987012987012987,0.4676923076923077,0.6346555323590813,0.9738562091503268,0.45987654320987653,0.6247379454926625,0.974025974025974,0.46153846153846156,0.6263048016701462
cr7xc,0.92,0.30976430976430974,0.46347607052896717,0.8181818181818182,0.27364864864864863,0.41012658227848103,0.88,0.2962962962962963,0.4433249370277078
cr9vy,0.9590163934426229,0.15496688741721854,0.2668187001140251,0.8842975206611571,0.1419098143236074,0.24457142857142858,0.9180327868852459,0.14834437086092717,0.2554161915621437
cra8o,0.9815950920245399,0.5755395683453237,0.7256235827664398,0.9382716049382716,0.5487364620938628,0.6924829157175398,0.9693251533742331,0.5683453237410072,0.7165532879818594
crelk,0.9504132231404959,0.3185595567867036,0.47717842323651455,0.8583333333333333,0.2861111111111111,0.42916666666666664,0.9008264462809917,0.30193905817174516,0.45228215767634855
crfxu,0.9945054945054945,0.39606126914660833,0.566510172143975,0.9723756906077348,0.38596491228070173,0.5525902668759811,0.989010989010989,0.3938730853391685,0.5633802816901409
crgq1,0.9814814814814815,0.47533632286995514,0.6404833836858006,0.9532710280373832,0.4594594594594595,0.6200607902735562,0.9629629629629629,0.4663677130044843,0.6283987915407856
crln4,0.9326923076923077,0.20770877944325483,0.3397548161120841,0.8446601941747572,0.18669527896995708,0.3057996485061511,0.8557692307692307,0.1905781584582441,0.3117338003502627
crmxn,0.993103448275862,0.3764705882352941,0.5459715639810427,0.9584775086505191,0.362565445026178,0.5261158594491928,0.9827586206896551,0.37254901960784315,0.5402843601895734
crpjl,0.9368421052631579,0.34099616858237547,0.5,0.8723404255319149,0.3153846153846154,0.4632768361581921,0.8947368421052632,0.32567049808429116,0.4775280898876404
crtrv,0.9562043795620438,0.34933333333333333,0.51171875,0.9044117647058824,0.32887700534759357,0.48235294117647054,0.9343065693430657,0.3413333333333333,0.5
cs04n,0.9363636363636364,0.4161616161616162,0.5762237762237762,0.8858447488584474,0.39271255060728744,0.544179523141655,0.9,0.4,0.5538461538461539
cs33k,0.9925925925925926,0.2231473771856786,0.36437797416723317,0.9702602230483272,0.2175,0.35534377127297484,0.9851851851851852,0.22148209825145712,0.3616587355540449
csa4d,0.9591836734693877,0.3657587548638132,0.5295774647887324,0.9179487179487179,0.3489278752436647,0.5056497175141242,0.9183673469387755,0.35019455252918286,0.5070422535211268
cseoq,0.9221556886227545,0.36754176610978523,0.5255972696245734,0.8554216867469879,0.3397129186602871,0.4863013698630137,0.874251497005988,0.34844868735083534,0.49829351535836186
csg5y,0.9904458598726115,0.24353954581049334,0.3909490886235072,0.9680511182108626,0.23746081504702193,0.381371932032725,0.9808917197452229,0.24119028974158183,0.3871778755499686
csgcz,0.9848484848484849,0.5371900826446281,0.6951871657754011,0.9465648854961832,0.5145228215767634,0.6666666666666666,0.9696969696969697,0.5289256198347108,0.6844919786096257
csolf,0.9728506787330317,0.30714285714285716,0.4668838219326819,0.9272727272727272,0.2918454935622318,0.4439608269858542,0.9366515837104072,0.2957142857142857,0.44951140065146583
cspo3,0.9746835443037974,0.219790675547098,0.358695652173913,0.940677966101695,0.21142857142857144,0.3452566096423017,0.9324894514767933,0.21027592768791628,0.34316770186335405
cspp5,0.9304347826086956,0.3543046357615894,0.513189448441247,0.8508771929824561,0.3222591362126246,0.4674698795180723,0.8956521739130435,0.34105960264900664,0.4940047961630696
css88,0.9817073170731707,0.18742724097788127,0.31476050830889546,0.9263803680981595,0.175990675990676,0.2957884427032322,0.9634146341463414,0.1839348079161816,0.3088954056695992
csvlp,0.9548022598870056,0.2835570469798658,0.4372574385510996,0.8920454545454546,0.2638655462184874,0.40726329442282755,0.9152542372881356,0.27181208053691275,0.41914618369987067
ct0bk,0.9141104294478528,0.40821917808219177,0.5643939393939393,0.8209876543209876,0.36538461538461536,0.5057034220532319,0.8588957055214724,0.3835616438356164,0.5303030303030303
ct16o,0.968944099378882,0.37410071942446044,0.5397923875432526,0.93125,0.3581730769230769,0.517361111111111,0.9440993788819876,0.3645083932853717,0.5259515570934256
ct5qb,0.9528795811518325,0.6086956521739131,0.7428571428571429,0.9052631578947369,0.5771812080536913,0.7049180327868854,0.9162303664921466,0.5852842809364549,0.7142857142857143
ct9f6,0.9931972789115646,0.2796934865900383,0.43647234678624813,0.952054794520548,0.2667946257197697,0.41679160419790107,0.9659863945578231,0.2720306513409962,0.42451420029895365
ctb7b,0.9926739926739927,0.35194805194805195,0.5196548418024928,0.9742647058823529,0.34460338101430427,0.5091258405379443,0.9816849816849816,0.34805194805194806,0.513902205177373
cteoi,0.9890710382513661,0.1685288640595903,0.28798727128082735,0.945054945054945,0.1602982292637465,0.27410358565737053,0.9726775956284153,0.16573556797020483,0.2832140015910899
ctf62,0.9724770642201835,0.4274193548387097,0.5938375350140056,0.9170506912442397,0.402020202020202,0.5589887640449438,0.9495412844036697,0.4173387096774194,0.5798319327731093
ctffc,0.9914893617021276,0.4735772357723577,0.640990371389271,0.9743589743589743,0.46435845213849286,0.6289655172413794,0.9787234042553191,0.46747967479674796,0.6327372764786795
ctfyd,0.9562841530054644,0.09977194982896237,0.18069179143004643,0.8956043956043956,0.09298345693097547,0.1684754521963824,0.726775956284153,0.0758266818700114,0.1373257614868353
cth6g,0.9881656804733728,0.620817843866171,0.7625570776255708,0.9583333333333334,0.6007462686567164,0.738532110091743,0.9526627218934911,0.5985130111524164,0.7351598173515982
cti7d,0.9501915708812261,0.16734143049932523,0.28456683878370626,0.8384615384615385,0.14719783929777178,0.2504307869040781,0.89272030651341,0.1572199730094467,0.2673551348250144
ctk6u,0.976878612716763,0.16782522343594836,0.2864406779661017,0.9244186046511628,0.15805168986083498,0.2699490662139219,0.9421965317919075,0.1618669314796425,0.276271186440678
ctkqk,0.9776119402985075,0.08534201954397394,0.15698022768124625,0.8796992481203008,0.07627118644067797,0.14037192561487702,0.9029850746268657,0.07882736156351791,0.1449970041941282
ctnxq,0.95,0.15811373092926492,0.2711058263971463,0.8823529411764706,0.14583333333333334,0.25029797377830754,0.9,0.14979195561719832,0.25683709869203325
ctpsd,0.9789029535864979,0.5333333333333333,0.6904761904761905,0.940677966101695,0.511520737327189,0.6626865671641792,0.9578059071729957,0.5218390804597701,0.6755952380952381
cttti,0.949438202247191,0.16218809980806143,0.2770491803278689,0.8700564971751412,0.14793467819404418,0.2528735632183908,0.8595505617977528,0.14683301343570057,0.2508196721311476
ctw1r,0.7422680412371134,0.4768211920529801,0.5806451612903226,0.6145833333333334,0.3933333333333333,0.47967479674796754,0.6907216494845361,0.44370860927152317,0.5403225806451613
ctz97,0.9354838709677419,0.6480446927374302,0.7656765676567655,0.8780487804878049,0.6067415730337079,0.7176079734219268,0.8870967741935484,0.6145251396648045,0.7260726072607261
cu0ic,0.9347826086956522,0.17040951122853368,0.288268156424581,0.8540145985401459,0.15476190476190477,0.2620380739081747,0.8768115942028986,0.15984147952443858,0.27039106145251396
cu41u,0.9829351535836177,0.1702127659574468,0.290176322418136,0.934931506849315,0.1614429331756357,0.2753403933434191,0.9522184300341296,0.16489361702127658,0.2811083123425692
cu5ye,0.957345971563981,0.12002376708259062,0.2133051742344245,0.8142857142857143,0.10166468489892984,0.18076109936575052,0.7819905213270142,0.09803921568627451,0.17423442449841606
cu7fb,0.983739837398374,0.12359550561797752,0.21960072595281305,0.9387755102040817,0.11752682677567705,0.20890099909173476,0.9552845528455285,0.12002042900919306,0.2132486388384755
cu82c,0.9955456570155902,0.16747845635069314,0.286722257857601,0.9665178571428571,0.16229385307346328,0.27792041078305524,0.9888641425389755,0.16635443986511803,0.2847979474021809
cu9c1,0.9950980392156863,0.23068181818181818,0.37453874538745385,0.9655172413793104,0.2229806598407281,0.36229205175600737,0.9803921568627451,0.22727272727272727,0.3690036900369004
cubvt,0.9929078014184397,0.1402805611222445,0.24582967515364354,0.9715302491103203,0.1368421052631579,0.2398945518453427,0.8475177304964538,0.11973947895791583,0.20983318700614573
cud3o,0.9856459330143541,0.39539347408829173,0.5643835616438356,0.9615384615384616,0.38461538461538464,0.5494505494505495,0.9808612440191388,0.3934740882917466,0.5616438356164384
cudcl,0.9487179487179487,0.30578512396694213,0.4625,0.8620689655172413,0.27624309392265195,0.4184100418410042,0.9145299145299145,0.29476584022038566,0.44583333333333336
cuehj,0.9789473684210527,0.09167077378018729,0.1676430824695809,0.9259259259259259,0.08629191321499013,0.15787099684258007,0.9526315789473684,0.08920650566781665,0.16313654799459212
cughd,0.9633507853403142,0.5395894428152492,0.6917293233082706,0.9105263157894737,0.5088235294117647,0.6528301886792454,0.9267015706806283,0.5190615835777126,0.6654135338345865
cugmv,0.9418960244648318,0.08789954337899543,0.16079352649438786,0.8312883435582822,0.0773622609192121,0.14155131888221467,0.7828746177370031,0.0730593607305936,0.13364656747585485
cuinz,0.9727272727272728,0.13391739674593242,0.2354235423542354,0.9269406392694064,0.12711333750782716,0.223568281938326,0.9409090909090909,0.1295369211514393,0.22772277227722773
cumue,0.9860724233983287,0.32036199095022627,0.4836065573770492,0.946927374301676,0.3070652173913043,0.46374829001367995,0.9777158774373259,0.3176470588235294,0.4795081967213114
cuns0,0.9868852459016394,0.09132281553398058,0.16717578450430434,0.9605263157894737,0.08861911987860395,0.16226729647124202,0.980327868852459,0.09071601941747573,0.16606498194945848
cusyc,0.9470899470899471,0.22544080604534006,0.36419125127161756,0.8563829787234043,0.2030264817150063,0.32823649337410804,0.8941798941798942,0.2128463476070529,0.34384537131230924
cuufz,0.967391304347826,0.572347266881029,0.7191919191919192,0.907103825136612,0.535483870967742,0.6734279918864098,0.9239130434782609,0.5466237942122186,0.6868686868686869
cuvs1,0.9090909090909091,0.3440366972477064,0.49916805324459235,0.8414634146341463,0.31724137931034485,0.46076794657762943,0.8545454545454545,0.32339449541284404,0.4692179700499168
cv8z2,0.978494623655914,0.2158956109134045,0.35374149659863946,0.918918918918919,0.20190023752969122,0.3310613437195716,0.9516129032258065,0.2099644128113879,0.3440233236151603
cv95x,0.9318181818181818,0.4293193717277487,0.5878136200716846,0.8857142857142857,0.4068241469816273,0.5575539568345323,0.8920454545454546,0.4109947643979058,0.5627240143369177
cvi0h,0.9545454545454546,0.4921875,0.6494845360824743,0.9230769230769231,0.47244094488188976,0.625,0.9393939393939394,0.484375,0.6391752577319588
cvngw,0.9878787878787879,0.2874779541446208,0.44535519125683065,0.9390243902439024,0.27208480565371024,0.42191780821917807,0.9696969696969697,0.2821869488536155,0.4371584699453552
cvpra,0.9166666666666666,0.8979591836734694,0.9072164948453607,0.9020979020979021,0.8835616438356164,0.8927335640138407,0.9027777777777778,0.8843537414965986,0.8934707903780069
cvvkm,0.9945652173913043,0.18029556650246306,0.30525437864887406,0.9453551912568307,0.17061143984220908,0.2890559732664996,0.9836956521739131,0.17832512315270935,0.3019182652210175
cvvmw,0.953757225433526,0.6111111111111112,0.7449209932279911,0.9069767441860465,0.5799256505576208,0.7074829931972789,0.9190751445086706,0.5888888888888889,0.7178329571106095
ny2o2,0.9343434343434344,0.7773109243697479,0.8486238532110092,0.8578680203045685,0.7130801687763713,0.7788018433179723,0.8737373737373737,0.726890756302521,0.793577981651376
ny2xk,0.9745762711864406,0.9349593495934959,0.954356846473029,0.9658119658119658,0.9262295081967213,0.9456066945606694,0.9661016949152542,0.926829268292683,0.946058091286307
ny3if,0.9411764705882353,0.43389830508474575,0.5939675174013921,0.8814814814814815,0.40476190476190477,0.5547785547785548,0.9044117647058824,0.41694915254237286,0.5707656612529003
ny53b,0.9485714285714286,0.6775510204081633,0.7904761904761906,0.9137931034482759,0.6516393442622951,0.7607655502392344,0.92,0.6571428571428571,0.7666666666666667
ny5bd,0.900709219858156,1.0,0.9477611940298507,0.9,1.0,0.9473684210526316,0.900709219858156,1.0,0.9477611940298507
ny5fz,0.9595375722543352,0.4911242603550296,0.6497064579256361,0.9069767441860465,0.4629080118694362,0.612966601178782,0.9190751445086706,0.47041420118343197,0.6223091976516635
ny60y,0.936,0.13895486935866982,0.24198552223371247,0.8629032258064516,0.1272294887039239,0.22176165803108808,0.92,0.13657957244655583,0.23784901758014482
ny6fz,0.967741935483871,0.26200873362445415,0.4123711340206186,0.9405405405405406,0.2536443148688047,0.399540757749713,0.9623655913978495,0.26055312954876275,0.41008018327605966
ny7ew,0.9933774834437086,0.15376729882111737,0.26631158455392806,0.9568106312292359,0.1476923076923077,0.2558862727676588,0.9801324503311258,0.15171706817016914,0.2627607634265424
ny8vd,0.981651376146789,0.45147679324894513,0.6184971098265897,0.9537037037037037,0.4364406779661017,0.5988372093023256,0.963302752293578,0.4430379746835443,0.6069364161849711
nya3t,0.9753086419753086,0.316,0.4773413897280967,0.9316770186335404,0.30060120240480964,0.45454545454545453,0.9444444444444444,0.306,0.4622356495468278
nya4b,0.9617224880382775,0.8340248962655602,0.8933333333333334,0.9326923076923077,0.8083333333333333,0.8660714285714286,0.9330143540669856,0.8091286307053942,0.8666666666666667
nybk8,0.9933110367892977,0.34059633027522934,0.5072587532023911,0.9697986577181208,0.33180252583237657,0.49443969204448246,0.9832775919732442,0.33715596330275227,0.5021349274124679
nycav,0.9418604651162791,0.7431192660550459,0.8307692307692306,0.9294117647058824,0.7314814814814815,0.8186528497409327,0.9418604651162791,0.7431192660550459,0.8307692307692306
nycbv,0.9565217391304348,0.4045977011494253,0.5686591276252019,0.9016393442622951,0.38018433179723504,0.5348460291734198,0.9184782608695652,0.38850574712643676,0.5460420032310177
nycvv,0.9640718562874252,0.17869034406215317,0.301498127340824,0.9036144578313253,0.16666666666666666,0.28142589118198874,0.9161676646706587,0.16981132075471697,0.28651685393258425
nyd1c,0.8962264150943396,0.8260869565217391,0.8597285067873303,0.8666666666666667,0.7982456140350878,0.8310502283105023,0.8679245283018868,0.8,0.832579185520362
nyd49,0.97,0.49238578680203043,0.6531986531986531,0.9393939393939394,0.4744897959183674,0.6305084745762712,0.95,0.48223350253807107,0.6397306397306397
nye95,0.9302325581395349,0.6299212598425197,0.7511737089201878,0.9005847953216374,0.6086956521739131,0.7264150943396227,0.9244186046511628,0.6259842519685039,0.7464788732394365
nye9v,0.9920844327176781,0.21497998856489423,0.3533834586466166,0.9656084656084656,0.20881006864988558,0.3433678269049859,0.9841688654353562,0.21326472269868496,0.3505639097744361
nyeak,0.983739837398374,0.4548872180451128,0.622107969151671,0.9672131147540983,0.44528301886792454,0.6098191214470284,0.967479674796748,0.4473684210526316,0.6118251928020565
nyedm,0.9919354838709677,0.06549520766773163,0.12287712287712291,0.9595141700404858,0.06311584553928096,0.1184407796101949,0.9919354838709677,0.06549520766773163,0.12287712287712291
nyf4x,0.9926650366748166,0.06476312011485086,0.12159329140461218,0.9509803921568627,0.06190172303765156,0.11623726782504494,0.9877750611246944,0.06444408996650183,0.12099430967355497
nyfbp,0.979381443298969,0.24611398963730569,0.3933747412008281,0.9583333333333334,0.23896103896103896,0.38253638253638256,0.9587628865979382,0.24093264248704663,0.3850931677018633
nyfhl,0.891566265060241,0.5826771653543307,0.7047619047619047,0.8414634146341463,0.5476190476190477,0.6634615384615384,0.8433734939759037,0.5511811023622047,0.6666666666666666
nyfwc,0.9430051813471503,0.21770334928229665,0.35374149659863946,0.8229166666666666,0.18922155688622755,0.3076923076923077,0.8341968911917098,0.19258373205741627,0.3129251700680272
nyh0c,0.9707602339181286,0.5442622950819672,0.6974789915966387,0.9352941176470588,0.5230263157894737,0.6708860759493671,0.9649122807017544,0.5409836065573771,0.6932773109243697
nyh6g,0.8655913978494624,0.05175184828029573,0.09766454352441614,0.5135135135135135,0.03054662379421222,0.057663125948406675,0.6397849462365591,0.03825136612021858,0.07218683651804671
nyhhb,0.9636363636363636,0.1606060606060606,0.2753246753246753,0.8807339449541285,0.1456752655538695,0.25,0.9454545454545454,0.15757575757575756,0.2701298701298701
nyhp7,0.9864864864864865,0.3914209115281501,0.5604606525911708,0.9387755102040817,0.3709677419354839,0.5317919075144509,0.9662162162162162,0.38337801608579086,0.5489443378119001
nyhpz,0.9551282051282052,0.14565004887585534,0.25275657336726043,0.8903225806451613,0.1350293542074364,0.2344944774851317,0.9102564102564102,0.13880742913000976,0.2408821034775233
nyi4y,0.9101123595505618,0.5328947368421053,0.6721991701244814,0.8409090909090909,0.4900662251655629,0.6192468619246863,0.8426966292134831,0.4934210526315789,0.6224066390041494
nyigt,0.9161676646706587,0.5953307392996109,0.7216981132075472,0.8373493975903614,0.54296875,0.6587677725118483,0.8982035928143712,0.5836575875486382,0.7075471698113208
nyj1o,0.8934426229508197,0.16873065015479877,0.2838541666666667,0.8016528925619835,0.15038759689922482,0.2532637075718016,0.8360655737704918,0.15789473684210525,0.265625
nyj3e,0.9491525423728814,0.3888888888888889,0.5517241379310345,0.8974358974358975,0.36585365853658536,0.5198019801980198,0.9322033898305084,0.3819444444444444,0.541871921182266
nyj90,0.9766536964980544,0.05192387256930078,0.09860538204674915,0.93359375,0.0494516863231947,0.093928080172922,0.9377431906614786,0.04985519238725693,0.09467688076998625
nyk5o,0.9736842105263158,0.35294117647058826,0.5180863477246208,0.920704845814978,0.3328025477707006,0.4888888888888889,0.9605263157894737,0.3481717011128776,0.5110851808634773
nykuk,0.9739583333333334,0.14876690533015116,0.2581090407177364,0.9109947643979057,0.13853503184713375,0.24049758120248793,0.9583333333333334,0.14638027048528243,0.25396825396825395
nylbo,0.9772727272727273,0.04908675799086758,0.0934782608695652,0.9083969465648855,0.04529881994670727,0.08629441624365483,0.9166666666666666,0.04604261796042618,0.08768115942028984
nym3q,0.9781420765027322,0.06345267635590217,0.11917443408788282,0.8901098901098901,0.0574468085106383,0.10792804796802132,0.8688524590163934,0.05636299184686282,0.10585885486018644
nymb8,0.9896907216494846,0.0602762662201758,0.11363188005523771,0.9620689655172414,0.058404856604563536,0.11012433392539965,0.9862542955326461,0.060066973629133526,0.11323732491615704
nymk4,0.775,0.007985574446161773,0.01580826109127996,0.6153846153846154,0.006183973202782788,0.012244897959183675,0.775,0.007985574446161773,0.01580826109127996
nyn39,0.9875776397515528,0.2373134328358209,0.38267148014440433,0.9375,0.2242152466367713,0.3618817852834741,0.9751552795031055,0.23432835820895523,0.37785800240673884
nynnf,0.9634146341463414,0.17007534983853606,0.2891125343092406,0.901840490797546,0.1584051724137931,0.26947754353803854,0.926829268292683,0.16361679224973089,0.27813357731015553
nynsm,0.967391304347826,0.5741935483870968,0.7206477732793523,0.945054945054945,0.5584415584415584,0.7020408163265306,0.9456521739130435,0.5612903225806452,0.7044534412955465
nynsr,0.9379310344827586,0.7472527472527473,0.8318042813455657,0.9027777777777778,0.7182320441988951,0.8,0.903448275862069,0.7197802197802198,0.8012232415902142
nynti,0.967391304347826,0.33969465648854963,0.5028248587570622,0.907103825136612,0.3173996175908222,0.4702549575070821,0.9239130434782609,0.3244274809160305,0.480225988700565
nyo3x,0.9841269841269841,0.3795918367346939,0.5478645066273933,0.9628647214854111,0.3707865168539326,0.5353982300884956,0.9708994708994709,0.37448979591836734,0.5405007363770251
nyoc8,0.9782608695652174,0.06495381062355658,0.12181916621548457,0.9344978165938864,0.061796130522668205,0.11592632719393282,0.9260869565217391,0.06148960739030023,0.11532214401732539
nyp3m,0.925,0.4457831325301205,0.6016260162601625,0.8734177215189873,0.41818181818181815,0.5655737704918032,0.875,0.42168674698795183,0.5691056910569107
nypcs,0.9098360655737705,0.578125,0.7070063694267517,0.8677685950413223,0.5497382198952879,0.6730769230769231,0.8852459016393442,0.5625,0.6878980891719745
nypvn,0.954248366013072,0.5637065637065637,0.7087378640776699,0.9144736842105263,0.5387596899224806,0.6780487804878049,0.9084967320261438,0.5366795366795367,0.6747572815533981
nyqcq,0.9862068965517241,0.47039473684210525,0.6369710467706013,0.972318339100346,0.46293245469522243,0.6272321428571429,0.9827586206896551,0.46875,0.6347438752783964
nyqrt,0.9029126213592233,0.7153846153846154,0.798283261802575,0.8627450980392157,0.6821705426356589,0.761904761904762,0.8737864077669902,0.6923076923076923,0.7725321888412017
nyqxi,0.9945054945054945,0.5501519756838906,0.7084148727984345,0.9668508287292817,0.5335365853658537,0.6876227897838899,0.978021978021978,0.541033434650456,0.6966731898238747
nyr6i,0.8936170212765957,0.19236641221374046,0.3165829145728643,0.8214285714285714,0.17584097859327216,0.2896725440806045,0.8226950354609929,0.17709923664122137,0.2914572864321608
nyrcv,0.9021739130434783,0.5684931506849316,0.6974789915966387,0.8461538461538461,0.5310344827586206,0.6525423728813559,0.8586956521739131,0.541095890410959,0.6638655462184874
nyrgu,0.9893048128342246,0.21997621878715815,0.35992217898832685,0.9408602150537635,0.20833333333333334,0.34113060428849906,0.9518716577540107,0.2116527942925089,0.3463035019455253
nyrj5,0.9927272727272727,0.13636363636363635,0.23978919631093545,0.9598540145985401,0.13143428285857073,0.2312087912087912,0.9781818181818182,0.13436563436563437,0.23627580149319277
nyrjy,0.9772727272727273,0.8012422360248447,0.8805460750853242,0.9618320610687023,0.7875,0.8659793814432989,0.9621212121212122,0.7888198757763976,0.8668941979522184
nyrtv,0.9675675675675676,0.1636197440585009,0.2799061767005473,0.907608695652174,0.15279048490393413,0.2615505090054816,0.9459459459459459,0.15996343692870202,0.2736512900703675
nysat,0.9621212121212122,0.5247933884297521,0.679144385026738,0.9083969465648855,0.49377593360995853,0.6397849462365592,0.9242424242424242,0.5041322314049587,0.6524064171122994
nysbq,0.9795918367346939,0.20839363241678727,0.3436754176610979,0.962457337883959,0.20419985517740769,0.33691756272401435,0.9693877551020408,0.20622286541244572,0.3400954653937947
nysfd,0.9615384615384616,0.6172839506172839,0.7518796992481203,0.941747572815534,0.6024844720496895,0.7348484848484848,0.9519230769230769,0.6111111111111112,0.7443609022556391
nyt2c,0.9555555555555556,0.5375,0.6880000000000001,0.917910447761194,0.5146443514644351,0.6595174262734584,0.9333333333333333,0.525,0.672
nyt8f,0.9734513274336283,0.4066543438077634,0.5736636245110821,0.9377777777777778,0.3907407407407407,0.5516339869281045,0.9601769911504425,0.4011090573012939,0.5658409387222947
nytfq,0.981042654028436,0.24041811846689895,0.38619402985074625,0.9333333333333333,0.22790697674418606,0.36635514018691584,0.8957345971563981,0.21951219512195122,0.35261194029850745
nytfy,0.9320987654320988,0.8118279569892473,0.867816091954023,0.9130434782608695,0.7945945945945946,0.8497109826589596,0.9135802469135802,0.7956989247311828,0.8505747126436781
nytlc,0.98,0.4016393442622951,0.5697674418604652,0.9463087248322147,0.3863013698630137,0.5486381322957199,0.9666666666666667,0.39617486338797814,0.562015503875969
nytq0,0.967741935483871,0.13316423589093215,0.23411371237458195,0.7916666666666666,0.108502538071066,0.19084821428571427,0.8709677419354839,0.11984781230183894,0.21070234113712374
nyufd,0.940677966101695,0.2764632627646326,0.4273339749759385,0.8680851063829788,0.2543640897755611,0.3934426229508196,0.8898305084745762,0.261519302615193,0.4042348411934552
nyurj,0.9793103448275862,0.17683686176836863,0.29957805907172996,0.9027777777777778,0.16209476309226933,0.2748414376321353,0.9586206896551724,0.17310087173100872,0.29324894514767935
nyv76,0.9367088607594937,0.9426751592356688,0.9396825396825397,0.9363057324840764,0.9423076923076923,0.939297124600639,0.9367088607594937,0.9426751592356688,0.9396825396825397
nyx78,0.8983050847457628,0.5921787709497207,0.7138047138047138,0.8717948717948718,0.5730337078651685,0.6915254237288136,0.8898305084745762,0.5865921787709497,0.707070707070707
nyxfp,0.9318181818181818,0.7677902621722846,0.8418891170431211,0.9041095890410958,0.7443609022556391,0.8164948453608247,0.9136363636363637,0.7528089887640449,0.8254620123203286
nyxqq,0.9074074074074074,0.8376068376068376,0.8711111111111111,0.897196261682243,0.8275862068965517,0.8609865470852017,0.8981481481481481,0.8290598290598291,0.8622222222222222
nyy21,0.9662162162162162,0.3333333333333333,0.49566724436741766,0.9183673469387755,0.31542056074766356,0.4695652173913044,0.9527027027027027,0.32867132867132864,0.48873483535528595
nyy3p,0.9663461538461539,0.25251256281407036,0.40039840637450197,0.9227053140096618,0.24025157232704403,0.38123752495009977,0.9326923076923077,0.24371859296482412,0.38645418326693226
nyyci,0.9402985074626866,0.5338983050847458,0.681081081081081,0.9242424242424242,0.5213675213675214,0.6666666666666666,0.9402985074626866,0.5338983050847458,0.681081081081081
nyys7,0.8974358974358975,0.5907172995780591,0.712468193384224,0.8193548387096774,0.538135593220339,0.649616368286445,0.8397435897435898,0.5527426160337553,0.6666666666666666
nyyvz,0.9583333333333334,0.3039647577092511,0.46153846153846145,0.9090909090909091,0.2869757174392936,0.43624161073825507,0.9236111111111112,0.29295154185022027,0.4448160535117057
nyywo,0.99,0.1907514450867052,0.3198707592891761,0.959866220735786,0.18444730077120822,0.30943396226415093,0.9766666666666667,0.18818240205523443,0.3155627355950458
nyz05,0.9773755656108597,0.3673469387755102,0.5339925834363412,0.9363636363636364,0.35093696763202725,0.5105328376703842,0.9004524886877828,0.33843537414965985,0.4919653893695921
nyzvj,0.958904109589041,0.09337483325922633,0.17017828200972449,0.8944954128440367,0.08674377224199288,0.15815085158150852,0.91324200913242,0.08892841262783459,0.16207455429497566
nz05j,0.9815950920245399,0.022308979364194088,0.04362644853442399,0.8738461538461538,0.019800599595621558,0.03872375238614672,0.911042944785276,0.020705521472392636,0.040490797546012265
nz0fd,0.9787234042553191,0.8023255813953488,0.8817891373801916,0.9571428571428572,0.783625730994152,0.8617363344051446,0.9645390070921985,0.7906976744186046,0.8690095846645367
nz0mb,0.9523809523809523,0.3783783783783784,0.5415860735009671,0.8904109589041096,0.3523035230352303,0.5048543689320388,0.9047619047619048,0.35945945945945945,0.5145067698259188
nz10n,0.9113924050632911,0.782608695652174,0.8421052631578948,0.89171974522293,0.7650273224043715,0.8235294117647058,0.9050632911392406,0.7771739130434783,0.8362573099415205
nz1e9,0.9781420765027322,0.5792880258899676,0.7276422764227644,0.945054945054945,0.5584415584415584,0.7020408163265306,0.9508196721311475,0.5631067961165048,0.7073170731707318
nz24k,0.963302752293578,0.5769230769230769,0.7216494845360825,0.8981481481481481,0.5359116022099447,0.6712802768166088,0.908256880733945,0.5439560439560439,0.6804123711340205
nz25e,0.9119496855345912,0.9797297297297297,0.9446254071661238,0.9113924050632911,0.9795918367346939,0.9442622950819672,0.9119496855345912,0.9797297297297297,0.9446254071661238
nz2hv,0.9495798319327731,0.4829059829059829,0.6402266288951841,0.9152542372881356,0.463519313304721,0.6153846153846153,0.9243697478991597,0.4700854700854701,0.623229461756374
nz2j8,0.94,0.49473684210526314,0.6482758620689655,0.8926174496644296,0.46830985915492956,0.6143187066974596,0.9,0.47368421052631576,0.6206896551724138
nz2mc,0.9835164835164835,0.3551587301587302,0.5218658892128281,0.9668508287292817,0.34791252485089463,0.5116959064327485,0.9615384615384616,0.3472222222222222,0.5102040816326531
nz2nz,0.9785932721712538,0.057564310127720814,0.10873258579680599,0.9049079754601227,0.05307664627563872,0.10027192386131883,0.908256880733945,0.05342687533729088,0.10091743119266056
nz33n,0.9158878504672897,0.8448275862068966,0.8789237668161435,0.9150943396226415,0.8434782608695652,0.8778280542986426,0.9158878504672897,0.8448275862068966,0.8789237668161435
nz35r,0.9714285714285714,0.1637239165329053,0.2802197802197802,0.910828025477707,0.15310492505353318,0.2621448212648946,0.9396825396825397,0.15837346174424827,0.2710622710622711
nz3sk,0.9880239520958084,0.632183908045977,0.7710280373831776,0.963855421686747,0.6153846153846154,0.7511737089201879,0.9760479041916168,0.6245210727969349,0.7616822429906542
nz47p,0.9647058823529412,0.5985401459854015,0.7387387387387389,0.9448818897637795,0.5853658536585366,0.7228915662650602,0.9607843137254902,0.5961070559610706,0.7357357357357358
nz4b6,0.9662921348314607,0.45989304812834225,0.6231884057971016,0.9204545454545454,0.43548387096774194,0.5912408759124087,0.9438202247191011,0.44919786096256686,0.608695652173913
nz6f7,0.9345794392523364,0.4784688995215311,0.6329113924050633,0.9056603773584906,0.46153846153846156,0.6114649681528663,0.9158878504672897,0.4688995215311005,0.6202531645569621
nz6fd,0.872,1.0,0.9316239316239316,0.8709677419354839,1.0,0.9310344827586207,0.872,1.0,0.9316239316239316
nz6n0,0.959349593495935,0.3010204081632653,0.458252427184466,0.9180327868852459,0.2864450127877238,0.4366471734892788,0.9186991869918699,0.288265306122449,0.4388349514563107
nz6qh,0.98,0.7313432835820896,0.8376068376068375,0.9494949494949495,0.706766917293233,0.8103448275862069,0.96,0.7164179104477612,0.8205128205128206
nz6yv,0.9818181818181818,0.6864406779661016,0.8079800498753116,0.9512195121951219,0.6638297872340425,0.7819548872180451,0.9757575757575757,0.6822033898305084,0.8029925187032418
nz7e5,0.9264705882352942,0.08355437665782493,0.15328467153284672,0.8059701492537313,0.07171314741035857,0.13170731707317074,0.8529411764705882,0.07692307692307693,0.1411192214111922
nz7kd,0.9042553191489362,0.4696132596685083,0.6181818181818182,0.8279569892473119,0.42777777777777776,0.5641025641025641,0.8723404255319149,0.4530386740331492,0.5963636363636364
nz7n0,0.8085106382978723,0.6972477064220184,0.748768472906404,0.7634408602150538,0.6574074074074074,0.7064676616915422,0.7872340425531915,0.6788990825688074,0.729064039408867
nz83a,0.9370629370629371,0.6600985221674877,0.7745664739884394,0.8943661971830986,0.6287128712871287,0.7383720930232559,0.8951048951048951,0.6305418719211823,0.7398843930635838
nz84t,0.9307692307692308,0.711764705882353,0.8066666666666668,0.9147286821705426,0.6982248520710059,0.7919463087248322,0.9307692307692308,0.711764705882353,0.8066666666666668
nz8c1,0.9351351351351351,0.5635179153094463,0.7032520325203252,0.8804347826086957,0.5294117647058824,0.6612244897959183,0.9243243243243243,0.5570032573289903,0.6951219512195121
nz8du,0.9279279279279279,0.6821192052980133,0.7862595419847328,0.8727272727272727,0.64,0.7384615384615385,0.8738738738738738,0.6423841059602649,0.7404580152671755
nz8tf,0.9622641509433962,0.46788990825688076,0.6296296296296297,0.9142857142857143,0.4423963133640553,0.5962732919254659,0.9150943396226415,0.44495412844036697,0.5987654320987654
nz927,0.9221556886227545,0.8651685393258427,0.8927536231884058,0.9096385542168675,0.8531073446327684,0.880466472303207,0.9161676646706587,0.8595505617977528,0.8869565217391304
nz936,0.9683544303797469,0.40583554376657827,0.5719626168224299,0.9299363057324841,0.3882978723404255,0.5478424015009381,0.9493670886075949,0.3978779840848806,0.5607476635514018
nz9bo,0.9790575916230366,0.551622418879056,0.7056603773584905,0.9526315789473684,0.5355029585798816,0.6856060606060607,0.9790575916230366,0.551622418879056,0.7056603773584905
nz9j9,0.9191176470588235,0.6188118811881188,0.7396449704142011,0.8888888888888888,0.5970149253731343,0.7142857142857142,0.8970588235294118,0.6039603960396039,0.7218934911242604
nz9mf,0.9722222222222222,0.264750378214826,0.4161712247324613,0.9217877094972067,0.25,0.39332538736591177,0.7388888888888889,0.20121028744326777,0.3162901307966706
nz9oi,0.9270833333333334,0.5329341317365269,0.6768060836501901,0.8947368421052632,0.5120481927710844,0.6513409961685824,0.8958333333333334,0.5149700598802395,0.6539923954372623
nzam4,0.9824561403508771,0.5925925925925926,0.7392739273927392,0.9469026548672567,0.5691489361702128,0.7109634551495017,0.9649122807017544,0.582010582010582,0.7260726072607261
nzar2,0.958904109589041,0.3753351206434316,0.5394990366088632,0.8896551724137931,0.3467741935483871,0.4990328820116054,0.9041095890410958,0.353887399463807,0.508670520231214
nzb1l,0.967479674796748,0.7677419354838709,0.8561151079136691,0.9508196721311475,0.7532467532467533,0.8405797101449275,0.959349593495935,0.7612903225806451,0.8489208633093525
nzb22,1.0,0.8583333333333333,0.9237668161434976,1.0,0.8571428571428571,0.923076923076923,1.0,0.8583333333333333,0.9237668161434976
nzbjo,0.9217391304347826,0.3925925925925926,0.5506493506493507,0.8508771929824561,0.36059479553903345,0.5065274151436031,0.8608695652173913,0.36666666666666664,0.5142857142857142
nzbkm,0.9751552795031055,0.5567375886524822,0.7088036117381489,0.95625,0.5444839857651246,0.6938775510204083,0.968944099378882,0.5531914893617021,0.7042889390519187
nzbpe,0.9310344827586207,0.5328947368421053,0.6778242677824269,0.8953488372093024,0.5099337748344371,0.649789029535865,0.8850574712643678,0.506578947368421,0.6443514644351463
nzbw5,0.9014084507042254,0.5663716814159292,0.6956521739130435,0.8428571428571429,0.5267857142857143,0.6483516483516484,0.8591549295774648,0.5398230088495575,0.6630434782608695
nzcb6,0.9621621621621622,0.2966666666666667,0.45350318471337575,0.9130434782608695,0.28046744574290483,0.4291187739463602,0.9405405405405406,0.29,0.44331210191082804
nzcec,0.8072289156626506,0.44966442953020136,0.5775862068965518,0.6951219512195121,0.38513513513513514,0.4956521739130435,0.6987951807228916,0.38926174496644295,0.5000000000000001
nzcg6,0.8813559322033898,0.5683060109289617,0.6910299003322258,0.8205128205128205,0.5274725274725275,0.6421404682274247,0.847457627118644,0.546448087431694,0.6644518272425248
nzcm4,0.926829268292683,0.8351648351648352,0.8786127167630058,0.9079754601226994,0.8176795580110497,0.8604651162790697,0.9146341463414634,0.8241758241758241,0.8670520231213872
nzcqq,0.8978102189781022,1.0,0.9461538461538462,0.8970588235294118,1.0,0.9457364341085273,0.8978102189781022,1.0,0.9461538461538462
nzd75,0.986159169550173,0.11984861227922625,0.21372328458942635,0.9618055555555556,0.11653344551956248,0.20787992495309568,0.9619377162629758,0.11690496215306981,0.2084739407574053
nzdoe,0.9384615384615385,0.4939271255060729,0.6472148541114058,0.8449612403100775,0.44308943089430897,0.5813333333333334,0.8846153846153846,0.46558704453441296,0.6100795755968169
nzdw2,0.9239130434782609,0.5059523809523809,0.653846153846154,0.8461538461538461,0.46107784431137727,0.5968992248062015,0.8478260869565217,0.4642857142857143,0.6000000000000001
nzdw9,0.9759036144578314,0.5126582278481012,0.6721991701244813,0.9390243902439024,0.49044585987261147,0.6443514644351463,0.9759036144578314,0.5126582278481012,0.6721991701244813
nzeam,0.9814814814814815,0.7361111111111112,0.8412698412698414,0.9627329192546584,0.7209302325581395,0.8244680851063829,0.9691358024691358,0.7268518518518519,0.8306878306878306
nzecd,0.9597989949748744,0.5520231213872833,0.7009174311926606,0.9040404040404041,0.518840579710145,0.6593001841620626,0.9246231155778895,0.5317919075144508,0.6752293577981651
nzegi,0.9655172413793104,0.35974304068522484,0.5241809672386896,0.9075144508670521,0.3369098712446352,0.49139280125195617,0.9367816091954023,0.3490364025695932,0.5085803432137286
nzejf,0.9767441860465116,0.1537522879804759,0.2656826568265683,0.9182879377431906,0.14407814407814407,0.24907651715039572,0.9534883720930233,0.150091519219036,0.2593568792830785
nzeup,0.9807692307692307,0.19391634980988592,0.3238095238095238,0.941747572815534,0.18476190476190477,0.30891719745222934,0.9519230769230769,0.188212927756654,0.3142857142857143
nzf74,0.9965156794425087,0.3283582089552239,0.49395509499136436,0.9685314685314685,0.31839080459770114,0.47923875432525953,0.9860627177700348,0.3249138920780712,0.48877374784110544
nzfli,0.9913544668587896,0.4365482233502538,0.6061674008810574,0.9653179190751445,0.4243964421855146,0.589585172109444,0.9827089337175793,0.43274111675126903,0.6008810572687224
nzfrp,0.9338842975206612,0.3717105263157895,0.5317647058823529,0.8416666666666667,0.3333333333333333,0.4775413711583924,0.8760330578512396,0.34868421052631576,0.49882352941176467
nzfsa,0.9753694581280788,0.33221476510067116,0.49561952440550694,0.9257425742574258,0.3142857142857143,0.46925972396486826,0.9458128078817734,0.3221476510067114,0.48060075093867327
nzfsl,0.9836956521739131,0.861904761904762,0.918781725888325,0.9562841530054644,0.8373205741626795,0.8928571428571429,0.9782608695652174,0.8571428571428571,0.9137055837563451
nzg66,0.9090909090909091,0.24866785079928952,0.3905160390516039,0.8235294117647058,0.22419928825622776,0.35244755244755244,0.8506493506493507,0.23268206039076378,0.36541143654114366
nzgzz,0.8818897637795275,0.6787878787878788,0.767123287671233,0.8492063492063492,0.6524390243902439,0.7379310344827587,0.8503937007874016,0.6545454545454545,0.7397260273972602
nzh40,0.98828125,0.7666666666666667,0.8634812286689421,0.9647058823529412,0.7477203647416414,0.8424657534246575,0.98046875,0.7606060606060606,0.8566552901023889
nzh6y,0.9954954954954955,0.24692737430167597,0.3957027752909579,0.9729119638826185,0.24091671324762437,0.38620071684587814,0.9887387387387387,0.24525139664804468,0.39301700984780663
nzhj5,0.9951219512195122,0.4503311258278146,0.6200607902735562,0.9656862745098039,0.4358407079646018,0.6006097560975611,0.9804878048780488,0.44370860927152317,0.6109422492401215
nzhoy,0.9818181818181818,0.6206896551724138,0.7605633802816901,0.9357798165137615,0.5895953757225434,0.723404255319149,0.9545454545454546,0.603448275862069,0.7394366197183099
nzicc,0.8142857142857143,0.5643564356435643,0.6666666666666667,0.7697841726618705,0.5323383084577115,0.6294117647058823,0.7785714285714286,0.5396039603960396,0.6374269005847955
nzihx,0.967741935483871,0.4090909090909091,0.5750798722044729,0.9130434782608695,0.3835616438356164,0.5401929260450161,0.946236559139785,0.4,0.562300319488818
nzis2,0.9685863874345549,0.4214123006833713,0.5873015873015873,0.9210526315789473,0.3995433789954338,0.5573248407643313,0.9424083769633508,0.41002277904328016,0.5714285714285714
nzit3,0.9320987654320988,0.8435754189944135,0.8856304985337243,0.906832298136646,0.8202247191011236,0.8613569321533924,0.9135802469135802,0.8268156424581006,0.8680351906158359
nzj1h,0.9121621621621622,0.9060402684563759,0.9090909090909091,0.8979591836734694,0.8918918918918919,0.8949152542372881,0.9054054054054054,0.8993288590604027,0.9023569023569022
nzji8,0.9409282700421941,0.2726161369193154,0.4227488151658768,0.864406779661017,0.24969400244798043,0.38746438746438744,0.890295358649789,0.25794621026894865,0.39999999999999997
nzjrt,0.87,0.375,0.5240963855421686,0.8080808080808081,0.3463203463203463,0.4848484848484848,0.8,0.3448275862068966,0.48192771084337355
nzjtx,0.9262295081967213,0.5255813953488372,0.6706231454005934,0.8760330578512396,0.4953271028037383,0.6328358208955224,0.8770491803278688,0.49767441860465117,0.6350148367952522
nzjx6,0.8787878787878788,0.6904761904761905,0.7733333333333333,0.8469387755102041,0.664,0.7443946188340808,0.8686868686868687,0.6825396825396826,0.7644444444444444
nzjzw,0.8874172185430463,0.6203703703703703,0.7302452316076294,0.8333333333333334,0.5813953488372093,0.684931506849315,0.8609271523178808,0.6018518518518519,0.7084468664850136
nzk4c,0.9020979020979021,0.2529411764705882,0.39509954058192953,0.8309859154929577,0.2318271119842829,0.3625192012288786,0.8601398601398601,0.2411764705882353,0.37672281776416544
nzk9x,0.9563106796116505,0.49622166246851385,0.6533996683250415,0.9073170731707317,0.4696969696969697,0.6189683860232946,0.9320388349514563,0.4836272040302267,0.6368159203980099
nzkdu,0.9814814814814815,0.2468944099378882,0.3945409429280397,0.9254658385093167,0.2317262830482115,0.3706467661691542,0.9382716049382716,0.2360248447204969,0.3771712158808933
nzkjv,0.9634146341463414,0.6752136752136753,0.7939698492462313,0.9259259259259259,0.646551724137931,0.7614213197969544,0.9634146341463414,0.6752136752136753,0.7939698492462313
nzkms,0.9716312056737588,0.2795918367346939,0.4342313787638669,0.9214285714285714,0.26380368098159507,0.41017488076311603,0.9361702127659575,0.2693877551020408,0.4183835182250396
nzl6u,0.9859154929577465,0.39106145251396646,0.5599999999999999,0.9142857142857143,0.3595505617977528,0.5161290322580646,0.9436619718309859,0.3743016759776536,0.536
nzlkr,0.949438202247191,0.17531120331950206,0.29597197898423816,0.8757062146892656,0.16095534787123572,0.2719298245614035,0.9101123595505618,0.16804979253112035,0.28371278458844135
nzm4u,0.9900990099009901,0.15299877600979192,0.26504108136761195,0.9623015873015873,0.14845423936333027,0.25722619994696366,0.9544554455445544,0.14749082007343942,0.25549960243837794
nzmjg,0.9223300970873787,0.8558558558558559,0.8878504672897196,0.9019607843137255,0.8363636363636363,0.8679245283018867,0.912621359223301,0.8468468468468469,0.8785046728971964
nzmoc,0.9615384615384616,0.42735042735042733,0.591715976331361,0.896774193548387,0.39714285714285713,0.5504950495049505,0.9102564102564102,0.4045584045584046,0.5601577909270217
nzmwy,0.8441558441558441,0.2813852813852814,0.42207792207792205,0.7894736842105263,0.2608695652173913,0.39215686274509803,0.7922077922077922,0.26406926406926406,0.3961038961038961
nzn0l,0.944,0.08104395604395605,0.14927261227071476,0.8387096774193549,0.07147766323024055,0.1317289423685877,0.896,0.07692307692307693,0.14168247944339027
nznbr,0.9715909090909091,0.3301158301158301,0.49279538904899134,0.9428571428571428,0.3191489361702128,0.47687861271676296,0.9602272727272727,0.32625482625482627,0.48703170028818443
nznin,0.9859154929577465,0.0587248322147651,0.11084718923198733,0.950530035335689,0.05642962030627229,0.10653465346534655,0.9823943661971831,0.05851510067114094,0.11045130641330166
nznpd,0.95625,0.9272727272727272,0.9415384615384615,0.9308176100628931,0.9024390243902439,0.9164086687306501,0.9375,0.9090909090909091,0.923076923076923
nzo3f,0.8931297709923665,1.0,0.9435483870967742,0.8923076923076924,1.0,0.9430894308943091,0.8931297709923665,1.0,0.9435483870967742
nzo8c,0.9848484848484849,0.4868913857677903,0.6516290726817043,0.9694656488549618,0.4774436090225564,0.6397984886649875,0.9621212121212122,0.4756554307116105,0.6365914786967418
nzodz,0.9195402298850575,0.6956521739130435,0.792079207920792,0.8837209302325582,0.6666666666666666,0.7599999999999999,0.8850574712643678,0.6695652173913044,0.7623762376237625
nzq1c,0.9847715736040609,0.1563255439161966,0.2698191933240612,0.9489795918367347,0.15,0.2590529247910864,0.9796954314720813,0.15551974214343273,0.26842837273991654
nzq2f,0.9702380952380952,0.11358885017421602,0.2033686837180287,0.9281437125748503,0.10808926080892609,0.19362898188632108,0.9404761904761905,0.11010452961672473,0.19713038053649407
nzr0l,0.9181286549707602,0.138815207780725,0.24116743471582178,0.8470588235294118,0.12743362831858407,0.22153846153846152,0.8596491228070176,0.129973474801061,0.22580645161290322
nzr7g,0.9534883720930233,0.27954545454545454,0.4323374340949033,0.859375,0.2505694760820046,0.38800705467372143,0.8837209302325582,0.2590909090909091,0.4007029876977153
nzrd0,0.9880478087649402,0.46441947565543074,0.6318471337579619,0.976,0.45778611632270166,0.6232439335887611,0.9800796812749004,0.4606741573033708,0.6267515923566879
nzruj,0.9619565217391305,0.477088948787062,0.6378378378378379,0.9016393442622951,0.44594594594594594,0.596745027124774,0.9347826086956522,0.4636118598382749,0.6198198198198198
nzsh7,0.9518716577540107,0.652014652014652,0.7739130434782608,0.9086021505376344,0.6213235294117647,0.7379912663755459,0.9358288770053476,0.6410256410256411,0.7608695652173914
nzsz5,0.9207920792079208,0.6326530612244898,0.7500000000000001,0.86,0.589041095890411,0.6991869918699187,0.8811881188118812,0.6054421768707483,0.717741935483871
nzt8z,0.9752650176678446,0.27380952380952384,0.4275755228505035,0.9219858156028369,0.25819265143992054,0.40341349883630717,0.9434628975265018,0.2648809523809524,0.4136328427575523
nzuhm,0.9672131147540983,0.2260536398467433,0.36645962732919257,0.8925619834710744,0.2072936660268714,0.3364485981308411,0.8934426229508197,0.20881226053639848,0.33850931677018636
nzuvm,0.8791208791208791,0.6451612903225806,0.7441860465116279,0.8444444444444444,0.6178861788617886,0.7136150234741785,0.8681318681318682,0.6370967741935484,0.7348837209302326
nzv7n,0.921875,0.48760330578512395,0.6378378378378379,0.889763779527559,0.46887966804979253,0.6141304347826088,0.90625,0.4793388429752066,0.6270270270270271
nzvd8,0.9310344827586207,0.11481218993621545,0.20441640378548898,0.8554913294797688,0.1049645390070922,0.18698673404927352,0.8908045977011494,0.10985116938341602,0.19558359621451105
nzvrm,0.9448818897637795,0.3498542274052478,0.5106382978723404,0.8888888888888888,0.32748538011695905,0.47863247863247865,0.889763779527559,0.3294460641399417,0.48085106382978726
nzvxj,0.9154929577464789,0.6467661691542289,0.7580174927113703,0.900709219858156,0.635,0.7448680351906158,0.9014084507042254,0.6368159203980099,0.7463556851311954
nzw3b,0.9402173913043478,0.24195804195804196,0.38487208008898777,0.7978142076502732,0.20448179271708683,0.3255295429208473,0.7010869565217391,0.18041958041958042,0.2869855394883204
nzwhm,0.9689922480620154,0.1574307304785894,0.27085590465872156,0.875,0.14123581336696092,0.243213897937025,0.9147286821705426,0.1486146095717884,0.25568797399783316
nzxce,0.9259259259259259,1.0,0.9615384615384615,0.9253731343283582,1.0,0.9612403100775194,0.9259259259259259,1.0,0.9615384615384615
nzxu6,0.9865229110512129,0.03051271363067945,0.059194565744784086,0.9351351351351351,0.028847757211939305,0.05596894208993853,0.967654986522911,0.0299291371404752,0.058062429241468545
nzy2f,0.9448818897637795,0.6451612903225806,0.7667731629392971,0.8968253968253969,0.6108108108108108,0.7266881028938907,0.889763779527559,0.6075268817204301,0.7220447284345047
nzzog,0.975609756097561,0.7453416149068323,0.8450704225352111,0.9672131147540983,0.7375,0.8368794326241135,0.975609756097561,0.7453416149068323,0.8450704225352111
nzzoy,0.9397590361445783,0.5492957746478874,0.6933333333333334,0.8780487804878049,0.5106382978723404,0.6457399103139013,0.8795180722891566,0.5140845070422535,0.648888888888889
o005h,0.9577836411609498,0.17485549132947978,0.2957230142566191,0.6984126984126984,0.1272289156626506,0.21524663677130043,0.6094986807387863,0.11127167630057803,0.18818737270875766
o01fu,0.9695431472081218,0.15668580803937654,0.269774011299435,0.8673469387755102,0.13957307060755336,0.24045261669024046,0.883248730964467,0.14273995077932733,0.24576271186440682
o01j4,0.8951048951048951,0.5311203319502075,0.6666666666666666,0.823943661971831,0.4875,0.612565445026178,0.8251748251748252,0.4896265560165975,0.6145833333333334
o01j7,0.9534883720930233,0.5565610859728507,0.7028571428571428,0.9140625,0.5318181818181819,0.6724137931034484,0.9302325581395349,0.5429864253393665,0.6857142857142857
o01mt,0.985239852398524,0.17931497649429148,0.30340909090909096,0.9407407407407408,0.17069892473118278,0.2889647326507394,0.948339483394834,0.17259905977165882,0.2920454545454545
o01yk,0.9506172839506173,0.36492890995260663,0.5273972602739726,0.8881987577639752,0.33966745843230406,0.4914089347079038,0.8950617283950617,0.34360189573459715,0.49657534246575336
o02ck,0.9247311827956989,0.7288135593220338,0.8151658767772512,0.9021739130434783,0.7094017094017094,0.7942583732057417,0.9032258064516129,0.711864406779661,0.7962085308056872
o02fp,0.9636363636363636,0.19378427787934185,0.32267884322678836,0.8807339449541285,0.17582417582417584,0.2931297709923664,0.8272727272727273,0.1663619744058501,0.2770167427701674
o03tz,0.9041095890410958,0.5892857142857143,0.7135135135135134,0.8472222222222222,0.5495495495495496,0.6666666666666666,0.863013698630137,0.5625,0.6810810810810811
o03yy,0.9596774193548387,1.0,0.9794238683127572,0.959349593495935,1.0,0.979253112033195,0.9596774193548387,1.0,0.9794238683127572
o04cn,0.9806201550387597,0.5622222222222222,0.7146892655367232,0.9571984435797666,0.5478841870824054,0.696883852691218,0.9651162790697675,0.5533333333333333,0.7033898305084746
o04dj,0.9345794392523364,0.10040160642570281,0.18132366273798728,0.8113207547169812,0.0864321608040201,0.15622161671207993,0.8691588785046729,0.09337349397590361,0.1686310063463282
o0651,0.900990099009901,0.558282208588957,0.6893939393939393,0.86,0.5308641975308642,0.6564885496183206,0.8811881188118812,0.5460122699386503,0.6742424242424242
o0673,0.8636363636363636,0.7037037037037037,0.7755102040816326,0.8390804597701149,0.6822429906542056,0.7525773195876289,0.8409090909090909,0.6851851851851852,0.7551020408163266
o06cj,0.8914728682170543,1.0,0.9426229508196722,0.890625,1.0,0.9421487603305785,0.8914728682170543,1.0,0.9426229508196722
o06ix,0.9748427672955975,0.2654109589041096,0.41722745625841184,0.8987341772151899,0.24356775300171526,0.3832658569500675,0.9371069182389937,0.2551369863013699,0.40107671601615075
o06j0,0.96,0.43902439024390244,0.602510460251046,0.9459459459459459,0.4294478527607362,0.5907172995780591,0.9466666666666667,0.4329268292682927,0.5941422594142259
o06nb,0.9772727272727273,0.5276073619631901,0.6852589641434262,0.9310344827586207,0.5,0.6506024096385543,0.9431818181818182,0.50920245398773,0.6613545816733069
o06uz,0.9333333333333333,0.23067173637515842,0.36991869918699183,0.8402061855670103,0.2068527918781726,0.33197556008146645,0.8769230769230769,0.21673003802281368,0.34756097560975613
o07zg,0.9714285714285714,0.7727272727272727,0.8607594936708862,0.9519230769230769,0.7557251908396947,0.8425531914893617,0.9523809523809523,0.7575757575757576,0.8438818565400843
o08m3,0.9915966386554622,0.43866171003717475,0.6082474226804124,0.9662447257383966,0.4264432029795158,0.5917312661498708,0.9831932773109243,0.4349442379182156,0.6030927835051546
o08yz,0.9787234042553191,0.5974025974025974,0.7419354838709679,0.9142857142857143,0.5565217391304348,0.6918918918918919,0.9290780141843972,0.5670995670995671,0.7043010752688171
o0927,0.991304347826087,0.1907949790794979,0.32,0.9737991266375546,0.18676716917922948,0.3134223471539002,0.9826086956521739,0.1891213389121339,0.31719298245614036
o095q,0.9626168224299065,0.10012961762799741,0.18139125330202524,0.884375,0.09173419773095624,0.16622613803230543,0.9190031152647975,0.09559300064808814,0.17317287936601114
o09da,0.9416058394160584,0.46236559139784944,0.6201923076923077,0.8970588235294118,0.43884892086330934,0.5893719806763285,0.927007299270073,0.4551971326164875,0.610576923076923
o09rh,0.9247311827956989,0.7678571428571429,0.8390243902439024,0.8913043478260869,0.7387387387387387,0.8078817733990147,0.8924731182795699,0.7410714285714286,0.8097560975609757
o09u3,0.9895104895104895,0.1569606211869107,0.27094303494494976,0.9298245614035088,0.14705882352941177,0.25395304264494495,0.9615384615384616,0.15252357182473655,0.26328386787936814
o0aaz,0.8333333333333334,0.9448818897637795,0.8856088560885609,0.8181818181818182,0.9285714285714286,0.8698884758364314,0.8333333333333334,0.9448818897637795,0.8856088560885609
o0aph,0.9621212121212122,0.25708502024291496,0.4057507987220447,0.9083969465648855,0.2413793103448276,0.38141025641025644,0.9090909090909091,0.242914979757085,0.38338658146964855
o0azm,0.9612903225806452,0.5379061371841155,0.6898148148148149,0.9025974025974026,0.5036231884057971,0.6465116279069768,0.9354838709677419,0.5234657039711191,0.6712962962962963
o0bbr,0.9629629629629629,0.6666666666666666,0.7878787878787878,0.9254658385093167,0.6394849785407726,0.7563451776649747,0.9567901234567902,0.6623931623931624,0.7828282828282828
o0brk,0.9919354838709677,0.4641509433962264,0.6323907455012854,0.959349593495935,0.44696969696969696,0.6098191214470284,0.9758064516129032,0.45660377358490567,0.622107969151671
o0c1p,0.9830508474576272,0.3026086956521739,0.46276595744680854,0.9602272727272727,0.29442508710801396,0.4506666666666667,0.9774011299435028,0.3008695652173913,0.4601063829787233
o0c1y,0.9565217391304348,0.3303303303303303,0.49107142857142855,0.8508771929824561,0.2921686746987952,0.43497757847533636,0.9130434782608695,0.3153153153153153,0.46875
o0cbu,0.9702380952380952,0.2411242603550296,0.38625592417061616,0.9221556886227545,0.22814814814814816,0.3657957244655582,0.9464285714285714,0.23520710059171598,0.3767772511848341
o0cf6,0.9715909090909091,0.2129514321295143,0.3493360572012257,0.9371428571428572,0.20448877805486285,0.33572159672466734,0.9602272727272727,0.21046077210460773,0.34525025536261494
o0cms,0.9629629629629629,0.5064935064935064,0.6638297872340425,0.9130434782608695,0.4788273615635179,0.6282051282051282,0.9382716049382716,0.4935064935064935,0.6468085106382978
o0d14,0.9914893617021276,0.3514328808446455,0.5189309576837416,0.9700854700854701,0.3429003021148036,0.5066964285714285,0.9787234042553191,0.3469079939668175,0.5122494432071268
o0d1k,0.9121621621621622,0.9121621621621622,0.9121621621621622,0.9047619047619048,0.9047619047619048,0.9047619047619048,0.9054054054054054,0.9054054054054054,0.9054054054054054
o0d9k,0.9545454545454546,0.3656716417910448,0.5287769784172661,0.8888888888888888,0.33915211970074816,0.49097472924187724,0.9090909090909091,0.3482587064676617,0.5035971223021583
o0de9,0.9971910112359551,0.2369826435246996,0.38295577130528585,0.9661971830985916,0.229124916499666,0.3704103671706263,0.9915730337078652,0.2356475300400534,0.3807982740021575
o0dgf,0.983739837398374,0.75625,0.8551236749116607,0.9672131147540983,0.7421383647798742,0.8398576512455517,0.967479674796748,0.74375,0.8409893992932862
o0dos,0.9891891891891892,0.36237623762376237,0.5304347826086957,0.9510869565217391,0.3472222222222222,0.5087209302325582,0.9675675675675676,0.35445544554455444,0.518840579710145
o0dzh,0.9171597633136095,0.5783582089552238,0.7093821510297482,0.8392857142857143,0.5280898876404494,0.6482758620689656,0.8520710059171598,0.5373134328358209,0.6590389016018305
o0dzw,0.9523809523809523,0.36363636363636365,0.5263157894736843,0.9101796407185628,0.3462414578587699,0.5016501650165016,0.9107142857142857,0.3477272727272727,0.5032894736842105
o0ecq,0.9768518518518519,0.793233082706767,0.8755186721991701,0.9627906976744186,0.7811320754716982,0.8625,0.9768518518518519,0.793233082706767,0.8755186721991701
o0ehc,0.967948717948718,0.26124567474048443,0.41144414168937327,0.9161290322580645,0.24610051993067592,0.3879781420765027,0.9551282051282052,0.2577854671280277,0.40599455040871935
o0f6c,0.9790940766550522,0.2650943396226415,0.41722345953971784,0.9335664335664335,0.2521246458923513,0.39702602230483275,0.9651567944250871,0.26132075471698113,0.4112843355605048
o0fup,0.8944099378881988,0.676056338028169,0.770053475935829,0.84375,0.6367924528301887,0.7258064516129032,0.84472049689441,0.6384976525821596,0.7272727272727273
o0gja,0.9238095238095239,0.6217948717948718,0.7432950191570882,0.8653846153846154,0.5806451612903226,0.694980694980695,0.8666666666666667,0.5833333333333334,0.6973180076628352
o0hj1,0.940677966101695,0.27007299270072993,0.4196597353497164,0.8632478632478633,0.24634146341463414,0.38330170777988615,0.8983050847457628,0.25790754257907544,0.4007561436672968
o0hki,0.9242424242424242,0.3177083333333333,0.4728682170542635,0.868020304568528,0.29739130434782607,0.4430051813471502,0.8838383838383839,0.3038194444444444,0.45219638242894056
o0hvc,0.917910447761194,0.5278969957081545,0.670299727520436,0.849624060150376,0.4870689655172414,0.6191780821917808,0.8731343283582089,0.5021459227467812,0.6376021798365122
o0i09,0.9679144385026738,0.24133333333333334,0.3863393810032017,0.9193548387096774,0.22830440587449932,0.3657754010695187,0.93048128342246,0.232,0.37139807897545357
o0i86,0.9659090909090909,0.5944055944055944,0.7359307359307358,0.9540229885057471,0.5845070422535211,0.7248908296943232,0.9545454545454546,0.5874125874125874,0.7272727272727273
o0ioj,0.9767441860465116,0.39436619718309857,0.5618729096989966,0.9294117647058824,0.37264150943396224,0.531986531986532,0.9651162790697675,0.38967136150234744,0.5551839464882944
o0jeb,0.9142857142857143,0.43636363636363634,0.5907692307692307,0.8557692307692307,0.4063926940639269,0.5510835913312693,0.8761904761904762,0.41818181818181815,0.5661538461538461
o0jfp,0.9855769230769231,0.22853957636566333,0.37104072398190047,0.9323671497584541,0.21540178571428573,0.34995466908431555,0.9759615384615384,0.22630992196209587,0.367420814479638
o0jlo,0.9603174603174603,0.8642857142857143,0.9097744360902256,0.952,0.8561151079136691,0.9015151515151515,0.9603174603174603,0.8642857142857143,0.9097744360902256
o0jmr,0.9530201342281879,0.6042553191489362,0.7395833333333333,0.9324324324324325,0.5897435897435898,0.7225130890052356,0.9463087248322147,0.6,0.734375
o0jyl,0.937888198757764,0.6398305084745762,0.760705289672544,0.9125,0.6212765957446809,0.739240506329114,0.9130434782608695,0.6228813559322034,0.7405541561712846
o0k3m,0.9888268156424581,0.5841584158415841,0.7344398340248962,0.9662921348314607,0.5695364238410596,0.7166666666666668,0.9776536312849162,0.5775577557755776,0.7261410788381742
o0kao,0.9552238805970149,0.48854961832061067,0.6464646464646464,0.8796992481203008,0.4482758620689655,0.5939086294416244,0.8955223880597015,0.4580152671755725,0.6060606060606061
o0l8i,0.9382022471910112,0.350104821802935,0.5099236641221374,0.847457627118644,0.31512605042016806,0.4594180704441041,0.8707865168539326,0.3249475890985325,0.4732824427480916
o0ljd,0.9655172413793104,0.3674540682414698,0.532319391634981,0.8680555555555556,0.32894736842105265,0.4770992366412214,0.8413793103448276,0.32020997375328086,0.46387832699619785
o0m2u,0.9207920792079208,0.8157894736842105,0.8651162790697674,0.9,0.7964601769911505,0.8450704225352113,0.9108910891089109,0.8070175438596491,0.8558139534883721
o0m3z,0.9914893617021276,0.20492524186455585,0.3396501457725947,0.9658119658119658,0.198943661971831,0.32992700729927005,0.9787234042553191,0.2022867194371152,0.33527696793002915
o0mr8,0.9146341463414634,0.42492917847025496,0.5802707930367504,0.8404907975460123,0.38920454545454547,0.5320388349514563,0.8658536585365854,0.40226628895184136,0.5493230174081237
o0muo,0.9834254143646409,0.19690265486725664,0.328110599078341,0.95,0.1893687707641196,0.3157894736842105,0.9502762430939227,0.1902654867256637,0.3170506912442396
o0my1,0.8611111111111112,0.6642857142857143,0.75,0.8130841121495327,0.6258992805755396,0.7073170731707316,0.8148148148148148,0.6285714285714286,0.7096774193548386
o0n5j,0.9753694581280788,0.1926070038910506,0.3216896831844029,0.905940594059406,0.17818889970788704,0.2978030919446705,0.9310344827586207,0.18385214007782102,0.3070674248578391
o0n5s,0.9730941704035875,0.2371584699453552,0.38137082601054484,0.9009009009009009,0.2188183807439825,0.35211267605633806,0.9327354260089686,0.2273224043715847,0.3655536028119508
o0nqj,0.9803921568627451,0.3663003663003663,0.5333333333333333,0.9405940594059405,0.3492647058823529,0.5093833780160858,0.9607843137254902,0.358974358974359,0.5226666666666667
o0o0k,0.9764705882352941,0.25075528700906347,0.39903846153846156,0.8994082840236687,0.22995461422087746,0.3662650602409639,0.711764705882353,0.18277945619335348,0.29086538461538464
o0ojf,0.8918918918918919,0.8114754098360656,0.849785407725322,0.8454545454545455,0.768595041322314,0.8051948051948052,0.8558558558558559,0.7786885245901639,0.8154506437768241
o0pjm,0.859375,0.3819444444444444,0.5288461538461539,0.7936507936507936,0.34965034965034963,0.4854368932038834,0.78125,0.3472222222222222,0.4807692307692307
o0prr,0.9668874172185431,0.22565687789799072,0.3659147869674185,0.9133333333333333,0.21207430340557276,0.3442211055276382,0.9205298013245033,0.21483771251931993,0.3483709273182958
o0psv,0.9518072289156626,0.6124031007751938,0.7452830188679245,0.896969696969697,0.5758754863813229,0.7014218009478672,0.9156626506024096,0.5891472868217055,0.7169811320754718
o0q5z,0.9746835443037974,0.04692260816575259,0.08953488372093023,0.9044585987261147,0.0432794879609875,0.08260616637579989,0.9620253164556962,0.04631322364411944,0.08837209302325581
o0qc0,0.9084507042253521,0.8835616438356164,0.8958333333333333,0.900709219858156,0.8758620689655172,0.8881118881118881,0.9014084507042254,0.8767123287671232,0.8888888888888888
o0qi7,0.9669421487603306,1.0,0.9831932773109243,0.9666666666666667,1.0,0.983050847457627,0.9669421487603306,1.0,0.9831932773109243
o0qs7,0.9272727272727272,0.44933920704845814,0.6053412462908012,0.8532110091743119,0.41150442477876104,0.555223880597015,0.8636363636363636,0.4185022026431718,0.5637982195845697
o0ree,0.9223300970873787,0.3486238532110092,0.5059920106524634,0.848780487804878,0.31985294117647056,0.4646194926568758,0.8883495145631068,0.3357798165137615,0.4873501997336884
o0rff,0.9923076923076923,0.22552447552447552,0.36752136752136755,0.9689922480620154,0.21891418563922943,0.35714285714285715,0.9846153846153847,0.22377622377622378,0.3646723646723647
o0sdv,0.9393939393939394,0.5254237288135594,0.673913043478261,0.9230769230769231,0.5128205128205128,0.6593406593406593,0.9242424242424242,0.5169491525423728,0.6630434782608695
o0sr0,0.9742268041237113,0.08936170212765958,0.16370723256821137,0.8963730569948186,0.08183538315988648,0.14997832683138276,0.8402061855670103,0.07706855791962175,0.14118666089216111
o0t3o,0.9866310160427807,0.2575017445917655,0.4084117321527393,0.9436997319034852,0.24581005586592178,0.3900277008310249,0.9679144385026738,0.2526168876482903,0.4006640841173216
o0tmu,0.8785046728971962,0.6666666666666666,0.7580645161290323,0.8490566037735849,0.6428571428571429,0.7317073170731708,0.8691588785046729,0.6595744680851063,0.75
o0tpd,0.89,0.7807017543859649,0.8317757009345794,0.8585858585858586,0.7522123893805309,0.8018867924528301,0.86,0.7543859649122807,0.8037383177570094
o0ukj,0.9761904761904762,0.24773413897280966,0.39518072289156625,0.9221556886227545,0.2329803328290469,0.3719806763285024,0.9166666666666666,0.2326283987915408,0.3710843373493976
o0ul8,0.9872611464968153,0.22895125553914328,0.37170263788968827,0.9553191489361702,0.22118226600985222,0.35919999999999996,0.9787685774946921,0.22698178237321517,0.36850519584332536
o0ung,0.9210526315789473,0.6521739130434783,0.7636363636363637,0.8938053097345132,0.63125,0.7399267399267399,0.9122807017543859,0.6459627329192547,0.7563636363636363
o0usl,0.9777777777777777,0.4748201438848921,0.6392251815980629,0.9402985074626866,0.4548736462093863,0.6131386861313869,0.9629629629629629,0.4676258992805755,0.6295399515738498
o0ute,0.8428571428571429,0.5514018691588785,0.6666666666666666,0.7391304347826086,0.4811320754716981,0.5828571428571429,0.8142857142857143,0.5327102803738317,0.6440677966101694
o0uxq,0.9014084507042254,0.261758691206544,0.40570522979397783,0.8226950354609929,0.23770491803278687,0.368839427662957,0.8661971830985915,0.25153374233128833,0.3898573692551506
o0v4x,0.8870967741935484,0.9649122807017544,0.9243697478991597,0.8861788617886179,0.9646017699115044,0.9237288135593221,0.8870967741935484,0.9649122807017544,0.9243697478991597
o0vgd,0.9552238805970149,0.4280936454849498,0.5912240184757506,0.9323308270676691,0.4161073825503356,0.5754060324825986,0.9253731343283582,0.41471571906354515,0.5727482678983834
o0vzb,0.9887218045112782,0.5844444444444444,0.7346368715083799,0.9660377358490566,0.5701559020044543,0.7170868347338937,0.981203007518797,0.58,0.7290502793296089
o0w77,0.973568281938326,0.33947772657450076,0.5034168564920273,0.9424778761061947,0.32769230769230767,0.4863013698630137,0.960352422907489,0.3348694316436252,0.49658314350797267
o0wd5,0.9612403100775194,0.13276231263383298,0.2333019755409219,0.921875,0.1264737406216506,0.22243166823751181,0.937984496124031,0.12955032119914348,0.22765757290686736
o0x5g,0.9347826086956522,0.6323529411764706,0.7543859649122806,0.8901098901098901,0.6,0.7168141592920354,0.9021739130434783,0.6102941176470589,0.7280701754385965
o0x8z,0.9727272727272728,0.44214876033057854,0.6079545454545455,0.9541284403669725,0.4315352697095436,0.5942857142857143,0.9545454545454546,0.43388429752066116,0.5965909090909091
o0xft,0.9574468085106383,0.32142857142857145,0.48128342245989303,0.8857142857142857,0.29594272076372313,0.44364937388193204,0.900709219858156,0.30238095238095236,0.4527629233511587
o0xi1,0.9712230215827338,0.20833333333333334,0.34307496823379924,0.9130434782608695,0.1947449768160742,0.32101910828025476,0.9280575539568345,0.19907407407407407,0.32782719186785264
o0xix,0.9487179487179487,0.6085526315789473,0.7414829659318637,0.9175257731958762,0.5874587458745875,0.716297786720322,0.9230769230769231,0.5921052631578947,0.721442885771543
o0xqm,0.95,0.2828146143437077,0.4358706986444212,0.8858447488584474,0.26287262872628725,0.4054336468129572,0.9136363636363637,0.2719891745602165,0.4191866527632951
o0xxv,0.9764705882352941,0.0836272040302267,0.15406032482598608,0.9112426035502958,0.07762096774193548,0.14305620065025546,0.9176470588235294,0.07858942065491184,0.14477958236658933
o0xyh,0.9941176470588236,0.17752100840336135,0.3012477718360071,0.9704142011834319,0.17245005257623555,0.2928571428571429,0.9823529411764705,0.17542016806722688,0.2976827094474153
o0y0z,0.9431818181818182,0.6058394160583942,0.7377777777777779,0.92,0.5897435897435898,0.71875,0.9431818181818182,0.6058394160583942,0.7377777777777779
o0yre,0.9672131147540983,0.4796747967479675,0.6413043478260869,0.9340659340659341,0.46195652173913043,0.6181818181818182,0.9453551912568307,0.46883468834688347,0.6268115942028986
o0yxr,0.9813953488372092,0.3576271186440678,0.5242236024844721,0.9485981308411215,0.34465195246179964,0.5056039850560398,0.9720930232558139,0.35423728813559324,0.5192546583850932
o0zfg,0.9444444444444444,0.5592105263157895,0.7024793388429752,0.8938547486033519,0.528052805280528,0.6639004149377592,0.9055555555555556,0.5361842105263158,0.6735537190082644
o0zpp,0.9430051813471503,0.9285714285714286,0.9357326478149101,0.921875,0.9076923076923077,0.9147286821705427,0.927461139896373,0.9132653061224489,0.9203084832904883
o110h,0.8809523809523809,0.4977578475336323,0.6361031518624642,0.776,0.4369369369369369,0.5590778097982709,0.8015873015873016,0.452914798206278,0.5787965616045845
o1114,0.9902912621359223,0.11639406618486116,0.20830496936691625,0.9545454545454546,0.11187214611872145,0.20027247956403266,0.8964401294498382,0.10536325599087105,0.18856364874063988
o11ua,0.9879032258064516,0.3310810810810811,0.4959514170040486,0.9676767676767677,0.32386747802569305,0.48530901722391084,0.9818548387096774,0.3290540540540541,0.49291497975708504
o12w0,0.9605263157894737,0.4899328859060403,0.6488888888888888,0.9333333333333333,0.47297297297297297,0.6278026905829596,0.9473684210526315,0.48322147651006714,0.64
o13qu,0.9781420765027322,0.3729166666666667,0.5399698340874811,0.9615384615384616,0.3653444676409186,0.5295007564296521,0.9781420765027322,0.3729166666666667,0.5399698340874811
o13ra,0.9285714285714286,0.19519519519519518,0.3225806451612903,0.8260869565217391,0.1716867469879518,0.28428927680798005,0.8857142857142857,0.18618618618618618,0.3076923076923077
o13vn,0.9863636363636363,0.547979797979798,0.7045454545454546,0.9634703196347032,0.5341772151898734,0.6872964169381107,0.9772727272727273,0.5429292929292929,0.698051948051948
o1460,0.9723756906077348,0.2802547770700637,0.4351050679851669,0.9055555555555556,0.25996810207336524,0.4039653035935564,0.9392265193370166,0.27070063694267515,0.4202719406674907
o14mj,0.9646017699115044,1.0,0.9819819819819819,0.9642857142857143,1.0,0.9818181818181818,0.9646017699115044,1.0,0.9819819819819819
o14os,0.9453125,0.2439516129032258,0.38782051282051283,0.889763779527559,0.22828282828282828,0.36334405144694537,0.890625,0.22983870967741934,0.36538461538461536
o150k,0.916083916083916,0.15840386940749698,0.27010309278350514,0.8169014084507042,0.14043583535108958,0.23966942148760328,0.8741258741258742,0.15114873035066506,0.2577319587628866
o154u,0.8444444444444444,0.18269230769230768,0.30039525691699603,0.7954545454545454,0.16908212560386474,0.27888446215139445,0.8444444444444444,0.18269230769230768,0.30039525691699603
o156c,0.9382022471910112,0.14844444444444443,0.25633154259401386,0.9096045197740112,0.14323843416370108,0.24750192159877016,0.9101123595505618,0.144,0.24865694551036072
o15qv,0.9347826086956522,0.4574468085106383,0.6142857142857143,0.9051094890510949,0.4412811387900356,0.5933014354066986,0.9130434782608695,0.44680851063829785,0.6
o16ag,0.9296875,0.6397849462365591,0.7579617834394904,0.889763779527559,0.6108108108108108,0.7243589743589743,0.890625,0.6129032258064516,0.7261146496815287
o16ck,0.8903225806451613,0.7340425531914894,0.80466472303207,0.8376623376623377,0.6898395721925134,0.7565982404692082,0.8387096774193549,0.6914893617021277,0.7580174927113703
o16nk,0.9548022598870056,0.5451612903225806,0.6940451745379878,0.9034090909090909,0.5145631067961165,0.6556701030927835,0.9265536723163842,0.5290322580645161,0.6735112936344969
o16pl,0.9947368421052631,0.09084354722422494,0.16648315349042062,0.9577836411609498,0.08725961538461538,0.1599471249173827,0.9868421052631579,0.09012256669069935,0.165161858621449
o16rg,0.9876543209876543,0.6007509386733417,0.7470817120622567,0.9608247422680413,0.5839598997493735,0.7264224473889321,0.977366255144033,0.5944931163954944,0.7392996108949416
o1744,0.9469026548672567,0.2628992628992629,0.4115384615384616,0.8839285714285714,0.2438423645320197,0.3822393822393822,0.8761061946902655,0.24324324324324326,0.3807692307692308
o175l,0.8926553672316384,0.057267125770206595,0.10762942779291552,0.4659090909090909,0.02973168963016679,0.05589638718473074,0.6101694915254238,0.039144617615077926,0.07356948228882833
o17dr,0.9607843137254902,0.30184804928131415,0.459375,0.9144736842105263,0.28600823045267487,0.43573667711598746,0.934640522875817,0.2936344969199179,0.446875
o18as,0.9708029197080292,0.16878172588832488,0.2875675675675676,0.8897058823529411,0.15374841168996187,0.2621885157096424,0.9051094890510949,0.15736040609137056,0.26810810810810815
o18fr,0.9354838709677419,0.5838926174496645,0.71900826446281,0.8913043478260869,0.5540540540540541,0.6833333333333333,0.8924731182795699,0.5570469798657718,0.6859504132231404
o18tt,0.9102564102564102,0.29338842975206614,0.4437500000000001,0.8571428571428571,0.27385892116182575,0.41509433962264153,0.8846153846153846,0.28512396694214875,0.43125
o18tu,0.9470198675496688,0.3583959899749373,0.52,0.8933333333333333,0.33668341708542715,0.48905109489051096,0.9205298013245033,0.3483709273182957,0.5054545454545454
o18yr,0.9737991266375546,0.36437908496732024,0.5303210463733651,0.9429824561403509,0.3518821603927987,0.5125148986889154,0.9432314410480349,0.35294117647058826,0.5136741973840665
o193b,0.9393939393939394,0.5470588235294118,0.6914498141263942,0.8673469387755102,0.5029585798816568,0.6367041198501873,0.9393939393939394,0.5470588235294118,0.6914498141263942
o193k,0.9927667269439421,0.30449251247920134,0.466044142614601,0.9637681159420289,0.2952275249722531,0.45199660152931187,0.9819168173598554,0.3011647254575707,0.4609507640067912
o1958,0.9256198347107438,0.8549618320610687,0.8888888888888888,0.9166666666666666,0.8461538461538461,0.8799999999999999,0.9256198347107438,0.8549618320610687,0.8888888888888888
o19s5,0.92,0.5411764705882353,0.6814814814814815,0.8585858585858586,0.5029585798816568,0.6343283582089552,0.92,0.5411764705882353,0.6814814814814815
o19st,0.8943089430894309,0.88,0.8870967741935484,0.8770491803278688,0.8629032258064516,0.8699186991869918,0.8780487804878049,0.864,0.8709677419354839
o1a8a,0.9226519337016574,0.3786848072562358,0.5369774919614148,0.8444444444444444,0.34545454545454546,0.4903225806451613,0.8784530386740331,0.36054421768707484,0.5112540192926045
o1ah5,0.9754098360655737,0.5666666666666667,0.716867469879518,0.9421487603305785,0.5454545454545454,0.6909090909090909,0.9590163934426229,0.5571428571428572,0.7048192771084337
o1ail,0.9622641509433962,0.38345864661654133,0.5483870967741936,0.8952380952380953,0.35471698113207545,0.508108108108108,0.9245283018867925,0.3684210526315789,0.5268817204301075
o1ak7,0.9911894273127754,0.23684210526315788,0.3823279524214104,0.9690265486725663,0.23076923076923078,0.3727659574468085,0.9779735682819384,0.2336842105263158,0.37723024638912495
o1amq,0.9575757575757575,0.24496124031007752,0.39012345679012345,0.9146341463414634,0.2329192546583851,0.3712871287128713,0.9212121212121213,0.23565891472868217,0.37530864197530867
o1bzr,0.994535519125683,0.06741989257269865,0.12627927146574153,0.9698630136986301,0.06557984438680993,0.122852680895367,0.994535519125683,0.06741989257269865,0.12627927146574153
o1c36,0.8857142857142857,0.3563218390804598,0.5081967213114754,0.7971014492753623,0.3179190751445087,0.4545454545454546,0.8428571428571429,0.3390804597701149,0.4836065573770491
o1cj4,0.9166666666666666,0.6470588235294118,0.7586206896551724,0.8631578947368421,0.6074074074074074,0.7130434782608696,0.8541666666666666,0.6029411764705882,0.706896551724138
o1dkj,0.9324324324324325,0.49640287769784175,0.647887323943662,0.891156462585034,0.4729241877256318,0.6179245283018868,0.8918918918918919,0.4748201438848921,0.6197183098591549
o1dtu,0.9405405405405406,0.30155979202772965,0.45669291338582674,0.8478260869565217,0.2708333333333333,0.4105263157894737,0.8864864864864865,0.28422876949740034,0.4304461942257218
o1dvx,0.9679144385026738,0.2646198830409357,0.41561423650975887,0.9193548387096774,0.25036603221083453,0.3935558112773302,0.946524064171123,0.25877192982456143,0.4064293915040184
o1f2c,0.9461077844311377,0.4450704225352113,0.6053639846743295,0.9156626506024096,0.4293785310734463,0.5846153846153846,0.9101796407185628,0.428169014084507,0.5823754789272031
o1fc2,0.9203539823008849,0.8,0.8559670781893004,0.9017857142857143,0.7829457364341085,0.8381742738589212,0.911504424778761,0.7923076923076923,0.8477366255144032
o1fdq,0.9121621621621622,0.9440559440559441,0.9278350515463918,0.9047619047619048,0.9366197183098591,0.9204152249134948,0.9054054054054054,0.9370629370629371,0.9209621993127148
o1fnm,0.941747572815534,0.14877300613496933,0.256953642384106,0.8725490196078431,0.13671274961597543,0.23638778220451528,0.883495145631068,0.13957055214723926,0.2410596026490066
o1fy0,0.8692307692307693,0.2404255319148936,0.37666666666666665,0.7674418604651163,0.21108742004264391,0.3311036789297659,0.7923076923076923,0.21914893617021278,0.3433333333333333
o1g67,0.9726027397260274,1.0,0.9861111111111112,0.9724137931034482,1.0,0.9860139860139859,0.9726027397260274,1.0,0.9861111111111112
o1g7m,0.9720670391061452,0.37339055793991416,0.5395348837209302,0.9157303370786517,0.35053763440860214,0.5069984447900466,0.9217877094972067,0.3540772532188841,0.5116279069767442
o1h4u,0.9642857142857143,0.5192307692307693,0.6749999999999999,0.9281437125748503,0.4983922829581994,0.6485355648535566,0.9523809523809523,0.5128205128205128,0.6666666666666666
o1h58,0.9938650306748467,0.525974025974026,0.6878980891719746,0.9567901234567902,0.504885993485342,0.6609808102345416,0.9815950920245399,0.5194805194805194,0.6794055201698513
o1hha,0.8939393939393939,0.4816326530612245,0.6259946949602121,0.8091603053435115,0.4344262295081967,0.5653333333333334,0.8333333333333334,0.4489795918367347,0.583554376657825
o1him,0.9693877551020408,0.5654761904761905,0.7142857142857142,0.9381443298969072,0.5449101796407185,0.6893939393939393,0.9489795918367347,0.5535714285714286,0.6992481203007519
o1hqg,0.9938461538461538,0.2999071494893222,0.4607703281027104,0.9598765432098766,0.28903345724907065,0.4442857142857143,0.9784615384615385,0.29526462395543174,0.4536376604850214
o1i10,0.9629629629629629,0.4642857142857143,0.6265060240963856,0.9065420560747663,0.4349775784753363,0.5878787878787879,0.9444444444444444,0.45535714285714285,0.6144578313253012
o1i2c,0.7916666666666666,0.3352941176470588,0.4710743801652892,0.704225352112676,0.2958579881656805,0.4166666666666667,0.7222222222222222,0.3058823529411765,0.42975206611570255
o1jbf,0.9693877551020408,0.31456953642384106,0.475,0.9282051282051282,0.30016583747927034,0.4536340852130326,0.9336734693877551,0.3029801324503311,0.4575
o1jg2,0.7976190476190477,0.1554524361948956,0.26019417475728157,0.6746987951807228,0.13023255813953488,0.21832358674463936,0.7142857142857143,0.13921113689095127,0.23300970873786406
o1jrg,0.9594594594594594,0.3806970509383378,0.5451055662188099,0.891156462585034,0.3521505376344086,0.5048169556840076,0.918918918918919,0.3646112600536193,0.5220729366602687
o1jsq,0.803921568627451,0.6275510204081632,0.7048710601719198,0.7368421052631579,0.5743589743589743,0.6455331412103746,0.7320261437908496,0.5714285714285714,0.6418338108882522
o1k1p,0.9738562091503268,0.18474891506509608,0.310578426263679,0.9377049180327869,0.1774193548387097,0.29838288993218576,0.9509803921568627,0.18040917544947302,0.30328295987493487
o1k68,0.9833333333333333,0.3352272727272727,0.5,0.9327731092436975,0.3162393162393162,0.4723404255319149,0.9583333333333334,0.32670454545454547,0.4872881355932203
o1k9b,0.9545454545454546,0.4805491990846682,0.639269406392694,0.9269406392694064,0.46559633027522934,0.6198473282442748,0.9318181818181818,0.4691075514874142,0.624048706240487
o1kn3,0.9541666666666667,0.7762711864406779,0.8560747663551402,0.9246861924686193,0.7517006802721088,0.8292682926829268,0.9416666666666667,0.7661016949152543,0.8448598130841122
o1krr,0.9845360824742269,0.35767790262172283,0.5247252747252747,0.9430051813471503,0.34146341463414637,0.5013774104683195,0.9742268041237113,0.3539325842696629,0.5192307692307692
o1l66,0.9597701149425287,0.4717514124293785,0.6325757575757576,0.9075144508670521,0.4447592067988669,0.5969581749049431,0.9137931034482759,0.4491525423728814,0.6022727272727273
o1l9s,0.9635036496350365,0.4664310954063604,0.6285714285714286,0.9117647058823529,0.4397163120567376,0.5933014354066986,0.9343065693430657,0.45229681978798586,0.6095238095238096
o1lf5,0.9133333333333333,0.8058823529411765,0.85625,0.8993288590604027,0.7928994082840237,0.8427672955974844,0.9066666666666666,0.8,0.8500000000000001
o1ljf,0.9826388888888888,0.060046679397411415,0.11317736452709456,0.9407665505226481,0.05730050933786078,0.10802160432086418,0.9791666666666666,0.05983450031826862,0.11277744451109778
o1lmn,0.9649122807017544,0.20121951219512196,0.3329969727547931,0.9058823529411765,0.18803418803418803,0.3114256825075834,0.9415204678362573,0.19634146341463415,0.3249243188698285
o1lxe,0.9478260869565217,0.2914438502673797,0.44580777096114516,0.8771929824561403,0.2680965147453083,0.41067761806981523,0.8782608695652174,0.2700534759358289,0.4130879345603273
o1m8p,0.9904761904761905,0.13594771241830064,0.23908045977011494,0.9617224880382775,0.131458469587966,0.2313003452243959,0.9809523809523809,0.134640522875817,0.23678160919540228
o1m92,0.9885057471264368,0.44675324675324674,0.6153846153846153,0.9479768786127167,0.4270833333333333,0.5888689407540395,0.9827586206896551,0.44415584415584414,0.6118067978533095
o1mhn,0.985,0.5845697329376854,0.7337057728119181,0.9547738693467337,0.5654761904761905,0.7102803738317757,0.975,0.5786350148367952,0.7262569832402234
o1mmf,0.9834710743801653,0.2451081359423275,0.39241549876339654,0.950207468879668,0.23608247422680412,0.37819983484723363,0.9545454545454546,0.23789907312049433,0.38087386644682597
o1mz7,0.9523809523809523,0.2768166089965398,0.4289544235924933,0.8433734939759037,0.24305555555555555,0.37735849056603776,0.8809523809523809,0.2560553633217993,0.3967828418230563
o1n9i,0.9230769230769231,0.8478260869565217,0.8838526912181304,0.9107142857142857,0.8360655737704918,0.8717948717948717,0.9171597633136095,0.842391304347826,0.8781869688385269
o1nni,0.9726027397260274,1.0,0.9861111111111112,0.9724137931034482,1.0,0.9860139860139859,0.9726027397260274,1.0,0.9861111111111112
o1nrx,0.9333333333333333,0.27586206896551724,0.4258555133079848,0.9152542372881356,0.26732673267326734,0.4137931034482759,0.9166666666666666,0.270935960591133,0.4182509505703423
o1nyd,0.9562043795620438,0.2059748427672956,0.3389391979301423,0.9117647058823529,0.1952755905511811,0.3216601815823606,0.8978102189781022,0.19339622641509435,0.3182406209573092
o1o8h,0.9629629629629629,0.2564734895191122,0.4050632911392405,0.8372093023255814,0.2222222222222222,0.35121951219512193,0.875,0.23304562268803947,0.36806231742940604
o1p4u,0.8888888888888888,1.0,0.9411764705882353,0.888268156424581,1.0,0.9408284023668639,0.8888888888888888,1.0,0.9411764705882353
o1pji,0.9898477157360406,0.5051813471502591,0.6689536878216125,0.9693877551020408,0.4935064935064935,0.6540447504302925,0.9796954314720813,0.5,0.6620926243567754
o1ptu,0.9327731092436975,0.888,0.9098360655737705,0.923728813559322,0.8790322580645161,0.9008264462809916,0.9243697478991597,0.88,0.901639344262295
o1pwp,0.9881656804733728,0.521875,0.6830265848670757,0.9583333333333334,0.5047021943573667,0.6611909650924025,0.9822485207100592,0.51875,0.6789366053169735
o1pyt,0.9473684210526315,0.7563025210084033,0.8411214953271028,0.9468085106382979,0.7542372881355932,0.8396226415094339,0.9473684210526315,0.7563025210084033,0.8411214953271028
o1r7l,0.9673202614379085,0.21294964028776978,0.3490566037735849,0.9013157894736842,0.19740634005763688,0.32387706855791965,0.9150326797385621,0.2014388489208633,0.33018867924528306
o1rcr,0.9393939393939394,0.5486725663716814,0.6927374301675977,0.9076923076923077,0.5267857142857143,0.6666666666666667,0.9242424242424242,0.5398230088495575,0.6815642458100558
o1rus,0.9202453987730062,1.0,0.9584664536741214,0.9135802469135802,0.9932885906040269,0.9517684887459807,0.9202453987730062,1.0,0.9584664536741214
o1ryt,0.9009009009009009,0.4329004329004329,0.5847953216374269,0.8272727272727273,0.39565217391304347,0.5352941176470588,0.8468468468468469,0.4069264069264069,0.5497076023391813
o1s17,0.9576271186440678,0.795774647887324,0.8692307692307693,0.9316239316239316,0.7730496453900709,0.8449612403100777,0.9491525423728814,0.7887323943661971,0.8615384615384616
o1s9f,0.972809667673716,0.314453125,0.4752767527675276,0.9121212121212121,0.29423264907135877,0.4449371766444938,0.9244712990936556,0.298828125,0.451660516605166
o1sxb,0.9555555555555556,0.47601476014760147,0.6354679802955664,0.9253731343283582,0.45925925925925926,0.6138613861386139,0.9555555555555556,0.47601476014760147,0.6354679802955664
o1t5y,0.8701298701298701,0.4652777777777778,0.6063348416289592,0.8026315789473685,0.42657342657342656,0.5570776255707762,0.8181818181818182,0.4375,0.5701357466063348
o1tcq,0.8947368421052632,0.45182724252491696,0.6004415011037528,0.8410596026490066,0.42333333333333334,0.5631929046563192,0.8486842105263158,0.42857142857142855,0.5695364238410596
o1tg4,0.9769230769230769,0.28929384965831434,0.4463971880492091,0.9457364341085271,0.2785388127853881,0.43033509700176364,0.9769230769230769,0.28929384965831434,0.4463971880492091
o1tm7,0.9811320754716981,0.39245283018867927,0.5606469002695418,0.9523809523809523,0.3787878787878788,0.5420054200542006,0.9716981132075472,0.3886792452830189,0.555256064690027
o1tpi,0.9807692307692307,0.19190968955785512,0.32100708103855236,0.9323671497584541,0.1817325800376648,0.3041765169424744,0.9471153846153846,0.18532455315145813,0.3099921321793863
o1u6y,0.9947984395318595,0.09688449848024316,0.1765724177726486,0.98828125,0.096136795440152,0.17522798106891377,0.9947984395318595,0.09688449848024316,0.1765724177726486
o1uil,0.9489795918367347,0.4696969696969697,0.6283783783783784,0.8865979381443299,0.4365482233502538,0.5850340136054422,0.8979591836734694,0.4444444444444444,0.5945945945945946
o1v6f,0.9629629629629629,0.2581560283687943,0.407158836689038,0.9202127659574468,0.24573863636363635,0.3878923766816143,0.9312169312169312,0.24964539007092199,0.39373601789709173
o1vox,0.9570552147239264,0.4083769633507853,0.5724770642201835,0.9135802469135802,0.3884514435695538,0.5451197053406999,0.9325153374233128,0.39790575916230364,0.5577981651376146
o1vvi,0.9716312056737588,0.2424778761061947,0.3881019830028329,0.9142857142857143,0.22695035460992907,0.36363636363636365,0.9361702127659575,0.2336283185840708,0.3739376770538243
o1vw5,0.9786096256684492,0.2361290322580645,0.3804573804573804,0.9516129032258065,0.22868217054263565,0.36874999999999997,0.9625668449197861,0.23225806451612904,0.37422037422037424
o1wcn,0.9290780141843972,0.447098976109215,0.6036866359447005,0.8785714285714286,0.4212328767123288,0.5694444444444444,0.8865248226950354,0.42662116040955633,0.576036866359447
o1wi0,0.9711538461538461,0.3289902280130293,0.4914841849148418,0.9320388349514563,0.3137254901960784,0.46943765281173594,0.9519230769230769,0.32247557003257327,0.4817518248175182
o1x7d,0.9722222222222222,0.6521739130434783,0.7806691449814127,0.9439252336448598,0.63125,0.7565543071161049,0.9537037037037037,0.639751552795031,0.7657992565055761
o1xb8,0.9801980198019802,0.4852941176470588,0.6491803278688525,0.93,0.458128078817734,0.6138613861386139,0.9603960396039604,0.47549019607843135,0.6360655737704917
o1xgc,0.9182389937106918,0.5214285714285715,0.6651480637813212,0.8037974683544303,0.4551971326164875,0.5812356979405034,0.8364779874213837,0.475,0.6059225512528473
o1xpv,0.8924050632911392,0.734375,0.8057142857142857,0.8853503184713376,0.7277486910994765,0.7988505747126438,0.8924050632911392,0.734375,0.8057142857142857
o1xqm,0.847457627118644,0.3597122302158273,0.5050505050505051,0.7931034482758621,0.3333333333333333,0.46938775510204084,0.847457627118644,0.3597122302158273,0.5050505050505051
o1y3c,0.9083333333333333,1.0,0.9519650655021834,0.907563025210084,1.0,0.9515418502202644,0.9083333333333333,1.0,0.9519650655021834
o1yt3,0.927007299270073,0.5313807531380753,0.675531914893617,0.8970588235294118,0.5126050420168067,0.6524064171122995,0.8978102189781022,0.5146443514644351,0.6542553191489361
o1z4c,0.9711538461538461,0.543010752688172,0.696551724137931,0.9223300970873787,0.5135135135135135,0.6597222222222221,0.9423076923076923,0.5268817204301075,0.6758620689655173
o1zhx,0.989247311827957,0.6388888888888888,0.7763713080168777,0.9675675675675676,0.6236933797909407,0.7584745762711865,0.9838709677419355,0.6354166666666666,0.7721518987341772
o1zod,0.9812206572769953,0.19441860465116279,0.3245341614906832,0.9339622641509434,0.18435754189944134,0.3079315707620529,0.9530516431924883,0.1888372093023256,0.3152173913043478
o1zpk,0.9300699300699301,0.7556818181818182,0.8338557993730408,0.9014084507042254,0.7314285714285714,0.8075709779179812,0.9090909090909091,0.7386363636363636,0.8150470219435737
o1zx3,0.974025974025974,0.9316770186335404,0.9523809523809523,0.9673202614379085,0.925,0.9456869009584665,0.974025974025974,0.9316770186335404,0.9523809523809523
o20an,0.8581560283687943,1.0,0.9236641221374046,0.8571428571428571,1.0,0.923076923076923,0.8581560283687943,1.0,0.9236641221374046
o20f5,0.9723756906077348,0.4,0.5668276972624798,0.95,0.3895216400911162,0.5525040387722133,0.9502762430939227,0.39090909090909093,0.5539452495974236
o20n3,0.9733333333333334,0.33031674208144796,0.49324324324324326,0.9285714285714286,0.31419939577039274,0.4695259593679458,0.96,0.3257918552036199,0.48648648648648646
o20nq,0.9800995024875622,0.3696060037523452,0.5367847411444141,0.935,0.35150375939849626,0.5109289617486339,0.9552238805970149,0.3602251407129456,0.5231607629427792
o20tf,0.9653465346534653,0.38922155688622756,0.5547652916073968,0.9104477611940298,0.366,0.522111269614836,0.9356435643564357,0.3772455089820359,0.5376955903271693
o228y,0.9765100671140939,0.36149068322981365,0.527651858567543,0.9259259259259259,0.3420398009950249,0.4995458673932789,0.9463087248322147,0.35031055900621116,0.5113327289211242
o22gc,0.9863013698630136,0.4426229508196721,0.611032531824611,0.9678899082568807,0.433264887063655,0.5985815602836879,0.9817351598173516,0.4405737704918033,0.6082036775106082
o22so,0.9555555555555556,0.7478260869565218,0.8390243902439025,0.9325842696629213,0.7280701754385965,0.8177339901477831,0.9444444444444444,0.7391304347826086,0.8292682926829269
o22u0,0.9795918367346939,0.7933884297520661,0.8767123287671232,0.9587628865979382,0.775,0.8571428571428571,0.9591836734693877,0.7768595041322314,0.8584474885844748
o22w5,0.9881656804733728,0.1198851399856425,0.21382842509603073,0.9702380952380952,0.11709770114942529,0.20897435897435898,0.9704142011834319,0.11773151471643933,0.20998719590268886
o24ca,0.9148936170212766,0.6277372262773723,0.7445887445887446,0.8387096774193549,0.5735294117647058,0.6812227074235808,0.851063829787234,0.583941605839416,0.6926406926406925
o24q4,0.9333333333333333,0.1398002853067047,0.24317617866004965,0.8653846153846154,0.12857142857142856,0.22388059701492535,0.8666666666666667,0.12981455064194009,0.22580645161290322
o252a,0.963855421686747,0.3191489361702128,0.4795204795204796,0.907258064516129,0.2996005326231691,0.45045045045045046,0.9317269076305221,0.30851063829787234,0.4635364635364635
o252g,0.9808917197452229,0.3355119825708061,0.5,0.9423076923076923,0.32096069868995636,0.47882736156351796,0.9745222929936306,0.3333333333333333,0.4967532467532468
o25t2,0.8645833333333334,0.6335877862595419,0.7312775330396476,0.8315789473684211,0.6076923076923076,0.7022222222222221,0.84375,0.6183206106870229,0.7136563876651982
o261e,0.9807692307692307,0.249185667752443,0.39740259740259737,0.9419354838709677,0.23817292006525284,0.38020833333333326,0.967948717948718,0.24592833876221498,0.3922077922077922
o26kc,0.9491525423728814,0.49557522123893805,0.6511627906976745,0.9137931034482759,0.4732142857142857,0.6235294117647059,0.9322033898305084,0.48672566371681414,0.6395348837209303
o26ky,0.9655172413793104,0.9411764705882353,0.9531914893617022,0.9565217391304348,0.9322033898305084,0.944206008583691,0.9655172413793104,0.9411764705882353,0.9531914893617022
o275m,0.9858156028368794,0.5889830508474576,0.7374005305039788,0.9571428571428572,0.5702127659574469,0.7146666666666668,0.9716312056737588,0.5805084745762712,0.726790450928382
o277f,0.9651162790697675,0.1294851794071763,0.22833562585969738,0.9122807017543859,0.12177985948477751,0.21487603305785125,0.9418604651162791,0.12636505460218408,0.22283356258596973
o2789,0.968421052631579,0.4791666666666667,0.6411149825783973,0.9361702127659575,0.4607329842931937,0.6175438596491228,0.9473684210526315,0.46875,0.6271777003484321
o27nd,0.803030303030303,0.36551724137931035,0.5023696682464455,0.7692307692307693,0.3472222222222222,0.4784688995215311,0.7727272727272727,0.35172413793103446,0.4834123222748814
o27r4,0.9689922480620154,0.7621951219512195,0.8532423208191126,0.953125,0.7484662576687117,0.838487972508591,0.9612403100775194,0.7560975609756098,0.8464163822525597
o27sf,0.9456521739130435,0.8446601941747572,0.8923076923076922,0.945054945054945,0.8431372549019608,0.8911917098445596,0.9456521739130435,0.8446601941747572,0.8923076923076922
o287u,0.9851851851851852,0.1366906474820144,0.240072202166065,0.9368029739776952,0.12956298200514138,0.2276422764227642,0.9444444444444444,0.13103802672147996,0.23014440433212996
o2889,0.9036144578313253,0.5639097744360902,0.6944444444444444,0.8363636363636363,0.5207547169811321,0.641860465116279,0.8554216867469879,0.5338345864661654,0.6574074074074073
o28uc,0.9810126582278481,0.8072916666666666,0.8857142857142857,0.9617834394904459,0.7905759162303665,0.867816091954023,0.9746835443037974,0.8020833333333334,0.88
o2935,0.9543147208121827,0.29375,0.44922341696535245,0.8877551020408163,0.27230046948356806,0.41676646706586823,0.9035532994923858,0.278125,0.4253285543608124
o29bd,0.9595375722543352,0.37986270022883295,0.5442622950819672,0.9244186046511628,0.3646788990825688,0.5230263157894737,0.9190751445086706,0.36384439359267734,0.521311475409836
o29xr,0.9448275862068966,0.23102866779089376,0.37127371273712734,0.8819444444444444,0.21452702702702703,0.34510869565217395,0.9172413793103448,0.224283305227656,0.3604336043360434
o29zo,0.9421487603305785,0.04106628242074928,0.07870210562651019,0.6083333333333333,0.026306306306306305,0.050431778929188265,0.7851239669421488,0.03422190201729106,0.06558508802209181
o29zq,0.9354838709677419,0.44274809160305345,0.6010362694300518,0.8861788617886179,0.41762452107279696,0.5677083333333334,0.9112903225806451,0.4312977099236641,0.5854922279792746
o2awr,0.9817073170731707,0.25354330708661416,0.40300375469336663,0.9325153374233128,0.23974763406940064,0.3814303638644918,0.9512195121951219,0.24566929133858267,0.39048811013767204
o2ayl,0.9615384615384616,0.8278145695364238,0.8896797153024911,0.9612403100775194,0.8266666666666667,0.888888888888889,0.9615384615384616,0.8278145695364238,0.8896797153024911
o2bm4,0.9851063829787234,0.2644203312392918,0.4169293111211166,0.9637526652452025,0.2582857142857143,0.4073907165389815,0.9765957446808511,0.2621359223300971,0.41332733003151734
o2d9b,0.9090909090909091,0.3409090909090909,0.4958677685950413,0.8461538461538461,0.3142857142857143,0.45833333333333337,0.8484848484848485,0.3181818181818182,0.46280991735537186
o2dbb,0.9395973154362416,1.0,0.9688581314878892,0.9391891891891891,1.0,0.9686411149825784,0.9395973154362416,1.0,0.9688581314878892
o2dqb,0.9493670886075949,0.25111607142857145,0.39717563989408655,0.885593220338983,0.2335195530726257,0.3695844385499558,0.8016877637130801,0.21205357142857142,0.3353927625772286
o2e3i,0.9646017699115044,0.6449704142011834,0.7730496453900709,0.9375,0.625,0.75,0.9557522123893806,0.6390532544378699,0.7659574468085106
o2ekm,0.9904761904761905,0.25060240963855424,0.4000000000000001,0.9617224880382775,0.24246079613992763,0.3872832369942197,0.9857142857142858,0.2493975903614458,0.3980769230769231
o2exj,0.9523809523809523,0.44871794871794873,0.6100217864923747,0.8835616438356164,0.41479099678456594,0.5645514223194749,0.9047619047619048,0.42628205128205127,0.579520697167756
o2exq,0.89,0.2966666666666667,0.445,0.8181818181818182,0.2709030100334448,0.40703517587939697,0.84,0.28,0.42
o2fcd,0.9788235294117648,0.0681297084834589,0.12739243607410808,0.839622641509434,0.05831285831285831,0.10905192219329146,0.9011764705882352,0.06272518833933835,0.11728678609707548
o2fmp,0.9545454545454546,0.7058823529411765,0.8115942028985507,0.9540229885057471,0.7033898305084746,0.8097560975609756,0.9545454545454546,0.7058823529411765,0.8115942028985507
o2gdi,0.9692307692307692,0.3713163064833006,0.5369318181818182,0.9226804123711341,0.35236220472440943,0.50997150997151,0.9282051282051282,0.3555992141453831,0.5142045454545454
o2gws,0.9760765550239234,0.04866412213740458,0.09270620313565096,0.9423076923076923,0.046766881412550705,0.08911116162764264,0.9521531100478469,0.047471374045801526,0.09043399227448307
o2gzf,0.9665071770334929,0.24278846153846154,0.38808837656099904,0.9134615384615384,0.2286401925391095,0.3657362848893167,0.9186602870813397,0.23076923076923078,0.3688760806916427
o2hlm,0.967741935483871,0.14534883720930233,0.25273799494524013,0.9090909090909091,0.13579049466537343,0.23628691983122363,0.9096774193548387,0.13662790697674418,0.2375737152485257
o2ijn,0.9478260869565217,0.29380053908355797,0.448559670781893,0.9122807017543859,0.2810810810810811,0.4297520661157025,0.9217391304347826,0.2857142857142857,0.43621399176954734
o2iky,0.9672131147540983,0.5363636363636364,0.6900584795321638,0.9338842975206612,0.5159817351598174,0.6647058823529413,0.9590163934426229,0.5318181818181819,0.6842105263157895
o2ixx,0.9637305699481865,0.3268892794376098,0.4881889763779527,0.9166666666666666,0.30985915492957744,0.46315789473684216,0.927461139896373,0.3145869947275923,0.46981627296587924
o2j4w,0.9523809523809523,0.7936507936507936,0.8658008658008657,0.9519230769230769,0.792,0.8646288209606987,0.9523809523809523,0.7936507936507936,0.8658008658008657
o2j7p,0.8732394366197183,0.30845771144278605,0.4558823529411765,0.7571428571428571,0.265,0.39259259259259255,0.8309859154929577,0.2935323383084577,0.43382352941176466
o2jnb,0.873015873015873,0.3503184713375796,0.5,0.7903225806451613,0.3141025641025641,0.44954128440366975,0.8253968253968254,0.33121019108280253,0.4727272727272727
o2jxn,0.9567567567567568,0.18849840255591055,0.3149466192170819,0.9021739130434783,0.17697228144989338,0.29590017825311943,0.918918918918919,0.1810436634717785,0.30249110320284694
o2k05,0.9774011299435028,0.1206415620641562,0.21477343265052762,0.9375,0.1151430565247732,0.2050963331261653,0.9491525423728814,0.11715481171548117,0.2085661080074488
o2k8r,0.9869281045751634,0.4114441416893733,0.5807692307692308,0.9671052631578947,0.4016393442622951,0.5675675675675675,0.9803921568627451,0.4087193460490463,0.576923076923077
o2kbr,0.9181286549707602,0.1736725663716814,0.29209302325581393,0.8352941176470589,0.15725359911406422,0.2646784715750233,0.7953216374269005,0.1504424778761062,0.2530232558139535
o2ke3,0.9583333333333334,0.9126984126984127,0.9349593495934959,0.957983193277311,0.912,0.9344262295081968,0.9583333333333334,0.9126984126984127,0.9349593495934959
o2kpo,0.875,0.18547595682041218,0.30607287449392717,0.7395348837209302,0.15618860510805502,0.25790754257907544,0.7407407407407407,0.15701668302257116,0.2591093117408907
o2kt1,0.9120879120879121,0.5665529010238908,0.6989473684210527,0.856353591160221,0.5308219178082192,0.6553911205073996,0.8736263736263736,0.5426621160409556,0.6694736842105263
o2lgd,0.9764705882352941,0.8137254901960784,0.8877005347593584,0.9585798816568047,0.7980295566502463,0.8709677419354839,0.9705882352941176,0.8088235294117647,0.8823529411764706
o2lh7,0.9702127659574468,0.11626721060683325,0.2076502732240437,0.9102564102564102,0.1086734693877551,0.19416590701914313,0.9063829787234042,0.10861805201427843,0.19398907103825136
o2li1,0.989821882951654,0.08684974324626032,0.159688013136289,0.9540816326530612,0.08351942831621259,0.15359342915811086,0.8753180661577609,0.07680285778075463,0.1412151067323481
o2lqn,0.9652777777777778,0.5450980392156862,0.6967418546365914,0.9300699300699301,0.5236220472440944,0.6700251889168766,0.9375,0.5294117647058824,0.6766917293233083
o2mi5,0.9942028985507246,0.3027360988526037,0.4641407307171854,0.9680232558139535,0.2941696113074205,0.4512195121951219,0.991304347826087,0.30185348631950576,0.46278755074424904
o2mln,0.9396551724137931,0.7077922077922078,0.8074074074074074,0.8782608695652174,0.6601307189542484,0.7537313432835819,0.8793103448275862,0.6623376623376623,0.7555555555555555
o2moh,0.9943977591036415,0.22888459058671826,0.3721174004192872,0.9691011235955056,0.22258064516129034,0.3620146904512067,0.9915966386554622,0.22823984526112184,0.3710691823899371
o2n27,0.9265536723163842,0.2949640287769784,0.44747612551159616,0.8409090909090909,0.26666666666666666,0.4049247606019152,0.8587570621468926,0.2733812949640288,0.4147339699863575
o2neb,0.9787234042553191,0.215962441314554,0.3538461538461539,0.9071428571428571,0.19905956112852666,0.3264781491002571,0.950354609929078,0.20970266040688576,0.34358974358974365
o2ng3,0.9901960784313726,0.009764114462490333,0.019337545471950986,0.9310344827586207,0.009136172475467686,0.018094782192436574,0.7647058823529411,0.0075406032482598605,0.014933946008041354
o2o9r,0.9324324324324325,0.18253968253968253,0.3053097345132743,0.6666666666666666,0.12980132450331125,0.21729490022172948,0.7567567567567568,0.14814814814814814,0.24778761061946902
o2okt,0.9574468085106383,0.36511156186612576,0.5286343612334802,0.93048128342246,0.35365853658536583,0.512518409425626,0.9414893617021277,0.359026369168357,0.5198237885462555
o2or7,0.9769230769230769,0.26849894291754756,0.4212271973466003,0.9224806201550387,0.2521186440677966,0.39600665557404324,0.9461538461538461,0.26004228329809725,0.4079601990049751
o2oyv,0.9351851851851852,0.5024875621890548,0.6537216828478966,0.9065420560747663,0.485,0.6319218241042345,0.9351851851851852,0.5024875621890548,0.6537216828478966
o2p7c,0.972972972972973,0.34177215189873417,0.505854800936768,0.9140271493212669,0.3201267828843106,0.47417840375586856,0.9279279279279279,0.3259493670886076,0.4824355971896956
o2pnf,0.9310344827586207,0.5586206896551724,0.6982758620689656,0.8023255813953488,0.4791666666666667,0.6000000000000001,0.8620689655172413,0.5172413793103449,0.6465517241379309
o2prl,0.9918533604887984,0.32273028495692513,0.48700000000000004,0.9693877551020408,0.3149867374005305,0.47547547547547553,0.9816700610997964,0.3194168323392976,0.482
o2q0u,0.9712230215827338,0.7219251336898396,0.8282208588957055,0.9565217391304348,0.7096774193548387,0.8148148148148149,0.9640287769784173,0.7165775401069518,0.8220858895705522
o2qb8,0.9915611814345991,1.0,0.9957627118644067,0.9915433403805497,1.0,0.9957537154989385,0.9915611814345991,1.0,0.9957627118644067
o2qg9,0.9915254237288136,0.5098039215686274,0.6733812949640288,0.9702127659574468,0.4978165938864629,0.658008658008658,0.9872881355932204,0.5076252723311547,0.6705035971223022
o2qzi,0.9710144927536232,0.3651226158038147,0.5306930693069307,0.9124087591240876,0.34153005464480873,0.4970178926441352,0.927536231884058,0.34877384196185285,0.5069306930693069
o2r8q,0.9629629629629629,0.03598971722365039,0.06938619900876859,0.8882978723404256,0.03303006329113924,0.06369183829138063,0.8941798941798942,0.033419023136246784,0.06443004193671367
o2rdg,0.966804979253112,0.08056708160442601,0.14873922757740185,0.9166666666666666,0.0760982359045313,0.14053018205046308,0.950207468879668,0.07918395573997233,0.14618576444302586
o2rxt,0.9760479041916168,1.0,0.9878787878787879,0.9759036144578314,1.0,0.9878048780487805,0.9760479041916168,1.0,0.9878787878787879
o2scm,0.9130434782608695,0.5943396226415094,0.72,0.8540145985401459,0.5545023696682464,0.6724137931034483,0.855072463768116,0.5566037735849056,0.6742857142857143
o2sfi,0.8823529411764706,1.0,0.9375,0.8813559322033898,1.0,0.936936936936937,0.8823529411764706,1.0,0.9375
o2shs,0.9533333333333334,0.4798657718120805,0.6383928571428572,0.912751677852349,0.45791245791245794,0.6098654708520179,0.9333333333333333,0.4697986577181208,0.625
o2sj4,0.8725490196078431,0.577922077922078,0.6953125,0.8316831683168316,0.5490196078431373,0.6614173228346457,0.8431372549019608,0.5584415584415584,0.671875
o2sjl,0.9424460431654677,0.14523281596452328,0.2516810758885687,0.8695652173913043,0.13318534961154274,0.23099133782483158,0.7410071942446043,0.11419068736141907,0.19788664745437082
o2slr,0.9473684210526315,0.16666666666666666,0.28346456692913385,0.9285714285714286,0.1609907120743034,0.27440633245382584,0.9122807017543859,0.16049382716049382,0.2729658792650918
o2sqn,0.9491525423728814,0.30939226519337015,0.4666666666666667,0.896551724137931,0.28888888888888886,0.4369747899159664,0.9491525423728814,0.30939226519337015,0.4666666666666667
o2sz6,0.9915966386554622,0.3435225618631732,0.5102702702702703,0.9620253164556962,0.3323615160349854,0.4940411700975082,0.8865546218487395,0.3071324599708879,0.4562162162162162
o2tq2,0.9354838709677419,0.6444444444444445,0.763157894736842,0.8804347826086957,0.6044776119402985,0.7168141592920354,0.9032258064516129,0.6222222222222222,0.7368421052631579
o2tth,0.9551282051282052,0.39946380697050937,0.5633270321361059,0.8838709677419355,0.3682795698924731,0.5199240986717268,0.9294871794871795,0.38873994638069703,0.5482041587901701
o2ugz,0.9801136363636364,0.09803921568627451,0.1782485145957117,0.9259259259259259,0.0923820352472996,0.16800206771775653,0.90625,0.09065075305484513,0.16481529320588995
o2umr,0.9795918367346939,0.23414634146341465,0.3779527559055118,0.9538461538461539,0.2271062271062271,0.3668639053254438,0.9693877551020408,0.23170731707317074,0.37401574803149606
o2urx,0.9771863117870723,0.39477726574500765,0.562363238512035,0.916030534351145,0.36923076923076925,0.5263157894736842,0.9543726235741445,0.38556067588325654,0.549234135667396
o2v2n,0.9841269841269841,0.36904761904761907,0.5367965367965367,0.952,0.35522388059701493,0.5173913043478261,0.9603174603174603,0.3601190476190476,0.5238095238095238
o2vnd,0.9796747967479674,0.35703703703703704,0.5233441910966341,0.9306122448979591,0.33827893175074186,0.4961915125136018,0.967479674796748,0.35259259259259257,0.5168295331161781
o2vqd,0.9757281553398058,0.3628158844765343,0.5289473684210526,0.9463414634146341,0.3508137432188065,0.5118733509234829,0.9514563106796117,0.35379061371841153,0.5157894736842105
o2vqe,0.9205298013245033,0.5225563909774437,0.6666666666666667,0.86,0.4867924528301887,0.6216867469879518,0.8675496688741722,0.4924812030075188,0.6282973621103117
o2wce,0.956989247311828,0.7606837606837606,0.8476190476190476,0.9565217391304348,0.7586206896551724,0.8461538461538461,0.956989247311828,0.7606837606837606,0.8476190476190476
o2x5q,0.9624060150375939,0.3413333333333333,0.5039370078740157,0.9242424242424242,0.32620320855614976,0.48221343873517786,0.9473684210526315,0.336,0.4960629921259843
o2x6y,0.9759615384615384,0.30389221556886226,0.46347031963470314,0.9371980676328503,0.2908545727136432,0.4439359267734554,0.9519230769230769,0.2964071856287425,0.452054794520548
o2xxx,0.979757085020243,0.2001654259718776,0.33241758241758246,0.9349593495934959,0.19039735099337748,0.31636863823933975,0.9554655870445344,0.19520264681555005,0.3241758241758242
o2ydk,0.9743589743589743,0.23824451410658307,0.38287153652392947,0.9096774193548387,0.22135007849293564,0.3560606060606061,0.9166666666666666,0.22413793103448276,0.3602015113350126
o2ynv,0.9539170506912442,0.5362694300518135,0.6865671641791045,0.9212962962962963,0.5168831168831168,0.6622296173044924,0.880184331797235,0.4948186528497409,0.6334991708126037
o2yrd,0.9675675675675676,0.4786096256684492,0.6404293381037568,0.9293478260869565,0.4584450402144772,0.6140035906642728,0.9513513513513514,0.47058823529411764,0.6296958855098389
o2z6q,0.9452054794520548,0.27655310621242485,0.427906976744186,0.8896551724137931,0.25903614457831325,0.40124416796267504,0.8835616438356164,0.25851703406813625,0.39999999999999997
o2zb0,0.9659863945578231,0.31004366812227074,0.4694214876033058,0.9246575342465754,0.29540481400437635,0.44776119402985076,0.9319727891156463,0.29912663755458513,0.452892561983471
o2zho,0.97,0.6258064516129033,0.7607843137254902,0.9595959595959596,0.6168831168831169,0.7509881422924901,0.96,0.6193548387096774,0.7529411764705882
o2zmu,0.9572192513368984,0.26756352765321373,0.4182242990654205,0.8870967741935484,0.2470059880239521,0.38641686182669793,0.8823529411764706,0.24663677130044842,0.38551401869158874
o2zo6,0.9558823529411765,0.49242424242424243,0.65,0.9253731343283582,0.4732824427480916,0.6262626262626263,0.9411764705882353,0.48484848484848486,0.64
o2zr2,0.9711538461538461,0.17353951890034364,0.2944606413994169,0.9130434782608695,0.16251074806534824,0.2759124087591241,0.9326923076923077,0.16666666666666666,0.282798833819242
o303t,0.9262295081967213,0.42641509433962266,0.5839793281653747,0.859504132231405,0.3939393939393939,0.5402597402597403,0.9016393442622951,0.41509433962264153,0.5684754521963824
o30b0,0.9274193548387096,0.24109014675052412,0.3826955074875208,0.8617886178861789,0.22268907563025211,0.35392320534223703,0.9112903225806451,0.23689727463312368,0.37603993344425957
o30jp,0.9743589743589743,0.3402985074626866,0.504424778761062,0.9396551724137931,0.3263473053892216,0.48444444444444446,0.9658119658119658,0.3373134328358209,0.5
o310v,0.9333333333333333,0.6012269938650306,0.7313432835820897,0.8653846153846154,0.5555555555555556,0.6766917293233082,0.8666666666666667,0.558282208588957,0.6791044776119404
o31bh,0.9724770642201835,0.8688524590163934,0.9177489177489178,0.9629629629629629,0.859504132231405,0.908296943231441,0.963302752293578,0.860655737704918,0.9090909090909091
o31he,0.9343434343434344,0.49333333333333335,0.6457242582897034,0.8629441624365483,0.45454545454545453,0.5954465849387041,0.8737373737373737,0.4613333333333333,0.6038394415357765
o31so,0.972972972972973,0.16008893829905502,0.27494033412887825,0.9288135593220339,0.15239154616240266,0.2618251313903488,0.9425675675675675,0.15508615897720957,0.26634844868735086
o31w9,0.9545454545454546,0.5223880597014925,0.67524115755627,0.8990825688073395,0.49,0.634304207119741,0.9363636363636364,0.5124378109452736,0.662379421221865
o32bp,0.9880952380952381,0.016983834663392674,0.03339368336350835,0.9221556886227545,0.015757699785122276,0.030985915492957743,0.7738095238095238,0.013300593411090649,0.02615167974250654
o32pi,0.9577464788732394,0.35233160621761656,0.5151515151515151,0.9,0.328125,0.4809160305343512,0.9577464788732394,0.35233160621761656,0.5151515151515151
o32tv,0.9850746268656716,0.4074074074074074,0.576419213973799,0.9393939393939394,0.38509316770186336,0.5462555066079295,0.9552238805970149,0.3950617283950617,0.558951965065502
o3377,0.9627906976744186,0.22330097087378642,0.36252189141856395,0.9158878504672897,0.21166306695464362,0.34385964912280703,0.9255813953488372,0.21467098166127294,0.3485113835376533
o3390,0.9532163742690059,0.3880952380952381,0.5516074450084603,0.9058823529411765,0.36754176610978523,0.5229202037351444,0.9239766081871345,0.3761904761904762,0.5346869712351946
o33ny,0.9072847682119205,1.0,0.9513888888888888,0.9066666666666666,1.0,0.9510489510489509,0.9072847682119205,1.0,0.9513888888888888
o33st,0.9712643678160919,0.05610889774236388,0.10608913998744507,0.9132947976878613,0.05247426104284291,0.0992462311557789,0.9195402298850575,0.05312084993359894,0.10043942247332079
o33x3,0.8651685393258427,0.5746268656716418,0.6905829596412556,0.8409090909090909,0.556390977443609,0.6696832579185521,0.8426966292134831,0.5597014925373134,0.6726457399103138
o33yo,0.9848484848484849,0.7647058823529411,0.8609271523178808,0.9694656488549618,0.7514792899408284,0.8466666666666666,0.9696969696969697,0.7529411764705882,0.847682119205298
o33zb,0.9278350515463918,0.6818181818181818,0.7860262008733623,0.90625,0.6641221374045801,0.7665198237885463,0.9175257731958762,0.6742424242424242,0.7772925764192139
o34d3,0.9699248120300752,0.3282442748091603,0.49049429657794674,0.9242424242424242,0.3112244897959184,0.4656488549618321,0.9548872180451128,0.3231552162849873,0.4828897338403042
o34du,0.9558823529411765,0.5652173913043478,0.7103825136612021,0.9104477611940298,0.5350877192982456,0.6740331491712708,0.9264705882352942,0.5478260869565217,0.6885245901639344
o34hw,0.9142857142857143,0.810126582278481,0.8590604026845637,0.8920863309352518,0.7898089171974523,0.8378378378378379,0.9,0.7974683544303798,0.8456375838926175
o34o1,0.9803149606299213,0.49015748031496065,0.6535433070866142,0.9446640316205533,0.4714003944773176,0.6289473684210526,0.9645669291338582,0.4822834645669291,0.6430446194225722
o354m,0.9821428571428571,0.582010582010582,0.7308970099667774,0.963963963963964,0.5691489361702128,0.7157190635451506,0.9821428571428571,0.582010582010582,0.7308970099667774
o357s,0.8918918918918919,0.8375634517766497,0.8638743455497383,0.8695652173913043,0.8163265306122449,0.8421052631578948,0.8648648648648649,0.8121827411167513,0.837696335078534
o35fg,0.8942307692307693,0.6503496503496503,0.7530364372469636,0.8252427184466019,0.5985915492957746,0.6938775510204082,0.6153846153846154,0.44755244755244755,0.5182186234817815
o35ir,0.9440559440559441,0.5232558139534884,0.6733167082294265,0.8943661971830986,0.49416342412451364,0.6365914786967419,0.9090909090909091,0.5038759689922481,0.6483790523690772
o35lg,0.9739130434782609,0.5628140703517588,0.713375796178344,0.9473684210526315,0.5454545454545454,0.6923076923076923,0.9652173913043478,0.5577889447236181,0.7070063694267514
o35pe,0.9259259259259259,0.45454545454545453,0.6097560975609756,0.851063829787234,0.4166666666666667,0.5594405594405595,0.8677248677248677,0.42597402597402595,0.5714285714285714
o36h7,0.9016393442622951,0.6521739130434783,0.756880733944954,0.8626373626373627,0.623015873015873,0.7235023041474654,0.8633879781420765,0.6245059288537549,0.7247706422018347
o36li,0.9817518248175182,0.24082363473589974,0.38677210639827464,0.9560439560439561,0.23387096774193547,0.3758099352051836,0.9671532846715328,0.23724261414503134,0.38102084831056793
o36mh,0.9652173913043478,1.0,0.9823008849557522,0.9649122807017544,1.0,0.9821428571428572,0.9652173913043478,1.0,0.9823008849557522
o36rj,0.9759036144578314,0.38028169014084506,0.5472972972972973,0.926829268292683,0.3584905660377358,0.5170068027210885,0.9518072289156626,0.37089201877934275,0.5337837837837838
o370y,0.9813084112149533,0.3465346534653465,0.5121951219512194,0.9433962264150944,0.33112582781456956,0.4901960784313726,0.9626168224299065,0.33993399339933994,0.5024390243902439
o378y,0.9901960784313726,0.16543816543816545,0.2835087719298246,0.9605911330049262,0.1598360655737705,0.27406886858749124,0.9803921568627451,0.1638001638001638,0.28070175438596495
o37a4,0.9230769230769231,0.45454545454545453,0.6091370558375634,0.8682170542635659,0.42585551330798477,0.5714285714285715,0.8692307692307693,0.42803030303030304,0.5736040609137056
o37nf,0.948905109489051,0.49808429118773945,0.6532663316582914,0.8897058823529411,0.4653846153846154,0.611111111111111,0.9051094890510949,0.47509578544061304,0.6231155778894473
o37q3,0.9620253164556962,0.3781094527363184,0.5428571428571428,0.9044585987261147,0.3541147132169576,0.5089605734767025,0.9113924050632911,0.3582089552238806,0.5142857142857143
o37r9,0.9847715736040609,0.22146118721461186,0.3616029822926375,0.9693877551020408,0.21714285714285714,0.3548085901027077,0.9746192893401016,0.2191780821917808,0.3578751164958061
o37wm,0.9319727891156463,0.6171171171171171,0.7425474254742547,0.9041095890410958,0.5972850678733032,0.7193460490463215,0.9047619047619048,0.5990990990990991,0.7208672086720866
o388j,0.9528301886792453,0.25602027883396705,0.4035964035964036,0.8909952606635071,0.23857868020304568,0.3763763763763764,0.910377358490566,0.24461343472750316,0.3856143856143856
o38a5,0.9866666666666667,0.22492401215805471,0.36633663366336633,0.959731543624161,0.2176560121765601,0.3548387096774193,0.9733333333333334,0.22188449848024316,0.3613861386138614
o38hb,0.8991596638655462,0.5194174757281553,0.6584615384615385,0.847457627118644,0.4878048780487805,0.6191950464396285,0.8487394957983193,0.49029126213592233,0.6215384615384615
o38yu,0.9637681159420289,0.6018099547511312,0.7409470752089137,0.9051094890510949,0.5636363636363636,0.6946778711484592,0.9347826086956522,0.583710407239819,0.7186629526462397
o39jl,0.9043478260869565,0.7375886524822695,0.8125,0.8771929824561403,0.7142857142857143,0.7874015748031495,0.8782608695652174,0.7163120567375887,0.7890625000000001
o39ro,0.9703703703703703,0.8851351351351351,0.9257950530035335,0.9552238805970149,0.8707482993197279,0.9110320284697508,0.9629629629629629,0.8783783783783784,0.9187279151943463
o3an9,0.8928571428571429,0.7446808510638298,0.8120649651972157,0.8615384615384616,0.717948717948718,0.7832167832167831,0.8775510204081632,0.7319148936170212,0.7981438515081205
o3asv,0.9712230215827338,0.9440559440559441,0.9574468085106383,0.9710144927536232,0.9436619718309859,0.9571428571428571,0.9712230215827338,0.9440559440559441,0.9574468085106383
o3b0h,0.8076923076923077,0.9459459459459459,0.8713692946058091,0.8062015503875969,0.9454545454545454,0.8702928870292886,0.8076923076923077,0.9459459459459459,0.8713692946058091
o3b0k,0.8693181818181818,0.9053254437869822,0.8869565217391304,0.8514285714285714,0.8869047619047619,0.8688046647230321,0.8579545454545454,0.893491124260355,0.8753623188405798
o3b1l,0.4166666666666667,0.01838235294117647,0.035211267605633804,0.0,0.0,0.0,0.4166666666666667,0.01838235294117647,0.035211267605633804
o3c5n,0.9743589743589743,0.5066666666666667,0.6666666666666667,0.9655172413793104,0.5,0.6588235294117647,0.9572649572649573,0.49777777777777776,0.6549707602339182
o3c6f,0.8495575221238938,0.5274725274725275,0.6508474576271187,0.7946428571428571,0.49171270718232046,0.6075085324232081,0.7787610619469026,0.4835164835164835,0.5966101694915255
o3ce6,0.981651376146789,0.4288577154308617,0.596931659693166,0.9400921658986175,0.40963855421686746,0.5706293706293706,0.9678899082568807,0.4228456913827655,0.5885634588563459
o3ckf,0.9130434782608695,0.7191780821917808,0.8045977011494252,0.868421052631579,0.6827586206896552,0.7644787644787645,0.8782608695652174,0.6917808219178082,0.7739463601532567
o3co1,0.9379310344827586,0.3119266055045872,0.46815834767641995,0.8680555555555556,0.28735632183908044,0.4317789291882556,0.9103448275862069,0.30275229357798167,0.45438898450946646
o3cry,0.9241706161137441,0.6610169491525424,0.7707509881422925,0.8809523809523809,0.6292517006802721,0.7341269841269842,0.9004739336492891,0.6440677966101694,0.7509881422924901
o3d1n,0.9135802469135802,0.5826771653543307,0.7115384615384616,0.875,0.5555555555555556,0.6796116504854369,0.8765432098765432,0.5590551181102362,0.6826923076923077
o3d1q,0.9411764705882353,0.13655761024182078,0.23850931677018636,0.8811881188118812,0.1267806267806268,0.22166874221668745,0.9313725490196079,0.13513513513513514,0.23602484472049692
o3d5d,0.9060402684563759,1.0,0.9507042253521127,0.9054054054054054,1.0,0.950354609929078,0.9060402684563759,1.0,0.9507042253521127
o3dd2,0.995085995085995,0.05461901550910317,0.10355407824085912,0.9778325123152709,0.053547342864850286,0.10153452685421996,0.995085995085995,0.05461901550910317,0.10355407824085912
o3dhm,0.8911917098445595,0.5196374622356495,0.6564885496183206,0.828125,0.4818181818181818,0.6091954022988505,0.8497409326424871,0.4954682779456193,0.6259541984732825
o3eqz,0.9747899159663865,0.3790849673202614,0.5458823529411764,0.9491525423728814,0.36721311475409835,0.5295508274231678,0.957983193277311,0.37254901960784315,0.536470588235294
o3f1t,0.9773584905660377,0.33989501312335957,0.5043816942551119,0.9583333333333334,0.3324572930354796,0.49365853658536585,0.9471698113207547,0.3293963254593176,0.48880233690360275
o3fr7,0.972972972972973,0.3891891891891892,0.555984555984556,0.9315068493150684,0.3695652173913043,0.5291828793774318,0.9459459459459459,0.3783783783783784,0.5405405405405406
o3g5w,0.9647887323943662,1.0,0.982078853046595,0.9645390070921985,1.0,0.9819494584837545,0.9647887323943662,1.0,0.982078853046595
o3gcw,0.9240506329113924,0.5214285714285715,0.6666666666666667,0.8461538461538461,0.4748201438848921,0.608294930875576,0.9240506329113924,0.5214285714285715,0.6666666666666667
o3gjh,0.9913419913419913,0.20034995625546806,0.3333333333333333,0.9608695652173913,0.19352014010507881,0.32215743440233235,0.9826839826839827,0.19860017497812774,0.33042212518195047
o3grd,0.8582677165354331,0.3732876712328767,0.5202863961813843,0.8095238095238095,0.35051546391752575,0.4892086330935252,0.8031496062992126,0.3493150684931507,0.486873508353222
o3h3o,0.964516129032258,0.05203619909502263,0.09874504623513872,0.8932038834951457,0.04804177545691906,0.09117938553022796,0.9258064516129032,0.049947789766794294,0.09478203434610305
o3hle,0.9811320754716981,0.2826086956521739,0.43881856540084385,0.9431818181818182,0.27094668117519044,0.4209636517328825,0.9622641509433962,0.27717391304347827,0.43037974683544306
o3ifx,0.9865470852017937,0.19555555555555557,0.3264094955489614,0.9234234234234234,0.18238434163701067,0.30460624071322434,0.9596412556053812,0.1902222222222222,0.3175074183976261
o3j3c,0.9878787878787879,0.3721461187214612,0.5406301824212272,0.9451219512195121,0.35469107551487417,0.5158069883527454,0.9696969696969697,0.365296803652968,0.5306799336650083
o3jd1,0.986046511627907,0.1853146853146853,0.31199411331861665,0.9439252336448598,0.17672790901137359,0.29771554900515845,0.958139534883721,0.18006993006993008,0.3031640912435615
o3k68,0.9773755656108597,0.3176470588235294,0.4794672586015538,0.9409090909090909,0.30486008836524303,0.460511679644049,0.9592760180995475,0.31176470588235294,0.4705882352941177
o3kwb,0.9767441860465116,0.23507462686567165,0.37894736842105264,0.9375,0.22429906542056074,0.36199095022624433,0.9689922480620154,0.2332089552238806,0.3759398496240602
o3ky4,0.9316239316239316,0.5505050505050505,0.692063492063492,0.9137931034482759,0.5380710659898477,0.6773162939297124,0.9145299145299145,0.5404040404040404,0.6793650793650793
o3l4x,0.912,0.8571428571428571,0.8837209302325582,0.8870967741935484,0.8333333333333334,0.859375,0.888,0.8345864661654135,0.8604651162790699
o3lqp,0.879746835443038,0.5864978902953587,0.7037974683544306,0.8407643312101911,0.559322033898305,0.6717557251908396,0.8607594936708861,0.5738396624472574,0.6886075949367089
o3mdh,0.9395604395604396,0.20023419203747073,0.3301158301158302,0.8674033149171271,0.18405627198124266,0.3036750483558994,0.8901098901098901,0.18969555035128804,0.3127413127413127
o3mmp,0.8731343283582089,0.936,0.9034749034749036,0.849624060150376,0.9112903225806451,0.8793774319066147,0.8582089552238806,0.92,0.8880308880308881
o3mw4,0.8837209302325582,0.5757575757575758,0.6972477064220183,0.8235294117647058,0.5343511450381679,0.6481481481481481,0.8372093023255814,0.5454545454545454,0.6605504587155963
o3n0f,0.9025974025974026,0.36578947368421055,0.5205992509363296,0.8300653594771242,0.33509234828496043,0.4774436090225564,0.8376623376623377,0.3394736842105263,0.4831460674157304
o3n9k,0.8901098901098901,0.5664335664335665,0.6923076923076923,0.8555555555555555,0.5422535211267606,0.6637931034482759,0.8461538461538461,0.5384615384615384,0.6581196581196581
o3pcr,0.9574468085106383,0.5443548387096774,0.6940874035989718,0.9142857142857143,0.5182186234817814,0.661498708010336,0.900709219858156,0.5120967741935484,0.6529562982005142
o3po5,0.9875,0.395,0.5642857142857143,0.9622641509433962,0.38345864661654133,0.5483870967741936,0.975,0.39,0.5571428571428572
o3pxf,0.9726027397260274,0.23986486486486486,0.3848238482384824,0.9379310344827586,0.23011844331641285,0.3695652173913043,0.952054794520548,0.23479729729729729,0.3766937669376693
o3qdx,0.8790322580645161,1.0,0.9356223175965666,0.8780487804878049,1.0,0.9350649350649352,0.8790322580645161,1.0,0.9356223175965666
o3rb2,0.9921259842519685,0.15254237288135594,0.2644281217208814,0.9604743083003953,0.14718352513628105,0.25525210084033617,0.984251968503937,0.1513317191283293,0.2623294858342078
o3rcd,0.9242424242424242,0.47843137254901963,0.6304909560723514,0.8702290076335878,0.44881889763779526,0.5922077922077922,0.8863636363636364,0.4588235294117647,0.6046511627906976
o3reu,0.9513888888888888,0.6555023923444976,0.7762039660056657,0.9090909090909091,0.625,0.7407407407407406,0.9027777777777778,0.6220095693779905,0.736543909348442
o3ri7,0.9695652173913043,0.2797992471769134,0.4342745861733204,0.8995633187772926,0.25879396984924624,0.40195121951219515,0.9347826086956522,0.2697616060225847,0.41869522882181115
o3rsh,0.9707446808510638,0.038875279582490145,0.07475678443420379,0.8853333333333333,0.035364294844482315,0.06801188159377239,0.9228723404255319,0.03695814250718926,0.07107014848950333
o3sy4,0.9765625,0.48828125,0.6510416666666666,0.9606299212598425,0.47843137254901963,0.6387434554973822,0.9765625,0.48828125,0.6510416666666666
o3t26,0.976,0.6559139784946236,0.7845659163987139,0.9516129032258065,0.6378378378378379,0.7637540453074434,0.96,0.6451612903225806,0.7717041800643086
o3t37,0.983957219251337,0.16773017319963537,0.28660436137071654,0.9463806970509383,0.16096671226630188,0.27513639906469217,0.9224598930481284,0.15724703737465817,0.26869158878504673
o3u3b,0.9166666666666666,0.5569620253164557,0.6929133858267716,0.8947368421052632,0.5414012738853503,0.6746031746031745,0.90625,0.5506329113924051,0.6850393700787402
o3uj0,0.990909090909091,0.3858407079646018,0.5554140127388535,0.9726027397260274,0.3776595744680851,0.5440613026819923,0.9818181818181818,0.3823008849557522,0.5503184713375796
o3umw,0.9699248120300752,0.19785276073619631,0.3286624203821656,0.9318181818181818,0.1889400921658986,0.3141762452107279,0.9548872180451128,0.19478527607361965,0.32356687898089176
o3v6m,0.9653465346534653,0.16169154228855723,0.2769886363636364,0.9203980099502488,0.15352697095435686,0.26315789473684215,0.9455445544554455,0.1583747927031509,0.2713068181818182
o3vh6,0.9825581395348837,0.19560185185185186,0.32625482625482627,0.9239766081871345,0.18308227114716108,0.30560928433268864,0.7674418604651163,0.1527777777777778,0.25482625482625487
o3vx9,0.9518072289156626,0.2877959927140255,0.44195804195804195,0.9090909090909091,0.2737226277372263,0.42075736325385693,0.9156626506024096,0.2768670309653916,0.42517482517482513
o3w68,0.9728260869565217,0.6654275092936803,0.7902869757174393,0.9289617486338798,0.6343283582089553,0.753880266075388,0.9510869565217391,0.6505576208178439,0.7726269315673289
o3way,0.9763313609467456,0.2065081351689612,0.34090909090909094,0.9285714285714286,0.19548872180451127,0.3229813664596274,0.893491124260355,0.18898623279098872,0.3119834710743802
o3wbs,0.9161290322580645,0.7244897959183674,0.8091168091168093,0.9025974025974026,0.7128205128205128,0.7965616045845271,0.9096774193548387,0.7193877551020408,0.8034188034188036
o3wjh,0.9387755102040817,0.8761904761904762,0.9064039408866995,0.8969072164948454,0.8365384615384616,0.8656716417910447,0.9081632653061225,0.8476190476190476,0.876847290640394
o3wp2,0.9782608695652174,0.6428571428571429,0.7758620689655172,0.9562043795620438,0.6267942583732058,0.7572254335260117,0.9637681159420289,0.6333333333333333,0.764367816091954
o3xpq,0.9877049180327869,0.24642126789366053,0.3944353518821604,0.9629629629629629,0.23950870010235414,0.3836065573770492,0.9836065573770492,0.24539877300613497,0.3927986906710311
o3xyx,0.9805825242718447,0.15052160953800298,0.2609819121447028,0.9121951219512195,0.13944817300521997,0.24191461836998704,0.9368932038834952,0.14381520119225039,0.2493540051679587
o3y38,0.9230769230769231,0.6545454545454545,0.7659574468085106,0.8879310344827587,0.6280487804878049,0.7357142857142858,0.8803418803418803,0.6242424242424243,0.7304964539007092
o3y3i,0.9469026548672567,0.5376884422110553,0.6858974358974359,0.8839285714285714,0.5,0.6387096774193548,0.9026548672566371,0.5125628140703518,0.6538461538461539
o3y3v,0.956989247311828,0.6496350364963503,0.773913043478261,0.9347826086956522,0.6323529411764706,0.7543859649122806,0.946236559139785,0.6423357664233577,0.7652173913043477
o3yjv,0.9704433497536946,0.5143603133159269,0.6723549488054608,0.9108910891089109,0.4816753926701571,0.6301369863013698,0.9458128078817734,0.5013054830287206,0.6552901023890784
o3ykm,0.9285714285714286,0.35355648535564854,0.5121212121212121,0.856353591160221,0.3249475890985325,0.47112462006079026,0.8736263736263736,0.33263598326359833,0.48181818181818187
o3z2b,0.9754098360655737,0.601010101010101,0.7437499999999999,0.9506172839506173,0.5848101265822785,0.7241379310344828,0.9549180327868853,0.5883838383838383,0.728125
o3zmb,0.9827586206896551,0.08750383788762665,0.16069918240766845,0.9446366782006921,0.08384520884520885,0.15401974612129762,0.9793103448275862,0.08719680687749462,0.16013532562729063
o401k,0.9813953488372092,0.19026149684400362,0.3187311178247734,0.9439252336448598,0.18231046931407943,0.3055975794251135,0.9627906976744186,0.18665464382326422,0.31268882175226587
o4036,0.9791666666666666,0.376,0.5433526011560693,0.9230769230769231,0.35294117647058826,0.5106382978723405,0.9444444444444444,0.3626666666666667,0.5240847784200386
o40ah,0.9608938547486033,0.3651804670912951,0.5292307692307692,0.9269662921348315,0.35106382978723405,0.5092592592592593,0.9217877094972067,0.3503184713375796,0.5076923076923077
o40bn,0.9759358288770054,0.23716699155295645,0.3815995818086774,0.8954423592493298,0.21716514954486346,0.34955520669806384,0.8796791443850267,0.21377517868745938,0.3439623627809723
o40cy,0.9912663755458515,0.24226254002134473,0.3893653516295026,0.956140350877193,0.2329059829059829,0.3745704467353952,0.9781659388646288,0.2390608324439701,0.38421955403087477
o40eh,0.9751552795031055,0.47289156626506024,0.6369168356997971,0.9125,0.44108761329305135,0.594704684317719,0.9565217391304348,0.463855421686747,0.6247464503042597
o40mf,0.7285714285714285,0.4594594594594595,0.5635359116022098,0.463768115942029,0.2909090909090909,0.3575418994413408,0.5571428571428572,0.35135135135135137,0.4309392265193371
o40ss,0.9493670886075949,0.539568345323741,0.6880733944954128,0.9230769230769231,0.5217391304347826,0.6666666666666667,0.9493670886075949,0.539568345323741,0.6880733944954128
o40y9,0.9548387096774194,0.334841628959276,0.49581239530988275,0.9025974025974026,0.31519274376417233,0.46722689075630247,0.9225806451612903,0.3235294117647059,0.4790619765494138
o410y,0.9834710743801653,0.7168674698795181,0.8292682926829269,0.95,0.6909090909090909,0.8,0.9586776859504132,0.6987951807228916,0.8083623693379791
o415b,0.9257142857142857,0.7168141592920354,0.8079800498753117,0.9080459770114943,0.7022222222222222,0.7919799498746868,0.92,0.7123893805309734,0.802992518703242
o4206,0.8938053097345132,0.39453125,0.5474254742547425,0.7678571428571429,0.33725490196078434,0.4686648501362398,0.7787610619469026,0.34375,0.47696476964769646
o42vl,0.9660194174757282,0.2707482993197279,0.4229543039319873,0.9121951219512195,0.2547683923705722,0.39829605963791265,0.9368932038834952,0.26258503401360545,0.410201912858661
o434i,0.9192546583850931,0.925,0.9221183800623053,0.9125,0.9182389937106918,0.9153605015673982,0.9130434782608695,0.91875,0.9158878504672897
o435n,0.9862068965517241,0.24033613445378152,0.3864864864864865,0.9513888888888888,0.23063973063973064,0.37127371273712745,0.9655172413793104,0.23529411764705882,0.3783783783783784
o43vs,0.9670781893004116,0.2437759336099585,0.38939519469759737,0.9380165289256198,0.23572170301142265,0.3767634854771785,0.8806584362139918,0.22199170124481327,0.35459817729908866
o43vu,0.9779005524861878,0.4849315068493151,0.6483516483516484,0.9555555555555556,0.4725274725274725,0.6323529411764706,0.9779005524861878,0.4849315068493151,0.6483516483516484
o44le,0.9477124183006536,0.606694560669456,0.7397959183673469,0.8947368421052632,0.5714285714285714,0.6974358974358975,0.9215686274509803,0.5899581589958159,0.7193877551020408
o44n9,0.9888268156424581,0.03170338527673294,0.06143700104130511,0.9213483146067416,0.0293801504836976,0.05694444444444444,0.9776536312849162,0.03134515493462296,0.06074279763970844
o44on,0.9213483146067416,0.44086021505376344,0.5963636363636363,0.8295454545454546,0.3945945945945946,0.5347985347985348,0.8426966292134831,0.4032258064516129,0.5454545454545454
o451t,0.9954233409610984,0.058570082132758855,0.11063072227873856,0.9655963302752294,0.05669270131968759,0.1070974306792165,0.9130434782608695,0.05372290292177191,0.10147507629704984
o4523,0.9090909090909091,0.1664355062413315,0.2813599062133646,0.8320610687022901,0.15138888888888888,0.2561692126909518,0.7878787878787878,0.14424410540915394,0.24384525205158267
o454e,0.9375,0.5714285714285714,0.7100591715976331,0.8976377952755905,0.5454545454545454,0.6785714285714285,0.921875,0.5619047619047619,0.6982248520710059
o45a9,0.8658536585365854,0.6068376068376068,0.7135678391959799,0.8024691358024691,0.5603448275862069,0.6598984771573604,0.8292682926829268,0.5811965811965812,0.6834170854271358
o4606,0.9795918367346939,0.4067796610169492,0.5748502994011976,0.9383561643835616,0.3881019830028329,0.5490981963927856,0.9659863945578231,0.4011299435028249,0.5668662674650699
o4612,0.8904109589041096,0.5803571428571429,0.7027027027027029,0.8611111111111112,0.5585585585585585,0.6775956284153005,0.863013698630137,0.5625,0.6810810810810811
o46kd,0.9431818181818182,0.44385026737967914,0.6036363636363636,0.8735632183908046,0.40860215053763443,0.5567765567765568,0.9090909090909091,0.42780748663101603,0.5818181818181818
o46pb,0.9624060150375939,0.1553398058252427,0.26750261233019856,0.9015151515151515,0.1445929526123937,0.24921465968586393,0.9323308270676691,0.15048543689320387,0.25914315569487983
o46y6,0.9836734693877551,0.20337552742616033,0.33706293706293705,0.9467213114754098,0.19510135135135134,0.3235294117647059,0.9673469387755103,0.2,0.3314685314685315
o473o,0.9844961240310077,0.3460490463215259,0.5120967741935484,0.953125,0.3333333333333333,0.4939271255060729,0.9767441860465116,0.34332425068119893,0.5080645161290324
o47m7,0.9591836734693877,0.3085339168490153,0.46688741721854304,0.9178082191780822,0.29385964912280704,0.44518272425249167,0.9319727891156463,0.29978118161925604,0.4536423841059603
o47mc,0.8936170212765957,1.0,0.9438202247191011,0.8928571428571429,1.0,0.9433962264150945,0.8936170212765957,1.0,0.9438202247191011
o4802,0.935064935064935,0.7955801104972375,0.8597014925373133,0.9019607843137255,0.7666666666666667,0.8288288288288289,0.9025974025974026,0.7679558011049724,0.8298507462686567
o48k7,0.903114186851211,0.08540575916230367,0.15605381165919283,0.5972222222222222,0.05630114566284779,0.10290158540233323,0.5397923875432526,0.051047120418848166,0.09327354260089686
o494z,0.9565217391304348,0.717391304347826,0.8198757763975156,0.927007299270073,0.6939890710382514,0.79375,0.9347826086956522,0.7010869565217391,0.8012422360248447
o49dr,0.9782608695652174,0.011550308008213552,0.0228310502283105,0.6483516483516484,0.007572840456937492,0.014970819588936818,0.7391304347826086,0.008726899383983572,0.017250126839167934
o49ox,0.9928057553956835,0.3670212765957447,0.5359223300970873,0.9492753623188406,0.34933333333333333,0.5107212475633528,0.9712230215827338,0.35904255319148937,0.5242718446601942
o49zc,0.9433962264150944,0.13262599469496023,0.23255813953488377,0.8666666666666667,0.12084993359893759,0.21212121212121213,0.8679245283018868,0.1220159151193634,0.21395348837209305
o4a7m,0.9947916666666666,0.2796486090775988,0.4365714285714285,0.9685863874345549,0.27126099706744866,0.42382588774341345,0.9791666666666666,0.2752562225475842,0.4297142857142857
o4asu,0.9065420560747663,0.697841726618705,0.7886178861788619,0.8679245283018868,0.6666666666666666,0.7540983606557377,0.8691588785046729,0.6690647482014388,0.7560975609756097
o4bbt,0.983739837398374,0.44649446494464945,0.6142131979695432,0.9344262295081968,0.4222222222222222,0.5816326530612245,0.959349593495935,0.4354243542435424,0.5989847715736041
o4bij,0.9617834394904459,0.34085778781038373,0.5033333333333333,0.9102564102564102,0.3212669683257919,0.47491638795986624,0.9171974522292994,0.32505643340857787,0.48
o4bir,0.9568965517241379,0.9910714285714286,0.9736842105263158,0.9478260869565217,0.9819819819819819,0.9646017699115044,0.9568965517241379,0.9910714285714286,0.9736842105263158
o4blt,0.9076923076923077,0.36990595611285265,0.5256124721603563,0.813953488372093,0.330188679245283,0.46979865771812085,0.8615384615384616,0.3510971786833856,0.4988864142538975
o4bm3,0.9435483870967742,0.26651480637813213,0.4156305506216696,0.8699186991869918,0.24429223744292236,0.3814616755793226,0.9112903225806451,0.25740318906605925,0.40142095914742454
o4c16,0.9444444444444444,0.8888888888888888,0.9158249158249158,0.9300699300699301,0.875,0.9016949152542374,0.9375,0.8823529411764706,0.9090909090909091
o4cr7,0.9806763285024155,0.7302158273381295,0.8371134020618557,0.9563106796116505,0.7111913357400722,0.815734989648033,0.9758454106280193,0.7266187050359713,0.8329896907216495
o4cul,0.9653846153846154,0.29186046511627906,0.4482142857142857,0.9111969111969112,0.27473806752037255,0.42218246869409665,0.9230769230769231,0.27906976744186046,0.42857142857142855
o4czo,0.9631578947368421,0.25738396624472576,0.40621531631520535,0.9312169312169312,0.24788732394366197,0.3915461624026696,0.9263157894736842,0.24753867791842477,0.390677025527192
o4d9u,0.9483870967741935,0.3769230769230769,0.5394495412844037,0.8961038961038961,0.35475578406169667,0.5082872928176796,0.9096774193548387,0.36153846153846153,0.5174311926605505
o4df6,0.9520958083832335,0.5335570469798657,0.6838709677419355,0.9156626506024096,0.5117845117845118,0.6565874730021598,0.9341317365269461,0.5234899328859061,0.6709677419354838
o4do0,0.9655172413793104,0.46473029045643155,0.6274509803921569,0.9391304347826087,0.45,0.6084507042253521,0.5603448275862069,0.2697095435684647,0.3641456582633053
o4e6o,0.8775510204081632,0.6666666666666666,0.7577092511013216,0.845360824742268,0.640625,0.7288888888888888,0.8775510204081632,0.6666666666666666,0.7577092511013216
o4ef7,0.9893617021276596,0.32460732984293195,0.48883048620236524,0.9518716577540107,0.3111888111888112,0.46903820816864294,0.973404255319149,0.3193717277486911,0.480946123521682
o4eqq,0.9876543209876543,0.5047318611987381,0.6680584551148225,0.9627329192546584,0.49050632911392406,0.649895178197065,0.9753086419753086,0.49842271293375395,0.6597077244258873
o4few,0.9893617021276596,0.512396694214876,0.6751361161524502,0.9358288770053476,0.48342541436464087,0.6375227686703097,0.9521276595744681,0.4931129476584022,0.6497277676950999
o4fg4,0.9217391304347826,0.5353535353535354,0.6773162939297125,0.8508771929824561,0.49238578680203043,0.6237942122186495,0.8956521739130435,0.5202020202020202,0.65814696485623
o4fsh,0.9291338582677166,0.7065868263473054,0.8027210884353742,0.8968253968253969,0.6807228915662651,0.773972602739726,0.8976377952755905,0.6826347305389222,0.7755102040816326
o4fv8,0.9791666666666666,0.49473684210526314,0.6573426573426573,0.9300699300699301,0.46830985915492956,0.6229508196721312,0.9305555555555556,0.47017543859649125,0.6247086247086248
o4g3x,0.9655172413793104,0.14749780509218613,0.2559025133282559,0.9075144508670521,0.13796133567662566,0.23951182303585053,0.9310344827586207,0.14223002633889376,0.24676313785224677
o4g88,0.9636363636363636,0.4953271028037383,0.654320987654321,0.9357798165137615,0.4788732394366197,0.6335403726708074,0.9636363636363636,0.4953271028037383,0.654320987654321
o4gjo,0.9832402234636871,0.5238095238095238,0.6834951456310681,0.9662921348314607,0.5134328358208955,0.6705653021442495,0.9720670391061452,0.5178571428571429,0.6757281553398058
o4gp7,0.9722222222222222,0.29411764705882354,0.45161290322580644,0.8785046728971962,0.2640449438202247,0.4060475161987041,0.9074074074074074,0.27450980392156865,0.42150537634408614
o4gtm,0.9652777777777778,0.36387434554973824,0.5285171102661597,0.9090909090909091,0.34120734908136485,0.4961832061068702,0.9236111111111112,0.3481675392670157,0.505703422053232
o4gv5,0.9154929577464789,0.37572254335260113,0.5327868852459016,0.8428571428571429,0.3430232558139535,0.4876033057851239,0.7605633802816901,0.31213872832369943,0.4426229508196721
o4h5k,0.8181818181818182,0.6857142857142857,0.7461139896373058,0.7586206896551724,0.6346153846153846,0.6910994764397905,0.7840909090909091,0.6571428571428571,0.7150259067357512
o4he3,0.8947368421052632,0.44502617801047123,0.5944055944055944,0.8404255319148937,0.41578947368421054,0.5563380281690141,0.8736842105263158,0.43455497382198954,0.5804195804195804
o4hfg,0.8861788617886179,0.5,0.6392961876832844,0.8360655737704918,0.4700460829493088,0.6017699115044248,0.8699186991869918,0.4908256880733945,0.6275659824046921
o4hlv,0.7981651376146789,0.75,0.7733333333333334,0.7685185185185185,0.7217391304347827,0.7443946188340808,0.7706422018348624,0.7241379310344828,0.7466666666666666
o4hnj,0.9043062200956937,0.75,0.8199566160520607,0.875,0.7250996015936255,0.7930283224400871,0.8995215311004785,0.746031746031746,0.8156182212581344
o4huw,0.9935897435897436,0.1403349932095971,0.2459341531138437,0.9614147909967846,0.13541666666666666,0.2373957919809448,0.9839743589743589,0.13897691263014939,0.24355414518048396
o4ide,0.9512195121951219,0.5531914893617021,0.6995515695067265,0.9141104294478528,0.5302491103202847,0.6711711711711712,0.9085365853658537,0.5283687943262412,0.6681614349775784
o4iq7,0.88125,0.38950276243093923,0.5402298850574713,0.7924528301886793,0.3490304709141274,0.4846153846153846,0.83125,0.3674033149171271,0.5095785440613027
o4iu6,0.9509803921568627,0.25526315789473686,0.4024896265560166,0.8811881188118812,0.23482849604221637,0.37083333333333335,0.9019607843137255,0.24210526315789474,0.38174273858921165
o4j7g,0.9195402298850575,0.64,0.7547169811320755,0.872093023255814,0.6048387096774194,0.7142857142857143,0.8850574712643678,0.616,0.7264150943396226
o4j9g,0.9298245614035088,0.29120879120879123,0.4435146443514644,0.8352941176470589,0.26055045871559634,0.3972027972027972,0.8830409356725146,0.2765567765567766,0.42119944211994415
o4jmz,0.9,0.504,0.6461538461538462,0.8405797101449275,0.46774193548387094,0.6010362694300517,0.8857142857142857,0.496,0.635897435897436
o4jqr,0.9405940594059405,0.29780564263322884,0.45238095238095244,0.89,0.279874213836478,0.4258373205741627,0.8316831683168316,0.26332288401253917,0.39999999999999997
o4jt1,0.9668874172185431,0.5637065637065637,0.7121951219512196,0.9266666666666666,0.5387596899224806,0.6813725490196078,0.7549668874172185,0.44015444015444016,0.5560975609756098
o4kcd,0.9327731092436975,0.43873517786561267,0.5967741935483871,0.8813559322033898,0.4126984126984127,0.5621621621621621,0.8907563025210085,0.4189723320158103,0.5698924731182795
o4kvx,0.9878787878787879,0.3001841620626151,0.46045197740113,0.9512195121951219,0.2878228782287823,0.44192634560906513,0.9696969696969697,0.2946593001841621,0.4519774011299435
o4l79,0.9508196721311475,0.453125,0.6137566137566137,0.9166666666666666,0.4330708661417323,0.5882352941176471,0.9344262295081968,0.4453125,0.6031746031746033
o4l8v,0.8898305084745762,0.8823529411764706,0.8860759493670887,0.8717948717948718,0.864406779661017,0.8680851063829789,0.8728813559322034,0.865546218487395,0.869198312236287
o4l9g,0.9735449735449735,0.14013709063214014,0.24500665778961384,0.8936170212765957,0.12804878048780488,0.22399999999999998,0.9417989417989417,0.13556740289413557,0.23701731025299605
o4lxr,0.9702380952380952,0.16090819348469892,0.2760372565622354,0.9221556886227545,0.15217391304347827,0.2612383375742154,0.9285714285714286,0.1539980256663376,0.26418289585097376
o4m2i,0.9881656804733728,0.6007194244604317,0.7472035794183446,0.9761904761904762,0.592057761732852,0.7370786516853931,0.9763313609467456,0.5935251798561151,0.738255033557047
o4mwj,0.9766081871345029,0.32938856015779094,0.4926253687315635,0.9411764705882353,0.31620553359683795,0.4733727810650888,0.9473684210526315,0.31952662721893493,0.4778761061946903
o4mzb,0.9818181818181818,0.25,0.3985239852398524,0.9512195121951219,0.241112828438949,0.3847102342786683,0.9696969696969697,0.24691358024691357,0.3936039360393604
o4n0k,0.9704433497536946,0.43680709534368073,0.6024464831804281,0.9306930693069307,0.4177777777777778,0.5766871165644173,0.9310344827586207,0.4190687361419069,0.5779816513761468
o4nm6,0.9875776397515528,0.3434125269978402,0.5096153846153847,0.94375,0.3268398268398268,0.48553054662379425,0.968944099378882,0.3369330453563715,0.5
o4nng,0.9829545454545454,0.44587628865979384,0.6134751773049646,0.96,0.43410852713178294,0.597864768683274,0.9715909090909091,0.44072164948453607,0.6063829787234043
o5gxy,0.9518900343642611,0.37483085250338294,0.5378640776699029,0.9137931034482759,0.35907859078590787,0.5155642023346303,0.9278350515463918,0.36535859269282817,0.5242718446601942
o5h1a,0.8270676691729323,0.8208955223880597,0.8239700374531835,0.8106060606060606,0.8045112781954887,0.8075471698113208,0.8120300751879699,0.8059701492537313,0.8089887640449439
o5h5a,0.95625,0.6401673640167364,0.7669172932330826,0.9371069182389937,0.6260504201680672,0.7506297229219144,0.95,0.6359832635983264,0.7619047619047618
o5hec,0.9328859060402684,0.5767634854771784,0.7128205128205127,0.8986486486486487,0.5541666666666667,0.6855670103092784,0.9060402684563759,0.5601659751037344,0.6923076923076923
o5hsy,0.9626168224299065,0.22787610619469026,0.368515205724508,0.9150943396226415,0.21507760532150777,0.348294434470377,0.9439252336448598,0.2234513274336283,0.3613595706618962
o5hzt,0.9170506912442397,0.24782067247820672,0.3901960784313725,0.8148148148148148,0.2194513715710723,0.3457760314341846,0.8571428571428571,0.23163138231631383,0.3647058823529412
o5i13,0.975,0.4838709677419355,0.6467661691542288,0.9547738693467337,0.472636815920398,0.632279534109817,0.955,0.4739454094292804,0.6334991708126035
o5i5j,0.8923076923076924,0.8529411764705882,0.8721804511278195,0.8837209302325582,0.8444444444444444,0.8636363636363636,0.8923076923076924,0.8529411764705882,0.8721804511278195
o5i95,0.9074074074074074,0.8376068376068376,0.8711111111111111,0.8317757009345794,0.7672413793103449,0.7982062780269058,0.8518518518518519,0.7863247863247863,0.8177777777777777
o5ife,0.8456375838926175,0.3247422680412371,0.4692737430167598,0.7702702702702703,0.29457364341085274,0.4261682242990655,0.8187919463087249,0.31443298969072164,0.45437616387337054
o5ijb,0.9722222222222222,0.211864406779661,0.34791252485089463,0.9329608938547486,0.20242424242424242,0.33266932270916333,0.95,0.20702179176755447,0.3399602385685884
o5ijn,0.9318181818181818,0.5301724137931034,0.6758241758241758,0.8320610687022901,0.47186147186147187,0.6022099447513812,0.8409090909090909,0.47844827586206895,0.6098901098901099
o5iw3,0.9555555555555556,0.4673913043478261,0.6277372262773723,0.9050279329608939,0.44141689373297005,0.5934065934065934,0.9166666666666666,0.4483695652173913,0.6021897810218978
o5jdg,0.95,0.1191969887076537,0.21181716833890749,0.8484848484848485,0.10552763819095477,0.1877094972067039,0.88,0.11041405269761606,0.19620958751393533
o5ju1,0.8705035971223022,0.40878378378378377,0.5563218390804598,0.8043478260869565,0.376271186440678,0.5127020785219399,0.8201438848920863,0.38513513513513514,0.5241379310344828
o5kaa,0.9478260869565217,0.21887550200803213,0.35562805872756936,0.868421052631579,0.19919517102615694,0.32405891980360063,0.8869565217391304,0.20481927710843373,0.33278955954323
o5kao,0.9683098591549296,0.14542570068746694,0.2528735632183908,0.872791519434629,0.1306878306878307,0.2273354809019788,0.9084507042253521,0.13643574828133262,0.2372413793103448
o5ker,0.9879518072289156,0.9111111111111111,0.9479768786127168,0.9696969696969697,0.8938547486033519,0.9302325581395349,0.9759036144578314,0.9,0.9364161849710982
o5kkk,0.9887218045112782,0.2635270541082164,0.4161392405063291,0.9622641509433962,0.25576730190571717,0.4041204437400951,0.981203007518797,0.26152304609218435,0.41297468354430383
o5kn3,0.9888059701492538,0.34460338101430427,0.511089681774349,0.9662921348314607,0.3359375,0.49855072463768113,0.9813432835820896,0.3420026007802341,0.5072324011571843
o5ko9,0.9813333333333333,0.5227272727272727,0.6821130676552363,0.946524064171123,0.5035561877667141,0.6573816155988857,0.9706666666666667,0.5170454545454546,0.6746987951807228
o5ld1,0.9473684210526315,0.45161290322580644,0.6116504854368933,0.8863636363636364,0.420863309352518,0.5707317073170732,0.9097744360902256,0.4336917562724014,0.5873786407766991
o5ljb,0.9581749049429658,0.07547169811320754,0.1399222654081066,0.8893129770992366,0.06980227681246255,0.12944444444444445,0.908745247148289,0.07157831686133573,0.13270405330372015
o5lk8,0.9743589743589743,0.21566401816118047,0.3531598513011152,0.9072164948453608,0.2,0.3277467411545624,0.9333333333333333,0.20658342792281498,0.33828996282527884
o5lkj,0.96,0.597864768683274,0.736842105263158,0.9195402298850575,0.5714285714285714,0.7048458149779735,0.92,0.5729537366548043,0.7061403508771932
o5lr2,0.9758064516129032,0.8962962962962963,0.9343629343629344,0.959349593495935,0.8805970149253731,0.9182879377431906,0.967741935483871,0.8888888888888888,0.9266409266409267
o5lu4,0.9166666666666666,0.6505376344086021,0.761006289308176,0.8931297709923665,0.6324324324324324,0.740506329113924,0.8939393939393939,0.6344086021505376,0.7421383647798742
o5lys,0.9927884615384616,0.13711819389110225,0.2409568261376896,0.9590361445783132,0.13218199933576885,0.23234092235843548,0.9783653846153846,0.1351261620185923,0.23745624270711785
o5m0w,0.9567901234567902,0.6078431372549019,0.7434052757793765,0.9316770186335404,0.5905511811023622,0.7228915662650601,0.9444444444444444,0.6,0.7338129496402879
o5m78,0.976878612716763,0.9602272727272727,0.9684813753581661,0.9709302325581395,0.9542857142857143,0.962536023054755,0.976878612716763,0.9602272727272727,0.9684813753581661
o5m8b,0.9567901234567902,0.10451786918408631,0.18844984802431614,0.782608695652174,0.08502024291497975,0.15337796713329277,0.9012345679012346,0.09844908968307485,0.17750759878419453
o5mfk,0.9333333333333333,0.6528497409326425,0.7682926829268293,0.8955223880597015,0.625,0.736196319018405,0.8962962962962963,0.6269430051813472,0.7378048780487805
o5mi2,0.9212598425196851,0.6763005780346821,0.78,0.8968253968253969,0.6569767441860465,0.7583892617449663,0.889763779527559,0.653179190751445,0.7533333333333333
o5mua,0.9333333333333333,0.5223880597014925,0.6698564593301435,0.8783783783783784,0.48872180451127817,0.6280193236714976,0.88,0.4925373134328358,0.631578947368421
o5myn,0.996268656716418,0.12197350388305161,0.21733821733821732,0.9588014981273408,0.1170018281535649,0.20855397148676172,0.9626865671641791,0.11786203746002741,0.21001221001221002
o5myx,0.9794520547945206,0.29545454545454547,0.453968253968254,0.9379310344827586,0.2815734989648033,0.4331210191082803,0.910958904109589,0.27479338842975204,0.4222222222222222
o5nai,0.9856459330143541,0.30161054172767204,0.46188340807174894,0.9567307692307693,0.29178885630498536,0.44719101123595506,0.9569377990430622,0.29282576866764276,0.4484304932735427
o5njv,0.9703703703703703,0.8733333333333333,0.9192982456140351,0.9626865671641791,0.8657718120805369,0.9116607773851589,0.9703703703703703,0.8733333333333333,0.9192982456140351
o5noy,0.9627659574468085,0.5402985074626866,0.6921606118546846,0.946524064171123,0.5299401197604791,0.6794625719769675,0.9574468085106383,0.5373134328358209,0.6883365200764818
o5nwe,0.9754601226993865,0.26194398682042835,0.412987012987013,0.8950617283950617,0.23927392739273928,0.37760416666666663,0.9202453987730062,0.2471169686985173,0.38961038961038963
o5ny4,0.9636363636363636,0.29174311926605506,0.447887323943662,0.9329268292682927,0.28125,0.43220338983050843,0.9393939393939394,0.28440366972477066,0.4366197183098592
o5oab,0.985,0.08333333333333333,0.1536661466458658,0.914572864321608,0.07702073635209479,0.14207650273224043,0.915,0.07741116751269035,0.14274570982839313
o5onn,0.9944903581267218,0.2995850622406639,0.4604591836734694,0.9723756906077348,0.292358803986711,0.4495530012771393,0.9862258953168044,0.2970954356846473,0.45663265306122447
o5pcx,0.9743589743589743,0.08078231292517007,0.14919513152728703,0.7474226804123711,0.061675882603147596,0.11394891944990176,0.8102564102564103,0.06717687074829932,0.12406753042795446
o5phi,0.9725274725274725,0.23167539267015708,0.37420718816067655,0.9116022099447514,0.2162516382699869,0.3495762711864407,0.9395604395604396,0.2238219895287958,0.36152219873150104
o5pke,0.9574468085106383,0.2727272727272727,0.42452830188679247,0.8817204301075269,0.24924012158054712,0.38862559241706157,0.925531914893617,0.2636363636363636,0.410377358490566
o5px6,0.9748743718592965,0.30407523510971785,0.46356033452807643,0.9393939393939394,0.29199372056514916,0.4455089820359282,0.9698492462311558,0.30250783699059564,0.46117084826762245
o5q6v,0.9908675799086758,0.474835886214442,0.6420118343195266,0.9678899082568807,0.46271929824561403,0.626112759643917,0.9817351598173516,0.47045951859956237,0.636094674556213
o5q78,0.9402985074626866,0.36950146627565983,0.5305263157894737,0.9022556390977443,0.35294117647058826,0.507399577167019,0.8955223880597015,0.3519061583577713,0.5052631578947369
o5r7v,0.952755905511811,0.19547657512116318,0.32439678284182305,0.8809523809523809,0.1796116504854369,0.29838709677419356,0.905511811023622,0.18578352180936994,0.30831099195710454
o5r9s,0.9952681388012619,0.2470634299138606,0.3958594730238394,0.9541864139020537,0.23658441049745396,0.3791588198367859,0.9810725552050473,0.24353954581049334,0.39021329987452946
o5rmo,0.8561643835616438,0.37425149700598803,0.5208333333333334,0.7172413793103448,0.3123123123123123,0.4351464435146444,0.7808219178082192,0.3413173652694611,0.4750000000000001
o5rz8,0.9890909090909091,0.4114977307110439,0.5811965811965811,0.9635036496350365,0.4,0.5653104925053534,0.9818181818181818,0.4084720121028744,0.5769230769230769
o5s52,0.9774436090225563,0.33505154639175255,0.49904030710172737,0.9545454545454546,0.32558139534883723,0.48554913294797686,0.9774436090225563,0.33505154639175255,0.49904030710172737
o5sef,0.9539473684210527,0.6807511737089202,0.7945205479452055,0.9403973509933775,0.6698113207547169,0.7823691460055096,0.9407894736842105,0.6713615023474179,0.7835616438356164
o5sel,0.9298245614035088,0.3081395348837209,0.462882096069869,0.8672566371681416,0.2857142857142857,0.42982456140350883,0.868421052631579,0.2877906976744186,0.4323144104803493
o5sz6,0.9481481481481482,0.1559074299634592,0.2677824267782427,0.8880597014925373,0.14512195121951219,0.24947589098532497,0.8962962962962963,0.14738124238733252,0.25313807531380755
o5to3,0.9837837837837838,0.1345158906134516,0.23667100130039012,0.9293478260869565,0.1264792899408284,0.22265625,0.9135135135135135,0.12490761271249076,0.21976592977893367
o5to5,0.923728813559322,1.0,0.960352422907489,0.9230769230769231,1.0,0.9600000000000001,0.923728813559322,1.0,0.960352422907489
o5tty,0.889763779527559,0.518348623853211,0.6550724637681159,0.8174603174603174,0.47465437788018433,0.6005830903790087,0.84251968503937,0.4908256880733945,0.6202898550724637
o5v6t,0.9477611940298507,0.6381909547738693,0.7627627627627628,0.9097744360902256,0.6111111111111112,0.7311178247734139,0.9253731343283582,0.6231155778894473,0.7447447447447447
o5v8g,0.9074074074074074,0.7277227722772277,0.8076923076923077,0.8136645962732919,0.6517412935323383,0.7237569060773482,0.8518518518518519,0.6831683168316832,0.7582417582417583
o5vae,0.925,0.2868217054263566,0.43786982248520706,0.8291457286432161,0.2562111801242236,0.3914590747330961,0.845,0.262015503875969,0.39999999999999997
o5vgo,0.9716981132075472,0.0635410240592227,0.11928199189345684,0.9142857142857143,0.05925925925925926,0.11130434782608696,0.9245283018867925,0.06045650832819247,0.11349160393746381
o5vmp,0.9006211180124224,0.7107843137254902,0.7945205479452055,0.85,0.6699507389162561,0.7493112947658401,0.8695652173913043,0.6862745098039216,0.7671232876712328
o5vmq,0.9869281045751634,0.41944444444444445,0.5886939571150097,0.9473684210526315,0.4011142061281337,0.5636007827788649,0.9738562091503268,0.41388888888888886,0.580896686159844
o5vs2,0.9629629629629629,0.23483870967741935,0.37759336099585067,0.9202127659574468,0.2235142118863049,0.3596673596673597,0.9259259259259259,0.22580645161290322,0.3630705394190871
o5vz5,0.8991596638655462,0.6858974358974359,0.7781818181818182,0.8813559322033898,0.6709677419354839,0.7619047619047619,0.8823529411764706,0.6730769230769231,0.7636363636363637
o5w78,0.9666666666666667,0.37529411764705883,0.5406779661016948,0.9240121580547113,0.3580683156654888,0.5161290322580645,0.8848484848484849,0.34352941176470586,0.4949152542372881
o5w85,0.9932432432432432,0.65625,0.7903225806451614,0.9455782312925171,0.6233183856502242,0.7513513513513513,0.9932432432432432,0.65625,0.7903225806451614
o5we4,0.9298245614035088,0.6385542168674698,0.757142857142857,0.8761061946902655,0.6,0.7122302158273381,0.8771929824561403,0.6024096385542169,0.7142857142857143
o5wl4,0.9850187265917603,0.11868231046931407,0.21184051550543698,0.9548872180451128,0.1146726862302483,0.20475614671503423,0.9588014981273408,0.11552346570397112,0.20620217478856223
o5x84,0.9036144578313253,0.4966887417218543,0.641025641025641,0.8780487804878049,0.48,0.6206896551724138,0.8795180722891566,0.48344370860927155,0.6239316239316239
o5y0t,0.8783783783783784,0.4452054794520548,0.5909090909090909,0.8493150684931506,0.42758620689655175,0.5688073394495413,0.8783783783783784,0.4452054794520548,0.5909090909090909
o5ykl,0.9176470588235294,0.6964285714285714,0.7918781725888324,0.8571428571428571,0.6486486486486487,0.7384615384615384,0.8705882352941177,0.6607142857142857,0.751269035532995
o5z6t,0.9310344827586207,0.20610687022900764,0.3375,0.8571428571428571,0.18461538461538463,0.3037974683544304,0.8620689655172413,0.19083969465648856,0.3125
o5zb3,0.9871244635193133,0.03001043841336117,0.058249968342408504,0.9439655172413793,0.02857888555396059,0.055478150728309056,0.8068669527896996,0.024530271398747392,0.047613017601620865
o5zqm,0.9752066115702479,0.8194444444444444,0.890566037735849,0.9666666666666667,0.8111888111888111,0.8821292775665399,0.9669421487603306,0.8125,0.8830188679245283
o5zv6,0.96875,0.11764705882352941,0.20981387478849406,0.9212598425196851,0.1111111111111111,0.19830508474576272,0.9140625,0.1110056925996205,0.1979695431472081
o5zw6,0.9824561403508771,0.35294117647058826,0.5193199381761978,0.9588235294117647,0.3431578947368421,0.5054263565891473,0.9649122807017544,0.34663865546218486,0.5100463678516228
o5zzt,0.9833333333333333,0.43866171003717475,0.6066838046272494,0.9663865546218487,0.4291044776119403,0.5943152454780362,0.9666666666666667,0.4312267657992565,0.596401028277635
o608e,0.9051724137931034,0.6481481481481481,0.7553956834532375,0.8782608695652174,0.6273291925465838,0.7318840579710145,0.8879310344827587,0.6358024691358025,0.7410071942446045
o608q,0.995,0.379047619047619,0.5489655172413793,0.964824120603015,0.366412213740458,0.5311203319502075,0.98,0.37333333333333335,0.5406896551724139
o60br,0.9235668789808917,0.9177215189873418,0.9206349206349206,0.9102564102564102,0.9044585987261147,0.9073482428115015,0.910828025477707,0.9050632911392406,0.9079365079365079
o60hz,0.901840490797546,0.6150627615062761,0.7313432835820896,0.845679012345679,0.5756302521008403,0.6849999999999999,0.8466257668711656,0.5774058577405857,0.6865671641791044
o60j5,0.9726027397260274,0.5546875,0.7064676616915423,0.9444444444444444,0.5354330708661418,0.6834170854271356,0.9452054794520548,0.5390625,0.6865671641791045
o6107,0.9705882352941176,0.339041095890411,0.5025380710659899,0.9310344827586207,0.3241852487135506,0.48091603053435117,0.9313725490196079,0.3253424657534247,0.48223350253807107
o614s,0.9111111111111111,0.6666666666666666,0.7699530516431925,0.8539325842696629,0.6229508196721312,0.7203791469194313,0.8444444444444444,0.6178861788617886,0.7136150234741785
o61p9,0.9781659388646288,0.10910862152946907,0.19631901840490798,0.9298245614035088,0.10331384015594541,0.18596491228070172,0.8777292576419214,0.09790550414028251,0.17616126205083257
o622k,0.9565217391304348,0.6376811594202898,0.7652173913043478,0.945054945054945,0.6277372262773723,0.7543859649122806,0.9456521739130435,0.6304347826086957,0.7565217391304347
o629f,0.9224806201550387,0.8947368421052632,0.9083969465648855,0.9140625,0.8863636363636364,0.9,0.9224806201550387,0.8947368421052632,0.9083969465648855
o62hb,0.9662921348314607,0.14393305439330545,0.2505462490895849,0.8983050847457628,0.13316582914572864,0.23194748358862144,0.8089887640449438,0.1205020920502092,0.20975965040058264
o62x7,0.9540229885057471,0.3132075471698113,0.471590909090909,0.9132947976878613,0.29867674858223064,0.45014245014245013,0.9310344827586207,0.30566037735849055,0.4602272727272727
o63gq,0.9829059829059829,0.27413587604290823,0.4287045666356011,0.944206008583691,0.26252983293556087,0.4108309990662932,0.9658119658119658,0.2693682955899881,0.4212488350419385
o63iz,0.9637305699481865,0.2653352353780314,0.4161073825503355,0.9166666666666666,0.25142857142857145,0.3946188340807175,0.9430051813471503,0.25962910128388017,0.4071588366890381
