conversation_id,gemini_rouge1_f1,tfidf_rouge1_f1,ollama_rouge1_f1,gpt_rouge1_f1,gemini_rouge1_precision,tfidf_rouge1_precision,ollama_rouge1_precision,gpt_rouge1_precision,gemini_rouge1_recall,tfidf_rouge1_recall,ollama_rouge1_recall,gpt_rouge1_recall,gemini_rouge2_f1,tfidf_rouge2_f1,ollama_rouge2_f1,gpt_rouge2_f1,gemini_rouge2_precision,tfidf_rouge2_precision,ollama_rouge2_precision,gpt_rouge2_precision,gemini_rouge2_recall,tfidf_rouge2_recall,ollama_rouge2_recall,gpt_rouge2_recall,gemini_rougeL_f1,tfidf_rougeL_f1,ollama_rougeL_f1,gpt_rougeL_f1,gemini_rougeL_precision,tfidf_rougeL_precision,ollama_rougeL_precision,gpt_rougeL_precision,gemini_rougeL_recall,tfidf_rougeL_recall,ollama_rougeL_recall,gpt_rougeL_recall,gemini_summary_time_seconds,tfidf_summary_time_seconds,ollama_summary_time_seconds,gpt_summary_time_seconds
1dgmgf,0.2402545743834527,0.97273526824978,0.2615505090054816,0.5104377104377105,1.0,0.946917808219178,0.9766081871345028,1.0,0.1365280289330922,1.0,0.1509945750452079,0.3426763110307414,0.2278884462151394,0.972711267605634,0.2462745098039215,0.5043830074173972,0.9533333333333334,0.9468723221936588,0.923529411764706,0.9894179894179894,0.1294117647058823,1.0,0.1420814479638009,0.3384615384615385,0.2402545743834527,0.97273526824978,0.2537196554424432,0.5104377104377105,1.0,0.946917808219178,0.9473684210526316,1.0,0.1365280289330922,1.0,0.1464737793851717,0.3426763110307414,1.3417892456054688,0.18,12.133796691894531,7.227189779281616
1dgple,0.2344102178812922,0.9690721649484536,0.2873730043541364,0.3948087431693989,1.0,0.94,0.9753694581280788,1.0,0.1327659574468085,1.0,0.1685106382978723,0.2459574468085106,0.2242287434161023,0.9690466364011556,0.2776162790697674,0.387140902872777,0.9612903225806452,0.9399519615692554,0.9455445544554456,0.9826388888888888,0.1269165247018739,1.0,0.1626916524701873,0.2410562180579216,0.2344102178812922,0.9690721649484536,0.2786647314949201,0.3948087431693989,1.0,0.94,0.9458128078817734,1.0,0.1327659574468085,1.0,0.1634042553191489,0.2459574468085106,1.2556233406066897,0.12,5.6865317821502686,7.427603721618652
1dgrhe,0.332421340629275,0.9826682789197904,0.3681392235609103,0.3854304635761589,1.0,0.9659270998415214,1.0,1.0,0.1993437243642329,1.0,0.2255947497949138,0.2387202625102543,0.3260273972602739,0.9826542960871318,0.3605898123324397,0.376657824933687,0.9834710743801652,0.9659000793021412,0.9817518248175182,0.9793103448275862,0.1954022988505747,1.0,0.2208538587848932,0.2331691297208538,0.332421340629275,0.9826682789197904,0.3654618473895582,0.3854304635761589,1.0,0.9659270998415214,0.9927272727272728,1.0,0.1993437243642329,1.0,0.2239540607054963,0.2387202625102543,1.8468661308288572,0.03,7.6954405307769775,6.534233331680298
1dhek3,0.2911497105045492,0.979611190137506,0.4441110277569392,0.4021655065738592,1.0,0.9600371747211895,0.9866666666666668,1.0,0.1703775411423039,1.0,0.2865440464666021,0.2516940948693126,0.28003314001657,0.979591836734694,0.4327573253193087,0.3919442292796282,0.9657142857142856,0.96,0.9632107023411371,0.9768339768339768,0.1637596899224806,1.0,0.2790697674418604,0.2451550387596899,0.2911497105045492,0.979611190137506,0.4426106526631657,0.4021655065738592,1.0,0.9600371747211895,0.9833333333333332,1.0,0.1703775411423039,1.0,0.2855759922555663,0.2516940948693126,1.3502178192138672,0.05,7.632077693939209,5.87106204032898
1dhzwg,0.2604501607717042,0.9575221238938052,0.2881889763779527,0.5573333333333333,1.0,0.9185059422750425,0.973404255319149,1.0,0.1497227356746765,1.0,0.1691312384473197,0.3863216266173752,0.2576489533011272,0.9574844995571302,0.2681388012618296,0.5420560747663551,0.9937888198757764,0.9184367034834324,0.9090909090909092,0.973621103117506,0.1480111008325624,1.0,0.1572617946345976,0.3755781683626272,0.2604501607717042,0.9575221238938052,0.2440944881889764,0.5573333333333333,1.0,0.9185059422750425,0.824468085106383,1.0,0.1497227356746765,1.0,0.1432532347504621,0.3863216266173752,1.0485739707946775,0.05,5.6269371509552,5.308636665344238
1di4t6,0.4650938854116515,0.968702522029778,0.1094761624484991,0.2915326902465166,1.0,0.939304655274013,0.8857142857142857,1.0,0.3030112923462986,1.0,0.0583437892095357,0.1706398996235884,0.4491566265060241,0.9686834904226208,0.0601060695344726,0.2800429184549356,0.966804979253112,0.9392688679245284,0.4903846153846153,0.96309963099631,0.2925298179535467,1.0,0.032015065913371,0.1638418079096045,0.4650938854116515,0.968702522029778,0.0729841082989994,0.2915326902465166,1.0,0.939304655274013,0.5904761904761905,1.0,0.3030112923462986,1.0,0.0388958594730238,0.1706398996235884,2.8442845344543457,0.08,4.309305191040039,5.300549268722534
1di78q,0.5304232804232805,0.968613775065388,0.2839694656488549,0.5514993481095176,1.0,0.9391377852916316,0.9346733668341708,1.0,0.3609360936093609,1.0,0.1674167416741674,0.3807380738073807,0.519205298013245,0.9685863874345548,0.1896024464831804,0.5352480417754568,0.98,0.9390862944162436,0.6262626262626263,0.971563981042654,0.3531531531531531,1.0,0.1117117117117117,0.3693693693693693,0.5304232804232805,0.968613775065388,0.2274809160305343,0.5514993481095176,1.0,0.9391377852916316,0.7487437185929648,1.0,0.3609360936093609,1.0,0.1341134113411341,0.3807380738073807,2.455775499343872,0.03,5.544727563858032,7.972751617431641
1di7mo,0.197924980047885,0.9661959777492511,0.33015407190022,0.3917378917378917,1.0,0.9346026490066224,0.9615384615384616,1.0,0.1098317094774136,1.0,0.1992914083259521,0.2435783879539415,0.1838529176658673,0.966167023554604,0.3085966201322556,0.3737517831669044,0.934959349593496,0.9345484672742336,0.9012875536480688,0.9562043795620438,0.101950354609929,1.0,0.1861702127659574,0.2322695035460993,0.197924980047885,0.9661959777492511,0.3228173147468818,0.3917378917378917,1.0,0.9346026490066224,0.9401709401709402,1.0,0.1098317094774136,1.0,0.1948627103631532,0.2435783879539415,1.0708436965942385,0.06,6.351919412612915,6.362813234329224
1difq4,0.2875,0.9651285663966184,0.4110535405872194,0.4692737430167598,1.0,0.9326072157930564,0.9727520435967304,1.0,0.1678832116788321,1.0,0.2605839416058394,0.3065693430656934,0.2778473091364205,0.9651039830807192,0.3873198847262248,0.4541387024608501,0.9694323144104804,0.9325613079019074,0.918032786885246,0.9689737470167064,0.1621621621621621,1.0,0.2454346238130021,0.2965668371073776,0.2875,0.9651285663966184,0.3995394358088659,0.4692737430167598,1.0,0.9326072157930564,0.9455040871934604,1.0,0.1678832116788321,1.0,0.2532846715328467,0.3065693430656934,1.6389803886413574,0.04,9.423516750335692,5.494878768920898
1dihg2,0.2217687074829931,0.9660014781966002,0.3921568627450981,0.4253012048192771,1.0,0.9342387419585418,0.9846153846153848,1.0,0.1247130833970925,1.0,0.2448355011476664,0.2700841622035195,0.2138964577656676,0.9659763313609468,0.3803680981595091,0.4125452352231603,0.9691358024691358,0.9341917024320456,0.9567901234567902,0.9715909090909092,0.1202143950995405,1.0,0.2373660030627871,0.2618683001531393,0.2217687074829931,0.9660014781966002,0.3872549019607843,0.4253012048192771,1.0,0.9342387419585418,0.9723076923076924,1.0,0.1247130833970925,1.0,0.2417750573833205,0.2700841622035195,1.1634397506713867,0.05,8.859655857086182,5.651245594024658
1dijzm,0.4770186335403726,0.9623233908948194,0.3094910591471801,0.4046844502277164,1.0,0.9273827534039334,0.986842105263158,1.0,0.3132137030995106,1.0,0.1835236541598695,0.2536704730831974,0.4676616915422885,0.96229379418696,0.3002754820936639,0.3908794788273615,0.9817232375979112,0.927327781983346,0.960352422907489,0.967741935483871,0.3069387755102041,1.0,0.1779591836734693,0.2448979591836734,0.4770186335403726,0.9623233908948194,0.3067400275103163,0.4046844502277164,1.0,0.9273827534039334,0.9780701754385964,1.0,0.3132137030995106,1.0,0.1818923327895595,0.2536704730831974,2.27583122253418,0.06,6.337671756744385,8.893863677978516
1dip67,0.1621621621621622,0.973747016706444,0.3412322274881517,0.3884134298880842,1.0,0.9488372093023256,0.9960474308300395,1.0,0.088235294117647,1.0,0.2058823529411764,0.2410130718954248,0.150375939849624,0.9737261146496816,0.3322033898305084,0.3744232036914963,0.9345794392523364,0.9487975174553918,0.9722222222222222,0.9659863945578232,0.0817661488143908,1.0,0.2003270645952575,0.23221586263287,0.1621621621621622,0.973747016706444,0.3371699390656736,0.3884134298880842,1.0,0.9488372093023256,0.984189723320158,1.0,0.088235294117647,1.0,0.2034313725490196,0.2410130718954248,0.9430482387542723,0.05,6.892201662063599,7.666587352752685
1dj5ui,0.3574244415243101,0.9830908375933936,0.3284379172229639,0.4365228267667292,1.0,0.9667440061871616,0.9919354838709676,1.0,0.2176,1.0,0.1968,0.2792,0.35,0.983077528532074,0.3155080213903743,0.4308077645585472,0.981549815498155,0.96671826625387,0.9554655870445344,0.9885057471264368,0.2129703763010408,1.0,0.188951160928743,0.2754203362690152,0.3574244415243101,0.9830908375933936,0.321762349799733,0.4365228267667292,1.0,0.9667440061871616,0.9717741935483872,1.0,0.2176,1.0,0.1928,0.2792,1.5475032329559326,0.04,6.339029788970947,4.917743444442749
1djhxc,0.1790794979079497,0.9696969696969696,0.2104404567699836,0.5731147540983607,1.0,0.9411764705882352,0.9347826086956522,1.0,0.0983455882352941,1.0,0.1185661764705882,0.4016544117647059,0.1693210393964794,0.9696699375557536,0.1895424836601307,0.5581089954038082,0.9528301886792452,0.9411255411255413,0.8467153284671532,0.9747706422018348,0.092916283348666,1.0,0.1067157313707451,0.3909843606255749,0.1790794979079497,0.9696969696969696,0.1924959216965742,0.5731147540983607,1.0,0.9411764705882352,0.855072463768116,1.0,0.0983455882352941,1.0,0.1084558823529411,0.4016544117647059,0.962174654006958,0.04,4.350099325180054,6.922074794769287
1djote,0.1600633914421553,0.9618889809444904,0.226615969581749,0.3897364771151179,1.0,0.9265762170790104,0.9675324675324676,1.0,0.0869939707149009,1.0,0.1283376399655469,0.2420327304048234,0.1507936507936507,0.9618573797678276,0.2132520944402132,0.3791666666666667,0.95,0.926517571884984,0.915032679738562,0.975,0.0818965517241379,1.0,0.1206896551724138,0.2353448275862069,0.1600633914421553,0.9618889809444904,0.2174904942965779,0.3897364771151179,1.0,0.9265762170790104,0.9285714285714286,1.0,0.0869939707149009,1.0,0.1231696813092162,0.2420327304048234,0.9708566665649414,0.04,4.712622880935669,9.099461555480955
1dkav2,0.3991853360488799,0.9597069597069596,0.4237881059470265,0.4208940231039678,1.0,0.9225352112676056,0.9883449883449884,1.0,0.2493638676844783,1.0,0.2697201017811705,0.2665394402035623,0.3914373088685015,0.9596823457544288,0.4052026013006503,0.4203117144293615,0.9820971867007672,0.9224897240164416,0.9462616822429908,1.0,0.2444302991725015,1.0,0.2577975811584977,0.2660725652450668,0.3991853360488799,0.9597069597069596,0.4187906046976511,0.4208940231039678,1.0,0.9225352112676056,0.9766899766899768,1.0,0.2493638676844783,1.0,0.2665394402035623,0.2665394402035623,2.532754421234131,0.07,12.891005754470823,5.191813707351685
1dksdx,0.4342105263157895,0.9870967741935484,0.3010244286840032,0.6269230769230769,1.0,0.9745222929936306,0.9646464646464646,1.0,0.2773109243697479,1.0,0.1783380018674136,0.4565826330532213,0.4245973645680819,0.9870848708487084,0.2794001578531965,0.6174582798459564,0.9797297297297296,0.9744990892531876,0.8984771573604061,0.985655737704918,0.2710280373831775,1.0,0.1654205607476635,0.4495327102803738,0.4342105263157895,0.9870967741935484,0.2899921197793538,0.6269230769230769,1.0,0.9745222929936306,0.9292929292929292,1.0,0.2773109243697479,1.0,0.1718020541549953,0.4565826330532213,1.945283889770508,0.03,5.289400815963745,8.092087268829346
1dl91y,0.288265306122449,0.9623520975259948,0.3039092055485498,0.5047353760445682,1.0,0.9274360746371804,0.9877049180327868,1.0,0.1684053651266766,1.0,0.1795827123695976,0.3375558867362146,0.2796934865900383,0.96232508073197,0.2941919191919191,0.4941438929168991,0.9733333333333334,0.9273858921161826,0.9588477366255144,0.9800884955752212,0.16331096196868,1.0,0.1737509321401938,0.3303504847129008,0.288265306122449,0.9623520975259948,0.3013871374527112,0.5047353760445682,1.0,0.9274360746371804,0.9795081967213116,1.0,0.1684053651266766,1.0,0.1780923994038748,0.3375558867362146,1.613480806350708,0.05,6.928958654403687,8.207851648330688
1dlrmz,0.1885175664095972,0.9710610932475884,0.3981900452488687,0.4045283018867925,1.0,0.94375,0.9814126394052044,1.0,0.1040681173131504,1.0,0.249763481551561,0.2535477767265847,0.1836909871244635,0.9710344827586208,0.3761329305135952,0.3945578231292517,0.981651376146789,0.9436997319034852,0.9291044776119404,0.9775280898876404,0.1013257575757575,1.0,0.2357954545454545,0.2471590909090909,0.1885175664095972,0.9710610932475884,0.392156862745098,0.4045283018867925,1.0,0.94375,0.966542750929368,1.0,0.1040681173131504,1.0,0.2459791863765373,0.2535477767265847,1.0597219467163086,0.03,7.1210808753967285,8.891975402832031
1dlxdf,0.2163978494623656,0.9840563589173156,0.2699545749513303,0.4183551847437425,1.0,0.9686131386861314,0.97196261682243,1.0,0.121326299924642,1.0,0.1567445365486058,0.2645064054257724,0.2126514131897712,0.9840445269016698,0.2547108512020792,0.4140811455847256,0.9875,0.9685902118334552,0.92018779342723,0.9914285714285714,0.1191553544494721,1.0,0.1478129713423831,0.2616892911010558,0.2163978494623656,0.9840563589173156,0.236210253082414,0.4183551847437425,1.0,0.9686131386861314,0.8504672897196262,1.0,0.121326299924642,1.0,0.1371514694800301,0.2645064054257724,1.140505075454712,0.05,6.404653310775757,5.886272192001343
1dlzxn,0.2679692951849267,0.9542483660130718,0.208183776022972,0.3595505617977528,1.0,0.9125,0.9539473684210528,1.0,0.1547139403706688,1.0,0.1168412570507655,0.2191780821917808,0.257162823200559,0.954213158907272,0.1480948957584471,0.3481138318994043,0.9633507853403142,0.9124356144223694,0.6821192052980133,0.970479704797048,0.1483870967741935,1.0,0.0830645161290322,0.2120967741935484,0.2679692951849267,0.9542483660130718,0.1780330222541278,0.3595505617977528,1.0,0.9125,0.8157894736842105,1.0,0.1547139403706688,1.0,0.0999194198227236,0.2191780821917808,1.4531550407409668,0.05,5.164693832397461,4.586803913116455
1dmt0p,0.1389365351629502,0.9726580008964588,0.374251497005988,0.488857938718663,1.0,0.9467713787085514,0.99601593625498,1.0,0.0746543778801843,1.0,0.2304147465437788,0.3235023041474654,0.1374570446735395,0.9726334679228352,0.361319340329835,0.4728033472803347,1.0,0.9467248908296944,0.964,0.9685714285714284,0.07380073800738,1.0,0.2223247232472324,0.312730627306273,0.1389365351629502,0.9726580008964588,0.3697604790419161,0.488857938718663,1.0,0.9467713787085514,0.9840637450199204,1.0,0.0746543778801843,1.0,0.2276497695852534,0.3235023041474654,0.7547895908355713,0.03,6.6949639320373535,3.9945969581604
1dmwqf,0.7549132947976879,0.9737793851717902,0.1954887218045112,0.4161764705882353,1.0,0.9488986784140968,0.975,1.0,0.606313834726091,1.0,0.1086350974930362,0.2627669452181987,0.7523148148148148,0.9737556561085972,0.1824267782426778,0.406480117820324,0.9969325153374232,0.948853615520282,0.9159663865546218,0.9787234042553192,0.604089219330855,1.0,0.1013011152416356,0.2565055762081784,0.7549132947976879,0.9737793851717902,0.1888053467000835,0.4161764705882353,1.0,0.9488986784140968,0.9416666666666668,1.0,0.606313834726091,1.0,0.1049210770659238,0.2627669452181987,3.2737131118774414,0.03,3.6247613430023193,4.12844181060791
1dnaec,0.2588555858310627,0.9808135072908672,0.2133891213389121,0.4405125076266016,1.0,0.9623493975903614,0.9807692307692308,1.0,0.1486697965571205,1.0,0.1197183098591549,0.282472613458529,0.2510231923601637,0.9807987711213516,0.2025139664804469,0.4239462431276726,0.9735449735449736,0.9623210248681237,0.935483870967742,0.9638888888888888,0.144087705559906,1.0,0.1135473766640563,0.2717306186374315,0.2588555858310627,0.9808135072908672,0.2078103207810321,0.4405125076266016,1.0,0.9623493975903614,0.9551282051282052,1.0,0.1486697965571205,1.0,0.1165884194053208,0.282472613458529,1.9246835708618164,0.04,4.749826669692993,8.310648679733276
1dnc25,0.3474103585657371,0.9642026964202696,0.3981552651806302,0.403387220939184,1.0,0.9308797127468582,0.981060606060606,1.0,0.210221793635487,1.0,0.2497589199614271,0.2526518804243008,0.3415802075019952,0.9641693811074918,0.3787528868360277,0.3901310717039321,0.9861751152073732,0.9308176100628932,0.935361216730038,0.9693486590038314,0.2065637065637065,1.0,0.2374517374517374,0.2442084942084942,0.3474103585657371,0.9642026964202696,0.393543428132206,0.403387220939184,1.0,0.9308797127468582,0.9696969696969696,1.0,0.210221793635487,1.0,0.2468659594985535,0.2526518804243008,1.2152981758117676,0.03,6.7398412227630615,6.323723554611206
1dogl1,N/A,0.9666666666666666,0.2693452380952381,0.5554171855541719,N/A,0.935483870967742,0.9836956521739132,1.0,N/A,1.0,0.1560344827586207,0.3844827586206896,N/A,0.9666388657214344,0.2533532041728763,0.5511221945137157,N/A,0.9354317998385796,0.9289617486338798,0.9932584269662922,N/A,1.0,0.1466781708369283,0.3813632441760138,N/A,0.9666666666666666,0.2470238095238095,0.5554171855541719,N/A,0.935483870967742,0.9021739130434784,1.0,N/A,1.0,0.143103448275862,0.3844827586206896,N/A,0.05,5.395044565200806,6.305163145065308
1dojlv,0.2829629629629629,0.9817873782295636,0.2639821029082774,0.4739960500329163,1.0,0.9642262895174708,0.9725274725274724,1.0,0.1647972389991371,1.0,0.1527178602243313,0.3106125970664365,0.2804154302670623,0.9817719372615514,0.2494398805078417,0.4667106130520764,0.9947368421052633,0.964196502914238,0.9226519337016574,0.9860724233983288,0.1632124352331606,1.0,0.1442141623488773,0.3056994818652849,0.2829629629629629,0.9817873782295636,0.2535421327367635,0.4739960500329163,1.0,0.9642262895174708,0.934065934065934,1.0,0.1647972389991371,1.0,0.1466781708369283,0.3106125970664365,1.344517469406128,0.03,5.307393789291382,5.457942485809326
1dol7y,0.287781350482315,0.9806629834254144,0.3097484276729559,0.3863636363636363,1.0,0.962059620596206,0.9516908212560388,1.0,0.168075117370892,1.0,0.1849765258215962,0.2394366197183098,0.2785829307568438,0.9806451612903226,0.2787401574803149,0.3748103186646433,0.9719101123595506,0.9620253164556962,0.8592233009708737,0.9724409448818898,0.162593984962406,1.0,0.1663533834586466,0.2321428571428571,0.287781350482315,0.9806629834254144,0.2940251572327044,0.3863636363636363,1.0,0.962059620596206,0.9033816425120772,1.0,0.168075117370892,1.0,0.1755868544600939,0.2394366197183098,1.2059099674224854,0.04,5.770998001098633,5.980269432067871
1dp2rr,0.1581395348837209,0.9592248687928948,0.282437275985663,0.551219512195122,1.0,0.921644685802948,0.9516908212560388,1.0,0.0858585858585858,1.0,0.1658249158249158,0.3804713804713804,0.1490683229813664,0.9591919191919192,0.1981335247666905,0.5494505494505494,0.9504950495049505,0.921583850931677,0.6699029126213593,0.9977827050997784,0.0808761583824768,1.0,0.1162594776748104,0.3791069924178601,0.1581395348837209,0.9592248687928948,0.225089605734767,0.551219512195122,1.0,0.921644685802948,0.7584541062801933,1.0,0.0858585858585858,1.0,0.1321548821548821,0.3804713804713804,0.9911117553710938,0.06,5.951133489608765,3.811739683151245
1dprdf,0.2724379376193507,0.9766102914717524,0.2187295350360183,0.4631936579841449,1.0,0.9542897327707456,0.9823529411764704,1.0,0.1577008106116433,1.0,0.1230655858511422,0.3014001473839351,0.2613129381771829,0.9765934461649262,0.2072131147540983,0.4535147392290248,0.9624413145539906,0.9542575650950036,0.9349112426035504,0.9803921568627452,0.1511799410029498,1.0,0.1165191740412979,0.2949852507374631,0.2724379376193507,0.9766102914717524,0.2082514734774066,0.4631936579841449,1.0,0.9542897327707456,0.9352941176470588,1.0,0.1577008106116433,1.0,0.1171702284450994,0.3014001473839351,1.5404303073883057,0.07,5.033222436904907,7.828931093215942
1dpun8,0.2616464582003829,0.9766941556113304,0.2668360864040661,0.3430656934306569,1.0,0.9544498948843728,0.9905660377358492,1.0,0.1505139500734214,1.0,0.1541850220264317,0.2070484581497797,0.2504792332268371,0.9766774309293146,0.2531806615776081,0.3337393422655298,0.9607843137254902,0.9544179523141656,0.943127962085308,0.9750889679715302,0.1440117560617193,1.0,0.1462160176340926,0.2013225569434239,0.2616464582003829,0.9766941556113304,0.2566709021601017,0.3430656934306569,1.0,0.9544498948843728,0.9528301886792452,1.0,0.1505139500734214,1.0,0.1483113069016152,0.2070484581497797,1.182868719100952,0.04,6.053969860076904,5.900707483291626
1dpynb,0.4822916666666666,0.9752342704149932,0.485729112610275,0.4400428265524625,1.0,0.9516655780535598,0.9957446808510638,1.0,0.3177762525737817,1.0,0.3212079615648593,0.2820864790665751,0.4775808133472367,0.9752176825184192,0.4799999999999999,0.4255091103965701,0.9913419913419912,0.9516339869281044,0.9850746268656716,0.9682926829268292,0.3145604395604395,1.0,0.3173076923076923,0.2726648351648351,0.4822916666666666,0.9752342704149932,0.4836533471717695,0.4400428265524625,1.0,0.9516655780535598,0.9914893617021276,1.0,0.3177762525737817,1.0,0.3198352779684282,0.2820864790665751,2.414835929870605,0.05,12.716951847076416,4.95854115486145
1dpyzu,0.8816658202133062,0.9700440528634362,0.278125,0.455820476858345,1.0,0.941830624465355,0.994413407821229,1.0,0.7883742052679382,1.0,0.1616712079927338,0.2951861943687556,0.8815455007625826,0.9700176366843034,0.2660406885758998,0.4424157303370787,1.0,0.9417808219178082,0.9550561797752808,0.9722222222222222,0.7881818181818182,1.0,0.1545454545454545,0.2863636363636364,0.8816658202133062,0.9700440528634362,0.2765625,0.455820476858345,1.0,0.941830624465355,0.988826815642458,1.0,0.7883742052679382,1.0,0.1607629427792915,0.2951861943687556,4.453806877136231,0.04,5.043052673339844,4.493456840515137
1dqt10,0.2628205128205128,0.9648420115709836,0.2845911949685534,0.3323076923076923,1.0,0.9320722269991402,0.9627659574468084,1.0,0.1512915129151291,1.0,0.1669741697416974,0.1992619926199262,0.2487961476725521,0.9648106904231626,0.1826771653543307,0.3158705701078582,0.950920245398773,0.9320137693631668,0.6203208556149733,0.9534883720930232,0.1431209602954755,1.0,0.1071098799630655,0.1892890120036934,0.2628205128205128,0.9648420115709836,0.210691823899371,0.3323076923076923,1.0,0.9320722269991402,0.7127659574468085,1.0,0.1512915129151291,1.0,0.1236162361623616,0.1992619926199262,1.226957082748413,0.06,5.237284183502197,13.523659467697144
1dqzfi,0.1807610993657505,0.9627972027972028,0.227342549923195,0.3168704156479218,1.0,0.9282632146709816,0.956896551724138,1.0,0.0993608367228355,1.0,0.1289947704822777,0.1882626380011621,0.1724867724867725,0.9627763783935068,0.2111737570476679,0.3083700440528634,0.9588235294117649,0.928224500809498,0.8917748917748918,0.9752321981424148,0.0947674418604651,1.0,0.1197674418604651,0.1831395348837209,0.1807610993657505,0.9627972027972028,0.2171018945212494,0.3168704156479218,1.0,0.9282632146709816,0.913793103448276,1.0,0.0993608367228355,1.0,0.1231841952353283,0.1882626380011621,1.3290772438049316,0.07,7.843477487564087,4.394085645675659
1dr639,0.2110344827586206,0.969357249626308,0.3693467336683417,0.3519695044472681,1.0,0.9405366207396664,0.9966101694915256,1.0,0.117964533538936,1.0,0.2266769468003084,0.2135697764070933,0.2058011049723757,0.9693343305908751,0.3547169811320755,0.3396946564885496,0.9802631578947368,0.9404934687953556,0.9591836734693876,0.967391304347826,0.1149691358024691,1.0,0.2175925925925926,0.2060185185185185,0.2110344827586206,0.969357249626308,0.3643216080402011,0.3519695044472681,1.0,0.9405366207396664,0.9830508474576272,1.0,0.117964533538936,1.0,0.2235929067077872,0.2135697764070933,1.0273056030273438,0.08,8.502404689788818,3.210130214691162
1drtju,0.2613480055020633,0.9734308817866768,0.1544064093226511,0.3742765273311897,1.0,0.9482370592648162,0.9724770642201837,1.0,0.1503164556962025,1.0,0.0838607594936708,0.2302215189873417,0.2506887052341597,0.9734104046242774,0.1415025528811087,0.3618802318094012,0.9629629629629628,0.9481981981981982,0.8981481481481481,0.9689655172413794,0.1441013460015835,1.0,0.0768012668250198,0.222486144101346,0.2613480055020633,0.9734308817866768,0.1427530954115076,0.3742765273311897,1.0,0.9482370592648162,0.8990825688073395,1.0,0.1503164556962025,1.0,0.0775316455696202,0.2302215189873417,1.349024772644043,0.04,3.5235769748687744,7.404399633407593
1druwi,0.136869118905047,0.9692923898531376,0.2762430939226519,0.58203125,1.0,0.9404145077720208,0.9831460674157304,1.0,0.0734618916437098,1.0,0.1606978879706152,0.4104683195592286,0.1353898886032562,0.9692650334075724,0.2608695652173913,0.5801825293350716,1.0,0.9403630077787382,0.9322033898305084,0.9977578475336324,0.072610294117647,1.0,0.1516544117647058,0.4090073529411764,0.136869118905047,0.9692923898531376,0.2667719021310181,0.58203125,1.0,0.9404145077720208,0.949438202247191,1.0,0.0734618916437098,1.0,0.155188246097337,0.4104683195592286,0.6715843677520752,0.05,5.256957292556763,9.52159595489502
1drxwk,0.330326162387231,0.971336293903916,0.1429669485011529,0.4055666003976143,1.0,0.9442700156985872,0.9489795918367347,1.0,0.197838736492103,1.0,0.0773067331670823,0.2543640897755611,0.325225851285615,0.9713131313131312,0.1216320246343341,0.3954877239548772,0.9873417721518988,0.9442262372348782,0.8144329896907216,0.9770491803278688,0.194675540765391,1.0,0.0657237936772046,0.2479201331114808,0.330326162387231,0.971336293903916,0.1291314373558801,0.4055666003976143,1.0,0.9442700156985872,0.8571428571428571,1.0,0.197838736492103,1.0,0.0698254364089775,0.2543640897755611,1.50040864944458,0.04,3.268980026245117,5.513560771942139
1drzos,0.340393343419062,0.961858833844805,0.2850503485670023,0.4294917680744452,1.0,0.9265202702702704,0.9484536082474226,1.0,0.2051048313582497,1.0,0.1677301731996353,0.2734731084776663,0.3318181818181818,0.9618253620008776,0.2622187742435997,0.421505376344086,0.9776785714285714,0.926458157227388,0.8756476683937824,0.9832775919732442,0.1998175182481751,1.0,0.1541970802919708,0.2682481751824817,0.340393343419062,0.961858833844805,0.2587141750580944,0.4294917680744452,1.0,0.9265202702702704,0.8608247422680413,1.0,0.2051048313582497,1.0,0.1522333637192342,0.2734731084776663,1.388385772705078,0.04,5.308152914047241,5.717310190200806
1dskrv,0.2327892122072391,0.96474234792716,0.2740484429065744,0.4339622641509434,1.0,0.93188622754491,0.99,1.0,0.131726907630522,1.0,0.1590361445783132,0.2771084337349397,0.2274342572850035,0.9647150058162078,0.2661122661122661,0.4181360201511334,0.98159509202454,0.9318352059925094,0.964824120603015,0.9651162790697676,0.1286173633440514,1.0,0.1543408360128617,0.2668810289389067,0.2327892122072391,0.96474234792716,0.2698961937716262,0.4339622641509434,1.0,0.93188622754491,0.975,1.0,0.131726907630522,1.0,0.1566265060240964,0.2771084337349397,1.21286940574646,0.1,5.993464946746826,8.435858011245728
1dsyfg,0.2059352517985611,0.9552310270529089,0.1542725173210161,0.3256399496433068,1.0,0.9142988084326306,0.9823529411764704,1.0,0.1147869674185463,1.0,0.0837092731829574,0.1944862155388471,0.198019801980198,0.9552095808383232,0.1442441054091539,0.3099538009239815,0.9649122807017544,0.9142595139844109,0.9230769230769232,0.9534883720930232,0.1103309929789368,1.0,0.078234704112337,0.1850551654964894,0.2059352517985611,0.9552310270529089,0.1478060046189376,0.3256399496433068,1.0,0.9142988084326306,0.9411764705882352,1.0,0.1147869674185463,1.0,0.0802005012531328,0.1944862155388471,1.6451878547668457,0.08,6.886131286621094,7.8511834144592285
1dt01r,0.1479500891265597,0.9696686887540832,0.3029315960912052,0.5167737330478229,1.0,0.9411231884057972,0.984126984126984,1.0,0.0798845043310875,1.0,0.1790182868142444,0.3484119345524543,0.1392857142857143,0.969640354974311,0.2789559543230016,0.503216583273767,0.951219512195122,0.941069809610154,0.9095744680851064,0.9750692520775625,0.0751445086705202,1.0,0.1647398843930635,0.3391136801541425,0.1479500891265597,0.9696686887540832,0.2850162866449511,0.5167737330478229,1.0,0.9411231884057972,0.925925925925926,1.0,0.0798845043310875,1.0,0.1684311838306063,0.3484119345524543,0.6693365573883057,0.04,5.285443544387817,6.278702020645142
1dt3xh,0.2555205047318611,0.9748788012340238,0.3582531458179127,0.5523560209424083,1.0,0.9509888220120378,0.9877551020408164,1.0,0.1464737793851717,1.0,0.2188065099457504,0.3815551537070524,0.2464454976303317,0.9748566387295986,0.3395107487027428,0.5478374836173001,0.968944099378882,0.950946643717728,0.9385245901639344,0.992874109263658,0.1411764705882353,1.0,0.2072398190045249,0.3782805429864253,0.2555205047318611,0.9748788012340238,0.3478904515173945,0.5523560209424083,1.0,0.9509888220120378,0.9591836734693876,1.0,0.1464737793851717,1.0,0.2124773960216998,0.3815551537070524,1.2277727127075195,0.04,7.064321041107178,6.58315372467041
1dt4va,0.2678571428571429,0.9689234184239732,0.5154726579058924,0.4083865086599817,1.0,0.9397201291711518,0.9918433931484504,1.0,0.1546391752577319,1.0,0.3482245131729667,0.2565864833906071,0.2562065541211519,0.968906163242643,0.5074246924056003,0.4051094890510949,0.9591078066914498,0.9396876682821756,0.977124183006536,0.9932885906040269,0.1478510028653295,1.0,0.3426934097421203,0.2544412607449857,0.2678571428571429,0.9689234184239732,0.5112335735481136,0.4083865086599817,1.0,0.9397201291711518,0.9836867862969004,1.0,0.1546391752577319,1.0,0.345360824742268,0.2565864833906071,1.5298104286193848,0.07,18.055349111557007,10.462899684906006
1dupws,0.2892078681552365,0.975447105183389,0.2050997782705099,0.2991543340380549,1.0,0.9520710059171598,0.9487179487179488,1.0,0.1690490988191423,1.0,0.1149782473586078,0.1758856432566811,0.2831293241085684,0.9754322111010008,0.1442841287458379,0.291005291005291,0.981549815498155,0.9520426287744228,0.6701030927835051,0.975177304964539,0.1654228855721393,1.0,0.0808457711442786,0.1710199004975124,0.2892078681552365,0.975447105183389,0.1441241685144124,0.2991543340380549,1.0,0.9520710059171598,0.6666666666666666,1.0,0.1690490988191423,1.0,0.0807955251709136,0.1758856432566811,1.508979082107544,0.08,5.730990886688232,4.781042098999023
1duv00,0.48005698005698,0.9739844819717024,0.2605177993527508,0.4098360655737704,1.0,0.949288256227758,0.9526627218934912,1.0,0.3158388003748828,1.0,0.1508903467666354,0.2577319587628865,0.4679029957203994,0.97396071265418,0.233387358184765,0.3970149253731343,0.9761904761904762,0.9492430988423864,0.8571428571428571,0.9708029197080292,0.3076923076923077,1.0,0.1350844277673546,0.24953095684803,0.48005698005698,0.9739844819717024,0.2378640776699029,0.4098360655737704,1.0,0.949288256227758,0.8698224852071006,1.0,0.3158388003748828,1.0,0.1377694470477975,0.2577319587628865,1.94390869140625,0.05,4.668534755706787,4.599190473556519
1dv2e8,0.2666666666666667,0.9681314994968132,0.2291285801340645,0.3489702517162471,1.0,0.9382314694408322,0.9494949494949496,1.0,0.1538461538461538,1.0,0.1302841302841302,0.2113652113652113,0.2633794347564642,0.9681101040617658,0.2147651006711409,0.3402061855670103,0.990950226244344,0.9381912817176318,0.8934010152284264,0.9769736842105264,0.1518723994452149,1.0,0.1220527045769764,0.2059639389736477,0.2666666666666667,0.9681314994968132,0.2205971968312005,0.3489702517162471,1.0,0.9382314694408322,0.914141414141414,1.0,0.1538461538461538,1.0,0.1254331254331254,0.2113652113652113,1.5498721599578855,0.05,6.026791095733643,5.794234991073608
1dvij1,0.1430722891566264,0.9659224441833136,0.4781269254467036,0.4242811501597444,1.0,0.9340909090909092,0.9948717948717948,1.0,0.0770478507704785,1.0,0.3146796431467964,0.2692619626926196,0.1402714932126696,0.9658957271658174,0.4639111659469463,0.4120281509916826,0.9893617021276596,0.934040940106141,0.9665809768637532,0.972809667673716,0.0754870129870129,1.0,0.3051948051948052,0.2613636363636363,0.1430722891566264,0.9659224441833136,0.4756623536660505,0.4242811501597444,1.0,0.9340909090909092,0.9897435897435898,1.0,0.0770478507704785,1.0,0.3130575831305758,0.2692619626926196,0.9588325023651124,0.04,10.353448152542114,4.371221542358398
1dw0gq,0.4607977991746905,0.9837362637362638,0.4643835616438356,0.5986224170319349,1.0,0.9679930795847752,0.9941348973607038,1.0,0.2993744414655943,1.0,0.3029490616621983,0.4271671134941912,0.4517906336088154,0.983721953365596,0.4567901234567901,0.5880877742946709,0.9820359281437124,0.967965367965368,0.9794117647058824,0.9832285115303984,0.293381037567084,1.0,0.2978533094812164,0.4194991055456171,0.4607977991746905,0.9837362637362638,0.4547945205479451,0.5986224170319349,1.0,0.9679930795847752,0.9736070381231672,1.0,0.2993744414655943,1.0,0.2966934763181412,0.4271671134941912,2.031419277191162,0.02,8.62562108039856,11.755744934082031
1dwjtx,0.1938178780284043,0.9638876504681232,0.2688941925218774,0.4114621601763409,1.0,0.9302925989672978,0.9602272727272728,1.0,0.1073080481036077,1.0,0.156336725254394,0.2590194264569843,0.1790794979079498,0.963855421686747,0.2549800796812748,0.3944076526857983,0.9304347826086956,0.9302325581395348,0.9142857142857144,0.9605734767025088,0.099074074074074,1.0,0.1481481481481481,0.2481481481481481,0.1938178780284043,0.9638876504681232,0.2577565632458234,0.4114621601763409,1.0,0.9302925989672978,0.9204545454545454,1.0,0.1073080481036077,1.0,0.1498612395929695,0.2590194264569843,0.8648958206176758,0.05,4.947912216186523,3.9255006313323975
1dwukf,0.3182066703116457,0.9679043423536816,0.2383124287343215,0.3920543648719289,1.0,0.9378048780487804,0.9675925925925926,1.0,0.1892067620286086,1.0,0.135890767230169,0.2438231469440832,0.3087027914614121,0.9678841309823678,0.2203196347031963,0.379905808477237,0.9724137931034482,0.9377669310555216,0.8976744186046511,0.9705882352941176,0.1834743005855562,1.0,0.1255692908262849,0.236174365647365,0.3182066703116457,0.9679043423536816,0.2303306727480045,0.3920543648719289,1.0,0.9378048780487804,0.9351851851851852,1.0,0.1892067620286086,1.0,0.1313394018205461,0.2438231469440832,1.782165765762329,0.04,6.713374376296997,5.080477714538574
1dwz3x,0.3211895910780669,0.9796095444685466,0.3316138540899042,0.5708860759493671,1.0,0.9600340136054422,0.986842105263158,1.0,0.1913197519929141,1.0,0.1992914083259521,0.3994685562444641,0.3097542814594192,0.979591836734694,0.3232472324723247,0.5627376425855514,0.9674418604651164,0.96,0.9647577092511012,0.9866666666666668,0.1843971631205673,1.0,0.1941489361702127,0.3936170212765957,0.3211895910780669,0.9796095444685466,0.3301400147383935,0.5708860759493671,1.0,0.9600340136054422,0.9824561403508772,1.0,0.1913197519929141,1.0,0.1984056687333923,0.3994685562444641,1.3105072975158691,0.06,6.3383002281188965,3.483835458755493
1dxlrh,0.2739520958083832,0.959234608985025,0.2967836257309941,0.4237867395762133,1.0,0.9216626698641088,0.944186046511628,1.0,0.1587163920208152,1.0,0.1760624457935819,0.2688638334778838,0.2623688155922039,0.9592006661115736,0.2679355783308931,0.407939767282683,0.9615384615384616,0.9216,0.8551401869158879,0.964401294498382,0.1519097222222222,1.0,0.1588541666666666,0.2586805555555556,0.2739520958083832,0.959234608985025,0.2675438596491228,0.4237867395762133,1.0,0.9216626698641088,0.8511627906976744,1.0,0.1587163920208152,1.0,0.1587163920208152,0.2688638334778838,1.1777727603912354,0.04,6.3248279094696045,2.66180157661438
1dxlxp,0.4323943661971831,N/A,0.3203592814371258,0.5830681094844048,1.0,N/A,0.9596412556053812,1.0,0.2758310871518418,N/A,0.192273135669362,0.4115004492362983,0.4287729196050776,N/A,0.3028485757121439,0.5736137667304015,0.9934640522875816,N/A,0.90990990990991,0.9846827133479212,0.2733812949640288,N/A,0.1816546762589928,0.4046762589928057,0.4323943661971831,N/A,0.309880239520958,0.5830681094844048,1.0,N/A,0.9282511210762332,1.0,0.2758310871518418,N/A,0.1859838274932614,0.4115004492362983,1.7355098724365234,N/A,6.082659006118774,7.525776863098144
1dxzdq,0.8876518218623481,0.9764549089293648,0.3511904761904761,0.4049346879535558,1.0,0.9539930555555556,0.963265306122449,1.0,0.7979981801637852,1.0,0.2147406733393994,0.2538671519563239,0.8875379939209727,0.9764339706536238,0.3353204172876304,0.3895348837209302,1.0,0.9539530842745438,0.9221311475409836,0.9640287769784172,0.7978142076502732,1.0,0.2049180327868852,0.24408014571949,0.8876518218623481,0.9764549089293648,0.3467261904761904,0.4049346879535558,1.0,0.9539930555555556,0.9510204081632652,1.0,0.7979981801637852,1.0,0.2120109190172884,0.2538671519563239,4.493326425552368,0.06,6.676710605621338,3.443552017211914
1dzeym,0.3391977480647432,0.9695973705834018,0.3628808864265928,0.4097035040431266,1.0,0.9409888357256778,0.9924242424242424,1.0,0.2042372881355932,1.0,0.2220338983050847,0.2576271186440678,0.3298097251585624,0.9695723684210528,0.3509015256588071,0.3940620782726046,0.975,0.9409417398244214,0.9619771863117872,0.9636963696369636,0.1984732824427481,1.0,0.2145886344359626,0.2476675148430873,0.3391977480647432,0.9695973705834018,0.3587257617728532,0.4097035040431266,1.0,0.9409888357256778,0.981060606060606,1.0,0.2042372881355932,1.0,0.2194915254237288,0.2576271186440678,1.6781678199768066,0.03,6.94984245300293,4.567981719970703
1dzhjq,0.0711805555555555,0.9720034995625548,0.2220459952418715,0.4935593220338983,1.0,0.945531914893617,0.9333333333333332,1.0,0.0369036903690369,1.0,0.126012601260126,0.3276327632763276,0.0678260869565217,0.9719789842381786,0.2081016679904686,0.4847250509164969,0.975,0.9454855195911414,0.8791946308724832,0.9834710743801652,0.0351351351351351,1.0,0.118018018018018,0.3216216216216216,0.0711805555555555,0.9720034995625548,0.2093576526566217,0.4935593220338983,1.0,0.945531914893617,0.88,1.0,0.0369036903690369,1.0,0.1188118811881188,0.3276327632763276,0.7029893398284912,0.03,4.66050124168396,15.9779634475708
1e1x1y,0.1882001493651979,0.97429718875502,0.3963011889035667,0.5481747456612807,1.0,0.9498825371965544,0.9966777408637874,1.0,0.1038746908491343,1.0,0.247320692497939,0.3775762572135201,0.1839940164547494,0.9742765273311896,0.3796296296296296,0.5368484122228879,0.984,0.9498432601880876,0.9566666666666668,0.9803063457330417,0.1014851485148514,1.0,0.2367986798679868,0.3696369636963696,0.1882001493651979,0.97429718875502,0.392338177014531,0.5481747456612807,1.0,0.9498825371965544,0.9867109634551496,1.0,0.1038746908491343,1.0,0.2448474855729596,0.3775762572135201,1.112846851348877,0.04,8.206414937973022,8.116324186325073
1e1ydu,0.2602076124567474,0.9778296382730456,0.2356995175740868,0.3536345776031434,1.0,0.95662100456621,0.8814432989690721,1.0,0.1495624502784407,1.0,0.1360381861575179,0.2147971360381861,0.2508662508662508,0.9778123783573376,0.1145617667356797,0.3436065573770491,0.9679144385026738,0.9565879664889566,0.4300518134715025,0.9739776951672864,0.144108280254777,1.0,0.0660828025477707,0.2085987261146497,0.2602076124567474,0.9778296382730456,0.1254307374224672,0.3536345776031434,1.0,0.95662100456621,0.4690721649484536,1.0,0.1495624502784407,1.0,0.0723945902943516,0.2147971360381861,1.4154703617095947,0.04,5.406438827514648,4.29774022102356
1e28x2,0.2181818181818182,0.963934426229508,0.2593957258658806,0.3956343792633015,1.0,0.930379746835443,0.9723756906077348,1.0,0.1224489795918367,1.0,0.1496598639455782,0.2465986394557823,0.2109256449165402,0.9639048400328136,0.2450184501845018,0.3893442622950819,0.972027972027972,0.9303246239113222,0.9222222222222224,0.986159169550173,0.1182978723404255,1.0,0.1412765957446808,0.2425531914893617,0.2181818181818182,0.963934426229508,0.2490788504053058,0.3956343792633015,1.0,0.930379746835443,0.9337016574585636,1.0,0.1224489795918367,1.0,0.1437074829931972,0.2465986394557823,1.212244749069214,0.06,4.963364362716675,4.2718589305877686
1e2w8e,0.3201219512195122,0.976517501107665,0.2438638163103721,0.3770250368188513,1.0,0.954112554112554,0.9565217391304348,1.0,0.190562613430127,1.0,0.1397459165154265,0.2323049001814882,0.3099236641221374,0.9764966740576496,0.2268041237113402,0.3657817109144543,0.971291866028708,0.9540727902946274,0.89375,0.9725490196078432,0.184377838328792,1.0,0.1298819255222525,0.2252497729336966,0.3201219512195122,0.976517501107665,0.2327790973871734,0.3770250368188513,1.0,0.954112554112554,0.9130434782608696,1.0,0.190562613430127,1.0,0.1333938294010889,0.2323049001814882,1.3970885276794434,0.03,4.685014724731445,2.485214948654175
1e3k2h,0.2138919514884233,0.975609756097561,0.1725097384529771,0.3054393305439331,1.0,0.9523809523809524,0.8757062146892656,1.0,0.119753086419753,1.0,0.095679012345679,0.1802469135802469,0.2086092715231788,0.9755950587526364,0.0935933147632312,0.2952879581151832,0.9792746113989638,0.9523529411764706,0.4772727272727273,0.9690721649484536,0.1167387276096355,1.0,0.0518838789376158,0.1741815935762816,0.2138919514884233,0.975609756097561,0.1090706733444629,0.3054393305439331,1.0,0.9523809523809524,0.5536723163841808,1.0,0.119753086419753,1.0,0.0604938271604938,0.1802469135802469,1.2403571605682373,0.05,6.365658044815064,6.379041194915772
1e3ppf,0.4772891131939438,0.958692691783931,0.4457478005865103,0.4060377358490566,1.0,0.9206625980819528,0.987012987012987,1.0,0.3134469696969697,1.0,0.2878787878787879,0.2547348484848485,0.467870036101083,0.9586551567469332,0.4273127753303964,0.3960695389266817,0.9818181818181818,0.9205933682373472,0.9478827361563518,0.9776119402985076,0.3071090047393365,1.0,0.2758293838862559,0.2483412322274881,0.4772891131939438,0.958692691783931,0.4428152492668622,0.4060377358490566,1.0,0.9206625980819528,0.9805194805194806,1.0,0.3134469696969697,1.0,0.2859848484848485,0.2547348484848485,2.073500871658325,0.03,8.149682998657227,4.966490030288696
1e4b5t,0.2232398397252432,0.9706066291432144,0.351508734780307,0.4495504495504495,1.0,0.942891859052248,0.9851632047477744,1.0,0.1256443298969072,1.0,0.2139175257731958,0.2899484536082474,0.2177650429799426,0.9705882352941176,0.3423423423423423,0.4379999999999999,0.979381443298969,0.9428571428571428,0.9613095238095238,0.975501113585746,0.1225016118633139,1.0,0.2082527401676338,0.2823984526112185,0.2232398397252432,0.9706066291432144,0.3472736897829539,0.4495504495504495,1.0,0.942891859052248,0.973293768545994,1.0,0.1256443298969072,1.0,0.211340206185567,0.2899484536082474,1.2954189777374268,0.05,9.782968282699583,7.457056999206543
1e5rxr,0.3471252015045675,0.980242192479286,0.2507026419336706,0.3255307566684812,1.0,0.96125,0.925311203319502,1.0,0.2100130039011703,1.0,0.1449934980494148,0.194408322496749,0.3388918773534158,0.9802295918367347,0.1564434440067529,0.3171662125340599,0.9782608695652174,0.9612257661038148,0.5791666666666667,0.976510067114094,0.2049446974625894,1.0,0.0904359141184125,0.1893298633702017,0.3471252015045675,0.980242192479286,0.178752107925801,0.3255307566684812,1.0,0.96125,0.6597510373443983,1.0,0.2100130039011703,1.0,0.1033810143042913,0.194408322496749,1.8444020748138428,0.05,7.069686412811279,9.71520972251892
1e5t78,0.3819764464925755,0.9768160741885626,0.2829268292682926,0.4562774792379092,1.0,0.9546827794561934,0.9849056603773584,1.0,0.2360759493670886,1.0,0.1651898734177215,0.2955696202531646,0.372116863147104,0.9768017321373338,0.2669560499186109,0.4430317848410757,0.9758064516129032,0.9546553808948004,0.9318181818181818,0.9721030042918456,0.2298923369221026,1.0,0.155794806839772,0.2868904369854338,0.3819764464925755,0.9768160741885626,0.2764227642276423,0.4562774792379092,1.0,0.9546827794561934,0.9622641509433962,1.0,0.2360759493670886,1.0,0.1613924050632911,0.2955696202531646,2.0613760948181152,0.04,7.633108615875244,6.639785289764404
1e64vi,0.1740181268882175,0.9651868412647716,0.2443543717429067,0.3682505399568034,1.0,0.932716049382716,0.976851851851852,1.0,0.0953011250827266,1.0,0.1396426207809397,0.2256783587028458,0.1705989110707803,0.9651645893256632,0.2353623188405797,0.3556756756756757,0.986013986013986,0.932674490426189,0.944186046511628,0.9676470588235294,0.0933774834437086,1.0,0.1344370860927152,0.2178807947019867,0.1740181268882175,0.9651868412647716,0.2362478286045165,0.3682505399568034,1.0,0.932716049382716,0.9444444444444444,1.0,0.0953011250827266,1.0,0.1350099272005294,0.2256783587028458,1.0168728828430176,0.05,6.415761947631836,5.70132851600647
1e69c6,0.3140043763676148,0.9759341355288156,0.2052173913043478,0.343010752688172,1.0,0.95299938157081,0.9619565217391304,1.0,0.1862426995457495,1.0,0.1148604802076573,0.2070084360804672,0.3066812705366922,0.9759188846641318,0.1903656413232733,0.3358449946178687,0.9790209790209792,0.9529702970297028,0.8961748633879781,0.981132075471698,0.1818181818181818,1.0,0.1064935064935064,0.2025974025974026,0.3140043763676148,0.9759341355288156,0.1982608695652173,0.343010752688172,1.0,0.95299938157081,0.9293478260869564,1.0,0.1862426995457495,1.0,0.1109669046073977,0.2070084360804672,1.7807319164276123,0.04,5.465845823287964,6.241854906082153
1e6aww,0.2470997679814385,0.9651868412647716,0.2240469208211144,0.3925531914893617,1.0,0.932716049382716,0.9845360824742267,1.0,0.1409662475181998,1.0,0.1264063534083388,0.2442091330244871,0.2415795586527293,0.9651645893256632,0.2125660598943042,0.3812566560170394,0.981132075471698,0.932674490426189,0.9378238341968912,0.9728260869565216,0.1377483443708609,1.0,0.1198675496688741,0.2370860927152318,0.2470997679814385,0.9651868412647716,0.2158357771260997,0.3925531914893617,1.0,0.932716049382716,0.9484536082474226,1.0,0.1409662475181998,1.0,0.1217736598279285,0.2442091330244871,1.4293971061706543,0.07,5.932475328445435,3.711822509765625
1e6ufq,0.2053639846743294,0.9758333333333332,0.3238231098430812,0.3747397640527412,1.0,0.9528071602929212,0.9826839826839828,1.0,0.1144321093082835,1.0,0.1938514090520922,0.2305721605465414,0.2010744435917114,0.97581317764804,0.2971428571428572,0.3613620569840166,0.9849624060150376,0.9527687296416938,0.9043478260869564,0.966542750929368,0.1119658119658119,1.0,0.1777777777777777,0.2222222222222222,0.2053639846743294,0.9758333333333332,0.3152639087018545,0.3747397640527412,1.0,0.9528071602929212,0.9567099567099568,1.0,0.1144321093082835,1.0,0.1887275832621691,0.2305721605465414,1.119767427444458,0.04,6.468899488449097,3.977444648742676
1e73ry,0.393984962406015,0.9717925386715196,0.3320342946219797,0.6210458360232408,1.0,0.9451327433628318,0.9906976744186048,1.0,0.245318352059925,1.0,0.199438202247191,0.450374531835206,0.3840361445783132,0.971766848816029,0.321623731459797,0.6089204912734324,0.9770114942528736,0.9450841452612933,0.9626168224299064,0.98125,0.2389878163074039,1.0,0.1930646672914714,0.4414245548266167,0.393984962406015,0.9717925386715196,0.3289166017147311,0.6210458360232408,1.0,0.9451327433628318,0.9813953488372092,1.0,0.245318352059925,1.0,0.197565543071161,0.450374531835206,1.4467015266418457,0.05,5.687587022781372,10.884589910507202
1e788d,0.494212380473075,0.9726918075422628,0.2247191011235955,0.4093567251461988,1.0,0.9468354430379748,0.9743589743589745,1.0,0.3282085561497326,1.0,0.1270053475935829,0.2573529411764705,0.4846347607052896,0.9726740403383214,0.2036708111308466,0.3970196913251729,0.9816326530612244,0.9468017732742242,0.8865979381443299,0.9713541666666666,0.3217391304347826,1.0,0.1150501672240802,0.2494983277591973,0.494212380473075,0.9726918075422628,0.215257244234181,0.4093567251461988,1.0,0.9468354430379748,0.9333333333333332,1.0,0.3282085561497326,1.0,0.1216577540106951,0.2573529411764705,2.782479763031006,0.12,6.067378520965576,6.325250625610352
1e7fq2,0.2760115606936416,0.9734802121583028,0.4873417721518987,0.3499308437067773,1.0,0.9483306836248012,0.9948320413436692,1.0,0.1601005867560771,1.0,0.3227158424140821,0.2120704107292539,0.2677279305354558,0.9734585545120455,0.4778200253485424,0.3365650969529086,0.9736842105263158,0.9482895783611774,0.9766839378238342,0.9642857142857144,0.1552013422818792,1.0,0.3162751677852349,0.2038590604026845,0.2760115606936416,0.9734802121583028,0.4835443037974684,0.3499308437067773,1.0,0.9483306836248012,0.9870801033591732,1.0,0.1601005867560771,1.0,0.3202011735121542,0.2120704107292539,1.3708858489990234,0.06,10.017757177352903,3.83868145942688
1e8ijt,0.3736920777279521,0.9722966934763182,0.3169230769230769,0.3552532123960695,1.0,0.9460869565217392,0.9716981132075472,1.0,0.2297794117647058,1.0,0.1893382352941176,0.2159926470588235,0.3637724550898203,0.9722719141323792,0.2927580893682588,0.3421650264950794,0.9759036144578314,0.9460400348128808,0.9004739336492891,0.9658119658119658,0.2235510579576816,1.0,0.1747930082796688,0.2079116835326586,0.3736920777279521,0.9722966934763182,0.3030769230769231,0.3552532123960695,1.0,0.9460869565217392,0.929245283018868,1.0,0.2297794117647058,1.0,0.1810661764705882,0.2159926470588235,1.684162139892578,0.06,6.037326097488403,2.323589324951172
1e8iq3,0.1742160278745644,0.9681293302540416,0.4231057764441109,0.4287856071964018,1.0,0.9382273948075202,0.9894736842105264,1.0,0.0954198473282442,1.0,0.2690839694656488,0.2729007633587786,0.1710296684118673,0.9680998613037448,0.4117205108940646,0.4174174174174174,0.98989898989899,0.9381720430107529,0.9647887323943662,0.975438596491228,0.0936007640878701,1.0,0.2617000955109838,0.265520534861509,0.1742160278745644,0.9681293302540416,0.4201050262565641,0.4287856071964018,1.0,0.9382273948075202,0.9824561403508772,1.0,0.0954198473282442,1.0,0.2671755725190839,0.2729007633587786,0.7773029804229736,0.04,7.783108949661255,3.316157341003418
1e8zxl,0.42470506592644,0.9750859106529208,0.2796674225245653,0.5230969420949902,1.0,0.9513830678960604,0.9840425531914894,1.0,0.2696035242290749,1.0,0.1629955947136563,0.3541850220264317,0.4169562195969423,0.9750644883920896,0.25889477668433,0.5159609120521172,0.9836065573770492,0.9513422818791948,0.9144385026737968,0.9875311720698254,0.2645502645502645,1.0,0.1507936507936507,0.3492063492063492,0.42470506592644,0.9750859106529208,0.2630385487528344,0.5230969420949902,1.0,0.9513830678960604,0.925531914893617,1.0,0.2696035242290749,1.0,0.1533039647577092,0.3541850220264317,1.835813283920288,0.08,5.256609678268433,8.047109365463257
1e9cjx,0.1814791796146675,0.9733865602129076,0.2764705882352941,0.3067129629629629,1.0,0.948152948801037,0.9915611814345991,1.0,0.099794941900205,1.0,0.1606288448393711,0.1811346548188653,0.1729931549471064,0.9733688415446072,0.2650176678445229,0.2954808806488992,0.9586206896551724,0.948119325551232,0.9533898305084746,0.9659090909090908,0.0950752393980848,1.0,0.1538987688098495,0.1744186046511628,0.1814791796146675,0.9733865602129076,0.2752941176470588,0.3067129629629629,1.0,0.948152948801037,0.9873417721518988,1.0,0.099794941900205,1.0,0.1599453178400547,0.1811346548188653,1.3400273323059082,0.11,7.066956996917725,3.969925165176392
1e9hz9,0.2589703588143525,0.9658156642146256,0.4661654135338346,0.4158977998580553,1.0,0.9338912133891212,0.9827089337175792,1.0,0.1487455197132616,1.0,0.3055555555555556,0.2625448028673835,0.2484375,0.9657860545690776,0.4476386036960985,0.3980099502487562,0.9636363636363636,0.9338358458961474,0.9450867052023122,0.958904109589041,0.1426008968609865,1.0,0.2932735426008969,0.2511210762331838,0.2589703588143525,0.9658156642146256,0.4593301435406698,0.4158977998580553,1.0,0.9338912133891212,0.968299711815562,1.0,0.1487455197132616,1.0,0.3010752688172043,0.2625448028673835,1.329723834991455,0.05,9.138674020767212,3.263136386871338
1e9ws9,0.1809128630705394,0.9660643455266638,0.2934782608695652,0.4453900709219858,1.0,0.9343563512361468,0.984375,1.0,0.0994525547445255,1.0,0.1724452554744525,0.2864963503649635,0.1745635910224438,0.9660344067048964,0.2799377916018662,0.4389204545454546,0.9722222222222222,0.9343003412969284,0.9424083769633508,0.987220447284345,0.0958904109589041,1.0,0.1643835616438356,0.2821917808219178,0.1809128630705394,0.9660643455266638,0.281055900621118,0.4453900709219858,1.0,0.9343563512361468,0.9427083333333334,1.0,0.0994525547445255,1.0,0.1651459854014598,0.2864963503649635,0.984757661819458,0.06,5.383745670318604,4.991377115249634
1ead4m,0.3733133433283358,0.9674543022737404,0.2832550860719874,0.5714285714285715,1.0,0.9369602763385146,0.9378238341968912,1.0,0.2294930875576037,1.0,0.1668202764976958,0.4,0.3603603603603603,0.967425256581883,0.2601880877742947,0.5642715886618326,0.967741935483871,0.9369057908383752,0.8645833333333334,0.9884526558891455,0.2214022140221402,1.0,0.1531365313653136,0.3948339483394834,0.3733133433283358,0.9674543022737404,0.2769953051643192,0.5714285714285715,1.0,0.9369602763385146,0.917098445595855,1.0,0.2294930875576037,1.0,0.1631336405529954,0.4,1.6813983917236328,0.04,5.602623462677002,7.248093605041504
1earru,0.2032085561497326,0.9655172413793104,0.3850847457627118,0.3967280163599182,1.0,0.9333333333333332,0.9498327759197324,1.0,0.1130952380952381,1.0,0.2414965986394557,0.2474489795918367,0.2004590665646518,0.9654889071487264,0.3584521384928716,0.3822525597269625,0.9924242424242424,0.9332803812549644,0.8859060402684564,0.9655172413793104,0.1114893617021276,1.0,0.2246808510638298,0.2382978723404255,0.2032085561497326,0.9655172413793104,0.3647457627118644,0.3967280163599182,1.0,0.9333333333333332,0.8996655518394648,1.0,0.1130952380952381,1.0,0.2287414965986394,0.2474489795918367,1.1018030643463137,0.04,7.741550445556641,4.591514825820923
1eay7x,0.2153110047846889,0.9551856594110116,0.4727520435967302,0.4327731092436975,1.0,0.9142156862745098,0.994269340974212,1.0,0.1206434316353887,1.0,0.3100983020554066,0.2761394101876676,0.2076677316293929,0.9551473729175568,0.4542974079126875,0.4165497896213183,0.9701492537313432,0.9141455437448897,0.956896551724138,0.9642857142857144,0.1162790697674418,1.0,0.2978533094812164,0.2656529516994633,0.2153110047846889,0.9551856594110116,0.4659400544959128,0.4327731092436975,1.0,0.9142156862745098,0.9799426934097422,1.0,0.1206434316353887,1.0,0.3056300268096514,0.2761394101876676,1.0718908309936523,0.05,8.959211349487305,5.431297302246094
1eb95r,0.6127504553734062,0.9642947581666246,0.2389298892988929,0.378884631758195,1.0,0.9310513447432764,0.981060606060606,1.0,0.4417016806722689,1.0,0.1360294117647058,0.2337184873949579,0.6124681006197594,0.9642766658221432,0.2234533702677747,0.3706859821048146,1.0,0.9310176125244618,0.9201520912547528,0.9797297297297296,0.441408302679979,1.0,0.1271676300578034,0.2285864424592748,0.6127504553734062,0.9642947581666246,0.2306273062730627,0.378884631758195,1.0,0.9310513447432764,0.946969696969697,1.0,0.4417016806722689,1.0,0.1313025210084033,0.2337184873949579,4.619457960128784,0.09,8.967931509017944,10.770077228546144
1ebkr7,0.3543913713405239,0.9861495844875346,0.3255813953488372,0.5207756232686981,1.0,0.9726775956284152,0.945945945945946,1.0,0.2153558052434457,1.0,0.196629213483146,0.352059925093633,0.3441358024691358,0.9861367837338264,0.3090062111801242,0.5159500693481276,0.9737991266375546,0.9726526891522334,0.9004524886877828,0.992,0.2089971883786316,1.0,0.1865042174320524,0.3486410496719775,0.3543913713405239,0.9861495844875346,0.2697674418604651,0.5207756232686981,1.0,0.9726775956284152,0.7837837837837838,1.0,0.2153558052434457,1.0,0.1629213483146067,0.352059925093633,1.3935744762420654,0.04,6.314512491226196,4.835617780685425
1ebp3c,0.2228739002932551,0.960380348652932,0.2184750733137829,0.4167210973220118,1.0,0.923780487804878,0.9802631578947368,1.0,0.1254125412541254,1.0,0.1229372937293729,0.2632013201320132,0.2085168869309838,0.9603489294210944,0.2026431718061673,0.4015696533682145,0.9403973509933776,0.92372234935164,0.913907284768212,0.9654088050314464,0.1172584640792733,1.0,0.1139554087530966,0.2535094962840628,0.2228739002932551,0.960380348652932,0.2067448680351906,0.4167210973220118,1.0,0.923780487804878,0.9276315789473684,1.0,0.1254125412541254,1.0,0.1163366336633663,0.2632013201320132,1.1529548168182373,0.08,4.668315410614014,5.707653284072876
1ec94n,0.2794022092267706,0.966070777088654,0.2254836557705136,0.4228707564026206,1.0,0.9343683839096684,0.9657142857142856,1.0,0.1623867069486405,1.0,0.127643504531722,0.2681268882175227,0.2667534157449576,0.9660460021905806,0.2137608550434201,0.4162194394752535,0.9579439252336448,0.934322033898305,0.9195402298850576,0.9858757062146892,0.1549508692365835,1.0,0.1209372637944066,0.2637944066515495,0.2794022092267706,0.966070777088654,0.2214809873248832,0.4228707564026206,1.0,0.9343683839096684,0.9485714285714286,1.0,0.1623867069486405,1.0,0.1253776435045317,0.2681268882175227,1.876854419708252,0.08,5.341180324554443,4.414218664169312
1ecb2p,0.4359550561797753,0.9725197950628784,0.2291491154170176,0.5863236289776574,1.0,0.9465095194922938,0.951048951048951,1.0,0.278735632183908,1.0,0.1302681992337164,0.4147509578544061,0.4276069017254314,0.9724941724941726,0.2143459915611814,0.5776271186440678,0.9827586206896552,0.9464609800362976,0.8943661971830986,0.9861111111111112,0.2732502396931927,1.0,0.12176414189837,0.4084372003835091,0.4359550561797753,0.9725197950628784,0.2207245155855096,0.5863236289776574,1.0,0.9465095194922938,0.916083916083916,1.0,0.278735632183908,1.0,0.1254789272030651,0.4147509578544061,2.1321637630462646,0.04,4.499293327331543,7.690418004989624
1ecbod,0.0454914703493095,0.9651022864019252,0.5496091401082381,0.3981358189081225,1.0,0.9325581395348838,0.9934782608695653,1.0,0.0232751454696591,1.0,0.3798836242726517,0.2485453034081463,0.0439381611065907,0.9650742673625052,0.5358217940999398,0.384,1.0,0.9325058184639256,0.9694989106753812,0.9664429530201344,0.0224625623960066,1.0,0.370216306156406,0.2396006655574043,0.0454914703493095,0.9651022864019252,0.5472038484666266,0.3981358189081225,1.0,0.9325581395348838,0.9891304347826086,1.0,0.0232751454696591,1.0,0.3782211138819618,0.2485453034081463,0.5910308361053467,0.05,11.64024257659912,5.376176595687866
1ectis,0.2115541090317331,0.9687086822388716,0.3333333333333333,0.3920994879297731,1.0,0.9393162393162392,0.973568281938326,1.0,0.1182893539581437,1.0,0.2010919017288444,0.2438580527752502,0.1988590057049714,0.968681076312307,0.3187311178247735,0.3809523809523809,0.9457364341085271,0.9392643284858854,0.9336283185840708,0.9737827715355806,0.1111111111111111,1.0,0.192167577413479,0.2367941712204007,0.2115541090317331,0.9687086822388716,0.3273001508295626,0.3920994879297731,1.0,0.9393162393162392,0.9559471365638766,1.0,0.1182893539581437,1.0,0.197452229299363,0.2438580527752502,1.0326271057128906,0.07,6.158853530883789,3.5496718883514404
1ed6wk,0.1980609418282548,0.9644180874722016,0.2813938198553583,0.3624921334172435,1.0,0.9312813171080888,0.9727272727272728,1.0,0.1099154496541122,1.0,0.1644888547271329,0.2213681783243658,0.19001386962552,0.9643916913946587,0.2685977616853193,0.3478260869565218,0.9647887323943662,0.9312320916905444,0.9315068493150684,0.9616724738675958,0.1053846153846153,1.0,0.1569230769230769,0.2123076923076923,0.1980609418282548,0.9644180874722016,0.2748191978961209,0.3624921334172435,1.0,0.9312813171080888,0.95,1.0,0.1099154496541122,1.0,0.1606456571867794,0.2213681783243658,1.3710942268371582,0.11,6.882482528686523,5.987486362457275
1ed7l1,0.2573643410852713,0.9748482220294884,0.3217197924388436,0.3710144927536232,1.0,0.9509306260575296,0.9644444444444444,1.0,0.1476868327402135,1.0,0.1930604982206405,0.2277580071174377,0.25,0.9748263888888888,0.3014105419450631,0.3642960812772133,0.9757575757575756,0.9508890770533446,0.90625,0.984313725490196,0.1433659839715049,1.0,0.1807658058771148,0.2235084594835262,0.2573643410852713,0.9748482220294884,0.3098591549295775,0.3710144927536232,1.0,0.9509306260575296,0.9288888888888888,1.0,0.1476868327402135,1.0,0.1859430604982206,0.2277580071174377,1.1055171489715576,0.05,5.7777063846588135,3.2494943141937256
1edqfe,0.2075702075702075,0.9696169088507266,0.3091954022988505,0.3570229434806939,1.0,0.941025641025641,0.9889705882352942,1.0,0.1158038147138964,1.0,0.1832425068119891,0.2173024523160762,0.2029339853300733,0.969596827495043,0.2957422324510932,0.3495798319327731,0.9822485207100592,0.940987812700449,0.948339483394834,0.981132075471698,0.1131561008861622,1.0,0.1751874573960463,0.2126789366053169,0.2075702075702075,0.9696169088507266,0.2999999999999999,0.3570229434806939,1.0,0.941025641025641,0.9595588235294118,1.0,0.1158038147138964,1.0,0.1777929155313351,0.2173024523160762,1.3158016204833984,0.05,7.743307828903198,5.380328416824341
1eeias,0.2491349480968858,0.9774629748873148,0.3981042654028436,0.469758064516129,1.0,0.9559193954659948,0.9921259842519684,1.0,0.1422924901185771,1.0,0.2490118577075099,0.3069828722002635,0.2471131639722864,0.9774484536082474,0.3879810226673695,0.4651866801210898,0.9953488372093025,0.9558916194076874,0.968421052631579,0.9913978494623656,0.1410678971654581,1.0,0.2425840474620962,0.3038892551087673,0.2491349480968858,0.9774629748873148,0.3959978936282253,0.469758064516129,1.0,0.9559193954659948,0.9868766404199476,1.0,0.1422924901185771,1.0,0.2476943346508563,0.3069828722002635,1.4108710289001465,0.05,10.427304983139038,4.4883809089660645
1efp5z,0.7435897435897436,0.9681185451279748,0.5089408528198074,0.6081342801807618,1.0,0.938207136640557,0.9840425531914894,1.0,0.5918367346938775,1.0,0.3432282003710575,0.4369202226345083,0.7432905484247374,0.9680898876404496,0.4931129476584022,0.6050420168067226,1.0,0.9381533101045296,0.9546666666666668,0.9957446808510638,0.5914577530176416,1.0,0.3324048282265552,0.4345403899721448,0.7435897435897436,0.9681185451279748,0.5048143053645117,0.6081342801807618,1.0,0.938207136640557,0.976063829787234,1.0,0.5918367346938775,1.0,0.3404452690166976,0.4369202226345083,3.4572396278381348,0.06,9.679074764251707,4.910287857055664
1eft5v,0.2277691107644305,0.9663972777541472,0.2553516819571865,0.448087431693989,1.0,0.9349794238683128,0.9709302325581396,1.0,0.1285211267605633,1.0,0.1470070422535211,0.2887323943661972,0.2234375,0.9663686675180928,0.2480857580398162,0.4377564979480164,0.986206896551724,0.9349258649093904,0.9473684210526316,0.9785932721712538,0.1259911894273127,1.0,0.1427312775330396,0.2819383259911894,0.2277691107644305,0.9663972777541472,0.2492354740061161,0.448087431693989,1.0,0.9349794238683128,0.9476744186046512,1.0,0.1285211267605633,1.0,0.1434859154929577,0.2887323943661972,1.1044728755950928,0.06,4.981618404388428,4.131248950958252
1efuqr,0.2327848872638635,0.9657009657009656,0.2148557397176182,0.4832635983263598,1.0,0.9336767546683836,0.9776536312849162,1.0,0.1317241379310345,1.0,0.1206896551724138,0.3186206896551724,0.2220866381940207,0.9656781072975676,0.2028272894898586,0.4670157068062827,0.9578947368421052,0.9336340206185568,0.9269662921348316,0.9674620390455532,0.1256038647342995,1.0,0.113871635610766,0.3077984817115252,0.2327848872638635,0.9657009657009656,0.2062615101289134,0.4832635983263598,1.0,0.9336767546683836,0.9385474860335196,1.0,0.1317241379310345,1.0,0.1158620689655172,0.3186206896551724,1.457245111465454,0.07,5.409801483154297,8.17189073562622
1eg4zy,0.176391982182628,0.9692234848484848,0.208041958041958,0.2534129692832764,1.0,0.9402847955902618,0.9875518672199172,1.0,0.0967269174401563,1.0,0.1162677088422081,0.1450903761602344,0.1711992866696389,0.9692089057318806,0.1968503937007874,0.242527754056362,0.9746192893401016,0.9402573529411764,0.9375,0.9594594594594594,0.093841642228739,1.0,0.1099706744868035,0.1388074291300097,0.176391982182628,0.9692234848484848,0.1984265734265734,0.2534129692832764,1.0,0.9402847955902618,0.941908713692946,1.0,0.0967269174401563,1.0,0.1108939912066438,0.1450903761602344,1.4807913303375244,0.11,8.743662595748901,4.927349328994751
1eg6id,0.5026086956521739,0.9761904761904764,0.2106350025813113,0.4143646408839779,1.0,0.9534883720930232,0.9488372093023256,1.0,0.3356562137049942,1.0,0.1184668989547038,0.2613240418118467,0.4908616187989555,0.9761769710720364,0.1509043927648578,0.4055299539170506,0.977469670710572,0.9534626038781164,0.6822429906542056,0.979955456570156,0.3277164439279488,1.0,0.0848343986054619,0.2556653108657757,0.5026086956521739,0.9761904761904764,0.1600413009808982,0.4143646408839779,1.0,0.9534883720930232,0.7209302325581395,1.0,0.3356562137049942,1.0,0.0900116144018583,0.2613240418118467,3.104255199432373,0.09,7.277377128601074,4.814653396606445
1eglai,0.7545620437956203,0.9656880084895648,0.2720403022670025,0.3333333333333333,1.0,0.9336525307797536,0.968609865470852,1.0,0.6058608058608058,1.0,0.1582417582417582,0.2,0.752511415525114,0.9656637168141592,0.2496847414880202,0.323960880195599,0.9975786924939468,0.9336071184120466,0.8918918918918919,0.9742647058823528,0.6041055718475073,1.0,0.1451612903225806,0.1942815249266862,0.7545620437956203,0.9656880084895648,0.2607052896725441,0.3333333333333333,1.0,0.9336525307797536,0.9282511210762332,1.0,0.6058608058608058,1.0,0.1516483516483516,0.2,4.815016984939575,0.06,6.507727861404419,3.3752427101135254
1egnz8,0.5850778314546431,0.975212726600074,0.271717831482691,0.3231552162849873,1.0,0.951624548736462,0.976525821596244,1.0,0.4135053110773899,1.0,0.1578148710166919,0.1927162367223065,0.5738850080601827,0.9751943724546464,0.2576847612818836,0.313375796178344,0.9816176470588236,0.9515895953757224,0.929245283018868,0.9723320158102768,0.4054669703872437,1.0,0.14958238420653,0.1867881548974943,0.5850778314546431,0.975212726600074,0.2220770738079686,0.3231552162849873,1.0,0.951624548736462,0.7981220657276995,1.0,0.4135053110773899,1.0,0.1289833080424886,0.1927162367223065,3.1741268634796143,0.06,6.416467905044556,4.813508987426758
1egx2z,0.2533333333333333,0.966789667896679,0.1888352860096485,0.3470031545741325,1.0,0.9357142857142856,0.9716312056737588,1.0,0.1450381679389313,1.0,0.1045801526717557,0.2099236641221374,0.2443257676902536,0.966765140324963,0.1794340924775707,0.3423878711307643,0.9682539682539684,0.9356683345246604,0.9285714285714286,0.9890510948905108,0.1398013750954927,1.0,0.0993124522536287,0.2070282658517952,0.2533333333333333,0.966789667896679,0.1819434872501723,0.3470031545741325,1.0,0.9357142857142856,0.9361702127659576,1.0,0.1450381679389313,1.0,0.1007633587786259,0.2099236641221374,1.4638912677764893,0.1,4.62383246421814,5.034222602844238
1eh9i5,0.2227979274611399,0.9675599435825106,0.356078431372549,0.5557894736842105,1.0,0.9371584699453552,0.9227642276422764,1.0,0.1253644314868804,1.0,0.2206025267249757,0.3848396501457726,0.2162629757785467,0.967529411764706,0.1932443047918303,0.5439212930428673,0.9765625,0.9371011850501368,0.5020408163265306,0.979746835443038,0.1215953307392996,1.0,0.1196498054474708,0.3764591439688716,0.2227979274611399,0.9675599435825106,0.2415686274509804,0.5557894736842105,1.0,0.9371584699453552,0.6260162601626016,1.0,0.1253644314868804,1.0,0.1496598639455782,0.3848396501457726,1.014845609664917,0.03,6.437157154083252,12.281678915023804
1ehdd5,0.708502024291498,0.9672528805336568,0.3903177004538578,0.4567005321722303,1.0,0.9365825014679976,0.9974226804123713,1.0,0.54858934169279,1.0,0.2426332288401254,0.2959247648902821,0.7066450567260939,0.967233009708738,0.3806158505805149,0.4484261501210653,0.9977116704805492,0.936545240893067,0.9741602067183462,0.9830148619957536,0.5470514429109159,1.0,0.2365119196988707,0.2904642409033877,0.708502024291498,0.9672528805336568,0.3872919818456883,0.4567005321722303,1.0,0.9365825014679976,0.9896907216494846,1.0,0.54858934169279,1.0,0.2407523510971786,0.2959247648902821,4.172327280044556,0.05,10.758834838867188,8.709448099136353
1ehyiv,0.2108079186730872,0.9636887608069163,0.374818401937046,0.3719571567672833,1.0,0.9299221357063404,0.9847328244274808,1.0,0.117822966507177,1.0,0.2314593301435406,0.2284688995215311,0.2024638457418318,0.9636678200692042,0.3645176926805623,0.3596491228070175,0.9642857142857144,0.9298831385642736,0.9591836734693876,0.968503937007874,0.1131059245960502,1.0,0.225014961101137,0.2208258527827648,0.2108079186730872,0.9636887608069163,0.3699757869249395,0.3719571567672833,1.0,0.9299221357063404,0.9720101781170484,1.0,0.117822966507177,1.0,0.2284688995215311,0.2284688995215311,1.4792838096618652,0.06,12.00810933113098,6.637682914733887
1eifiu,0.2247317899491812,0.9739776951672864,0.2192090395480226,0.3060344827586207,1.0,0.9492753623188406,0.9797979797979798,1.0,0.126590330788804,1.0,0.1234096692111959,0.1806615776081425,0.2148106274731486,0.9739615623062616,0.2047511312217194,0.2955771305285868,0.9595959595959596,0.9492447129909366,0.9187817258883249,0.9681978798586572,0.120942075111394,1.0,0.1152132399745385,0.1744112030553787,0.2247317899491812,0.9739776951672864,0.2090395480225988,0.3060344827586207,1.0,0.9492753623188406,0.9343434343434344,1.0,0.126590330788804,1.0,0.1176844783715012,0.1806615776081425,1.2498703002929688,0.06,5.880538940429688,3.474340915679932
1eizoh,0.2608695652173913,0.9663728370878224,0.1285444234404537,0.4607384295371815,1.0,0.9349336702463676,0.9532710280373832,1.0,0.15,1.0,0.0689189189189189,0.2993243243243243,0.2552941176470588,0.9663508657301536,0.1160883280757097,0.4497657470067673,0.9819004524886876,0.9348925410872312,0.8679245283018868,0.9773755656108596,0.1467207572684246,1.0,0.0622041920216362,0.2920892494929006,0.2608695652173913,0.9663728370878224,0.1247637051039697,0.4607384295371815,1.0,0.9349336702463676,0.9252336448598132,1.0,0.15,1.0,0.0668918918918918,0.2993243243243243,1.4736154079437256,0.05,4.092478752136231,11.903493642807009
1ek193,0.3764705882352941,0.9700093720712276,0.2222222222222222,0.3828125,1.0,0.9417652411282984,0.9629629629629628,1.0,0.2318840579710145,1.0,0.1256038647342995,0.2367149758454106,0.3676355066771405,0.9699812382739212,0.2071917808219178,0.3693270735524256,0.9790794979079498,0.941712204007286,0.9029850746268656,0.9672131147540984,0.2263056092843327,1.0,0.1170212765957446,0.2282398452611218,0.3764705882352941,0.9700093720712276,0.2136752136752136,0.3828125,1.0,0.9417652411282984,0.925925925925926,1.0,0.2318840579710145,1.0,0.1207729468599033,0.2367149758454106,1.506502628326416,0.04,4.078842878341675,5.4000749588012695
1ek79v,0.2046004842615012,0.9654947916666666,0.2978235967926689,0.4820880245649949,1.0,0.933291378225299,0.988593155893536,1.0,0.1139581928523263,1.0,0.1753202966958867,0.3175994605529332,0.1975757575757575,0.965472312703583,0.2901376146788991,0.4692622950819672,0.9702380952380952,0.933249370277078,0.965648854961832,0.9744680851063828,0.1099865047233468,1.0,0.170715249662618,0.3090418353576248,0.2046004842615012,0.9654947916666666,0.2955326460481099,0.4820880245649949,1.0,0.933291378225299,0.9809885931558936,1.0,0.1139581928523263,1.0,0.1739716790289952,0.3175994605529332,1.2224979400634766,0.06,7.260519742965698,5.234921216964722
1el3g7,0.2493438320209973,0.970181818181818,0.1679180887372013,0.3283208020050125,1.0,0.942090395480226,0.9389312977099236,1.0,0.1424287856071964,1.0,0.0922038980509745,0.1964017991004497,0.2444152431011826,0.970160116448326,0.1558441558441558,0.3212045169385195,0.984126984126984,0.9420494699646644,0.8769230769230769,0.9808429118773946,0.1395348837209302,1.0,0.0855213803450862,0.1920480120030007,0.2493438320209973,0.970181818181818,0.1610921501706484,0.3283208020050125,1.0,0.942090395480226,0.900763358778626,1.0,0.1424287856071964,1.0,0.088455772113943,0.1964017991004497,1.3869905471801758,0.04,4.2305402755737305,3.983926296234131
1el407,0.2305882352941176,0.9686560755689136,0.2621951219512195,0.3897216274089935,1.0,0.939217318900916,0.9347826086956522,1.0,0.1303191489361702,1.0,0.1524822695035461,0.2420212765957446,0.2152395915161036,0.9686291362269016,0.2458015267175572,0.3774124374553252,0.9383561643835616,0.9391666666666668,0.8797814207650273,0.9705882352941176,0.121561668145519,1.0,0.1428571428571428,0.2342502218278615,0.2305882352941176,0.9686560755689136,0.2530487804878049,0.3897216274089935,1.0,0.939217318900916,0.9021739130434784,1.0,0.1303191489361702,1.0,0.1471631205673758,0.2420212765957446,1.0200181007385254,0.03,5.472837924957275,2.681039810180664
1emdqy,0.2672176308539944,0.9636154729988512,0.3446920052424639,0.3469119579500657,1.0,0.9297856614929786,0.9813432835820896,1.0,0.1542130365659777,1.0,0.2090620031796502,0.2098569157392686,0.256551724137931,0.9635875814488308,0.3018372703412074,0.3355263157894737,0.9637305699481864,0.9297337278106508,0.8614232209737828,0.9695817490494296,0.1479713603818615,1.0,0.182975338106603,0.2028639618138424,0.2672176308539944,0.9636154729988512,0.3224115334207077,0.3469119579500657,1.0,0.9297856614929786,0.917910447761194,1.0,0.1542130365659777,1.0,0.1955484896661367,0.2098569157392686,1.3484385013580322,0.04,7.143580198287964,4.422770977020264
1emlce,0.5322009907997168,0.9732519943688408,0.1381165919282511,0.4417731029301277,1.0,0.9478976234003657,0.9871794871794872,1.0,0.3625843780135004,1.0,0.0742526518804243,0.28351012536162,0.524450744153083,0.9732268670737436,0.1311769991015274,0.4303987960872837,0.9866666666666668,0.9478499542543458,0.948051948051948,0.9761092150170648,0.3571428571428571,1.0,0.0704633204633204,0.276061776061776,0.5322009907997168,0.9732519943688408,0.1327354260089686,0.4417731029301277,1.0,0.9478976234003657,0.9487179487179488,1.0,0.3625843780135004,1.0,0.0713596914175506,0.28351012536162,2.113795518875122,0.02,2.662933826446533,14.8106689453125
1emw4u,0.4159468438538206,0.9655731065208586,0.303583977512298,0.5081351689612015,1.0,0.9334377447141738,0.935064935064935,1.0,0.2625838926174497,1.0,0.1812080536912751,0.3406040268456375,0.4085163007318696,0.9655451965950548,0.2378606615059817,0.4974937343358396,0.9839743589743588,0.933385579937304,0.7347826086956522,0.980246913580247,0.2577665827036104,1.0,0.1418975650713686,0.3333333333333333,0.4159468438538206,0.9655731065208586,0.275474349964863,0.5081351689612015,1.0,0.9334377447141738,0.8484848484848485,1.0,0.2625838926174497,1.0,0.1644295302013423,0.3406040268456375,1.7791917324066162,0.03,6.4594573974609375,7.959834814071655
1en3uc,0.3294379521424597,0.9743589743589745,0.2038140643623361,0.386021505376344,1.0,0.95,0.9661016949152542,1.0,0.1972018654230513,1.0,0.1139240506329113,0.2391738840772818,0.3208913649025069,0.9743423189347192,0.1849642004773269,0.3702906350914962,0.976271186440678,0.9499683343888538,0.8806818181818182,0.9608938547486032,0.192,1.0,0.1033333333333333,0.2293333333333333,0.3294379521424597,0.9743589743589745,0.1930870083432657,0.386021505376344,1.0,0.95,0.9152542372881356,1.0,0.1972018654230513,1.0,0.1079280479680213,0.2391738840772818,1.758946657180786,0.05,6.0009589195251465,6.045312404632568
1en4wn,0.1741778319123021,0.9743256418589534,0.1626911314984709,0.3307349665924276,1.0,0.949936628643853,0.9779411764705882,1.0,0.095396931287525,1.0,0.0887258172114743,0.1981320880587058,0.1682926829268292,0.974308943089431,0.151867728107777,0.3166109253065775,0.971830985915493,0.9499048826886494,0.9185185185185184,0.9594594594594594,0.0921228304405874,1.0,0.082777036048064,0.1895861148197596,0.1741778319123021,0.9743256418589534,0.1529051987767584,0.3307349665924276,1.0,0.949936628643853,0.9191176470588236,1.0,0.095396931287525,1.0,0.0833889259506337,0.1981320880587058,1.2930400371551514,0.05,4.991556406021118,4.020059108734131
1en59p,0.3359422034918723,0.9637377963737797,0.1858638743455497,0.4920894708128751,1.0,0.930013458950202,0.9726027397260274,1.0,0.2018813314037626,1.0,0.1027496382054992,0.3263386396526773,0.324291742013261,0.9637124912770412,0.1743119266055046,0.4827962861824139,0.9676258992805756,0.92996632996633,0.9172413793103448,0.9822222222222222,0.1947863866763215,1.0,0.0963070238957277,0.3200579290369297,0.3359422034918723,0.9637377963737797,0.1819371727748691,0.4920894708128751,1.0,0.930013458950202,0.952054794520548,1.0,0.2018813314037626,1.0,0.1005788712011577,0.3263386396526773,1.678642749786377,0.04,4.547783374786377,10.889108180999756
1ena2p,0.2284843869002285,0.983509513742072,0.267260579064588,0.4399731723675386,1.0,0.9675540765391016,0.9782608695652174,1.0,0.1289767841788478,1.0,0.1547721410146173,0.2820292347377472,0.2242562929061784,0.9834955564959798,0.254275092936803,0.4284754869039624,0.9865771812080536,0.9675270607826812,0.9344262295081968,0.9755351681957186,0.1265060240963855,1.0,0.1471600688468158,0.2745266781411359,0.2284843869002285,0.983509513742072,0.2598366740905716,0.4399731723675386,1.0,0.9675540765391016,0.9510869565217392,1.0,0.1289767841788478,1.0,0.1504729148753224,0.2820292347377472,1.102168321609497,0.02,5.077442646026611,5.77974796295166
1enfqo,0.3848167539267015,0.9774257425742576,0.3691496374423204,0.5344418052256533,1.0,0.9558481797056544,0.9893992932862192,1.0,0.2382495948136142,1.0,0.2269043760129659,0.3646677471636953,0.3800786369593709,0.9774078478002378,0.3603960396039604,0.5291319857312723,0.9897610921501706,0.955813953488372,0.9680851063829788,0.9910913140311804,0.235198702351987,1.0,0.2214111922141119,0.3609083536090835,0.3848167539267015,0.9774257425742576,0.3665128543177324,0.5344418052256533,1.0,0.9558481797056544,0.9823321554770318,1.0,0.2382495948136142,1.0,0.2252836304700162,0.3646677471636953,1.7973713874816897,0.02,7.53739595413208,7.264782905578613
1enndp,0.2911660777385159,0.9777598059037604,0.2965565706254392,0.3901464713715047,1.0,0.956487341772152,0.985981308411215,1.0,0.1703887510339123,1.0,0.1745244003308519,0.2423490488006617,0.2830856334041048,0.9777418049372724,0.2843068261787473,0.384,0.975609756097561,0.9564528899445764,0.9483568075117372,0.9863013698630136,0.1655629139072847,1.0,0.1672185430463576,0.23841059602649,0.2911660777385159,0.9777598059037604,0.252986647926915,0.3901464713715047,1.0,0.956487341772152,0.8411214953271028,1.0,0.1703887510339123,1.0,0.1488833746898263,0.2423490488006617,1.380204439163208,0.03,5.7099199295043945,2.2389144897460938
1enop1,0.7620041753653444,0.979760429574556,0.3009985734664764,0.5830346475507766,1.0,0.9603238866396762,0.976851851851852,1.0,0.6155143338954469,1.0,0.1779089376053962,0.4114671163575042,0.7607105538140021,0.9797436957420422,0.2828571428571428,0.5777511961722488,0.9986282578875172,0.960291734197731,0.9209302325581395,0.9917864476386036,0.6143459915611814,1.0,0.1670886075949367,0.4075949367088607,0.7620041753653444,0.979760429574556,0.2910128388017118,0.5830346475507766,1.0,0.9603238866396762,0.9444444444444444,1.0,0.6155143338954469,1.0,0.1720067453625632,0.4114671163575042,3.4932730197906494,0.02,5.999321222305298,8.110304355621338
1eog2w,0.2382782475019216,0.9650526315789474,0.2950333580429948,0.5566750629722921,1.0,0.9324654190398698,0.9802955665024632,1.0,0.1352530541012216,1.0,0.1736474694589878,0.3856893542757417,0.2263279445727482,0.9650231774125578,0.2776540460282108,0.5498108448928121,0.9545454545454546,0.9324104234527688,0.9257425742574258,0.9886621315192744,0.1283842794759825,1.0,0.1633187772925764,0.3807860262008734,0.2382782475019216,0.9650526315789474,0.2861378799110453,0.5566750629722921,1.0,0.9324654190398698,0.9507389162561576,1.0,0.1352530541012216,1.0,0.1684118673647469,0.3856893542757417,1.2594022750854492,0.03,5.919498682022095,7.998275279998779
1eoigg,0.2472952086553323,0.9618320610687024,0.2244738893219018,0.4960212201591512,1.0,0.9264705882352942,0.9664429530201344,1.0,0.1410934744268077,1.0,0.1269841269841269,0.3298059964726631,0.239938080495356,0.9617996604414262,0.2060889929742389,0.4807436918990704,0.9748427672955976,0.9264104660670482,0.8918918918918919,0.970509383378016,0.1368049426301853,1.0,0.116504854368932,0.3195057369814651,0.2472952086553323,0.9618320610687024,0.20576773187841,0.4960212201591512,1.0,0.9264705882352942,0.8859060402684564,1.0,0.1410934744268077,1.0,0.1164021164021164,0.3298059964726631,1.2784795761108398,0.03,4.447216510772705,5.255379915237427
1eos5i,0.8550074738415545,0.9803754266211604,0.3963838664812239,0.5884520884520884,1.0,0.9615062761506276,0.986159169550173,1.0,0.7467362924281984,1.0,0.248041775456919,0.4168842471714534,0.8528678304239401,0.9803586678052946,0.3871866295264624,0.5731857318573186,0.997666277712952,0.9614740368509213,0.9652777777777778,0.9748953974895398,0.7447735191637631,1.0,0.2421602787456446,0.4059233449477352,0.8550074738415545,0.9803754266211604,0.3894297635605007,0.5884520884520884,1.0,0.9615062761506276,0.9688581314878892,1.0,0.7467362924281984,1.0,0.2436901653611836,0.4168842471714534,4.5047526359558105,0.03,7.43985104560852,4.706173896789551
1ep7um,0.1679929266136162,0.9773584905660376,0.3008994276369583,0.4073789392774788,1.0,0.955719557195572,0.983957219251337,1.0,0.0916988416988417,1.0,0.1776061776061776,0.2557915057915058,0.1594331266607617,0.9773371104815864,0.2899262899262899,0.3972286374133949,0.9574468085106383,0.9556786703601108,0.9516129032258064,0.9772727272727272,0.0869565217391304,1.0,0.1710144927536231,0.2492753623188406,0.1679929266136162,0.9773584905660376,0.2976287816843826,0.4073789392774788,1.0,0.955719557195572,0.9732620320855616,1.0,0.0916988416988417,1.0,0.1756756756756756,0.2557915057915058,1.0075278282165527,0.04,5.525380849838257,3.431933641433716
1epngw,0.2387146136189747,0.9713080168776372,0.3746478873239436,0.4550335570469798,1.0,0.9442165709598032,0.9888475836431226,1.0,0.1355343179843614,1.0,0.2311033883579496,0.2945264986967854,0.2298850574712643,0.9712837837837838,0.3511988716502116,0.4475806451612903,0.967741935483871,0.9441707717569786,0.9291044776119404,0.985207100591716,0.1304347826086956,1.0,0.2165217391304348,0.2895652173913043,0.2387146136189747,0.9713080168776372,0.352112676056338,0.4550335570469798,1.0,0.9442165709598032,0.929368029739777,1.0,0.1355343179843614,1.0,0.2172024326672458,0.2945264986967854,1.1830530166625977,0.03,7.2098610401153564,6.076420068740845
1eptc2,0.9128847157016172,0.9616982002768804,0.331482950039651,0.3857474825716498,1.0,0.9262222222222222,0.954337899543379,1.0,0.8397312859884837,1.0,0.2005758157389635,0.2389635316698656,0.908616187989556,0.961662817551963,0.3097696584590945,0.3661753297129558,0.9954233409610984,0.9261565836298932,0.8944954128440367,0.9516129032258064,0.8357348703170029,1.0,0.1873198847262248,0.2267050912584053,0.9128847157016172,0.9616982002768804,0.3219666931007137,0.3857474825716498,1.0,0.9262222222222222,0.9269406392694064,1.0,0.8397312859884837,1.0,0.1948176583493282,0.2389635316698656,4.24835467338562,0.05,5.665525436401367,22.82602310180664
1eqxx1,0.272463768115942,0.9746524938675388,0.4058549567531603,0.4987405541561712,1.0,0.9505582137161084,0.9807073954983924,1.0,0.1577181208053691,1.0,0.2558724832214765,0.3322147651006711,0.2656023222060958,0.974631751227496,0.3904063957361759,0.4880201765447666,0.9786096256684492,0.9505187549880288,0.9451612903225808,0.979746835443038,0.1536523929471032,1.0,0.2460117548278757,0.3249370277078086,0.272463768115942,0.9746524938675388,0.3952095808383233,0.4987405541561712,1.0,0.9505582137161084,0.954983922829582,1.0,0.1577181208053691,1.0,0.2491610738255033,0.3322147651006711,1.301001787185669,0.03,7.929584264755249,7.666473865509033
1er9bd,0.1521357519016969,0.9825762289981332,0.3681233933161954,0.4640077821011673,1.0,0.9657492354740062,0.9781420765027322,1.0,0.0823305889803673,1.0,0.226725775807473,0.3020899303356554,0.1487990626830697,0.9825653798256536,0.3561502830674215,0.4556962025316455,0.9844961240310076,0.9657282741738066,0.947945205479452,0.9831932773109244,0.0804816223067173,1.0,0.2192648922686945,0.2965779467680608,0.1521357519016969,0.9825762289981332,0.3619537275064267,0.4640077821011673,1.0,0.9657492354740062,0.9617486338797814,1.0,0.0823305889803673,1.0,0.2229259024699176,0.3020899303356554,1.0662603378295898,0.04,9.954444169998167,7.874221563339233
1erygd,0.2245353159851301,0.9750918742343814,0.299290780141844,0.4392156862745098,1.0,0.951394422310757,0.976851851851852,1.0,0.126465661641541,1.0,0.176716917922948,0.2814070351758794,0.2129560685033507,0.9750715161422148,0.2840909090909091,0.4306282722513089,0.9533333333333334,0.9513556618819776,0.9302325581395348,0.982089552238806,0.1198658843252305,1.0,0.1676445934618608,0.2757753562447611,0.2245353159851301,0.9750918742343814,0.2851063829787235,0.4392156862745098,1.0,0.951394422310757,0.9305555555555556,1.0,0.126465661641541,1.0,0.1683417085427135,0.2814070351758794,0.9803764820098876,0.03,5.971895217895508,5.108949422836304
1esd4h,0.3840281855549031,0.9741592920353982,0.3814553990610329,0.3619047619047619,1.0,0.9496204278812974,0.9908536585365854,1.0,0.2376453488372093,1.0,0.2361918604651162,0.2209302325581395,0.3786008230452675,0.9741409847679774,0.3595769682726205,0.3504171632896305,0.9877300613496932,0.949585635359116,0.9357798165137616,0.9702970297029704,0.2341818181818181,1.0,0.2225454545454545,0.2138181818181818,0.3840281855549031,0.9741592920353982,0.3650234741784037,0.3619047619047619,1.0,0.9496204278812974,0.948170731707317,1.0,0.2376453488372093,1.0,0.2260174418604651,0.2209302325581395,1.7651705741882324,0.03,8.556556224822998,5.665665864944458
1ese1v,0.3185483870967742,0.9690162664601084,0.2226832641770401,0.3185483870967742,1.0,0.9398948159278738,0.8256410256410256,1.0,0.1894484412470023,1.0,0.1286970423661071,0.1894484412470023,0.3082099596231494,0.9689922480620156,0.1066481994459833,0.3082099596231494,0.9703389830508474,0.9398496240601504,0.3969072164948453,0.9703389830508474,0.1832,1.0,0.0616,0.1832,0.3185483870967742,0.9690162664601084,0.1313969571230982,0.3185483870967742,1.0,0.9398948159278738,0.4871794871794871,1.0,0.1894484412470023,1.0,0.0759392486011191,0.1894484412470023,1.4654028415679932,0.04,5.675359964370728,6.331520795822144
1esv0m,0.0772659732540861,0.9624395686128672,0.2343324250681199,0.3452685421994885,1.0,0.9275985663082438,0.9885057471264368,1.0,0.0401854714064915,1.0,0.1329211746522411,0.2086553323029366,0.0729166666666666,0.9624116114625976,0.2278308321964529,0.3277848911651728,0.9607843137254902,0.9275466284074604,0.9653179190751444,0.9516728624535316,0.0378963650425367,1.0,0.1291569992266047,0.1979891724671307,0.0772659732540861,0.9624395686128672,0.2316076294277928,0.3452685421994885,1.0,0.9275985663082438,0.9770114942528736,1.0,0.0401854714064915,1.0,0.1313755795981452,0.2086553323029366,0.6816468238830566,0.05,5.0952441692352295,6.231968879699707
1et2vk,0.2722832722832723,0.9681833732466644,0.2106567534076827,0.3284111045481394,1.0,0.9383289124668436,0.8542713567839196,1.0,0.1575971731448763,1.0,0.1201413427561837,0.1964664310954063,0.2665036674816625,0.96816158849709,0.1104218362282878,0.3181549379065641,0.981981981981982,0.93828798938288,0.4494949494949495,0.9711191335740073,0.1541725601131541,1.0,0.0629420084865629,0.1902404526166902,0.2722832722832723,0.9681833732466644,0.1437422552664188,0.3284111045481394,1.0,0.9383289124668436,0.5829145728643216,1.0,0.1575971731448763,1.0,0.0819787985865724,0.1964664310954063,1.5373883247375488,0.05,5.911486387252808,5.954853296279907
1etcen,0.4517087667161961,0.9761124121779858,0.3539545810493344,0.6013422818791947,1.0,0.9533394327538884,0.9617021276595744,1.0,0.291746641074856,1.0,0.2168905950095969,0.4299424184261036,0.443452380952381,0.9760900140646976,0.3278431372549019,0.592741935483871,0.9834983498349836,0.9532967032967034,0.8931623931623932,0.9865771812080536,0.2862632084534102,1.0,0.2007684918347742,0.4236311239193083,0.4517087667161961,0.9761124121779858,0.3288958496476115,0.6013422818791947,1.0,0.9533394327538884,0.8936170212765957,1.0,0.291746641074856,1.0,0.201535508637236,0.4299424184261036,1.8499422073364256,0.02,6.301968812942505,3.2442941665649414
1eu3u7,0.341747572815534,0.9678881752927844,0.2803487592219986,0.5147826086956522,1.0,0.937774524158126,0.9952380952380953,1.0,0.2060889929742388,1.0,0.1631537861046057,0.3466042154566744,0.3279325988334413,0.9678638941398866,0.2686366689053056,0.4979686593151479,0.9619771863117872,0.9377289377289376,0.9569377990430622,0.9683972911963884,0.19765625,1.0,0.15625,0.33515625,0.341747572815534,0.9678881752927844,0.2790073775989269,0.5147826086956522,1.0,0.937774524158126,0.9904761904761904,1.0,0.2060889929742388,1.0,0.1623731459797033,0.3466042154566744,1.813382863998413,0.04,6.128693342208862,8.027007102966309
1eu507,0.2683114880493447,0.9765217391304348,0.30954169797145,0.3945675482487491,1.0,0.9541206457094308,0.9903846153846154,1.0,0.1549421193232413,1.0,0.1834372217275156,0.2457702582368655,0.2594594594594595,0.9765013054830288,0.3009781790820165,0.3836793128131711,0.9710982658959536,0.9540816326530612,0.966183574879227,0.9745454545454544,0.1497326203208556,1.0,0.17825311942959,0.2388591800356506,0.2683114880493447,0.9765217391304348,0.3065364387678437,0.3945675482487491,1.0,0.9541206457094308,0.9807692307692308,1.0,0.1549421193232413,1.0,0.1816562778272484,0.2457702582368655,1.336089849472046,0.03,5.470262765884399,6.133626699447632
1euq3r,0.3022432113341204,0.9769021739130436,0.2303473491773308,0.3575099942889777,1.0,0.9548472775564408,0.9310344827586208,1.0,0.1780250347705146,1.0,0.1314325452016689,0.2176634214186369,0.2943262411347517,0.9768864717878994,0.1513117754728493,0.3499142367066895,0.976470588235294,0.9548172757475084,0.6138613861386139,0.9807692307692308,0.1732776617954071,1.0,0.0862908837856645,0.2129436325678496,0.3022432113341204,0.9769021739130436,0.1438147471054235,0.3575099942889777,1.0,0.9548472775564408,0.5812807881773399,1.0,0.1780250347705146,1.0,0.082058414464534,0.2176634214186369,1.469548225402832,0.03,5.845974445343018,5.766774415969849
1evoqc,0.2862523540489642,0.9680851063829788,0.241490044958253,0.3444511825348696,1.0,0.9381443298969072,0.9791666666666666,1.0,0.167032967032967,1.0,0.1377289377289377,0.208058608058608,0.2790697674418604,0.9680624556422996,0.2237942122186494,0.333940497874924,0.9779735682819384,0.938101788170564,0.9109947643979056,0.9717314487632508,0.1627565982404692,1.0,0.127565982404692,0.2016129032258064,0.2862523540489642,0.9680851063829788,0.2273603082851638,0.3444511825348696,1.0,0.9381443298969072,0.921875,1.0,0.167032967032967,1.0,0.1296703296703296,0.208058608058608,1.358752727508545,0.03,5.315045595169067,7.326456785202026
1ewr1x,0.2041152263374485,0.9659141212926072,0.2312045270816491,0.4072992700729926,1.0,0.9340753424657534,0.9794520547945206,1.0,0.1136571952337305,1.0,0.1310724106324473,0.2557286892758936,0.1896125309150866,0.9658839167035888,0.2040485829959514,0.391812865497076,0.934959349593496,0.934018851756641,0.8689655172413793,0.9640287769784172,0.1055045871559633,1.0,0.1155963302752293,0.2458715596330275,0.2041152263374485,0.9659141212926072,0.2037186742118027,0.4072992700729926,1.0,0.9340753424657534,0.863013698630137,1.0,0.1136571952337305,1.0,0.1154903758020165,0.2557286892758936,1.013422966003418,0.04,4.381943225860596,5.604053020477295
1ex3fo,0.1887524240465417,0.9635488308115544,0.2609771181199752,0.2585456805469235,1.0,0.9296615792966156,0.976851851851852,1.0,0.1042112776588151,1.0,0.1506067094932191,0.1484653818700927,0.1877022653721682,0.9635237439779764,0.2427244582043344,0.2476664592408214,1.0,0.9296148738379814,0.9116279069767442,0.961352657004831,0.1035714285714285,1.0,0.14,0.1421428571428571,0.1887524240465417,0.9635488308115544,0.2498453927025355,0.2585456805469235,1.0,0.9296615792966156,0.9351851851851852,1.0,0.1042112776588151,1.0,0.1441827266238401,0.1484653818700927,0.9545156955718994,0.05,6.438418865203857,5.287858486175537
1ex7h5,0.7208237986270023,0.975567190226876,0.2234548335974643,0.5883838383838385,1.0,0.9522998296422488,0.9791666666666666,1.0,0.5635062611806798,1.0,0.1261180679785331,0.4168157423971377,0.720504009163803,0.9755458515283844,0.2111111111111111,0.5802781289506954,1.0,0.9522591645353794,0.93006993006993,0.9870967741935484,0.5631154879140555,1.0,0.1190689346463742,0.4109221128021486,0.7208237986270023,0.975567190226876,0.2107765451664025,0.5883838383838385,1.0,0.9522998296422488,0.9236111111111112,1.0,0.5635062611806798,1.0,0.1189624329159212,0.4168157423971377,3.4471514225006104,0.02,4.2920241355896,4.1398398876190186
1ey76q,0.4528749259039716,0.9757009345794392,0.2564784053156146,0.4399282725642558,1.0,0.9525547445255474,0.965,1.0,0.2927203065134099,1.0,0.1478927203065134,0.281992337164751,0.4510385756676557,0.9756827534605312,0.2421823020625416,0.4296828246558947,0.9973753280839897,0.9525200876552228,0.914572864321608,0.9782016348773842,0.2914110429447852,1.0,0.1395705521472392,0.2753067484662577,0.4528749259039716,0.9757009345794392,0.2471760797342192,0.4399282725642558,1.0,0.9525547445255474,0.93,1.0,0.2927203065134099,1.0,0.1425287356321839,0.281992337164751,2.0758578777313232,0.02,5.380450248718262,6.1387619972229
1eyywb,0.3228915662650602,0.971049877921172,0.238095238095238,0.4778567523236742,1.0,0.943728813559322,0.931372549019608,1.0,0.1925287356321839,1.0,0.1364942528735632,0.3139367816091954,0.3196622436670687,0.9710296684118672,0.1580928481806775,0.4729064039408866,0.99250936329588,0.9436906377204884,0.6206896551724138,0.9908256880733946,0.1905104241552839,1.0,0.0905823148813803,0.310567936736161,0.3228915662650602,0.971049877921172,0.1804511278195488,0.4778567523236742,1.0,0.943728813559322,0.7058823529411765,1.0,0.1925287356321839,1.0,0.1034482758620689,0.3139367816091954,1.6305279731750488,0.04,5.925826787948608,6.379338502883911
1ez9uk,0.2799285288862418,0.9704301075268816,0.2222222222222222,0.4547886570358481,1.0,0.9425587467362924,0.9783783783783784,1.0,0.1627423822714681,1.0,0.1253462603878116,0.2943213296398892,0.2719141323792486,0.9704102219233356,0.2065150583896742,0.4488484199250133,0.9743589743589745,0.9425212279555846,0.9130434782608696,0.9882075471698112,0.158004158004158,1.0,0.1164241164241164,0.2903672903672903,0.2799285288862418,0.9704301075268816,0.2050337630448128,0.4547886570358481,1.0,0.9425587467362924,0.9027027027027028,1.0,0.1627423822714681,1.0,0.1156509695290858,0.2943213296398892,1.3819210529327393,0.04,5.711041212081909,6.248377561569214
1ezd8i,0.6618407445708376,0.9532228360957642,0.2658650634602538,0.3599493029150823,1.0,0.9106263194933144,0.9802955665024632,1.0,0.4945904173106646,1.0,0.1537867078825347,0.2194744976816074,0.660455486542443,0.953188352377442,0.2434782608695652,0.3515228426395939,0.9984350547730828,0.91056338028169,0.900990099009901,0.978798586572438,0.4934261407579273,1.0,0.1407579273008507,0.214230471771075,0.6618407445708376,0.9532228360957642,0.2618570474281897,0.3599493029150823,1.0,0.9106263194933144,0.9655172413793104,1.0,0.4945904173106646,1.0,0.151468315301391,0.2194744976816074,3.0158255100250244,0.04,5.926632642745972,3.624344348907471
1f0k4h,0.6339784946236559,0.982977406375735,0.3563336766220391,0.4362383062530773,1.0,0.966524650030432,0.9774011299435028,1.0,0.4641057934508816,1.0,0.2178841309823677,0.2789672544080604,0.6276366767111494,0.9829668628058222,0.3381443298969072,0.4317397732873337,0.9904891304347826,0.966504263093788,0.9291784702549576,0.990950226244344,0.4593572778827977,1.0,0.2066792690611216,0.275992438563327,0.6339784946236559,0.982977406375735,0.3480947476828012,0.4362383062530773,1.0,0.966524650030432,0.9548022598870056,1.0,0.4641057934508816,1.0,0.2128463476070529,0.2789672544080604,3.805955648422241,0.02,11.041427850723268,13.782313346862791
1f0mtp,0.2861990950226244,0.969910371318822,0.3644204851752022,0.4681496461071789,1.0,0.9415786202610316,0.9941176470588236,1.0,0.166996699669967,1.0,0.2231023102310231,0.3056105610561056,0.2774631936579841,0.9698910954516335,0.3529411764705882,0.4625506072874494,0.9722222222222222,0.941542288557214,0.9646017699115044,0.9891774891774892,0.1618229854689564,1.0,0.2159841479524438,0.3018494055482166,0.2861990950226244,0.969910371318822,0.3611859838274933,0.4681496461071789,1.0,0.9415786202610316,0.9852941176470588,1.0,0.166996699669967,1.0,0.2211221122112211,0.3056105610561056,1.764875888824463,0.04,9.63360595703125,3.684104681015015
1f1pbw,0.2558139534883721,0.9733939000648928,0.2331786542923433,0.4042553191489362,1.0,0.9481668773704172,0.8973214285714286,1.0,0.1466666666666666,1.0,0.134,0.2533333333333333,0.2502910360884749,0.9733766233766232,0.1509872241579558,0.3982960596379126,0.9817351598173516,0.948134092346616,0.5829596412556054,0.9868073878627968,0.14342895263509,1.0,0.0867244829886591,0.2494996664442962,0.2558139534883721,0.9733939000648928,0.1821345707656612,0.4042553191489362,1.0,0.9481668773704172,0.7008928571428571,1.0,0.1466666666666666,1.0,0.1046666666666666,0.2533333333333333,1.4474928379058838,0.04,6.681938409805298,6.68644642829895
1f2lf0,0.8255360623781676,0.9698189134808852,0.4231770833333332,0.439119170984456,1.0,0.94140625,0.9818731117824774,1.0,0.7029045643153526,1.0,0.2697095435684647,0.2813278008298755,0.8253658536585365,0.9697946033024568,0.4015645371577575,0.424124513618677,1.0,0.941360437842064,0.9333333333333332,0.9674556213017752,0.7026578073089701,1.0,0.2558139534883721,0.271594684385382,0.8255360623781676,0.9698189134808852,0.4114583333333333,0.439119170984456,1.0,0.94140625,0.9546827794561934,1.0,0.7029045643153526,1.0,0.2622406639004149,0.2813278008298755,4.099016904830933,0.03,9.27691888809204,4.429239749908447
1f2qbi,0.2632794457274827,0.955830950111217,0.3033016228315613,0.3139013452914798,1.0,0.9153986609860012,0.9575971731448764,1.0,0.151595744680851,1.0,0.1801861702127659,0.1861702127659574,0.253179190751445,0.9558028616852146,0.2890756302521008,0.3041526374859708,0.9647577092511012,0.915347137637028,0.9148936170212766,0.971326164874552,0.1457085828343313,1.0,0.1716566866267465,0.1803060545575515,0.2632794457274827,0.955830950111217,0.2988248461108002,0.3139013452914798,1.0,0.9153986609860012,0.9434628975265018,1.0,0.151595744680851,1.0,0.1775265957446808,0.1861702127659574,1.4743342399597168,0.04,7.80903172492981,3.255408525466919
1f3r44,0.2482566248256624,0.9736434108527132,0.2791014295439074,0.4231010671688638,1.0,0.9486404833836858,0.9624413145539906,1.0,0.1417197452229299,1.0,0.1632165605095541,0.268312101910828,0.2388268156424581,0.973622963537626,0.2644853442399454,0.4098051539912005,0.9661016949152542,0.9486016628873772,0.9150943396226416,0.9702380952380952,0.1362549800796813,1.0,0.1545816733067729,0.2597609561752988,0.2482566248256624,0.9736434108527132,0.2668481960517358,0.4231010671688638,1.0,0.9486404833836858,0.92018779342723,1.0,0.1417197452229299,1.0,0.1560509554140127,0.268312101910828,1.084907054901123,0.04,5.98373818397522,12.119942903518677
1f4t1x,0.2752161383285302,0.9847799259563964,0.4511958629605688,0.5148883374689827,1.0,0.9700162074554296,0.9971428571428572,1.0,0.1595655806182122,1.0,0.2915622389306599,0.3467000835421888,0.2712842712842712,0.984767393989296,0.4427184466019417,0.5093167701863355,0.9894736842105264,0.9699918896999188,0.9799426934097422,0.9903381642512076,0.157190635451505,1.0,0.285953177257525,0.342809364548495,0.2752161383285302,0.9847799259563964,0.447317388493859,0.5148883374689827,1.0,0.9700162074554296,0.9885714285714284,1.0,0.1595655806182122,1.0,0.2890559732664995,0.3467000835421888,1.4322164058685305,0.02,9.39194655418396,10.12346053123474
1f4z7b,0.3611940298507463,0.972972972972973,0.3049808429118774,0.4190064794816415,1.0,0.9473684210526316,0.961352657004831,1.0,0.2204007285974499,1.0,0.1812386156648451,0.2650273224043716,0.3542600896860987,0.9729490022172947,0.2885648503453568,0.4080749819754866,0.983402489626556,0.9473229706390328,0.912621359223301,0.9758620689655172,0.2160437556973564,1.0,0.1713764813126709,0.2579762989972652,0.3611940298507463,0.972972972972973,0.2957854406130268,0.4190064794816415,1.0,0.9473684210526316,0.932367149758454,1.0,0.2204007285974499,1.0,0.1757741347905282,0.2650273224043716,1.5286026000976562,0.03,5.497777938842773,5.3681557178497314
1f598b,0.3659259259259259,0.9769707705934456,0.2147435897435897,0.5684620376378975,1.0,0.9549783549783548,0.9241379310344828,1.0,0.2239347234814143,1.0,0.1214868540344515,0.3970988213961922,0.3560830860534124,0.9769503546099292,0.1829855537720706,0.5640025990903184,0.975609756097561,0.954939341421144,0.7916666666666666,0.9931350114416476,0.2177858439201452,1.0,0.1034482758620689,0.3938294010889292,0.3659259259259259,0.9769707705934456,0.1907051282051282,0.5684620376378975,1.0,0.9549783549783548,0.8206896551724138,1.0,0.2239347234814143,1.0,0.1078875793291024,0.3970988213961922,1.502511978149414,0.03,4.537852764129639,4.764442920684815
1f6rmk,0.2073324905183312,0.9665985003408316,0.2410383189122373,0.4801714898177921,1.0,0.9353562005277044,0.975,1.0,0.1156558533145275,1.0,0.1375176304654443,0.3159379407616361,0.1962025316455696,0.966575716234652,0.2301980198019801,0.4688841201716738,0.950920245398773,0.9353135313531352,0.9346733668341708,0.977628635346756,0.1093860268172194,1.0,0.1312632321806633,0.3083980239943543,0.2073324905183312,0.9665985003408316,0.2373300370828183,0.4801714898177921,1.0,0.9353562005277044,0.96,1.0,0.1156558533145275,1.0,0.1354019746121297,0.3159379407616361,1.2128283977508545,0.07,5.948740720748901,5.35944390296936
1f6rpr,0.2614742698191933,0.9648784253184098,0.5605973578403217,0.3797796500324044,1.0,0.9321401938851605,0.9938900203665988,1.0,0.1504,1.0,0.3904,0.2344,0.2506963788300835,0.9648512939358824,0.5405405405405406,0.3672939649578196,0.962566844919786,0.932089552238806,0.9591836734693876,0.9691780821917808,0.144115292233787,1.0,0.3763010408326661,0.2265812650120096,0.2614742698191933,0.9648784253184098,0.5548535324526135,0.3797796500324044,1.0,0.9321401938851605,0.9837067209775968,1.0,0.1504,1.0,0.3864,0.2344,1.4285333156585691,0.05,13.27977180480957,4.900902032852173
1f6s1n,0.2606707317073171,0.9773019271948608,0.3586800573888091,0.4581081081081081,1.0,0.9556113902847572,0.9881422924901184,1.0,0.1498685363716038,1.0,0.2191060473269062,0.2971078001752848,0.2580152671755725,0.977282468924132,0.3462643678160919,0.4451962110960758,0.9941176470588236,0.9555741827326067,0.9563492063492064,0.9733727810650888,0.1482456140350877,1.0,0.2114035087719298,0.2885964912280702,0.2606707317073171,0.9773019271948608,0.351506456241033,0.4581081081081081,1.0,0.9556113902847572,0.9683794466403162,1.0,0.1498685363716038,1.0,0.2147239263803681,0.2971078001752848,1.0483365058898926,0.03,6.843573808670044,5.636237144470215
1f6uic,0.2803315749811605,0.9773019271948608,0.3666191155492154,0.407536636427076,1.0,0.9556113902847572,0.9846743295019156,1.0,0.1630148992112182,1.0,0.2252410166520596,0.2559158632778264,0.2716981132075471,0.977282468924132,0.35,0.3955276030747729,0.972972972972973,0.9555741827326067,0.9423076923076924,0.972508591065292,0.1578947368421052,1.0,0.2149122807017544,0.2482456140350877,0.2803315749811605,0.9773019271948608,0.3637660485021398,0.407536636427076,1.0,0.9556113902847572,0.9770114942528736,1.0,0.1630148992112182,1.0,0.2234881682734443,0.2559158632778264,1.262233018875122,0.03,6.357844352722168,4.311487913131714
1f6zbo,0.4650485436893204,0.9789473684210526,0.1861793260993718,0.45,1.0,0.9587628865979382,0.9588235294117649,1.0,0.3029728020240354,1.0,0.1030993042378241,0.2903225806451613,0.4606413994169097,0.9789343246592316,0.1680960548885077,0.4484789008832188,0.99163179916318,0.95873786407767,0.8698224852071006,0.9978165938864628,0.3,1.0,0.0930379746835443,0.2892405063291139,0.4650485436893204,0.9789473684210526,0.174757281553398,0.45,1.0,0.9587628865979382,0.9,1.0,0.3029728020240354,1.0,0.0967741935483871,0.2903225806451613,2.823089361190796,0.03,5.409652233123779,4.608827829360962
1f7c6v,0.2174810736407433,0.9751506024096384,0.2338545207341944,0.495061011040093,1.0,0.9515062454077884,0.9772727272727272,1.0,0.122007722007722,1.0,0.1328185328185328,0.3289575289575289,0.2095106822880771,0.9751318764129616,0.2232811436351259,0.481675392670157,0.9681528662420382,0.951470588235294,0.9371428571428572,0.9741176470588236,0.1174652241112828,1.0,0.1267387944358578,0.3199381761978361,0.2174810736407433,0.9751506024096384,0.2202583276682529,0.495061011040093,1.0,0.9515062454077884,0.9204545454545454,1.0,0.122007722007722,1.0,0.1250965250965251,0.3289575289575289,1.15545916557312,0.05,5.21694803237915,9.445412397384644
1f7fsj,0.2243211334120425,0.9690721649484536,0.180060422960725,0.3063063063063063,1.0,0.94,0.9867549668874172,1.0,0.1263297872340425,1.0,0.0990691489361702,0.1808510638297872,0.2186761229314421,0.9690522243713732,0.1693889897156685,0.294250281848929,0.9788359788359788,0.9399624765478424,0.9333333333333332,0.96309963099631,0.1230871590153027,1.0,0.0931470392548236,0.1736526946107784,0.2243211334120425,0.9690721649484536,0.1703927492447129,0.3063063063063063,1.0,0.94,0.933774834437086,1.0,0.1263297872340425,1.0,0.09375,0.1808510638297872,1.3842520713806152,0.05,4.911239385604858,3.5653669834136963
1f7t20,0.3486111111111111,0.9745901639344262,0.3555250514756348,0.4518229166666666,1.0,0.950439648281375,0.9664179104477612,1.0,0.2111017661900757,1.0,0.2178301093355761,0.2918418839360807,0.3379694019471488,0.974569319114028,0.3422680412371133,0.4354628422425032,0.972,0.9504,0.9325842696629212,0.9653179190751444,0.2045454545454545,1.0,0.2095959595959595,0.2811447811447811,0.3486111111111111,0.9745901639344262,0.3472889498970487,0.4518229166666666,1.0,0.950439648281375,0.9440298507462688,1.0,0.2111017661900757,1.0,0.2127838519764508,0.2918418839360807,1.5867042541503906,0.03,7.275759696960449,6.184318542480469
1f83v6,0.4508899143045484,0.964696223316913,0.216012084592145,0.5022307202039515,1.0,0.9318001586042824,0.959731543624161,1.0,0.291063829787234,1.0,0.1217021276595744,0.3353191489361702,0.4501650165016502,0.9646672144617912,0.1951588502269289,0.4926611359285259,1.0,0.9317460317460318,0.8716216216216216,0.9821882951653944,0.2904599659284497,1.0,0.1098807495741056,0.3287904599659284,0.4508899143045484,0.964696223316913,0.2039274924471299,0.5022307202039515,1.0,0.9318001586042824,0.906040268456376,1.0,0.291063829787234,1.0,0.1148936170212766,0.3353191489361702,1.9442689418792725,0.03,4.540322303771973,8.813195943832397
1f88jp,0.6854663774403471,0.9688249400479616,0.3594594594594594,0.4300518134715025,1.0,0.9395348837209302,0.9925373134328358,1.0,0.5214521452145214,1.0,0.2194719471947194,0.2739273927392739,0.6786102062975026,0.9688,0.3491204330175914,0.4215304798962386,0.9904912836767036,0.939487975174554,0.9662921348314608,0.9818731117824774,0.5161023947151114,1.0,0.213047068538398,0.2683732452518579,0.6854663774403471,0.9688249400479616,0.3567567567567568,0.4300518134715025,1.0,0.9395348837209302,0.9850746268656716,1.0,0.5214521452145214,1.0,0.2178217821782178,0.2739273927392739,3.121448516845703,0.04,7.543872594833374,5.44051194190979
1f8cjy,0.1815336463223787,0.9740150880134116,0.3251798561151079,0.3645320197044334,1.0,0.949346405228758,0.9912280701754386,1.0,0.099827882960413,1.0,0.1944922547332186,0.2228915662650602,0.1739811912225705,0.973993288590604,0.3155619596541786,0.3537702607470049,0.9652173913043478,0.9493049877350777,0.9647577092511012,0.9728682170542636,0.0956072351421188,1.0,0.1886304909560723,0.2161929371231696,0.1815336463223787,0.9740150880134116,0.320863309352518,0.3645320197044334,1.0,0.949346405228758,0.9780701754385964,1.0,0.099827882960413,1.0,0.1919104991394148,0.2228915662650602,0.8275883197784424,0.03,6.208380460739136,2.4793078899383545
1f8u0m,0.3110761979575805,0.9763851044504996,0.2444987775061124,0.5243651338366506,1.0,0.9538598047914818,0.986842105263158,1.0,0.1841860465116279,1.0,0.1395348837209302,0.3553488372093023,0.3052714398111723,0.9763636363636364,0.2285714285714285,0.5113402061855671,0.9847715736040608,0.9538188277087034,0.9271523178807948,0.9763779527559056,0.180633147113594,1.0,0.1303538175046555,0.3463687150837989,0.3110761979575805,0.9763851044504996,0.2396088019559901,0.5243651338366506,1.0,0.9538598047914818,0.9671052631578948,1.0,0.1841860465116279,1.0,0.1367441860465116,0.3553488372093023,1.307476282119751,0.03,4.46650767326355,7.717722415924072
1f98px,0.2542620555284949,0.973384030418251,0.2102131879028259,0.3299161230195713,1.0,0.9481481481481482,0.9422222222222222,1.0,0.1456473214285714,1.0,0.1183035714285714,0.1975446428571428,0.2467089224768406,0.9733695652173912,0.1468982630272953,0.3162313432835821,0.9730769230769232,0.9481206987824246,0.6607142857142857,0.9603399433427762,0.1412618648799553,1.0,0.0826353992183138,0.1892797319932998,0.2542620555284949,0.973384030418251,0.1764997521070897,0.3299161230195713,1.0,0.9481481481481482,0.7911111111111111,1.0,0.1456473214285714,1.0,0.0993303571428571,0.1975446428571428,1.6050512790679932,0.05,7.699927091598511,4.477414846420288
1f99ob,0.1930953774136922,0.9781438074121,0.1723329425556858,0.4773175542406311,1.0,0.9572225666460012,0.9074074074074074,1.0,0.1068652849740932,1.0,0.0952072538860103,0.3134715025906736,0.1874633860574106,0.9781299524564184,0.1173708920187793,0.4659427443237907,0.975609756097561,0.957196029776675,0.6211180124223602,0.9772256728778468,0.1036941023979261,1.0,0.0648088139987038,0.305897602073882,0.1930953774136922,0.9781438074121,0.1336459554513482,0.4773175542406311,1.0,0.9572225666460012,0.7037037037037037,1.0,0.1068652849740932,1.0,0.0738341968911917,0.3134715025906736,1.1984586715698242,0.04,5.162647247314453,10.434204816818236
1f9gtt,0.1939110070257611,0.9769445148213832,0.2531645569620253,0.3919933277731443,1.0,0.9549281822684498,0.9859154929577464,1.0,0.1073651452282157,1.0,0.1452282157676348,0.2437759336099585,0.183778715424285,0.9769328263624842,0.2352941176470588,0.3823038397328882,0.9514563106796116,0.9549058473736372,0.9187279151943464,0.976545842217484,0.101712506486767,1.0,0.1349247535028541,0.2376751427088739,0.1939110070257611,0.9769445148213832,0.240506329113924,0.3919933277731443,1.0,0.9549281822684498,0.9366197183098592,1.0,0.1073651452282157,1.0,0.1379668049792531,0.2437759336099585,1.3567829132080078,0.05,9.452226161956789,7.192815780639648
1f9nvg,0.6057877813504824,0.9774571686203788,0.5553346587143804,0.4447632711621234,1.0,0.9559082892416224,0.9858823529411764,1.0,0.4345018450184502,1.0,0.3865313653136531,0.2859778597785978,0.5936896329684481,0.9774368231046932,0.5321831453218315,0.4324712643678161,0.9808510638297872,0.9558693733451016,0.945754716981132,0.9741100323624596,0.4256694367497691,1.0,0.3702677746999077,0.2779316712834718,0.6057877813504824,0.9774571686203788,0.5447316103379721,0.4447632711621234,1.0,0.9559082892416224,0.9670588235294116,1.0,0.4345018450184502,1.0,0.3791512915129151,0.2859778597785978,2.6641976833343506,0.02,10.506799221038818,4.621362209320068
1f9okx,0.071917808219178,0.9782797567332756,0.3977353149327672,0.3879742304939155,1.0,0.9574829931972788,0.9790940766550522,1.0,0.0373001776198934,1.0,0.2495559502664298,0.2406749555950266,0.0668953687821612,0.9782608695652174,0.3770375620127569,0.3741935483870967,0.951219512195122,0.9574468085106383,0.93006993006993,0.9666666666666668,0.0346666666666666,1.0,0.2364444444444444,0.232,0.071917808219178,0.9782797567332756,0.392073602264685,0.3879742304939155,1.0,0.9574829931972788,0.9651567944250872,1.0,0.0373001776198934,1.0,0.2460035523978685,0.2406749555950266,0.5933756828308105,0.04,7.869442939758301,7.417153358459473
1f9vqy,0.1943887775551102,0.9688172043010752,0.3541192535275376,0.3647912885662432,1.0,0.9395203336809176,0.9848101265822784,1.0,0.1076581576026637,1.0,0.2158712541620421,0.223085460599334,0.1875626880641926,0.9688004303388918,0.3444191343963553,0.3578564940962761,0.9689119170984456,0.9394887845592071,0.9593908629441624,0.9825436408977556,0.1038312048861743,1.0,0.2098833981121599,0.2187673514714047,0.1943887775551102,0.9688172043010752,0.3513882567137005,0.3647912885662432,1.0,0.9395203336809176,0.9772151898734176,1.0,0.1076581576026637,1.0,0.2142064372918979,0.223085460599334,1.4360055923461914,0.07,12.782321214675903,7.45766282081604
1f9whn,0.2990517870167761,0.962840627580512,0.3544303797468354,0.5640394088669951,1.0,0.928343949044586,0.984375,1.0,0.1758147512864494,1.0,0.216123499142367,0.3927958833619211,0.2921840759678597,0.9628099173553718,0.3380281690140845,0.5499383477188656,0.9803921568627452,0.9282868525896414,0.9411764705882352,0.975929978118162,0.1716738197424892,1.0,0.2060085836909871,0.3828326180257511,0.2990517870167761,0.962840627580512,0.350210970464135,0.5640394088669951,1.0,0.928343949044586,0.97265625,1.0,0.1758147512864494,1.0,0.2135506003430531,0.3927958833619211,1.317730188369751,0.06,6.738914728164673,9.199343204498293
1fadah,0.3112540192926045,0.975482912332838,0.2778864970645792,0.341124447252053,1.0,0.9521392313270486,0.968181818181818,1.0,0.1843107387661843,1.0,0.1622239146991622,0.2056359482102056,0.3039278815196394,0.97546468401487,0.2573481384715871,0.3251106894370651,0.979253112033195,0.9521044992743106,0.8995433789954338,0.9553903345724908,0.1798780487804878,1.0,0.1501524390243902,0.1958841463414634,0.3112540192926045,0.975482912332838,0.2648401826484018,0.341124447252053,1.0,0.9521392313270486,0.9227272727272728,1.0,0.1843107387661843,1.0,0.1546077684691546,0.2056359482102056,1.7562332153320312,0.11,6.573461294174194,3.2252635955810547
1fadmm,0.1891252955082742,0.9791222837665106,0.3542857142857143,0.5077922077922078,1.0,0.9590984974958264,0.9880478087649402,1.0,0.1044386422976501,1.0,0.2158398607484769,0.34029590948651,0.186266771902131,0.9791044776119404,0.3419170243204578,0.4941482444733419,0.9915966386554622,0.95906432748538,0.956,0.9743589743589745,0.102787456445993,1.0,0.2081881533101045,0.3310104529616725,0.1891252955082742,0.9791222837665106,0.3514285714285714,0.5077922077922078,1.0,0.9590984974958264,0.9800796812749004,1.0,0.1044386422976501,1.0,0.2140992167101827,0.34029590948651,0.8947579860687256,0.04,6.71271276473999,9.77290678024292
1faeq1,0.6451990632318501,0.977608787494719,0.5652709359605911,0.4322493224932249,1.0,0.956198347107438,0.9828693790149892,1.0,0.4762316335350043,1.0,0.3967156439066551,0.2757130509939499,0.6354044548651817,0.9775898520084566,0.530209617755857,0.4192672998643147,0.9854545454545456,0.95616211745244,0.9227467811158798,0.9716981132075472,0.4688581314878893,1.0,0.3719723183391003,0.2673010380622837,0.6451990632318501,0.977608787494719,0.5431034482758621,0.4322493224932249,1.0,0.956198347107438,0.9443254817987152,1.0,0.4762316335350043,1.0,0.3811581676750216,0.2757130509939499,2.9815714359283447,0.04,11.737792015075684,6.124953746795654
1faeqg,0.2178571428571428,0.9761982393218128,0.2507254788160186,0.3366666666666666,1.0,0.9535031847133758,0.9557522123893806,1.0,0.1222444889779559,1.0,0.1442885771543086,0.2024048096192384,0.2085816448152562,0.9761827079934748,0.2300987797791981,0.3248053392658509,0.9615384615384616,0.9534735500318674,0.88,0.9668874172185432,0.1169786096256684,1.0,0.1323529411764706,0.195187165775401,0.2178571428571428,0.9761982393218128,0.2426001160766105,0.3366666666666666,1.0,0.9535031847133758,0.9247787610619468,1.0,0.1222444889779559,1.0,0.1396125584502338,0.2024048096192384,1.1975739002227783,0.11,6.749481916427612,3.756346464157105
1fauye,0.3605209047292666,0.9664646464646466,0.1811320754716981,0.5105853051058531,1.0,0.9351055512118844,0.9302325581395348,1.0,0.2198996655518394,1.0,0.1003344481605351,0.342809364548495,0.3445435827041867,0.9664375252729478,0.1526832955404383,0.4875311720698254,0.9580152671755724,0.935054773082942,0.7890625,0.9559902200488998,0.2100418410041841,1.0,0.0845188284518828,0.3271966527196652,0.3605209047292666,0.9664646464646466,0.1630188679245283,0.5105853051058531,1.0,0.9351055512118844,0.8372093023255814,1.0,0.2198996655518394,1.0,0.0903010033444816,0.342809364548495,1.590514898300171,0.06,3.92209529876709,8.848825693130493
1fbkdz,0.2981029810298102,0.9642994241842612,0.2178217821782178,0.5335668417980152,1.0,0.9310600444773908,0.9746835443037974,1.0,0.1751592356687898,1.0,0.1226114649681528,0.3638535031847134,0.2876526458616011,0.9642719938532462,0.2053824362606232,0.5225014611338398,0.9680365296803652,0.9310089020771514,0.9235668789808916,0.9802631578947368,0.1689243027888446,1.0,0.1155378486055776,0.3561752988047809,0.2981029810298102,0.9642994241842612,0.2107496463932107,0.5335668417980152,1.0,0.9310600444773908,0.9430379746835444,1.0,0.1751592356687898,1.0,0.1186305732484076,0.3638535031847134,1.5338501930236816,0.06,5.018748283386231,7.395841836929321
1fbket,0.2840827980014275,0.9677938808373592,0.3411279229711142,0.3984010659560293,1.0,0.937597503900156,0.984126984126984,1.0,0.1655574043261231,1.0,0.2063227953410981,0.2487520798668885,0.2730521801286633,0.967767929089444,0.3292011019283746,0.3882588392261508,0.9646464646464646,0.9375487900078064,0.952191235059761,0.976510067114094,0.1590341382181515,1.0,0.1990008326394671,0.2422980849292256,0.2840827980014275,0.9677938808373592,0.3328748280605227,0.3984010659560293,1.0,0.937597503900156,0.9603174603174603,1.0,0.1655574043261231,1.0,0.2013311148086522,0.2487520798668885,1.3739373683929443,0.05,6.67738938331604,6.487577676773071
1fbuyj,0.2765700483091787,0.96614759647935,0.1979949874686716,0.3241338813857897,1.0,0.9345121152586772,0.9349112426035504,1.0,0.1604765241765942,1.0,0.1107217939733707,0.1934127540294323,0.2684401451027811,0.9661246612466124,0.1355081555834378,0.3174603174603174,0.9736842105263158,0.9344692005242464,0.6428571428571429,0.9818181818181818,0.155680224403927,1.0,0.0757363253856942,0.1893408134642356,0.2765700483091787,0.96614759647935,0.1453634085213032,0.3241338813857897,1.0,0.9345121152586772,0.6863905325443787,1.0,0.1604765241765942,1.0,0.0812894183601962,0.1934127540294323,1.5126769542694092,0.05,4.957643270492554,4.1386494636535645
1fc0b0,0.7413263065436978,0.9715254237288136,0.1597444089456868,0.4558189655172414,1.0,0.944627554383652,0.946969696969697,1.0,0.5889741800418702,1.0,0.0872295882763433,0.2951849267271458,0.7367032967032967,0.971506105834464,0.1497120921305182,0.4433656957928802,0.9940688018979834,0.9445910290237468,0.8931297709923665,0.9739336492890996,0.585195530726257,1.0,0.0817039106145251,0.2870111731843575,0.7413263065436978,0.9715254237288136,0.1495207667731629,0.4558189655172414,1.0,0.944627554383652,0.8863636363636364,1.0,0.5889741800418702,1.0,0.0816468946266573,0.2951849267271458,4.3856635093688965,0.06,4.419617652893066,7.857643365859985
1fc7zi,0.2705454545454546,0.9781982723159194,0.2571219868517165,0.3689986282578875,1.0,0.9573268921095008,0.9777777777777776,1.0,0.1564339781328848,1.0,0.1480235492010092,0.2262405382674516,0.2592862345229425,0.9781803211198024,0.2399414776883687,0.3543956043956044,0.9621621621621622,0.9572925060435132,0.9162011173184358,0.9626865671641792,0.1498316498316498,1.0,0.138047138047138,0.2171717171717171,0.2705454545454546,0.9781982723159194,0.2425127830533236,0.3689986282578875,1.0,0.9573268921095008,0.9222222222222224,1.0,0.1564339781328848,1.0,0.1396131202691337,0.2262405382674516,1.259002685546875,0.03,5.334181785583496,6.270573616027832
1fceff,0.1873669268985096,0.9648658859085756,0.1435823060188542,0.5330269959793222,1.0,0.9321167883211678,0.9705882352941176,1.0,0.1033672670321065,1.0,0.0775254502740798,0.3633516053249804,0.1762615493958777,0.9648393194706996,0.130718954248366,0.5267395054629097,0.9465648854961832,0.9320672023374726,0.8910891089108911,0.9892008639308856,0.0971786833855799,1.0,0.0705329153605015,0.3589341692789968,0.1873669268985096,0.9648658859085756,0.1377810007251631,0.5330269959793222,1.0,0.9321167883211678,0.931372549019608,1.0,0.1033672670321065,1.0,0.0743931088488645,0.3633516053249804,0.9870550632476808,0.05,3.583235740661621,3.517329216003418
1fcghw,0.3219895287958115,0.9686437476388364,0.3007915567282321,0.3730964467005075,1.0,0.9391941391941392,0.9743589743589745,1.0,0.1918876755070203,1.0,0.1778471138845553,0.2293291731669266,0.3106159895150721,0.9686200378071834,0.285336856010568,0.3659466327827192,0.9673469387755104,0.939149560117302,0.927038626609442,0.9829351535836176,0.1850117096018735,1.0,0.1686182669789227,0.2248243559718969,0.3219895287958115,0.9686437476388364,0.29155672823219,0.3730964467005075,1.0,0.9391941391941392,0.9444444444444444,1.0,0.1918876755070203,1.0,0.172386895475819,0.2293291731669266,1.681215524673462,0.06,6.740800857543945,4.446942567825317
1fd84c,0.252167060677699,0.9614217598612916,0.3916184971098266,0.5173796791443851,1.0,0.9257095158597662,0.9854545454545456,1.0,0.1442741208295762,1.0,0.2443642921550946,0.3489630297565374,0.2446724546172059,0.9613882863340564,0.3762662807525326,0.5046854082998661,0.9748427672955976,0.9256474519632414,0.948905109489051,0.9766839378238342,0.1398916967509025,1.0,0.2346570397111913,0.3402527075812274,0.252167060677699,0.9614217598612916,0.3742774566473988,0.5173796791443851,1.0,0.9257095158597662,0.9418181818181818,1.0,0.1442741208295762,1.0,0.2335437330928764,0.3489630297565374,1.204573154449463,0.04,7.405076026916504,5.017523050308228
1fdb2g,0.4505208333333333,0.981443298969072,0.2260223048327137,0.3309957924263674,1.0,0.9635627530364372,0.9806451612903224,1.0,0.2907563025210084,1.0,0.1277310924369747,0.1983193277310924,0.4393741851368969,0.9814279818406936,0.2069992553983619,0.3160112359550562,0.9768115942028984,0.9635332252836304,0.9025974025974026,0.9574468085106383,0.2834314550042052,1.0,0.1169049621530698,0.1892346509671993,0.4505208333333333,0.981443298969072,0.2185873605947955,0.3309957924263674,1.0,0.9635627530364372,0.9483870967741936,1.0,0.2907563025210084,1.0,0.1235294117647058,0.1983193277310924,1.9860682487487795,0.05,4.554832458496094,3.63710880279541
1feg4r,0.2512562814070351,0.9697452229299364,0.2986111111111111,0.5325301204819277,1.0,0.9412673879443586,0.9684684684684683,1.0,0.1436781609195402,1.0,0.1765188834154351,0.3628899835796387,0.2458662832494608,0.9697211155378488,0.2726008344923505,0.5319662243667068,0.9827586206896552,0.9412219644238206,0.8868778280542986,1.0,0.1405094494658997,1.0,0.1610517666392769,0.362366474938373,0.2512562814070351,0.9697452229299364,0.286111111111111,0.5325301204819277,1.0,0.9412673879443586,0.927927927927928,1.0,0.1436781609195402,1.0,0.1691297208538587,0.3628899835796387,1.114975929260254,0.09,6.5773091316223145,3.947584629058838
1ffhud,0.801874733702599,0.96831955922865,0.1639557579700715,0.3584354932866316,1.0,0.9385847797062752,0.9618320610687024,1.0,0.6692745376955903,1.0,0.0896159317211948,0.2183499288762446,0.8017057569296374,0.9682977257064092,0.1407166123778501,0.3448275862068965,1.0,0.9385437541750168,0.8307692307692308,0.9640522875816994,0.6690391459074733,1.0,0.0768683274021352,0.2099644128113879,0.801874733702599,0.96831955922865,0.1483409238776838,0.3584354932866316,1.0,0.9385847797062752,0.8702290076335878,1.0,0.6692745376955903,1.0,0.081081081081081,0.2183499288762446,4.298165321350098,0.04,4.215550899505615,7.229584455490112
4csw0m,0.3453536754507628,0.9810855263157894,0.3035460992907801,0.5686862627474506,1.0,0.9628732849071832,0.9861751152073732,1.0,0.2087175188600167,1.0,0.1793797150041911,0.3973176865046102,0.3347222222222222,0.9810699588477366,0.2897727272727273,0.5597597597597598,0.9717741935483872,0.962843295638126,0.9444444444444444,0.985200845665962,0.2021812080536912,1.0,0.1711409395973154,0.3909395973154362,0.3453536754507628,0.9810855263157894,0.2964539007092199,0.5686862627474506,1.0,0.9628732849071832,0.9631336405529954,1.0,0.2087175188600167,1.0,0.1751886001676446,0.3973176865046102,1.4236974716186523,0.04,5.869203805923462,5.101914405822754
4ctfsf,0.1182466870540265,0.9654811715481172,0.1969111969111969,0.2650375939849624,1.0,0.9332659251769464,0.9026548672566372,1.0,0.0628385698808234,1.0,0.1105092091007584,0.1527627302275189,0.1112244897959183,0.9654631083202512,0.1091787439613526,0.2558795860771402,0.9478260869565216,0.9332321699544764,0.5022222222222222,0.9679715302491104,0.0590785907859078,1.0,0.0612466124661246,0.1474254742547425,0.1182466870540265,0.9654811715481172,0.1447876447876448,0.2650375939849624,1.0,0.9332659251769464,0.6637168141592921,1.0,0.0628385698808234,1.0,0.0812567713976164,0.1527627302275189,1.0070858001708984,0.08,7.696947813034058,5.209151744842529
4ctj9t,0.2541856925418569,0.9671163575042158,0.4254445964432285,0.400278940027894,1.0,0.9363265306122448,0.9873015873015872,1.0,0.1455972101133391,1.0,0.2711421098517872,0.2502179598953792,0.2408536585365853,0.9670886075949368,0.4095890410958904,0.3882681564245809,0.9518072289156626,0.9362745098039216,0.9522292993630572,0.972027972027972,0.137870855148342,1.0,0.2609075043630017,0.2425828970331588,0.2541856925418569,0.9671163575042158,0.417236662106703,0.400278940027894,1.0,0.9363265306122448,0.9682539682539684,1.0,0.1455972101133391,1.0,0.2659110723626852,0.2502179598953792,1.3257777690887451,0.05,8.276966571807861,5.653232097625732
4ctv31,0.7157622739018088,0.97007156798959,0.2226169330965068,0.3506637168141592,1.0,0.94188250157928,0.9494949494949496,1.0,0.5573440643863179,1.0,0.1260898725687458,0.2126089872568745,0.7112068965517241,0.9700520833333331,0.1659751037344398,0.344407530454042,0.993975903614458,0.9418457648546144,0.7106598984771574,0.9841772151898734,0.5536912751677853,1.0,0.0939597315436241,0.2087248322147651,0.7157622739018088,0.97007156798959,0.1799881586737715,0.3506637168141592,1.0,0.94188250157928,0.7676767676767676,1.0,0.5573440643863179,1.0,0.101945003353454,0.2126089872568745,4.366367340087891,0.09,5.801636457443237,4.689116477966309
4cu0xz,0.2176403207331042,0.9661595777708786,0.2005763688760806,0.3022367703218767,1.0,0.9345345345345344,0.9720670391061452,1.0,0.1221079691516709,1.0,0.1118251928020565,0.1780205655526992,0.2121559633027523,0.9661385523454488,0.1731102135025966,0.2949208083014746,0.9788359788359788,0.9344951923076924,0.8426966292134831,0.9782608695652174,0.1189710610932476,1.0,0.0964630225080385,0.1736334405144694,0.2176403207331042,0.9661595777708786,0.1821325648414985,0.3022367703218767,1.0,0.9345345345345344,0.88268156424581,1.0,0.1221079691516709,1.0,0.1015424164524421,0.1780205655526992,1.546658992767334,0.04,5.639989376068115,4.127127170562744
4cu4p8,0.1916666666666666,0.9583218327353022,0.2813425468904245,0.2587763289869609,1.0,0.9199788023317436,0.9827586206896552,1.0,0.1059907834101382,1.0,0.1641705069124424,0.1486175115207373,0.1814389989572471,0.9582988124827396,0.2677865612648221,0.251004016064257,0.9508196721311476,0.9199363732767762,0.9377162629757786,0.9727626459143968,0.1002881844380403,1.0,0.1561959654178674,0.1440922190201729,0.1916666666666666,0.9583218327353022,0.2704837117472853,0.2587763289869609,1.0,0.9199788023317436,0.9448275862068966,1.0,0.1059907834101382,1.0,0.1578341013824885,0.1486175115207373,1.298551082611084,0.08,9.458885192871094,11.10151720046997
4cuao8,0.3091787439613526,0.9760956175298804,0.4095917044718082,0.455233291298865,1.0,0.953307392996109,0.9937106918238994,1.0,0.1828571428571428,1.0,0.2579591836734693,0.2946938775510204,0.2985487214927436,0.9760765550239237,0.4036340038935755,0.4419191919191919,0.968609865470852,0.9532710280373832,0.9810725552050472,0.9722222222222222,0.1764705882352941,1.0,0.2540849673202614,0.2859477124183006,0.3091787439613526,0.9760956175298804,0.4069993519118601,0.455233291298865,1.0,0.953307392996109,0.9874213836477987,1.0,0.1828571428571428,1.0,0.2563265306122449,0.2946938775510204,1.540823459625244,0.08,8.251081466674805,5.333745718002319
4cue0w,0.3098134630981346,0.9621421975992612,0.2651201325600662,0.4342599549211119,1.0,0.9270462633451956,0.9696969696969696,1.0,0.1833013435700576,1.0,0.1535508637236084,0.2773512476007677,0.2956945572705118,0.9621072088724584,0.2423236514522821,0.421369450714823,0.9578947368421052,0.9269813000890472,0.8902439024390244,0.9722222222222222,0.1748318924111431,1.0,0.1402497598463016,0.2689721421709894,0.3098134630981346,0.9621421975992612,0.2485501242750621,0.4342599549211119,1.0,0.9270462633451956,0.9090909090909092,1.0,0.1833013435700576,1.0,0.1439539347408829,0.2773512476007677,1.197190761566162,0.14,4.834887266159058,4.875152826309204
4cufkt,0.6148820326678766,0.9812291077397788,0.1765543426672995,0.2678166137085792,1.0,0.9631499242806664,0.9346733668341708,1.0,0.4439203354297694,1.0,0.0974842767295597,0.1546121593291404,0.6131492916818018,0.9812194494468742,0.098812351543943,0.2598818718764198,0.9976359338061466,0.9631313131313132,0.5252525252525253,0.9727891156462584,0.442579968536969,1.0,0.0545359202936549,0.1499737808075511,0.6148820326678766,0.9812291077397788,0.1196013289036544,0.2678166137085792,1.0,0.9631499242806664,0.6331658291457286,1.0,0.4439203354297694,1.0,0.0660377358490566,0.1546121593291404,4.429813861846924,0.15,7.107204437255859,7.780776023864746
4cuq3w,0.7413526071244192,0.9771543086172344,0.3486486486486486,0.4230271668822767,1.0,0.9553291536050156,0.9885057471264368,1.0,0.5890073831009024,1.0,0.2116488925348646,0.2682526661197703,0.7410852713178294,0.9771359807460892,0.3396481732070365,0.4196891191709844,1.0,0.9552941176470588,0.9653846153846154,0.9938650306748468,0.5886699507389163,1.0,0.2060755336617405,0.2660098522167488,0.7413526071244192,0.9771543086172344,0.3432432432432432,0.4230271668822767,1.0,0.9553291536050156,0.9731800766283524,1.0,0.5890073831009024,1.0,0.2083675143560295,0.2682526661197703,3.514367818832397,0.11,7.371466159820557,3.968932867050171
4cuum7,0.1906382978723404,0.9712197350388304,0.288,0.4470416362308254,1.0,0.94404973357016,0.962566844919786,1.0,0.1053621825023518,1.0,0.1693320790216368,0.2878645343367827,0.1790281329923274,0.97119341563786,0.2516025641025641,0.4286759326993415,0.945945945945946,0.944,0.8440860215053764,0.960655737704918,0.0988700564971751,1.0,0.147834274952919,0.275894538606403,0.1906382978723404,0.9712197350388304,0.2656,0.4470416362308254,1.0,0.94404973357016,0.8877005347593583,1.0,0.1053621825023518,1.0,0.1561618062088429,0.2878645343367827,0.9619238376617432,0.12,5.2839179039001465,6.262818098068237
4cuw50,0.802426343154246,0.9801418439716312,0.2455919395465995,0.505137912385073,1.0,0.96105702364395,0.9466019417475728,1.0,0.6700434153400868,1.0,0.1410998552821997,0.3379160636758321,0.8005203816131831,0.9801277501774308,0.1639344262295082,0.497022198159177,0.997837837837838,0.9610299234516354,0.6341463414634146,0.9849785407725322,0.6683562635771181,1.0,0.0941346850108617,0.332367849384504,0.802426343154246,0.9801418439716312,0.2015113350125944,0.505137912385073,1.0,0.96105702364395,0.7766990291262136,1.0,0.6700434153400868,1.0,0.1157742402315484,0.3379160636758321,4.218546390533447,0.1,6.009173393249512,8.966400623321533
4cv75t,0.4374158815612382,0.9809885931558936,0.2987672226250906,0.5496564647095565,1.0,0.9626865671641792,0.944954128440367,1.0,0.2799310938845822,1.0,0.177433247200689,0.3789836347975883,0.4272237196765499,0.9809725158562368,0.2730573710965868,0.5403377110694184,0.9783950617283952,0.9626556016597512,0.8663594470046083,0.9840546697038725,0.2732758620689655,1.0,0.1620689655172413,0.3724137931034483,0.4374158815612382,0.9809885931558936,0.2871646120377085,0.5496564647095565,1.0,0.9626865671641792,0.908256880733945,1.0,0.2799310938845822,1.0,0.1705426356589147,0.3789836347975883,1.6900064945220947,0.07,5.979759931564331,8.973868131637573
4cvafc,0.1784776902887139,0.9581224114127934,0.3362410785091197,0.4215314632297194,1.0,0.9196113074204948,0.9636363636363636,1.0,0.0979827089337175,1.0,0.2036503362151777,0.2670509125840538,0.1700262927256792,0.9580838323353292,0.3113582208101668,0.4069855732725891,0.9603960396039604,0.9195402298850576,0.8949771689497716,0.967509025270758,0.0932692307692307,1.0,0.1884615384615384,0.2576923076923076,0.1784776902887139,0.9581224114127934,0.3203806502775575,0.4215314632297194,1.0,0.9196113074204948,0.9181818181818182,1.0,0.0979827089337175,1.0,0.1940441882804995,0.2670509125840538,0.9596664905548096,0.05,5.748136043548584,5.311460494995117
4cvbmf,0.114854517611026,0.960967993754879,0.3146374829001368,0.4002599090318389,1.0,0.9248685199098422,0.9956709956709956,1.0,0.0609260763606823,1.0,0.1868399675060926,0.2502030869212023,0.1088957055214724,0.9609375,0.2986301369863014,0.3864671437865972,0.9594594594594594,0.924812030075188,0.9478260869565216,0.96742671009772,0.0577235772357723,1.0,0.1772357723577236,0.2414634146341463,0.114854517611026,0.960967993754879,0.307797537619699,0.4002599090318389,1.0,0.9248685199098422,0.974025974025974,1.0,0.0609260763606823,1.0,0.1827782290820471,0.2502030869212023,0.7935616970062256,0.07,6.601264953613281,10.367728233337402
4cw7a4,0.3420724094881398,0.9675774134790528,0.2712524334847501,0.4339622641509434,1.0,0.9371912491178548,0.9812206572769951,1.0,0.2063253012048193,1.0,0.1573795180722891,0.2771084337349397,0.34,0.967553773240977,0.2612085769980506,0.4285714285714285,0.9963369963369964,0.9371468926553672,0.9481132075471698,0.989100817438692,0.2049736247174076,1.0,0.1514694800301431,0.2735493594574227,0.3420724094881398,0.9675774134790528,0.2621674237508111,0.4339622641509434,1.0,0.9371912491178548,0.9483568075117372,1.0,0.2063253012048193,1.0,0.1521084337349397,0.2771084337349397,1.6649737358093262,0.1,6.079416513442993,5.890562534332275
4cx2vd,0.4275217100868403,0.9812421842434348,0.2288706058339566,0.4348404255319149,1.0,0.9631751227495908,0.95625,1.0,0.2718776550552251,1.0,0.1299915038232795,0.2778249787595582,0.4160535117056856,0.981226533166458,0.2112359550561797,0.4287616511318242,0.974921630094044,0.9631449631449632,0.8867924528301887,0.9877300613496932,0.2644557823129251,1.0,0.1198979591836734,0.2738095238095238,0.4275217100868403,0.9812421842434348,0.2154076290201944,0.4348404255319149,1.0,0.9631751227495908,0.9,1.0,0.2718776550552251,1.0,0.1223449447748513,0.2778249787595582,1.9892725944519043,0.07,4.727301359176636,2.6859138011932373
4cx9xl,0.6974619289340102,0.9801375095492744,0.4538922155688623,0.5420454545454545,1.0,0.9610486891385768,0.979328165374677,1.0,0.5354637568199533,1.0,0.2954014029618083,0.3717848791893998,0.6910569105691058,0.9801223241590212,0.4388489208633093,0.5369738339021615,0.9912536443148688,0.9610194902548724,0.9481865284974094,0.9915966386554622,0.5304212168486739,1.0,0.2854914196567862,0.3681747269890795,0.6974619289340102,0.9801375095492744,0.4479041916167665,0.5420454545454545,1.0,0.9610486891385768,0.96640826873385,1.0,0.5354637568199533,1.0,0.2915042868277475,0.3717848791893998,3.6527256965637207,0.12,9.844155550003052,9.00275206565857
4cxjyd,0.1785105173393974,0.9615846338535414,0.2102335928809788,0.4393570384802727,1.0,0.9260115606936417,0.9642857142857144,1.0,0.0980024968789013,1.0,0.1179775280898876,0.2815230961298377,0.1673306772908366,0.9615615615615616,0.1959910913140311,0.4271087274500244,0.9423076923076924,0.9259687680740312,0.9025641025641026,0.9733333333333334,0.0918176139912554,1.0,0.1099312929419113,0.273579013116802,0.1785105173393974,0.9615846338535414,0.2046718576195773,0.4393570384802727,1.0,0.9260115606936417,0.9387755102040816,1.0,0.0980024968789013,1.0,0.114856429463171,0.2815230961298377,1.1445341110229492,0.21,6.633086204528809,15.427290678024292
4cxrfy,0.2439344262295082,0.9622709306503772,0.1464088397790055,0.3489519112207151,1.0,0.9272853185595568,0.9724770642201837,1.0,0.1389096340552651,1.0,0.0791635548917102,0.2113517550410754,0.2337491792514773,0.9622437971952534,0.1355463347164592,0.337037037037037,0.9621621621621622,0.9272349272349272,0.9074074074074074,0.9680851063829788,0.1330343796711509,1.0,0.0732436472346786,0.2040358744394619,0.2439344262295082,0.9622709306503772,0.1395027624309392,0.3489519112207151,1.0,0.9272853185595568,0.926605504587156,1.0,0.1389096340552651,1.0,0.075429424943988,0.2113517550410754,1.1147840023040771,0.1,3.626196622848511,8.801045179367065
4cxtex,0.5845238095238096,0.9826446280991736,0.4921135646687697,0.5610640870616687,1.0,0.965881397238018,0.9848484848484848,0.9978494623655914,0.4129520605550883,1.0,0.3280067283431455,0.3902439024390244,0.5792610250297975,0.9826302729528535,0.4851547694251422,0.5544794188861986,0.9918367346938776,0.9658536585365852,0.9721518987341772,0.9870689655172412,0.4090909090909091,1.0,0.3232323232323232,0.3855218855218855,0.5845238095238096,0.9826446280991736,0.4883280757097792,0.5610640870616687,1.0,0.965881397238018,0.9772727272727272,0.9978494623655914,0.4129520605550883,1.0,0.3254835996635828,0.3902439024390244,2.849493265151977,0.06,9.98845362663269,4.373670339584351
4cyag1,0.2480712166172106,0.9681862905870776,0.1170483460559796,0.4688796680497925,1.0,0.9383343928798474,0.9583333333333334,1.0,0.1415989159891598,1.0,0.062330623306233,0.3062330623306233,0.243612596553773,0.9681654085986215,0.0878980891719745,0.4600207684319833,0.9855769230769232,0.938295165394402,0.7263157894736842,0.9822616407982262,0.1389830508474576,1.0,0.0467796610169491,0.3003389830508474,0.2480712166172106,0.9681862905870776,0.0954198473282442,0.4688796680497925,1.0,0.9383343928798474,0.78125,1.0,0.1415989159891598,1.0,0.0508130081300813,0.3062330623306233,1.3486173152923584,0.06,3.5151889324188232,7.701157331466675
4cyjkm,0.458252427184466,0.9758295780417862,0.2999289267945985,0.4013422818791946,1.0,0.9528,0.976851851851852,1.0,0.2972292191435768,1.0,0.1771620486985726,0.2510495382031906,0.4445884640311082,0.975809758097581,0.2846975088967972,0.3897849462365591,0.9716713881019832,0.9527622097678142,0.9302325581395348,0.9731543624161074,0.288235294117647,1.0,0.1680672268907563,0.2436974789915966,0.458252427184466,0.9758295780417862,0.2914001421464108,0.4013422818791946,1.0,0.9528,0.949074074074074,1.0,0.2972292191435768,1.0,0.1721242653232577,0.2510495382031906,2.058349847793579,0.08,6.074783563613892,7.097623109817505
4cypxe,N/A,0.9733041575492342,0.3849493487698987,0.3884057971014492,N/A,0.947996589940324,0.9851851851851852,1.0,N/A,1.0,0.2392086330935252,0.2410071942446043,N/A,0.9732807709154622,0.3652173913043479,0.386066763425254,N/A,0.947952218430034,0.9368029739776952,0.99625468164794,N/A,1.0,0.2268226822682268,0.2394239423942394,N/A,0.9733041575492342,0.3748191027496382,0.3884057971014492,N/A,0.947996589940324,0.9592592592592591,1.0,N/A,1.0,0.2329136690647482,0.2410071942446043,N/A,0.05,7.360763549804687,5.00891637802124
4cywk3,0.3020257826887661,0.9715489989462592,0.2927429274292743,0.4885245901639344,1.0,0.944672131147541,0.9794238683127572,1.0,0.1778741865509761,1.0,0.1720896601590744,0.3232104121475054,0.297480024585126,0.9715289982425308,0.2832512315270936,0.4770240700218818,0.9877551020408164,0.9446343130553656,0.950413223140496,0.9775784753363228,0.175108538350217,1.0,0.1664254703328509,0.3154848046309696,0.3020257826887661,0.9715489989462592,0.2755227552275522,0.4885245901639344,1.0,0.944672131147541,0.9218106995884774,1.0,0.1778741865509761,1.0,0.1619667389732465,0.3232104121475054,1.5088567733764648,0.11,6.658628940582275,8.41858696937561
4cyyi3,0.5490956072351421,0.9433011339773204,0.5148514851485149,0.5415584415584415,1.0,0.8926868044515104,0.9948979591836736,1.0,0.3784505788067676,1.0,0.3472840605520926,0.371326803205699,0.5304010349288487,0.9432534678436316,0.4996695307336418,0.5214564369310793,0.9669811320754716,0.8926014319809069,0.9667519181585678,0.9639423076923076,0.3654188948306595,1.0,0.3368983957219251,0.357397504456328,0.5490956072351421,0.9433011339773204,0.5135313531353135,0.5415584415584415,1.0,0.8926868044515104,0.9923469387755102,1.0,0.3784505788067676,1.0,0.346393588601959,0.371326803205699,2.497713088989258,0.08,10.558629512786863,8.635698080062866
4cz9ep,0.2474402730375426,0.9693251533742332,0.4283536585365853,0.4462934947049924,1.0,0.9404761904761904,0.9859649122807016,1.0,0.1411879259980525,1.0,0.2736124634858812,0.2872444011684518,0.2427350427350427,0.9692961738308928,0.416793893129771,0.4348484848484849,0.9861111111111112,0.9404216315307058,0.9612676056338028,0.9761904761904762,0.138401559454191,1.0,0.2660818713450292,0.2797270955165692,0.2474402730375426,0.9693251533742332,0.4268292682926828,0.4462934947049924,1.0,0.9404761904761904,0.9824561403508772,1.0,0.1411879259980525,1.0,0.2726387536514119,0.2872444011684518,1.0050160884857178,0.04,7.493403673171997,3.055173635482788
4czabw,0.2661004953998584,0.9706814580031696,0.2995234853641932,0.3839050131926121,1.0,0.9430331023864512,0.9016393442622952,1.0,0.153469387755102,1.0,0.1795918367346938,0.2375510204081632,0.2593905031892275,0.9706582077716098,0.1745057941376959,0.3751651254953765,0.9786096256684492,0.9429892141756548,0.5267489711934157,0.9793103448275862,0.1495098039215686,1.0,0.1045751633986928,0.2320261437908496,0.2661004953998584,0.9706814580031696,0.20285908781484,0.3839050131926121,1.0,0.9430331023864512,0.610655737704918,1.0,0.153469387755102,1.0,0.1216326530612244,0.2375510204081632,1.3696308135986328,0.03,6.411876916885376,3.2093122005462646
4czbgx,0.2965403624382207,0.969375,0.4365278474661314,0.4357034795763994,1.0,0.9405700424499696,0.9841628959276018,1.0,0.1740812379110251,1.0,0.2804642166344294,0.2785299806576402,0.2836723474436503,0.9693558474046278,0.4198895027624309,0.4169611307420495,0.9591078066914498,0.9405339805825242,0.947845804988662,0.9582366589327146,0.1664516129032258,1.0,0.2696774193548387,0.2664516129032258,0.2965403624382207,0.969375,0.4295032614149524,0.4357034795763994,1.0,0.9405700424499696,0.9683257918552036,1.0,0.1740812379110251,1.0,0.2759509993552547,0.2785299806576402,1.901064157485962,0.11,13.045871019363403,9.305386304855348
4czge7,0.3009646302250804,0.968475073313783,0.1798215511324639,0.4549707602339181,1.0,0.9388770433546552,0.9632352941176472,1.0,0.1771385314155942,1.0,0.0991672975018925,0.2944738834216502,0.2871860914359304,0.9684519442406456,0.1690721649484536,0.4473067915690866,0.9570815450643776,0.9388335704125178,0.9111111111111112,0.9845360824742267,0.1689393939393939,1.0,0.0931818181818181,0.2893939393939393,0.3009646302250804,0.968475073313783,0.1729581331503088,0.4549707602339181,1.0,0.9388770433546552,0.9264705882352942,1.0,0.1771385314155942,1.0,0.0953822861468584,0.2944738834216502,1.4666383266448977,0.08,4.170948505401611,7.564289331436157
4czj9v,0.35977766548762,0.966934763181412,0.2043070127001656,0.4134897360703812,1.0,0.9359861591695502,0.9840425531914894,1.0,0.2193468884781269,1.0,0.1139864448552064,0.2606284658040665,0.359129994941831,0.9669150521609536,0.1901603095632946,0.4080234833659492,1.0,0.9359492210040392,0.9197860962566844,0.9881516587677726,0.218865598027127,1.0,0.1060419235511714,0.2570900123304562,0.35977766548762,0.966934763181412,0.1921590281612368,0.4134897360703812,1.0,0.9359861591695502,0.925531914893617,1.0,0.2193468884781269,1.0,0.1072088724584103,0.2606284658040665,2.0858378410339355,0.11,6.783430814743042,3.6200509071350098
4czwmo,0.4277108433734939,0.9634551495016612,0.2429530201342282,0.400735294117647,1.0,0.9294871794871796,0.9783783783783784,1.0,0.2720306513409962,1.0,0.1386973180076628,0.2505747126436781,0.4185765983112184,0.963428149242704,0.228494623655914,0.396319018404908,0.980225988700565,0.9294369208838203,0.9239130434782608,0.99079754601227,0.2661042944785276,1.0,0.1303680981595092,0.2476993865030675,0.4277108433734939,0.9634551495016612,0.2335570469798657,0.400735294117647,1.0,0.9294871794871796,0.9405405405405406,1.0,0.2720306513409962,1.0,0.1333333333333333,0.2505747126436781,1.9682295322418213,0.05,5.168371915817261,4.201189279556274
4d04qo,0.3365446371226718,0.9707646176911544,0.4029484029484029,0.3842794759825327,1.0,0.9431900946831756,0.984984984984985,1.0,0.2023166023166023,1.0,0.2532818532818532,0.2378378378378378,0.3292604501607717,0.970742685671418,0.3849938499384994,0.3747657713928795,0.9808429118773946,0.9431486880466472,0.9427710843373494,0.977198697068404,0.1978361669242658,1.0,0.2418856259659969,0.231839258114374,0.3365446371226718,0.9707646176911544,0.3968058968058968,0.3842794759825327,1.0,0.9431900946831756,0.96996996996997,1.0,0.2023166023166023,1.0,0.2494208494208494,0.2378378378378378,1.5912573337554932,0.09,9.404390573501589,6.102159023284912
4d0bio,0.3686486486486486,0.9685494223363288,0.3023516237402016,0.4562659846547314,1.0,0.939016801493466,0.9747292418772564,1.0,0.2259774685222001,1.0,0.1789264413518886,0.295559973492379,0.3636363636363636,0.968529222864483,0.2780269058295964,0.4505888376856119,0.9882352941176472,0.9389788293897884,0.8985507246376812,0.9887640449438202,0.2228116710875331,1.0,0.1644562334217506,0.2917771883289125,0.3686486486486486,0.9685494223363288,0.2911534154535274,0.4562659846547314,1.0,0.939016801493466,0.9386281588447654,1.0,0.2259774685222001,1.0,0.1722995361166335,0.295559973492379,1.9232940673828125,0.1,7.722970247268677,6.502055883407593
4d0ovn,0.4776119402985074,0.9622641509433962,0.2733720180528691,0.3690036900369003,1.0,0.9272727272727272,0.9422222222222222,1.0,0.3137254901960784,1.0,0.1598793363499245,0.2262443438914027,0.4632183908045977,0.962236746550472,0.1781794706262104,0.3571428571428571,0.9710843373493976,0.927221833449965,0.6160714285714286,0.9698996655518396,0.3041509433962264,1.0,0.1041509433962264,0.2188679245283019,0.4776119402985074,0.9622641509433962,0.2140554480980012,0.3690036900369003,1.0,0.9272727272727272,0.7377777777777778,1.0,0.3137254901960784,1.0,0.1251885369532428,0.2262443438914027,2.419243812561035,0.2,6.316265344619751,6.9279539585113525
4d0th3,0.302571860816944,0.9693304535637148,0.2818181818181818,0.5679642629227825,1.0,0.9404861693210392,0.9393939393939394,1.0,0.17825311942959,1.0,0.1657754010695187,0.3966131907308378,0.2924242424242425,0.969303934284479,0.2579666160849772,0.5559105431309904,0.9698492462311558,0.9404362416107382,0.8629441624365483,0.9797297297297296,0.1721677074041034,1.0,0.151650312221231,0.3880463871543265,0.302571860816944,0.9693304535637148,0.2621212121212121,0.5679642629227825,1.0,0.9404861693210392,0.8737373737373737,1.0,0.17825311942959,1.0,0.1541889483065953,0.3966131907308378,1.2939038276672363,0.1,5.674707174301148,14.117557525634766
4d1jwf,0.1745762711864406,0.9689608636977058,0.5646437994722956,0.5436105476673427,1.0,0.9397905759162304,0.9749430523917996,1.0,0.0956360259981429,1.0,0.3974001857010213,0.3732590529247911,0.1697792869269949,0.9689329131022062,0.5468956406869221,0.5308056872037915,0.9803921568627452,0.9397379912663756,0.9452054794520548,0.9775561097256856,0.0929368029739776,1.0,0.3847583643122677,0.3643122676579926,0.1745762711864406,0.9689608636977058,0.5580474934036939,0.5436105476673427,1.0,0.9397905759162304,0.9635535307517084,1.0,0.0956360259981429,1.0,0.3927576601671309,0.3732590529247911,0.7841248512268066,0.04,10.657080888748167,8.64381742477417
4d1klq,0.1344989912575655,0.977448907681466,0.3022547227300426,0.4139508290451686,1.0,0.9558924879393522,0.9763779527559056,1.0,0.0720980533525594,1.0,0.1788031723143475,0.2609949531362653,0.1292929292929293,0.9774330042313116,0.2916412446613788,0.3995420721236405,0.9696969696969696,0.9558620689655172,0.9446640316205532,0.9667590027700832,0.0692640692640692,1.0,0.1724386724386724,0.2518037518037518,0.1344989912575655,0.977448907681466,0.2961608775137111,0.4139508290451686,1.0,0.9558924879393522,0.9566929133858268,1.0,0.0720980533525594,1.0,0.1751982696467195,0.2609949531362653,0.9490959644317628,0.07,7.166272878646851,6.102131366729736
4d25s8,0.2308243727598566,0.9743387287801026,0.3359893758300132,0.5370480142264374,1.0,0.9499615088529638,0.9301470588235294,1.0,0.1304700162074554,1.0,0.2050243111831442,0.3670988654781199,0.2182340272792534,0.9743184512050572,0.2553191489361702,0.5210682492581602,0.95,0.9499229583975348,0.7084870848708487,0.9712389380530974,0.1232765612327656,1.0,0.1557177615571776,0.3560421735604217,0.2308243727598566,0.9743387287801026,0.301460823373174,0.5370480142264374,1.0,0.9499615088529638,0.8345588235294118,1.0,0.1304700162074554,1.0,0.1839546191247974,0.3670988654781199,1.175163984298706,0.06,7.490639925003052,10.732024431228638
4d2bg3,0.2929358392741413,0.9726735598227474,0.2503311258278145,0.3297400126823081,1.0,0.9468008626887132,0.9792746113989638,1.0,0.1716021260440395,1.0,0.143507972665148,0.1974183750949126,0.2842310188189487,0.9726533628972652,0.2427055702917771,0.32,0.9733333333333334,0.9467625899280576,0.953125,0.972972972972973,0.1664133738601823,1.0,0.1390577507598784,0.1914893617021276,0.2929358392741413,0.9726735598227474,0.2463576158940397,0.3297400126823081,1.0,0.9468008626887132,0.9637305699481864,1.0,0.1716021260440395,1.0,0.1412300683371298,0.1974183750949126,1.260974645614624,0.06,5.392787933349609,5.740943193435669
4d2jef,0.2525857376156777,0.9619418639496552,0.1804850535815002,0.4069478908188585,1.0,0.926674364896074,0.9523809523809524,1.0,0.1445482866043613,1.0,0.0996884735202492,0.2554517133956386,0.2430517711171662,0.9619190404797602,0.1400338791643139,0.3944361649279682,0.9653679653679652,0.926632004621606,0.7425149700598802,0.9706601466992664,0.1390274314214463,1.0,0.0773067331670823,0.247506234413965,0.2525857376156777,0.9619418639496552,0.1534122955442752,0.4069478908188585,1.0,0.926674364896074,0.8095238095238095,1.0,0.1445482866043613,1.0,0.0847352024922118,0.2554517133956386,1.464949131011963,0.08,5.464155673980713,7.714516878128052
4d2pev,0.5594221930400526,0.9639718804920914,0.5274431057563588,0.4261119081779053,1.0,0.9304495335029688,0.9924433249370276,1.0,0.3883318140382862,1.0,0.3591613491340018,0.2707383773928897,0.5509533201840895,0.9639401934916448,0.517426273458445,0.4166666666666667,0.9858823529411764,0.930390492359932,0.9747474747474748,0.9797297297297296,0.3822992700729927,1.0,0.3521897810218978,0.2645985401459854,0.5594221930400526,0.9639718804920914,0.5247657295850067,0.4261119081779053,1.0,0.9304495335029688,0.9874055415617128,1.0,0.3883318140382862,1.0,0.357338195077484,0.2707383773928897,2.482240676879883,0.05,9.92599892616272,5.193134784698486
4d3zdt,0.2822865208186309,0.971268954509178,0.3591123066577,0.4643533123028391,1.0,0.9441427463149727,0.9888888888888888,1.0,0.1643385373870172,1.0,0.219391947411668,0.3023829087921117,0.2770318021201413,0.9712460063897764,0.3461279461279461,0.4548325963360707,0.984924623115578,0.9440993788819876,0.9553903345724908,0.9809264305177112,0.1611842105263158,1.0,0.2113486842105263,0.2960526315789473,0.2822865208186309,0.971268954509178,0.3523873570948218,0.4643533123028391,1.0,0.9441427463149727,0.9703703703703704,1.0,0.1643385373870172,1.0,0.2152834839769926,0.3023829087921117,1.4229207038879397,0.05,7.147883415222168,6.237422466278076
4d4tc4,0.2483660130718954,0.9605734767025088,0.3099921321793863,0.3855421686746987,1.0,0.9241379310344828,0.9899497487437184,1.0,0.1417910447761194,1.0,0.1837686567164179,0.2388059701492537,0.23240589198036,0.9605381165919282,0.2994483845547675,0.3740573152337858,0.9403973509933776,0.9240724762726488,0.9595959595959596,0.9725490196078432,0.1325863678804855,1.0,0.1774042950513538,0.2315592903828198,0.2483660130718954,0.9605734767025088,0.3068450039339103,0.3855421686746987,1.0,0.9241379310344828,0.9798994974874372,1.0,0.1417910447761194,1.0,0.1819029850746268,0.2388059701492537,1.0445847511291504,0.08,5.765791416168213,4.093271970748901
4d4w7x,0.4498094027954257,0.970178926441352,0.3278688524590164,0.5327720986169573,1.0,0.942084942084942,0.9836065573770492,1.0,0.2901639344262295,1.0,0.1967213114754098,0.3631147540983606,0.4402035623409669,0.9701551929964186,0.320109439124487,0.5237808549066827,0.980169971671388,0.9420401854714064,0.9629629629629628,0.9841628959276018,0.2838392124692371,1.0,0.1919606234618539,0.3568498769483182,0.4498094027954257,0.970178926441352,0.2718579234972678,0.5327720986169573,1.0,0.942084942084942,0.8155737704918032,1.0,0.2901639344262295,1.0,0.1631147540983606,0.3631147540983606,1.9179136753082275,0.07,6.351905107498169,8.812222480773926
4d4xmz,0.1787280701754386,0.9719133996489177,0.3202020202020202,0.2579968536969061,1.0,0.9453614114968696,0.9937304075235108,1.0,0.0981336544250451,1.0,0.1908488862131246,0.148103552077062,0.1723380900109769,0.971896955503513,0.3083923154701719,0.2456692913385826,0.9691358024691358,0.9453302961275628,0.959119496855346,0.9551020408163264,0.094578313253012,1.0,0.1837349397590361,0.1409638554216867,0.1787280701754386,0.9719133996489177,0.3171717171717171,0.2579968536969061,1.0,0.9453614114968696,0.9843260188087776,1.0,0.0981336544250451,1.0,0.189042745334136,0.148103552077062,1.25421142578125,0.21,9.508581161499023,5.115987777709961
4d57bd,0.2126841768097373,0.9724642732659464,0.2755227552275523,0.3826086956521739,1.0,0.94640434192673,0.9696969696969696,1.0,0.1189964157706093,1.0,0.1605734767025089,0.2365591397849462,0.2052597819114817,0.9724450645273806,0.2586206896551724,0.3714451538015089,0.9696969696969696,0.946367956551256,0.9130434782608696,0.972644376899696,0.1147776183644189,1.0,0.1506456241032998,0.2295552367288378,0.2126841768097373,0.9724642732659464,0.2644526445264452,0.3826086956521739,1.0,0.94640434192673,0.9307359307359307,1.0,0.1189964157706093,1.0,0.1541218637992831,0.2365591397849462,1.2123923301696775,0.11,6.321377277374268,4.896281719207764
4d59h2,0.8046082949308756,0.9711718457506552,0.2359322033898305,0.2752659574468085,1.0,0.9439592430858806,0.9775280898876404,1.0,0.6730917501927525,1.0,0.1341557440246723,0.1595990747879722,0.8044280442804429,0.9711502435369052,0.2226748133061779,0.2583222370173102,1.0,0.943918426802622,0.9265536723163842,0.941747572815534,0.6728395061728395,1.0,0.1265432098765432,0.1496913580246913,0.8046082949308756,0.9711718457506552,0.2305084745762712,0.2752659574468085,1.0,0.9439592430858806,0.9550561797752808,1.0,0.6730917501927525,1.0,0.1310717039321511,0.1595990747879722,4.442405700683594,0.19,5.2125465869903564,3.585850715637207
4d5a9q,0.2278481012658227,0.962393853619086,0.4943109987357774,0.3720930232558139,1.0,0.9275136399064692,0.9974489795918368,1.0,0.1285714285714285,1.0,0.3285714285714285,0.2285714285714285,0.2237136465324385,0.962363415621206,0.4734177215189872,0.3602739726027397,0.986842105263158,0.9274570982839312,0.9565217391304348,0.970479704797048,0.1261564339781329,1.0,0.3145500420521446,0.2211942809083263,0.2278481012658227,0.962393853619086,0.3388116308470291,0.3720930232558139,1.0,0.9275136399064692,0.6836734693877551,1.0,0.1285714285714285,1.0,0.2252100840336134,0.2285714285714285,1.1894261837005615,0.08,9.813052415847778,2.93503737449646
4d5h4p,0.3158415841584158,0.9558864849676876,0.2164140094093047,0.3282555282555282,1.0,0.9155005382131324,0.9764150943396226,1.0,0.1875367430922986,1.0,0.1216931216931216,0.1963550852439741,0.307234886025768,0.955861681192016,0.1957090528519099,0.3207083128381702,0.9748427672955976,0.9154550350026924,0.8862559241706162,0.978978978978979,0.1823529411764705,1.0,0.11,0.1917647058823529,0.3158415841584158,0.9558864849676876,0.181913225300575,0.3282555282555282,1.0,0.9155005382131324,0.8207547169811321,1.0,0.1875367430922986,1.0,0.1022927689594356,0.1963550852439741,2.0322768688201904,0.17,7.180526971817017,7.486793279647827
4d5oqi,0.3383947939262473,0.9807938540332908,0.3697953422724065,0.582356570018507,1.0,0.9623115577889448,0.9776119402985076,1.0,0.2036553524804177,1.0,0.2280243690165361,0.4107919930374238,0.3287472845763939,0.9807774455360956,0.3547703180212014,0.5744286596664607,0.9742489270386266,0.9622799664710812,0.9400749063670412,0.9872611464968152,0.1977351916376306,1.0,0.2186411149825784,0.4050522648083623,0.3383947939262473,0.9807938540332908,0.3401552575864503,0.582356570018507,1.0,0.9623115577889448,0.8992537313432836,1.0,0.2036553524804177,1.0,0.2097476066144473,0.4107919930374238,1.3915739059448242,0.08,6.882129669189453,9.31160855293274
4d5w8c,0.2452290076335878,0.9766330323951142,0.1495233316608128,0.4057217165149545,1.0,0.95433316035288,0.9675324675324676,1.0,0.1397498640565525,1.0,0.0810222947253942,0.2544861337683524,0.2387774594078319,0.9766206163655686,0.1356102461074836,0.403470715835141,0.9765625,0.9543094496365524,0.8823529411764706,0.9957173447537472,0.1360174102285092,1.0,0.0734494015233949,0.2529923830250272,0.2452290076335878,0.9766330323951142,0.1455092824887105,0.4057217165149545,1.0,0.95433316035288,0.9415584415584416,1.0,0.1397498640565525,1.0,0.0788471995649809,0.2544861337683524,2.644916296005249,0.5,5.658620595932007,5.541311740875244
4d5wh1,0.2259615384615384,0.9689277899343544,0.4500349406009783,0.4331210191082802,1.0,0.9397283531409168,0.9938271604938272,1.0,0.1273712737127371,1.0,0.2908762420957543,0.2764227642276423,0.218298555377207,0.9689005694261936,0.4352694191742476,0.4266477675407513,0.9714285714285714,0.939677145284622,0.9628482972136224,0.9868852459016394,0.1229656419529837,1.0,0.2811934900542495,0.2721518987341772,0.2259615384615384,0.9689277899343544,0.445842068483578,0.4331210191082802,1.0,0.9397283531409168,0.984567901234568,1.0,0.1273712737127371,1.0,0.2881662149954833,0.2764227642276423,1.2476921081542969,0.56,8.517507791519165,4.688621044158936
4d668b,0.2145328719723183,0.9714465014119864,0.2442057659694743,0.3434991974317817,1.0,0.9444783404514948,0.9773755656108596,1.0,0.1201550387596899,1.0,0.1395348837209302,0.2073643410852713,0.2055427251732101,0.9714285714285714,0.2331635540464063,0.334226031065881,0.9621621621621622,0.9444444444444444,0.9363636363636364,0.975,0.1150614091790562,1.0,0.1331609566903684,0.2016806722689075,0.2145328719723183,0.9714465014119864,0.2362916902204635,0.3434991974317817,1.0,0.9444783404514948,0.9457013574660632,1.0,0.1201550387596899,1.0,0.1350129198966408,0.2073643410852713,1.7799830436706543,0.66,7.278897047042847,5.822001457214356
4d67mb,0.7768786127167631,0.9693082913421897,0.3341176470588236,0.4853256979241231,1.0,0.9404444444444444,0.9815668202764976,1.0,0.6351606805293005,1.0,0.2013232514177693,0.3204158790170132,0.7731481481481481,0.9692801467216872,0.3205027494108405,0.4774193548387097,0.9955290611028316,0.9403914590747332,0.9444444444444444,0.985207100591716,0.6319772942289499,1.0,0.1929990539262062,0.315042573320719,0.7768786127167631,0.9693082913421897,0.3294117647058824,0.4853256979241231,1.0,0.9404444444444444,0.967741935483871,1.0,0.6351606805293005,1.0,0.1984877126654064,0.3204158790170132,3.544893980026245,0.13,5.819149971008301,4.360376119613648
4d6f2a,0.3253521126760563,0.9702162382700938,0.3367983367983367,0.3723477070499658,1.0,0.9421553090332804,0.9566929133858268,1.0,0.1942809083263246,1.0,0.2043734230445753,0.2287636669470143,0.3145275035260931,0.9701919150673745,0.3122831367106176,0.3591501028101439,0.9695652173913044,0.9421094369547978,0.8893280632411067,0.966789667896679,0.1877104377104377,1.0,0.1893939393939394,0.2205387205387205,0.3253521126760563,0.9702162382700938,0.3173943173943174,0.3723477070499658,1.0,0.9421553090332804,0.9015748031496064,1.0,0.1942809083263246,1.0,0.1925988225399495,0.2287636669470143,1.5926954746246338,0.13,6.747732639312744,3.140195369720459
4d6j7b,0.0877963125548726,0.96756996890271,0.2746645619573796,0.5051475634866164,1.0,0.9371772805507744,0.9775280898876404,1.0,0.0459136822773186,1.0,0.1597796143250688,0.3379247015610652,0.0809146877748461,0.9675411293908404,0.2561264822134387,0.5003436426116838,0.9387755102040816,0.9371231696813092,0.9152542372881356,0.9918256130790192,0.0422794117647058,1.0,0.1488970588235294,0.3345588235294117,0.0877963125548726,0.96756996890271,0.2620363062352012,0.5051475634866164,1.0,0.9371772805507744,0.9325842696629212,1.0,0.0459136822773186,1.0,0.1524334251606978,0.3379247015610652,0.6852765083312988,0.11,5.133768081665039,4.10909104347229
4d6mpd,0.2553516819571865,0.962463095740194,0.4382252559726962,0.3952180028129395,1.0,0.9276422764227642,0.9907407407407408,1.0,0.1463628396143733,1.0,0.2813321647677476,0.2462751971954426,0.2450229709035221,0.9624314056563952,0.4319890635680109,0.3845070422535211,0.963855421686747,0.9275834011391376,0.978328173374613,0.975,0.1403508771929824,1.0,0.2771929824561403,0.2394736842105263,0.2553516819571865,0.962463095740194,0.4354948805460751,0.3952180028129395,1.0,0.9276422764227642,0.984567901234568,1.0,0.1463628396143733,1.0,0.2795793163891323,0.2462751971954426,1.2924110889434814,0.15,8.483359336853027,5.410659313201904
4d75v1,0.0894677236693091,0.9768384481760278,0.1446575342465753,0.2899138367967562,1.0,0.9547255234861348,0.9565217391304348,1.0,0.0468286899822169,1.0,0.0782454060462359,0.1695317131001778,0.0850340136054421,0.9768250289687136,0.1316511245200219,0.2770167427701674,0.9615384615384616,0.9546998867497168,0.8759124087591241,0.9578947368421052,0.0444839857651245,1.0,0.0711743772241993,0.1619217081850534,0.0894677236693091,0.9768384481760278,0.1336986301369863,0.2899138367967562,1.0,0.9547255234861348,0.8840579710144928,1.0,0.0468286899822169,1.0,0.0723177237700059,0.1695317131001778,0.8911857604980469,0.14,5.078026533126831,4.9223268032073975
4d7rfu,0.4361433619384149,0.966916354556804,0.2934065934065934,0.4161554192229038,1.0,0.93595166163142,0.985239852398524,1.0,0.2788896061975468,1.0,0.1723692704970949,0.262750161394448,0.4163719050025264,0.966895690193629,0.2783278327832783,0.4083930399181166,0.9559164733178654,0.935912938331318,0.937037037037037,0.9827586206896552,0.2661498708010336,1.0,0.1634366925064599,0.2577519379844961,0.4361433619384149,0.966916354556804,0.2901098901098901,0.4161554192229038,1.0,0.93595166163142,0.974169741697417,1.0,0.2788896061975468,1.0,0.170432537120723,0.262750161394448,3.5021812915802,0.24,9.334869384765623,11.653047800064089
4d7snd,0.1595033428844317,0.9688285570638512,0.2358318098720292,0.3676408301567132,1.0,0.93954168698196,0.9885057471264368,1.0,0.0866632070576024,1.0,0.1338868707836014,0.2252205500778412,0.1510516252390057,0.9688128772635816,0.2241537053979872,0.3577787197965239,0.9518072289156626,0.9395121951219512,0.9423076923076924,0.97459584295612,0.0820353063343717,1.0,0.1272066458982347,0.2191069574247144,0.1595033428844317,0.9688285570638512,0.2294332723948811,0.3676408301567132,1.0,0.93954168698196,0.9616858237547892,1.0,0.0866632070576024,1.0,0.1302542812662169,0.2252205500778412,1.1459779739379885,0.13,8.968461036682129,6.384529113769531
4d7xph,0.2351212343864805,0.9748376623376624,0.3551020408163265,0.5108493490390577,1.0,0.950910530482977,0.9702602230483272,1.0,0.1332223147377185,1.0,0.2173189009159034,0.3430474604496253,0.2295805739514348,0.974817221770918,0.337874659400545,0.5015518311607697,0.981132075471698,0.9508716323296356,0.9253731343283582,0.9829683698296836,0.13,1.0,0.2066666666666666,0.3366666666666666,0.2351212343864805,0.9748376623376624,0.3428571428571428,0.5108493490390577,1.0,0.950910530482977,0.9368029739776952,1.0,0.1332223147377185,1.0,0.2098251457119067,0.3430474604496253,1.1864492893218994,0.06,6.851511240005493,6.934067487716675
4d86zn,0.1531914893617021,0.9610274579273692,0.36664162283997,0.3902077151335311,1.0,0.9249786871270248,0.991869918699187,1.0,0.0829493087557603,1.0,0.2248847926267281,0.2423963133640553,0.1398124467178176,0.9609929078014184,0.3521444695259593,0.3699851411589896,0.9213483146067416,0.924914675767918,0.9551020408163264,0.950381679389313,0.0756457564575645,1.0,0.2158671586715867,0.2297047970479704,0.1531914893617021,0.9610274579273692,0.3621337340345604,0.3902077151335311,1.0,0.9249786871270248,0.9796747967479674,1.0,0.0829493087557603,1.0,0.2221198156682027,0.2423963133640553,0.8076820373535156,0.06,6.481288909912109,5.6250083446502686
4d8b24,0.1146953405017921,0.9758812615955472,0.2782750203417413,0.4227886056971514,1.0,0.9528985507246376,0.9661016949152542,1.0,0.0608365019011406,1.0,0.1625475285171102,0.2680608365019011,0.1131059245960502,0.9758588672237696,0.2135289323553382,0.4099099099099099,1.0,0.9528558476881231,0.7443181818181818,0.9715302491103204,0.0599429115128449,1.0,0.1246431969552806,0.2597526165556613,0.1146953405017921,0.9758812615955472,0.2473555736371033,0.4227886056971514,1.0,0.9528985507246376,0.8587570621468926,1.0,0.0608365019011406,1.0,0.1444866920152091,0.2680608365019011,0.8519454002380371,0.04,4.974209547042847,5.484276533126831
4d8dq4,0.3127962085308057,0.9658914728682172,0.4546016059295861,0.4492843808338519,1.0,0.934032983508246,0.9865951742627346,1.0,0.1853932584269663,1.0,0.2953451043338684,0.2897271268057785,0.3064406779661016,0.9658650116369276,0.4452690166975881,0.4386292834890966,0.982608695652174,0.9339834958739685,0.967741935483871,0.9777777777777776,0.1815261044176706,1.0,0.2891566265060241,0.2827309236947791,0.3127962085308057,0.9658914728682172,0.4496602841260037,0.4492843808338519,1.0,0.934032983508246,0.9758713136729222,1.0,0.1853932584269663,1.0,0.2921348314606741,0.2897271268057785,1.5287821292877195,0.05,9.821732759475708,7.69977593421936
4d8iri,0.3367427222659323,0.9626593806921676,0.3161189358372457,0.3033707865168539,1.0,0.9280070237050044,0.9140271493212668,1.0,0.2024597918637653,1.0,0.1911069063386944,0.1788079470198675,0.3246650906225374,0.9626253418413856,0.2899686520376175,0.2877813504823151,0.9671361502347418,0.9279437609841829,0.8409090909090909,0.952127659574468,0.1950757575757575,1.0,0.1751893939393939,0.1695075757575757,0.3367427222659323,0.9626593806921676,0.2957746478873239,0.3033707865168539,1.0,0.9280070237050044,0.8552036199095022,1.0,0.2024597918637653,1.0,0.1788079470198675,0.1788079470198675,1.493189811706543,0.07,5.911162853240967,3.551429986953736
4d933v,0.3022556390977444,0.9720189410245372,0.2319066147859922,0.4308547602501736,1.0,0.9455611390284756,0.9551282051282052,1.0,0.1780336581045172,1.0,0.1319751992914083,0.2745792736935341,0.2951807228915662,0.971994829814735,0.2026500389711613,0.4203201113430758,0.98,0.9455155071248952,0.8387096774193549,0.9773462783171522,0.1737588652482269,1.0,0.1152482269503546,0.2677304964539007,0.3022556390977444,0.9720189410245372,0.2132295719844357,0.4308547602501736,1.0,0.9455611390284756,0.8782051282051282,1.0,0.1780336581045172,1.0,0.1213463241806908,0.2745792736935341,1.7041935920715332,0.04,4.650150299072266,4.927669525146484
4d9412,0.2510121457489878,0.9791477787851316,0.2615629984051036,0.3747178329571106,1.0,0.9591474245115452,0.942528735632184,1.0,0.1435185185185185,1.0,0.1518518518518518,0.2305555555555555,0.2449310624493106,0.9791288566243196,0.242811501597444,0.3632253202712886,0.9805194805194806,0.9591111111111112,0.8786127167630058,0.9717741935483872,0.1399443929564411,1.0,0.1408711770157553,0.2233549582947173,0.2510121457489878,0.9791477787851316,0.2456140350877192,0.3747178329571106,1.0,0.9591474245115452,0.8850574712643678,1.0,0.1435185185185185,1.0,0.1425925925925926,0.2305555555555555,1.0065157413482666,0.04,4.648271560668945,3.621776342391968
4d97y2,0.4425675675675675,0.9763501588422168,0.2288620470438652,0.4918211559432933,1.0,0.9537931034482758,0.9473684210526316,1.0,0.2841648590021692,1.0,0.1301518438177874,0.3261026753434562,0.4306651634723788,0.9763334510773578,0.1731381285805219,0.4803493449781659,0.9744897959183674,0.95376121463078,0.7195767195767195,0.9777777777777776,0.276410998552822,1.0,0.0984081041968162,0.3183791606367583,0.4425675675675675,0.9763501588422168,0.1958041958041958,0.4918211559432933,1.0,0.9537931034482758,0.8105263157894737,1.0,0.2841648590021692,1.0,0.111352133044107,0.3261026753434562,2.2301833629608154,0.05,5.510621786117554,10.584323406219482
4d9kgu,0.3731138545953361,0.9697465249386754,0.3215796897038081,0.5483476132190942,1.0,0.9412698412698411,0.9827586206896552,1.0,0.2293423271500843,1.0,0.1922428330522765,0.3777403035413153,0.3598901098901099,0.969721767594108,0.3107344632768362,0.5355392156862745,0.966789667896679,0.9412231930103256,0.9523809523809524,0.977628635346756,0.2210970464135021,1.0,0.1856540084388185,0.3687763713080169,0.3731138545953361,0.9697465249386754,0.314527503526093,0.5483476132190942,1.0,0.9412698412698411,0.961206896551724,1.0,0.2293423271500843,1.0,0.1880269814502529,0.3777403035413153,1.8291728496551516,0.05,6.57555103302002,9.527031898498535
4d9ntp,0.2531824611032531,0.9751283063560996,0.4189016602809706,0.3609820836098208,1.0,0.9514637904468412,0.9909365558912386,1.0,0.1449392712550607,1.0,0.2655870445344129,0.2202429149797571,0.245042492917847,0.97510865270644,0.4066496163682864,0.3508305647840531,0.9719101123595506,0.9514263685427912,0.9636363636363636,0.974169741697417,0.1401944894651539,1.0,0.2576985413290113,0.2139384116693679,0.2531824611032531,0.9751283063560996,0.4176245210727969,0.3609820836098208,1.0,0.9514637904468412,0.9879154078549848,1.0,0.1449392712550607,1.0,0.2647773279352227,0.2202429149797571,1.2353332042694092,0.04,8.619347333908081,5.182411432266235
4d9q8e,0.2948929159802306,0.965034965034965,0.3476874003189792,0.6088709677419355,1.0,0.9324324324324323,0.9954337899543378,1.0,0.1729468599033816,1.0,0.2106280193236715,0.4376811594202898,0.2805280528052806,0.9650023331777882,0.3402555910543131,0.5962314939434724,0.9550561797752808,0.9323715058611362,0.9770642201834864,0.9800884955752212,0.1644100580270793,1.0,0.2059961315280464,0.4284332688588008,0.2948929159802306,0.965034965034965,0.3429027113237639,0.6088709677419355,1.0,0.9324324324324323,0.9817351598173516,1.0,0.1729468599033816,1.0,0.2077294685990338,0.4376811594202898,1.2581915855407717,0.03,5.992437362670898,8.492976427078247
4da33v,0.2786316311353495,0.9711888111888112,0.4132908511606737,0.4189435336976321,1.0,0.9439912996193583,0.9848156182212582,1.0,0.1618663594470046,1.0,0.2615207373271889,0.2649769585253456,0.2719602977667493,0.9711726840190316,0.4027334851936218,0.4175022789425706,0.9785714285714284,0.9439608269858542,0.9608695652173912,0.9978213507625272,0.1579250720461095,1.0,0.2547550432276657,0.2639769452449568,0.2786316311353495,0.9711888111888112,0.4105598543468366,0.4189435336976321,1.0,0.9439912996193583,0.9783080260303688,1.0,0.1618663594470046,1.0,0.2597926267281106,0.2649769585253456,1.7361373901367188,0.07,14.178770065307615,7.702696561813354
4da665,0.1450906816760475,0.962987012987013,0.1106870229007633,0.426525198938992,1.0,0.9286161552911708,0.9775280898876404,1.0,0.0782198246797033,1.0,0.0586648685097774,0.2710721510451787,0.1352536005009392,0.962962962962963,0.0980891719745222,0.41635687732342,0.9391304347826088,0.9285714285714286,0.875,0.9775561097256856,0.0728744939271255,1.0,0.0519568151147098,0.2645074224021592,0.1450906816760475,0.962987012987013,0.0890585241730279,0.426525198938992,1.0,0.9286161552911708,0.7865168539325843,1.0,0.0782198246797033,1.0,0.0472016183412002,0.2710721510451787,0.8962786197662354,0.05,3.483088493347168,5.394888877868652
4da6yg,0.1971649484536082,0.959204662324306,0.2157728706624605,0.3144578313253012,1.0,0.9216073781291172,0.9193548387096774,1.0,0.1093638313080772,1.0,0.1222301644031451,0.1865618298784846,0.1883870967741935,0.9591766723842194,0.1174984207201516,0.2991556091676718,0.9605263157894736,0.9215557020435068,0.5027027027027027,0.953846153846154,0.1044349070100143,1.0,0.0665236051502145,0.1773962804005722,0.1971649484536082,0.959204662324306,0.1678233438485804,0.3144578313253012,1.0,0.9216073781291172,0.7150537634408602,1.0,0.1093638313080772,1.0,0.0950679056468906,0.1865618298784846,1.356316089630127,0.05,5.842550992965698,4.822688817977905
4da7rr,0.4912790697674418,0.9706982543640896,0.1883304448295782,0.2880703683342496,1.0,0.9430648092065416,0.9367816091954024,1.0,0.325626204238921,1.0,0.1046885035324341,0.1682723185613359,0.4772065955383123,0.9706799750467872,0.1711972238288027,0.2806824435883324,0.9723320158102768,0.943030303030303,0.8554913294797688,0.9770114942528736,0.3161953727506427,1.0,0.0951156812339331,0.1638817480719794,0.4912790697674418,0.9706982543640896,0.169844020797227,0.2880703683342496,1.0,0.9430648092065416,0.8448275862068966,1.0,0.325626204238921,1.0,0.094412331406551,0.1682723185613359,2.9745094776153564,0.05,5.665975570678711,6.565400838851929
4dab5i,0.3824289405684754,0.9762944479101684,0.223728813559322,0.4535573122529643,1.0,0.9536867763558804,0.9658536585365852,1.0,0.2364217252396166,1.0,0.126517571884984,0.2932907348242811,0.3735126745990688,0.9762796504369536,0.2104072398190045,0.4510385756676557,0.978319783197832,0.9536585365853658,0.9117647058823528,0.9956331877729258,0.2308184143222506,1.0,0.118925831202046,0.2915601023017903,0.3824289405684754,0.9762944479101684,0.2101694915254237,0.4535573122529643,1.0,0.9536867763558804,0.9073170731707316,1.0,0.2364217252396166,1.0,0.118849840255591,0.2932907348242811,2.053846836090088,0.04,6.316129922866821,5.3078773021698
4dab92,0.358974358974359,0.972972972972973,0.3270622286541245,0.532484076433121,1.0,0.9473684210526316,0.982608695652174,1.0,0.21875,1.0,0.1961805555555555,0.3628472222222222,0.3480741797432239,0.9729501267962808,0.3144927536231884,0.5153061224489796,0.9721115537848606,0.9473251028806584,0.9475982532751092,0.9688249400479616,0.2119895742832319,1.0,0.1885317115551694,0.3509991311902693,0.358974358974359,0.972972972972973,0.3227206946454414,0.532484076433121,1.0,0.9473684210526316,0.9695652173913044,1.0,0.21875,1.0,0.1935763888888889,0.3628472222222222,1.6637766361236572,0.04,6.704890727996826,5.465420722961426
4davzv,0.2429784454604833,0.9735794426348172,0.3969102792632204,0.3507050889025138,1.0,0.9485190409026798,0.9881656804733728,1.0,0.1382899628252788,1.0,0.2483271375464684,0.2126394052044609,0.2315238718116415,0.9735603042375952,0.3831052944675788,0.3413136893799877,0.9567567567567568,0.9484827099506,0.9554896142433236,0.975438596491228,0.1316964285714285,1.0,0.2395833333333333,0.206845238095238,0.2429784454604833,0.9735794426348172,0.3885918003565062,0.3507050889025138,1.0,0.9485190409026798,0.9674556213017752,1.0,0.1382899628252788,1.0,0.2431226765799256,0.2126394052044609,1.1822593212127686,0.04,8.658856391906738,7.330054521560669
4dbpee,0.59375,0.9724642732659464,0.2380352644836272,0.519893899204244,1.0,0.94640434192673,0.9792746113989638,1.0,0.4222222222222222,1.0,0.1354838709677419,0.3512544802867383,0.5882946518668013,0.9724450645273806,0.2257250945775536,0.5066383430695698,0.9914965986394558,0.946367956551256,0.9322916666666666,0.9754601226993864,0.4182209469153515,1.0,0.1284074605451937,0.3421807747489239,0.59375,0.9724642732659464,0.2292191435768261,0.519893899204244,1.0,0.94640434192673,0.9430051813471504,1.0,0.4222222222222222,1.0,0.1304659498207885,0.3512544802867383,2.9902381896972656,0.04,5.402498006820679,9.394988775253296
4dbqhz,0.3107742284786139,0.9710550887021476,0.1935483870967742,0.4415584415584416,1.0,0.943738656987296,0.9545454545454546,1.0,0.183974358974359,1.0,0.1076923076923077,0.2833333333333333,0.300271002710027,0.971037060105886,0.1730103806228373,0.432,0.9685314685314684,0.9437046004842616,0.8571428571428571,0.979591836734694,0.1776779987171263,1.0,0.096215522771007,0.2771007055805003,0.3107742284786139,0.9710550887021476,0.1797235023041474,0.4415584415584416,1.0,0.943738656987296,0.8863636363636364,1.0,0.183974358974359,1.0,0.1,0.2833333333333333,1.7191972732543943,0.05,5.617666244506836,8.396629095077515
4dc34q,0.2686567164179104,0.96513470681458,0.3868421052631579,0.3803191489361702,1.0,0.9326186830015314,0.9735099337748344,1.0,0.1551724137931034,1.0,0.2413793103448276,0.2348111658456486,0.2590747330960853,0.9651070578905632,0.3649538866930171,0.3661784287616511,0.9680851063829788,0.9325670498084292,0.920265780730897,0.9649122807017544,0.1495480690221857,1.0,0.2276088742810189,0.2259654889071487,0.2686567164179104,0.96513470681458,0.3736842105263158,0.3803191489361702,1.0,0.9326186830015314,0.9403973509933776,1.0,0.1551724137931034,1.0,0.2331691297208538,0.2348111658456486,1.330726146697998,0.04,8.139011859893799,4.298265695571899
4dc6om,0.7770883054892602,0.9697199091597276,0.2932979429329794,0.4920541494997057,1.0,0.94121969140338,0.9778761061946902,1.0,0.6354410616705699,1.0,0.1725214676034348,0.3263075722092115,0.7740086000955567,0.9696969696969696,0.2724252491694352,0.4832056570418384,0.996309963099631,0.9411764705882352,0.9111111111111112,0.9832134292565948,0.6328125,1.0,0.16015625,0.3203125,0.7770883054892602,0.9697199091597276,0.2826808228268082,0.4920541494997057,1.0,0.94121969140338,0.9424778761061948,1.0,0.6354410616705699,1.0,0.1662763466042154,0.3263075722092115,4.380975246429443,0.04,6.699548244476318,8.604283332824707
4dc8u3,0.2259174311926605,0.9714285714285714,0.5420385157350869,0.4365841334007074,1.0,0.9444444444444444,0.9914089347079038,1.0,0.1273432449903038,1.0,0.3729799612152553,0.2792501616031028,0.2181400688863375,0.9714106189129752,0.5265632346027268,0.4208396560445118,0.9693877551020408,0.9444105070250458,0.963855421686747,0.965197215777262,0.1228978007761966,1.0,0.3622250970245795,0.2690815006468305,0.2259174311926605,0.9714285714285714,0.5392202912165336,0.4365841334007074,1.0,0.9444444444444444,0.986254295532646,1.0,0.1273432449903038,1.0,0.3710407239819004,0.2792501616031028,1.1531996726989746,0.05,15.476299285888672,11.271336555480955
4dcj3c,0.3639494833524684,0.9661016949152544,0.4064768285873814,0.4824281150159745,1.0,0.9344262295081968,0.994535519125683,1.0,0.2224561403508771,1.0,0.2554385964912281,0.3178947368421053,0.3586206896551724,0.966078697421981,0.4002235885969815,0.4701492537313432,0.9873417721518988,0.9343832020997376,0.9808219178082191,0.9756637168141592,0.2191011235955056,1.0,0.2514044943820224,0.309691011235955,0.3639494833524684,0.9661016949152544,0.4064768285873814,0.4824281150159745,1.0,0.9344262295081968,0.994535519125683,1.0,0.2224561403508771,1.0,0.2554385964912281,0.3178947368421053,1.9232144355773928,0.05,9.784621477127075,6.953130483627319
4dd47d,0.2033132530120482,0.9644300727566696,0.2834645669291338,0.4965343415248897,1.0,0.9313036690085872,0.9705882352941176,1.0,0.113160100586756,1.0,0.1659681475272422,0.3302598491198659,0.196078431372549,0.964401294498382,0.2709677419354839,0.4883280757097792,0.9701492537313432,0.93125,0.9310344827586208,0.9847328244274808,0.1090604026845637,1.0,0.1585570469798657,0.3246644295302013,0.2033132530120482,0.9644300727566696,0.2720114531138153,0.4965343415248897,1.0,0.9313036690085872,0.931372549019608,1.0,0.113160100586756,1.0,0.1592623637887678,0.3302598491198659,1.2067320346832275,0.04,5.696598529815674,4.998884201049805
4ddc2g,0.3628865979381443,0.9682926829268292,0.3337988826815642,0.3561076604554865,1.0,0.9385342789598108,0.991701244813278,1.0,0.2216624685138539,1.0,0.2006717044500419,0.216624685138539,0.3551273227804543,0.9682668836452402,0.3244755244755244,0.3496890117484451,0.9809885931558936,0.9384858044164038,0.9666666666666668,0.9844357976653696,0.2168067226890756,1.0,0.1949579831932773,0.2126050420168067,0.3628865979381443,0.9682926829268292,0.3324022346368715,0.3561076604554865,1.0,0.9385342789598108,0.9875518672199172,1.0,0.2216624685138539,1.0,0.1998320738874895,0.216624685138539,1.7380826473236084,0.04,6.7508063316345215,6.839590072631836
4ddcnd,0.1941216678058783,0.9756277695716395,0.3112244897959183,0.3373190685966016,1.0,0.9524152847873107,0.9878542510121456,1.0,0.1074943224829674,1.0,0.1847085541256623,0.2028766086298259,0.1834360027378508,0.975609756097561,0.2988505747126436,0.3264020163831128,0.950354609929078,0.9523809523809524,0.951219512195122,0.9700374531835206,0.1015151515151515,1.0,0.1772727272727272,0.1962121212121212,0.1941216678058783,0.9756277695716395,0.3073979591836734,0.3373190685966016,1.0,0.9524152847873107,0.9757085020242916,1.0,0.1074943224829674,1.0,0.1824375473126419,0.2028766086298259,1.2388224601745603,0.05,6.824045181274414,4.763418197631836
4de7y6,0.3941605839416058,0.9764424718333904,0.3807909604519773,0.4754797441364605,1.0,0.9539693128752502,0.9911764705882352,1.0,0.2454545454545454,1.0,0.2356643356643356,0.3118881118881119,0.3799887577290612,0.9764263751281176,0.3710407239819004,0.4599786552828175,0.9657142857142856,0.9539385847797064,0.967551622418879,0.9685393258426966,0.2365290412876137,1.0,0.2295311406578026,0.3016095171448565,0.3941605839416058,0.9764424718333904,0.3796610169491525,0.4754797441364605,1.0,0.9539693128752502,0.9882352941176472,1.0,0.2454545454545454,1.0,0.2349650349650349,0.3118881118881119,2.126751661300659,0.07,9.621578931808472,10.87592101097107
4degbb,0.1751563896336014,0.9666272189349112,0.3982785602503912,0.2235754675946064,1.0,0.935409986257444,0.990272373540856,1.0,0.0959843290891283,1.0,0.2492654260528893,0.1258570029382958,0.1645796064400715,0.9666114136869524,0.3915426781519185,0.215933826730518,0.9435897435897436,0.9353803849679192,0.9746588693957114,0.96875,0.0901518863302302,1.0,0.2449779519843214,0.1215090641842234,0.1751563896336014,0.9666272189349112,0.3693270735524256,0.2235754675946064,1.0,0.935409986257444,0.9182879377431906,1.0,0.0959843290891283,1.0,0.2311459353574926,0.1258570029382958,1.4804561138153076,0.2,16.013111114501953,5.646045446395874
4dej0r,0.5210210210210211,0.9771825396825397,0.2712603576101177,0.3651452282157676,1.0,0.9553831231813772,0.9628482972136224,1.0,0.3522842639593909,1.0,0.1578680203045685,0.2233502538071066,0.5131480090157776,0.9771712158808932,0.2584024443474465,0.3596345514950166,0.9855699855699857,0.95536147501213,0.9192546583850932,0.9863325740318908,0.3468765871000507,1.0,0.1503301168105637,0.2199085830370746,0.5210210210210211,0.9771825396825397,0.2616659398168339,0.3651452282157676,1.0,0.9553831231813772,0.9287925696594428,1.0,0.3522842639593909,1.0,0.1522842639593908,0.2233502538071066,3.966809272766113,0.1,10.904901266098022,16.945820093154907
4dep01,0.2088404868673926,0.9718456725755996,0.3269689737470167,0.3197115384615384,1.0,0.9452332657200812,0.9856115107913668,1.0,0.1165951359084406,1.0,0.1959942775393419,0.1902718168812589,0.2052597819114817,0.9718260869565216,0.3046594982078853,0.3128760529482551,0.9876543209876544,0.9451962110960758,0.9205776173285198,0.981132075471698,0.1145311381531854,1.0,0.1825340014316392,0.1861130994989262,0.2088404868673926,0.9718456725755996,0.3162291169451074,0.3197115384615384,1.0,0.9452332657200812,0.9532374100719424,1.0,0.1165951359084406,1.0,0.1895565092989985,0.1902718168812589,1.2160747051239014,0.04,7.555779933929443,3.05457615852356
4depd7,0.1574382921947965,0.9488148402610788,0.3782837127845884,0.3321256038647343,1.0,0.9026143790849672,0.9759036144578314,1.0,0.0854453294713975,1.0,0.2346125995655322,0.1991310644460535,0.1523046092184368,0.9487796493640426,0.3682057276446522,0.3119709794437727,0.9743589743589745,0.9025506867233486,0.9516616314199396,0.9416058394160584,0.0826086956521739,1.0,0.2282608695652173,0.1869565217391304,0.1574382921947965,0.9488148402610788,0.3747810858143607,0.3321256038647343,1.0,0.9026143790849672,0.966867469879518,1.0,0.0854453294713975,1.0,0.2324402606806661,0.1991310644460535,1.080801486968994,0.07,9.21950888633728,4.722601652145386
4df3y1,0.3438438438438438,0.9804444444444445,0.4810996563573883,0.4890410958904109,1.0,0.961639058413252,0.9943181818181818,1.0,0.2076155938349954,1.0,0.3173164097914778,0.3236627379873073,0.3428571428571428,0.9804270462633452,0.4721266345492085,0.4787379972565157,1.0,0.961605584642234,0.9772079772079773,0.9803370786516854,0.2068965517241379,1.0,0.3112522686025408,0.3166969147005444,0.3438438438438438,0.9804444444444445,0.4632302405498281,0.4890410958904109,1.0,0.961639058413252,0.9573863636363636,1.0,0.2076155938349954,1.0,0.3055303717135086,0.3236627379873073,1.589646577835083,0.04,9.04975962638855,5.710997104644775
4dfd25,0.2813852813852813,0.973635806253832,0.2506871907641561,0.2906350914962324,1.0,0.948626045400239,0.987012987012987,1.0,0.163727959697733,1.0,0.1435768261964735,0.1700251889168765,0.2730227518959913,0.9736196319018404,0.2410566868464502,0.2801724137931034,0.972972972972973,0.9485953377166766,0.9521739130434784,0.966542750929368,0.1587901701323251,1.0,0.1379962192816635,0.1638311279143037,0.2813852813852813,0.973635806253832,0.2473886750962067,0.2906350914962324,1.0,0.948626045400239,0.974025974025974,1.0,0.163727959697733,1.0,0.1416876574307304,0.1700251889168765,1.683196783065796,0.05,6.758894205093384,3.59582257270813
4dfexq,0.1961538461538461,0.9646897497428866,0.4618736383442266,0.3309608540925267,1.0,0.9317880794701988,0.9883449883449884,1.0,0.1087420042643923,1.0,0.3013503909026297,0.1982942430703624,0.189987163029525,0.9646655231560892,0.4416575790621592,0.3218527315914489,0.9736842105263158,0.931742876076872,0.9462616822429908,0.974820143884892,0.1052631578947368,1.0,0.2880512091038407,0.1927453769559032,0.1961538461538461,0.9646897497428866,0.4074074074074074,0.3309608540925267,1.0,0.9317880794701988,0.8717948717948718,1.0,0.1087420042643923,1.0,0.2658137882018479,0.1982942430703624,1.2825796604156494,0.04,11.118226289749146,7.6636786460876465
4dfgsk,0.4264859228362878,0.970106075216972,0.2211764705882353,0.3381057268722466,1.0,0.9419475655430712,0.9842931937172776,1.0,0.2710404241219351,1.0,0.1245858184227965,0.2034459907223326,0.418580375782881,0.9700868446445804,0.2120141342756183,0.3340683572216097,0.982843137254902,0.9419113054341036,0.9473684210526316,0.9901960784313726,0.2659151193633952,1.0,0.1193633952254641,0.2009283819628647,0.4264859228362878,0.970106075216972,0.2188235294117647,0.3381057268722466,1.0,0.9419475655430712,0.9738219895287958,1.0,0.2710404241219351,1.0,0.1232604373757455,0.2034459907223326,2.359046697616577,0.04,5.832769393920898,5.324774742126465
4dfkum,0.3011257035647279,0.9715665236051504,0.2967136150234741,0.2850378787878788,1.0,0.9447052686489308,0.9905956112852664,1.0,0.1772501380452788,1.0,0.1744892324682495,0.1662065157371618,0.2920187793427229,0.971551261406334,0.2857142857142857,0.2777251184834123,0.971875,0.9446764091858038,0.9559748427672956,0.9766666666666668,0.1718232044198895,1.0,0.1679558011049723,0.161878453038674,0.3011257035647279,0.9715665236051504,0.2938967136150234,0.2850378787878788,1.0,0.9447052686489308,0.9811912225705328,1.0,0.1772501380452788,1.0,0.172832689122032,0.1662065157371618,1.9095749855041504,0.05,9.930283784866331,5.927114009857178
4dfp00,0.8966193042626164,0.9644539614561028,0.2883018867924528,0.3937232524964336,1.0,0.9313482216708024,0.9597989949748744,1.0,0.8126110124333925,1.0,0.169626998223801,0.2451154529307282,0.8955370279548799,0.9644234890698672,0.2690854119425547,0.3871428571428572,0.99890590809628,0.9312913907284768,0.898989898989899,0.9854545454545456,0.8115555555555556,1.0,0.1582222222222222,0.2408888888888889,0.8966193042626164,0.9644539614561028,0.2716981132075471,0.3937232524964336,1.0,0.9313482216708024,0.9045226130653268,1.0,0.8126110124333925,1.0,0.1598579040852575,0.2451154529307282,4.475935935974121,0.03,5.280860185623169,4.301952600479126
4dfssg,0.1987991994663108,0.9701760689902982,0.2254259501965924,0.3302411873840445,1.0,0.942079553384508,0.9772727272727272,1.0,0.1103703703703703,1.0,0.1274074074074074,0.1977777777777777,0.1897127588510353,0.9701546206400576,0.2112860892388451,0.3157894736842105,0.9594594594594594,0.9420391061452514,0.92,0.9586466165413534,0.1052631578947368,1.0,0.1193476649369903,0.1890289103039288,0.1987991994663108,0.9701760689902982,0.2149410222804718,0.3302411873840445,1.0,0.942079553384508,0.9318181818181818,1.0,0.1103703703703703,1.0,0.1214814814814814,0.1977777777777777,1.2984473705291748,0.04,5.408612012863159,4.356939792633057
4dg1t3,0.2202418841502227,0.9715079916608756,0.3167366526694661,0.3847487001733102,1.0,0.9445945945945946,0.9814126394052044,1.0,0.1237482117310443,1.0,0.1888412017167382,0.2381974248927038,0.2115997450605481,0.9714881780250348,0.3039039039039038,0.3782533256217467,0.9651162790697676,0.9445571331981067,0.9440298507462688,0.9849397590361446,0.1188260558339298,1.0,0.1811023622047244,0.2340730136005726,0.218968809675366,0.9715079916608756,0.3059388122375525,0.3847487001733102,0.9942196531791908,0.9445945945945946,0.9479553903345724,1.0,0.1230329041487839,1.0,0.1824034334763948,0.2381974248927038,1.2436347007751465,0.05,7.212460279464722,7.610055923461914
4dg6ze,0.354796320630749,0.9720496894409938,0.2582872928176795,0.431077694235589,1.0,0.945619335347432,0.9540816326530612,1.0,0.2156549520766773,1.0,0.1493610223642172,0.2747603833865815,0.3460526315789474,0.972027972027972,0.243430152143845,0.4203262233375157,0.9776951672862454,0.9455782312925172,0.9025641025641026,0.97667638483965,0.2102318145483613,1.0,0.140687450039968,0.2677857713828936,0.354796320630749,0.9720496894409938,0.2458563535911601,0.431077694235589,1.0,0.945619335347432,0.9081632653061223,1.0,0.2156549520766773,1.0,0.1421725239616613,0.2747603833865815,1.5887863636016846,0.03,5.7522687911987305,4.896864175796509
4dg9up,0.1178918169209431,0.9699785561115084,0.3381995133819951,0.3195046439628483,1.0,0.941707147814018,0.9686411149825784,1.0,0.0626381724392041,1.0,0.2048636698599852,0.1901252763448784,0.1055555555555555,0.9699570815450644,0.315468940316687,0.3075015499070055,0.9047619047619048,0.9416666666666668,0.9055944055944056,0.9649805447470816,0.0560471976401179,1.0,0.1910029498525073,0.1828908554572271,0.1178918169209431,0.9699785561115084,0.327250608272506,0.3195046439628483,1.0,0.941707147814018,0.9372822299651568,1.0,0.0626381724392041,1.0,0.1982313927781872,0.1901252763448784,0.7749874591827393,0.05,7.746818542480469,8.63411283493042
4dgsov,0.1779661016949152,0.9717514124293786,0.3205710577547047,0.3660544648511716,1.0,0.945054945054945,0.9840637450199204,1.0,0.0976744186046511,1.0,0.1914728682170542,0.224031007751938,0.1669024045261669,0.9717301168488504,0.2897985705003248,0.3512999365884591,0.944,0.9450146627565984,0.892,0.9618055555555556,0.0915438324282389,1.0,0.1730023273855702,0.2148952676493405,0.1779661016949152,0.9717514124293786,0.2959117456197274,0.3660544648511716,1.0,0.945054945054945,0.9083665338645418,1.0,0.0976744186046511,1.0,0.1767441860465116,0.224031007751938,1.048790454864502,0.05,6.84893274307251,4.336412668228149
4dgu1m,0.2508513053348467,0.9658200062715584,0.148859543817527,0.4269662921348314,0.9954954954954957,0.933899332929048,0.984126984126984,1.0,0.1435064935064935,1.0,0.0805194805194805,0.2714285714285714,0.2431818181818181,0.9657985566363352,0.1394230769230769,0.4171779141104293,0.9683257918552036,0.9338592233009708,0.928,0.9784172661870504,0.1390513320337881,1.0,0.0753736192332683,0.2651072124756335,0.2508513053348467,0.9658200062715584,0.1380552220888355,0.4269662921348314,0.9954954954954957,0.933899332929048,0.9126984126984128,1.0,0.1435064935064935,1.0,0.0746753246753246,0.2714285714285714,1.505845546722412,0.04,4.282692909240723,6.477012634277344
4dgwsk,0.2676056338028169,0.9647058823529412,0.4101290963257199,0.3549382716049382,1.0,0.9318181818181818,0.9951807228915662,1.0,0.1544715447154471,1.0,0.2582864290181363,0.2157598499061913,0.2592190889370933,0.9646845759130698,0.4025844930417495,0.3460350154479917,0.9715447154471544,0.9317784256559768,0.9782608695652174,0.9767441860465116,0.1495619524405506,1.0,0.253441802252816,0.2102628285356695,0.2676056338028169,0.9647058823529412,0.4091360476663357,0.3549382716049382,1.0,0.9318181818181818,0.9927710843373494,1.0,0.1544715447154471,1.0,0.257661038148843,0.2157598499061913,1.6271257400512695,0.05,11.733726739883425,4.515162229537964
4dgyj6,0.2216014897579143,0.9757343550447,0.1603456553048488,0.3171806167400881,1.0,0.9526184538653366,0.9653179190751444,1.0,0.1246073298429319,1.0,0.0874345549738219,0.1884816753926701,0.2143522833178005,0.9757219524661386,0.1432003844305622,0.310405643738977,0.9704641350210972,0.9525948103792417,0.8662790697674418,0.98050139275766,0.1204819277108433,1.0,0.0780513357778941,0.1843897328444211,0.2216014897579143,0.9757343550447,0.1536245799327892,0.3171806167400881,1.0,0.9526184538653366,0.9248554913294798,1.0,0.1246073298429319,1.0,0.0837696335078534,0.1884816753926701,1.4865319728851318,0.05,6.305646657943726,6.890580415725708
4dh86y,0.8483935742971888,0.9679324894514768,0.4235777930089101,0.5045632333767928,1.0,0.937857726901063,0.9903846153846154,1.0,0.7367044463818657,1.0,0.2693984306887532,0.3374019180470793,0.8472361809045226,0.9679054054054054,0.4090597117364448,0.4908616187989555,0.9988151658767772,0.9378068739770868,0.9581993569131833,0.9740932642487048,0.7356020942408377,1.0,0.2600349040139616,0.3280977312390924,0.8483935742971888,0.9679324894514768,0.4208361891706648,0.5045632333767928,1.0,0.937857726901063,0.9839743589743588,1.0,0.7367044463818657,1.0,0.2676547515257192,0.3374019180470793,4.325738191604614,0.05,7.923895597457886,6.411410570144653
4dhi7k,0.3036649214659686,0.9713062098501072,0.3080357142857143,0.4869913275517011,1.0,0.9442131557035804,0.9857142857142858,1.0,0.1790123456790123,1.0,0.1825396825396825,0.3218694885361552,0.2951310861423221,0.9712816116588084,0.2921013412816691,0.4742818971275884,0.9752475247524752,0.9441666666666668,0.937799043062201,0.9752747252747253,0.1738746690203,1.0,0.1729920564872021,0.3133274492497793,0.3036649214659686,0.9713062098501072,0.3005952380952381,0.4869913275517011,1.0,0.9442131557035804,0.961904761904762,1.0,0.1790123456790123,1.0,0.1781305114638448,0.3218694885361552,1.4265153408050537,0.03,5.835686683654785,6.061648845672607
4dhu2p,0.0330882352941176,0.9714026327734906,0.4383164005805515,0.4065524944154877,1.0,0.944395410414828,0.9805194805194806,1.0,0.016822429906542,1.0,0.2822429906542056,0.2551401869158878,0.0294659300184162,0.971376646978646,0.4200581395348837,0.3877703206562267,0.9411764705882352,0.9443462897526502,0.9413680781758956,0.9558823529411764,0.0149672591206735,1.0,0.2703461178671655,0.2432179607109448,0.0330882352941176,0.9714026327734906,0.4339622641509433,0.4065524944154877,1.0,0.944395410414828,0.9707792207792209,1.0,0.016822429906542,1.0,0.2794392523364486,0.2551401869158878,0.5365242958068848,0.08,7.937517404556274,6.840020418167114
4dhu4w,0.2197530864197531,0.959414504324684,0.2256284488044145,0.4789029535864979,1.0,0.921994884910486,0.9735449735449736,1.0,0.1234396671289875,1.0,0.1276005547850208,0.3148404993065187,0.2101359703337454,0.959387483355526,0.2136279926335175,0.4635691657866949,0.96045197740113,0.9219449776071658,0.925531914893617,0.9690949227373068,0.1179736294240111,1.0,0.1207494795281054,0.3046495489243581,0.2197530864197531,0.959414504324684,0.2194972409564684,0.4789029535864979,1.0,0.921994884910486,0.9470899470899472,1.0,0.1234396671289875,1.0,0.124133148404993,0.3148404993065187,1.2482459545135498,0.1,5.717711448669434,5.163992166519165
4dhuva,0.331002331002331,0.9707158351409978,0.1754916792738275,0.4010719071013845,1.0,0.9430979978925184,0.9015544041450776,1.0,0.1983240223463687,1.0,0.0972067039106145,0.2508379888268156,0.323845076994867,0.9706999457406402,0.116102978293791,0.3951721054984353,0.980225988700565,0.9430680021085924,0.5989583333333334,0.9866071428571428,0.193963107881498,1.0,0.0642817216321967,0.2470653996646171,0.331002331002331,0.9707158351409978,0.1361573373676248,0.4010719071013845,1.0,0.9430979978925184,0.6994818652849741,1.0,0.1983240223463687,1.0,0.0754189944134078,0.2508379888268156,2.1649646759033203,0.13,7.029364109039307,7.834782123565674
4dhux7,0.1161290322580645,0.972407231208373,0.1028253821213524,0.3509479628882614,1.0,0.9462962962962964,0.9652173913043478,1.0,0.0616438356164383,1.0,0.0543052837573385,0.2128180039138943,0.1079335793357933,0.9723940980485484,0.0936485859990727,0.3463867581752119,0.936,0.9462714219546086,0.8859649122807017,0.988479262672811,0.0572687224669603,1.0,0.0494371023005384,0.2099853157121879,0.1161290322580645,0.972407231208373,0.0935618341824918,0.3509479628882614,1.0,0.9462962962962964,0.8782608695652174,1.0,0.0616438356164383,1.0,0.049412915851272,0.2128180039138943,1.074559211730957,0.09,5.205358982086182,9.714065074920654
4dhvyl,0.5631646108039132,0.9690189328743546,0.189406099518459,0.4244402985074626,1.0,0.9398998330550918,0.9833333333333332,1.0,0.3919478981645944,1.0,0.1047957371225577,0.2693901716992303,0.5559812686249468,0.9690011481056257,0.175682913765399,0.4145658263305322,0.9878971255673222,0.9398663697104676,0.9162011173184358,0.9779735682819384,0.3868483412322275,1.0,0.0971563981042654,0.2630331753554502,0.5631646108039132,0.9690189328743546,0.1776350989834136,0.4244402985074626,1.0,0.9398998330550918,0.9222222222222224,1.0,0.3919478981645944,1.0,0.098283007696862,0.2693901716992303,3.418567180633545,0.11,6.293298721313477,4.6914496421813965
4dhz8f,0.2464065708418891,0.9677053824362608,0.2527918781725888,0.4044838860345633,1.0,0.937431394072448,0.950381679389313,1.0,0.1405152224824356,1.0,0.1457845433255269,0.2535128805620609,0.2384378211716341,0.967687074829932,0.2306910569105691,0.3927068723702664,0.9707112970711296,0.9373970345963756,0.8697318007662835,0.9722222222222222,0.1359109548916227,1.0,0.1329818394844757,0.2460456942003515,0.2464065708418891,0.9677053824362608,0.2436548223350254,0.4044838860345633,1.0,0.937431394072448,0.916030534351145,1.0,0.1405152224824356,1.0,0.1405152224824356,0.2535128805620609,1.5470421314239502,0.09,8.879615068435669,6.605461597442627
4dia4u,0.3683510638297872,0.9714964370546318,0.3220108695652174,0.3929273084479371,1.0,0.9445727482678984,0.9673469387755104,1.0,0.2257538712306438,1.0,0.1931540342298288,0.2444987775061124,0.3541944074567243,0.971473851030111,0.3074829931972789,0.380327868852459,0.9637681159420288,0.9445300462249616,0.9262295081967212,0.9698996655518396,0.2169657422512235,1.0,0.1843393148450244,0.2365415986949429,0.3683510638297872,0.9714964370546318,0.3125,0.3929273084479371,1.0,0.9445727482678984,0.9387755102040816,1.0,0.2257538712306438,1.0,0.1874490627546862,0.2444987775061124,1.7829029560089111,0.08,6.6134655475616455,5.085847616195679
4dicoz,0.3376036171816126,0.972663139329806,0.3812316715542522,0.4037626628075253,1.0,0.9467811158798284,0.9961685823754788,1.0,0.2030825022665457,1.0,0.2357207615593835,0.2529465095194922,0.3290566037735849,0.9726390114739628,0.3700440528634361,0.3942028985507246,0.9775784753363228,0.9467353951890034,0.9692307692307692,0.9784172661870504,0.1978221415607985,1.0,0.2286751361161524,0.2468239564428312,0.3376036171816126,0.972663139329806,0.3782991202346041,0.4037626628075253,1.0,0.9467811158798284,0.9885057471264368,1.0,0.2030825022665457,1.0,0.2339075249320036,0.2529465095194922,1.5013713836669922,0.1,6.892368316650391,4.135129928588867
cntti,0.1906412478336221,0.9653259361997226,0.3066989507667473,0.4241509433962264,1.0,0.9329758713136728,0.9743589743589745,1.0,0.1053639846743295,1.0,0.1819923371647509,0.2691570881226053,0.1840277777777777,0.965293845441925,0.2877930476960387,0.4157218442932728,0.9724770642201837,0.9329159212880144,0.9175257731958762,0.9821428571428572,0.1016299137104506,1.0,0.1706615532118887,0.2636625119846596,0.1906412478336221,0.9653259361997226,0.2857142857142856,0.4241509433962264,1.0,0.9329758713136728,0.9076923076923076,1.0,0.1053639846743295,1.0,0.1695402298850574,0.2691570881226053,1.0424277782440186,0.06,5.621419906616211,5.814611673355103
nynqp,0.8875989445910291,0.9656436097114064,0.2836422240128928,0.6058201058201058,1.0,0.933569530558016,0.9411764705882352,1.0,0.7979127134724858,1.0,0.1669829222011385,0.4345351043643263,0.8874801901743264,0.965612104539202,0.261501210653753,0.5880794701986755,1.0,0.9335106382978724,0.8709677419354839,0.9715536105032824,0.7977207977207977,1.0,0.1538461538461538,0.4216524216524216,0.8875989445910291,0.9656436097114064,0.2723609991941982,0.6058201058201058,1.0,0.933569530558016,0.9037433155080212,1.0,0.7979127134724858,1.0,0.1603415559772296,0.4345351043643263,4.500040531158447,0.07,5.211878776550293,8.129930973052979
nyq1b,0.1602914389799635,0.977734753146176,0.4056752496058854,0.4766214177978883,1.0,0.956439393939394,0.9948453608247424,1.0,0.0871287128712871,1.0,0.2547854785478547,0.3128712871287128,0.1544072948328267,0.977720374556022,0.3997895844292478,0.4650226472068445,0.9694656488549618,0.95641187618446,0.9819121447028424,0.9767441860465116,0.0838837516512549,1.0,0.2509907529722589,0.3051519154557464,0.1602914389799635,0.977734753146176,0.4046242774566474,0.4766214177978883,1.0,0.956439393939394,0.9922680412371134,1.0,0.0871287128712871,1.0,0.2541254125412541,0.3128712871287128,1.4716846942901611,0.07,10.6063871383667,8.463156700134277
o00rx,0.0971867007672634,0.9637305699481864,0.1777059773828755,0.4034334763948498,1.0,0.93,0.9016393442622952,1.0,0.0510752688172043,1.0,0.0985663082437276,0.2526881720430107,0.0922288642186165,0.9636992221261884,0.1521035598705501,0.3882521489971346,0.9642857142857144,0.9299416180150124,0.7768595041322314,0.9644128113879004,0.0484304932735426,1.0,0.084304932735426,0.2430493273542601,0.0971867007672634,0.9637305699481864,0.1663974151857835,0.4034334763948498,1.0,0.93,0.8442622950819673,1.0,0.0510752688172043,1.0,0.0922939068100358,0.2526881720430107,0.6381163597106934,0.1,3.8555614948272714,6.836115837097168
o08hv,0.160919540229885,0.976984499765148,0.2568807339449541,0.5615491009681881,1.0,0.9550045913682276,0.9685534591194968,1.0,0.0875,1.0,0.148076923076923,0.3903846153846154,0.1576616474756421,0.9769628584861306,0.2406015037593985,0.5526315789473684,0.9888888888888888,0.9549632352941176,0.9113924050632912,0.9851851851851852,0.0856592877767083,1.0,0.1385948026948989,0.3840230991337824,0.160919540229885,0.976984499765148,0.2418682235195997,0.5615491009681881,1.0,0.9550045913682276,0.9119496855345912,1.0,0.0875,1.0,0.1394230769230769,0.3903846153846154,0.7326843738555908,0.05,4.496252536773682,5.8066112995147705
o0e5w,0.3448275862068966,0.973630831643002,0.153727901614143,0.3516483516483517,1.0,0.9486166007905138,0.99009900990099,1.0,0.2083333333333333,1.0,0.0833333333333333,0.2133333333333333,0.3370165745856353,0.973609419407227,0.1416474210931485,0.3411279229711141,0.9799196787148594,0.9485759493670886,0.92,0.9725490196078432,0.2035029190992493,1.0,0.0767306088407005,0.2068390325271059,0.3448275862068966,0.973630831643002,0.1506533435818601,0.3516483516483517,1.0,0.9486166007905138,0.9702970297029704,1.0,0.2083333333333333,1.0,0.0816666666666666,0.2133333333333333,1.5000615119934082,0.08,3.648174285888672,4.314002275466919
o0gph,0.290948275862069,0.9772027110289586,0.125956444967628,0.3127659574468085,1.0,0.955421686746988,0.9469026548672568,1.0,0.1702395964691046,1.0,0.0674653215636822,0.1853720050441362,0.2826321467098167,0.9771886559802712,0.1143193871538008,0.303514376996805,0.9739776951672864,0.95539481615431,0.8660714285714286,0.9726962457337884,0.1652996845425867,1.0,0.061198738170347,0.1798107255520504,0.2898706896551724,0.9772027110289586,0.1153619776339023,0.3127659574468085,0.9962962962962963,0.955421686746988,0.8672566371681416,1.0,0.169609079445145,1.0,0.0617906683480454,0.1853720050441362,1.789602756500244,0.06,4.426185369491577,5.694276332855225
o0jh3,0.8044311887515977,0.9766794291681168,0.3100961538461538,0.5114058355437666,1.0,0.954421768707483,0.9885057471264368,1.0,0.6728439059158945,1.0,0.1838916607270135,0.3435495367070563,0.8042643923240939,0.9766631835597354,0.2996389891696751,0.5034519383961764,1.0,0.9543907420013614,0.9576923076923076,0.9854469854469856,0.6726105563480742,1.0,0.1776034236804564,0.3380884450784593,0.8044311887515977,0.9766794291681168,0.3040865384615385,0.5114058355437666,1.0,0.954421768707483,0.9693486590038314,1.0,0.6728439059158945,1.0,0.180327868852459,0.3435495367070563,4.696826934814453,0.06,6.839954376220703,6.068177938461304
o0rtu,N/A,0.970138017565872,0.1880819366852886,0.2451202905129369,N/A,0.9420077972709552,0.9395348837209302,1.0,N/A,1.0,0.1045007759958613,0.1396792550439731,N/A,0.9701230228471002,0.0959925442684063,0.2371649250340754,N/A,0.9419795221843004,0.4813084112149532,0.9702602230483272,N/A,1.0,0.0533126293995859,0.1350931677018633,N/A,0.970138017565872,0.1182495344506517,0.2451202905129369,N/A,0.9420077972709552,0.5906976744186047,1.0,N/A,1.0,0.065700982928091,0.1396792550439731,N/A,0.15,7.937498569488525,3.095741271972656
o0t4a,0.2415730337078651,0.9714463066418372,0.2228506787330316,0.2961350027218291,1.0,0.944477972238986,0.9704433497536946,1.0,0.1373801916932907,1.0,0.1258785942492012,0.1738019169329073,0.2283464566929134,0.9714285714285714,0.2083805209513024,0.2833787465940054,0.9485981308411215,0.9444444444444444,0.9108910891089108,0.959409594095941,0.1297953964194373,1.0,0.1176470588235294,0.1662404092071611,0.2415730337078651,0.9714463066418372,0.2149321266968325,0.2961350027218291,1.0,0.944477972238986,0.9359605911330048,1.0,0.1373801916932907,1.0,0.121405750798722,0.1738019169329073,1.552802324295044,0.09,6.674152374267578,5.181028366088867
o1nq3,0.302158273381295,0.9624796084828712,0.2715328467153285,0.3868762816131237,1.0,0.9276729559748428,0.9789473684210528,1.0,0.1779661016949152,1.0,0.1576271186440678,0.2398305084745762,0.2939481268011527,0.9624489795918368,0.2543859649122806,0.379192334017796,0.9760765550239234,0.927616050354052,0.9206349206349206,0.9822695035460992,0.1730279898218829,1.0,0.1475826972010178,0.2349448685326547,0.302158273381295,0.9624796084828712,0.2613138686131387,0.3868762816131237,1.0,0.9276729559748428,0.9421052631578948,1.0,0.1779661016949152,1.0,0.1516949152542372,0.2398305084745762,1.5266337394714355,0.08,5.538388729095459,4.7649290561676025
o2mez,0.0273184759166067,0.9720155862557563,0.2365728900255754,0.5151515151515151,1.0,0.945554789800138,0.9635416666666666,1.0,0.0138483965014577,1.0,0.1348396501457726,0.3469387755102041,0.0244780417566594,0.9719957461892944,0.2215108834827144,0.5081256771397618,0.9444444444444444,0.9455172413793104,0.9057591623036648,0.9873684210526316,0.012399708242159,1.0,0.1261852662290299,0.3420860685630926,0.0273184759166067,0.9720155862557563,0.2250639386189258,0.5151515151515151,1.0,0.945554789800138,0.9166666666666666,1.0,0.0138483965014577,1.0,0.1282798833819242,0.3469387755102041,0.6319644451141357,0.09,5.668805837631226,9.276782751083374
o301i,0.391470749043193,0.962381419692509,0.199023199023199,0.2815420560747664,1.0,0.9274905422446406,0.9760479041916168,1.0,0.2433718558803535,1.0,0.1108089734874235,0.1638341264445955,0.3798576902025178,0.962356792144026,0.1833740831295843,0.2736842105263158,0.9719887955182072,0.9274447949526814,0.9036144578313252,0.975,0.2360544217687074,1.0,0.1020408163265306,0.1591836734693877,0.391470749043193,0.962381419692509,0.188034188034188,0.2815420560747664,1.0,0.9274905422446406,0.9221556886227544,1.0,0.2433718558803535,1.0,0.1046906866077498,0.1638341264445955,2.265897274017334,0.08,5.315029621124268,7.2880778312683105
o3htk,0.1546707503828484,0.9682603455202892,0.2661921708185054,0.3413626978664831,1.0,0.9384735202492211,0.935,1.0,0.0838174273858921,1.0,0.1551867219917012,0.2058091286307053,0.1426380368098159,0.9682348210695616,0.1454027084818246,0.326671261199173,0.93,0.9384255650818394,0.5125628140703518,0.9595141700404858,0.0772425249169435,1.0,0.0847176079734219,0.196843853820598,0.1546707503828484,0.9682603455202892,0.193594306049822,0.3413626978664831,1.0,0.9384735202492211,0.68,1.0,0.0838174273858921,1.0,0.112863070539419,0.2058091286307053,1.002544641494751,0.08,5.932212114334106,4.021423101425171
o3mwl,0.3844580777096114,0.98014888337469,0.4554326610279765,0.3888511216859279,1.0,0.9610705596107056,0.9943181818181818,1.0,0.2379746835443038,1.0,0.2953586497890295,0.2413502109704641,0.3808873720136518,0.9801324503311256,0.4456026058631921,0.3798502382573178,0.99288256227758,0.961038961038961,0.9743589743589745,0.9789473684210528,0.2356418918918918,1.0,0.2888513513513513,0.2356418918918918,0.3844580777096114,0.98014888337469,0.4515289525048796,0.3888511216859279,1.0,0.9610705596107056,0.9857954545454546,1.0,0.2379746835443038,1.0,0.2928270042194092,0.2413502109704641,1.7723798751831057,0.04,8.963536739349365,4.380390167236328
o3pb5,0.3210562890896456,0.9564528899445764,0.4656151419558359,0.4512820512820513,1.0,0.9165402124430956,0.9787798408488064,1.0,0.1912251655629139,1.0,0.3054635761589404,0.2913907284768212,0.3201113430758524,0.9564183835182252,0.4459886291850916,0.4364569961489088,1.0,0.9164768413059984,0.9388297872340424,0.9686609686609686,0.1905550952775476,1.0,0.2924606462303231,0.2816901408450704,0.3210562890896456,0.9564528899445764,0.4580441640378549,0.4512820512820513,1.0,0.9165402124430956,0.9628647214854112,1.0,0.1912251655629139,1.0,0.3004966887417218,0.2913907284768212,1.5034492015838623,0.05,9.722681999206545,4.077620983123779
o3pvf,0.7986829727187205,0.9748091603053436,0.1875881523272214,0.416615003099814,1.0,0.950856291883842,0.9432624113475178,1.0,0.6648394675019577,1.0,0.1041503523884103,0.2631166797180893,0.7975517890772129,0.9747899159663864,0.1779661016949152,0.4084419615145872,0.9988207547169812,0.9508196721311476,0.9,0.982089552238806,0.6637931034482759,1.0,0.0987460815047022,0.2578369905956112,0.7986829727187205,0.9748091603053436,0.1805359661495063,0.416615003099814,1.0,0.950856291883842,0.9078014184397164,1.0,0.6648394675019577,1.0,0.1002349256068911,0.2631166797180893,4.329324245452881,0.04,4.681609630584717,5.649334669113159
o4omp,0.200485044462409,0.975887768522578,0.3149962321024868,0.596469104665826,1.0,0.9529109589041096,0.9766355140186916,1.0,0.1114106019766397,1.0,0.187780772686433,0.4249775381850854,0.194331983805668,0.9758666081614744,0.2943396226415094,0.5858585858585859,0.975609756097561,0.9528706083976008,0.9154929577464788,0.9830508474576272,0.1079136690647482,1.0,0.1753597122302158,0.4172661870503597,0.200485044462409,0.975887768522578,0.3029389600602863,0.596469104665826,1.0,0.9529109589041096,0.9392523364485982,1.0,0.1114106019766397,1.0,0.1805929919137466,0.4249775381850854,1.0375399589538574,0.05,5.709612607955933,7.80286169052124
o5hxi,0.225039619651347,0.9523809523809524,0.293090356871678,0.409090909090909,1.0,0.9090909090909092,0.9796954314720812,1.0,0.1267857142857142,1.0,0.1723214285714285,0.2571428571428571,0.2206349206349206,0.9523404255319148,0.2737642585551331,0.3968705547652916,0.9858156028368794,0.909017059301381,0.9183673469387756,0.9721254355400696,0.1242180518319928,1.0,0.1608579088471849,0.2493297587131367,0.225039619651347,0.9523809523809524,0.2870159453302961,0.409090909090909,1.0,0.9090909090909092,0.9593908629441624,1.0,0.1267857142857142,1.0,0.16875,0.2571428571428571,1.0115559101104736,0.03,5.562312126159668,3.490185022354126
o6eqe,0.666403162055336,0.9851094890510949,0.510356985456148,0.4129821260583255,1.0,0.9706559263521288,0.9948453608247424,1.0,0.4997036158861885,1.0,0.3432128037937166,0.2602252519264967,0.6661392405063291,0.9851007887817704,0.5046316718129686,0.4124293785310735,1.0,0.9706390328151986,0.9845094664371772,1.0,0.4994068801897983,1.0,0.3392645314353499,0.2597864768683274,0.666403162055336,0.9851094890510949,0.5077126487439401,0.4129821260583255,1.0,0.9706559263521288,0.9896907216494846,1.0,0.4997036158861885,1.0,0.3414344991108476,0.2602252519264967,4.5249552726745605,0.04,18.09630489349365,5.451961994171143
o6fsj,0.2320675105485232,0.970281744500193,0.3533246414602347,0.3579359895493141,1.0,0.9422788605697152,0.9783393501805054,1.0,0.1312649164677804,1.0,0.2155926809864757,0.2179793158313444,0.2267605633802817,0.970258787176516,0.3394255874673629,0.3479398299542184,0.9817073170731708,0.9422355588897224,0.9420289855072465,0.9743589743589745,0.1281847133757961,1.0,0.2070063694267516,0.2117834394904458,0.2320675105485232,0.970281744500193,0.3455019556714472,0.3579359895493141,1.0,0.9422788605697152,0.9566787003610108,1.0,0.1312649164677804,1.0,0.2108194112967382,0.2179793158313444,1.2873921394348145,0.04,7.642579793930054,6.316450357437134
o6os6,0.1750943396226415,0.9606674612634089,0.3931171409662475,0.3438356164383561,1.0,0.9243119266055044,0.9834437086092715,1.0,0.0959470636889991,1.0,0.2456575682382134,0.2076095947063689,0.1693121693121693,0.9606361829025843,0.3790589794565938,0.3360768175582991,0.9739130434782608,0.9242540168324408,0.9501661129568106,0.98,0.0927152317880794,1.0,0.2367549668874172,0.2028145695364238,0.1750943396226415,0.9606674612634089,0.3878226340172072,0.3438356164383561,1.0,0.9243119266055044,0.9701986754966888,1.0,0.0959470636889991,1.0,0.2423490488006617,0.2076095947063689,0.858417272567749,0.04,7.792983770370483,2.2068088054656982
o6t8r,0.2004626060138782,0.9600987248046072,0.2440828402366864,0.3825363825363825,1.0,0.923259493670886,0.8918918918918919,1.0,0.1113967437874892,1.0,0.1413881748071979,0.2365038560411311,0.1868725868725868,0.960065870728695,0.1407407407407407,0.3691880638445524,0.937984496124031,0.9231987331749802,0.5163043478260869,0.9672727272727272,0.1037735849056603,1.0,0.0814751286449399,0.2281303602058319,0.2004626060138782,0.9600987248046072,0.1671597633136094,0.3825363825363825,1.0,0.923259493670886,0.6108108108108108,1.0,0.1113967437874892,1.0,0.0968294772922022,0.2365038560411311,1.0597505569458008,0.04,5.36041522026062,2.976008892059326
o6ulc,0.2178649237472766,0.9595307917888564,0.2070844686648501,0.4276790004805382,1.0,0.9222096956031568,0.9547738693467336,1.0,0.1222493887530562,1.0,0.1161369193154034,0.2720048899755501,0.2061068702290076,0.9595070422535212,0.1385706492089471,0.4271284271284271,0.949748743718593,0.922165820642978,0.6414141414141414,1.0,0.1155963302752293,1.0,0.0776758409785932,0.2715596330275229,0.2178649237472766,0.9595307917888564,0.1514986376021798,0.4276790004805382,1.0,0.9222096956031568,0.6984924623115578,1.0,0.1222493887530562,1.0,0.084963325183374,0.2720048899755501,1.5778675079345703,0.06,6.571607828140259,4.310490846633911
o6ziv,0.7929155313351499,0.9725576289791438,0.220440881763527,0.5125909345271404,1.0,0.9465811965811964,0.9821428571428572,1.0,0.6568848758465011,1.0,0.1241534988713318,0.3446200150489089,0.7790909090909091,0.9725375320395458,0.2006688963210702,0.4952380952380952,0.9827981651376146,0.946543121881682,0.8982035928143712,0.9671772428884028,0.6453313253012049,1.0,0.1129518072289156,0.3328313253012048,0.7929155313351499,0.9725576289791438,0.1910487641950567,0.5125909345271404,1.0,0.9465811965811964,0.8511904761904762,1.0,0.6568848758465011,1.0,0.1075996990218209,0.3446200150489089,4.387886047363281,0.04,4.875815391540527,4.9796178340911865
o7lof,0.1538461538461538,0.9701383831026948,0.3667481662591687,0.5142219743446738,1.0,0.942008486562942,0.986842105263158,1.0,0.0833333333333333,1.0,0.2252252252252252,0.3460960960960961,0.1485079805690492,0.9701166180758016,0.3463892288861689,0.5025125628140704,0.9727272727272728,0.9419674451521586,0.933993399339934,0.9782608695652174,0.0803906836964688,1.0,0.2126220886551465,0.33809166040571,0.1538461538461538,0.9701383831026948,0.3594132029339853,0.5142219743446738,1.0,0.942008486562942,0.9671052631578948,1.0,0.0833333333333333,1.0,0.2207207207207207,0.3460960960960961,1.0583703517913818,0.04,8.355648279190063,5.504992485046387
o8dx9,0.1513353115727003,0.9693983402489628,0.2519832011199253,0.3726599912929909,1.0,0.9406139909411172,0.9854014598540146,1.0,0.0818619582664526,1.0,0.1444622792937399,0.2289994649545211,0.1504950495049505,0.9693824597820444,0.2410088743577767,0.3694989106753812,1.0,0.9405840886203424,0.945054945054945,0.9929742388758782,0.0813704496788008,1.0,0.1381156316916488,0.2269807280513918,0.1513353115727003,0.9693983402489628,0.2445170321978534,0.3726599912929909,1.0,0.9406139909411172,0.9562043795620438,1.0,0.0818619582664526,1.0,0.1401819154628143,0.2289994649545211,1.110421657562256,0.08,9.63952112197876,5.0297911167144775
o8fsj,0.1468475658419792,0.9748110831234256,0.2913616398243045,0.3908523908523908,1.0,0.9508599508599508,0.9707317073170731,1.0,0.0792420327304048,1.0,0.1714039621016365,0.2428940568475452,0.1374900079936051,0.9747899159663864,0.2727272727272727,0.3761276891047883,0.945054945054945,0.9508196721311476,0.9117647058823528,0.9644128113879004,0.0741379310344827,1.0,0.1603448275862068,0.2336206896551724,0.1468475658419792,0.9748110831234256,0.2796486090775988,0.3880803880803881,1.0,0.9508599508599508,0.9317073170731708,0.9929078014184396,0.0792420327304048,1.0,0.1645133505598622,0.2411714039621016,0.8915975093841553,0.04,5.982466459274292,4.1557910442352295
o9sr0,0.1059691482226693,0.9758120248790602,0.2315270935960591,0.398184912081679,1.0,0.9527665317139,0.8867924528301887,1.0,0.0559490084985835,1.0,0.1331444759206798,0.2485835694050991,0.1007387508394895,0.9757952973720608,0.1220715166461159,0.3872799545712663,0.9615384615384616,0.9527346387575962,0.4691943127962085,0.9742857142857144,0.0531537916371367,1.0,0.0701630049610205,0.2416725726435152,0.1059691482226693,0.9758120248790602,0.1588669950738916,0.398184912081679,1.0,0.9527665317139,0.6084905660377359,1.0,0.0559490084985835,1.0,0.0913597733711048,0.2485835694050991,0.9622008800506592,0.04,6.367419719696045,4.2448410987854
oa1ag,0.4302567661346287,0.9584745762711864,0.2972972972972973,0.3819742489270386,1.0,0.9202603742880392,0.9850746268656716,1.0,0.2740937223695844,1.0,0.1750663129973474,0.2360742705570291,0.4211257817929117,0.9584393553859204,0.2842105263157894,0.3739255014326647,0.9805825242718448,0.9201954397394136,0.945,0.981203007518797,0.268141592920354,1.0,0.1672566371681416,0.2309734513274336,0.4302567661346287,0.9584745762711864,0.2552552552552553,0.3819742489270386,1.0,0.9202603742880392,0.845771144278607,1.0,0.2740937223695844,1.0,0.1503094606542882,0.2360742705570291,2.165019989013672,0.03,5.50702977180481,4.073985576629639
oa36q,0.2550231839258114,0.975799481417459,0.2472952086553323,0.5270711024135681,1.0,0.9527426160337552,0.9696969696969696,1.0,0.1461470327723649,1.0,0.141718334809566,0.3578387953941541,0.2476780185758514,0.9757785467128028,0.2337461300309598,0.5173089483997388,0.975609756097561,0.9527027027027029,0.9207317073170732,0.9826302729528535,0.1418439716312056,1.0,0.1338652482269503,0.351063829787234,0.2550231839258114,0.975799481417459,0.2349304482225656,0.5270711024135681,1.0,0.9527426160337552,0.9212121212121211,1.0,0.1461470327723649,1.0,0.1346324180690876,0.3578387953941541,1.2861380577087402,0.04,4.786402940750122,4.1897618770599365
oa379,N/A,0.970620239390642,0.2737110120942075,0.3212045169385194,N/A,0.9429175475687104,0.9227467811158798,1.0,N/A,1.0,0.1606875934230194,0.1913303437967115,N/A,0.9705989110707804,0.2562141491395794,0.3115577889447236,N/A,0.9428772919605076,0.8663793103448276,0.9725490196078432,N/A,1.0,0.150336574420344,0.1854899027673897,N/A,0.970620239390642,0.2635264162953532,0.3212045169385194,N/A,0.9429175475687104,0.8884120171673819,1.0,N/A,1.0,0.1547085201793722,0.1913303437967115,N/A,0.04,6.710866212844849,3.4481232166290283
obc4n,0.3244979919678715,0.9666357738646896,0.5246826516220028,0.6028131279303416,1.0,0.9354260089686098,0.992,1.0,0.1936720997123681,1.0,0.3566634707574305,0.4314477468839885,0.3169750603378922,0.9666048237476808,0.5084745762711864,0.5888665325285043,0.9800995024875622,0.9353680430879712,0.962566844919786,0.977728285077951,0.1890595009596929,1.0,0.345489443378119,0.4213051823416506,0.3244979919678715,0.9666357738646896,0.5218617771509168,0.6028131279303416,1.0,0.9354260089686098,0.9866666666666668,1.0,0.1936720997123681,1.0,0.3547459252157239,0.4314477468839885,1.3522074222564695,0.03,9.808093309402466,7.358387947082519
obmoo,0.2650418888042651,0.9793637145313844,0.4401913875598086,0.4014035087719297,1.0,0.9595619208087616,0.9938271604938272,1.0,0.1527655838454785,1.0,0.28270412642669,0.2510974539069359,0.2608695652173913,0.9793459552495696,0.4312114989733059,0.3907238229093465,0.9884393063583816,0.9595278246205734,0.9752321981424148,0.975438596491228,0.1502636203866432,1.0,0.2768014059753954,0.2442882249560632,0.2650418888042651,0.9793637145313844,0.4360902255639098,0.4014035087719297,1.0,0.9595619208087616,0.984567901234568,1.0,0.1527655838454785,1.0,0.2800702370500439,0.2510974539069359,1.2128760814666748,0.03,8.273025512695312,3.4898667335510254
oc0es,0.4160401002506265,0.9689536220774244,0.21030345800988,0.5032563647128478,1.0,0.9397769516728623,0.9738562091503268,1.0,0.2626582278481013,1.0,0.117879746835443,0.3362341772151899,0.4102885821831869,0.9689298043728424,0.1950530035335689,0.4919976289270895,0.9879154078549848,0.9397321428571428,0.9078947368421052,0.9787735849056604,0.2589073634204275,1.0,0.1092636579572446,0.3285827395091053,0.4160401002506265,0.9689536220774244,0.1947776993648553,0.5032563647128478,1.0,0.9397769516728623,0.9019607843137256,1.0,0.2626582278481013,1.0,0.1091772151898734,0.3362341772151899,2.3925371170043945,0.03,4.712907552719116,11.44998860359192
ocddy,0.1425768476128188,0.9673024523160764,0.2594397076735688,0.412520961430967,1.0,0.9366754617414248,0.9594594594594594,1.0,0.0767605633802816,1.0,0.15,0.2598591549295774,0.1362148002619515,0.967280163599182,0.2365853658536585,0.4051482932288752,0.9629629629629628,0.9366336633663368,0.8778280542986425,0.9836956521739132,0.073291050035236,1.0,0.1367159971811134,0.2551092318534179,0.1425768476128188,0.9673024523160764,0.2423873325213155,0.412520961430967,1.0,0.9366754617414248,0.8963963963963963,1.0,0.0767605633802816,1.0,0.1401408450704225,0.2598591549295774,1.1398155689239502,0.06,6.669595956802368,4.100347995758057
ocrh3,0.2649769585253456,0.9807880169325952,0.2563510392609699,0.4312499999999999,1.0,0.962300319488818,0.9823008849557522,1.0,0.1527224435590969,1.0,0.147410358565737,0.2749003984063745,0.2560553633217993,0.9807754969045293,0.2462427745664739,0.4233576642335767,0.9694323144104804,0.9622762148337596,0.9466666666666668,0.9830508474576272,0.1475083056478405,1.0,0.1415282392026578,0.2697674418604651,0.2649769585253456,0.9807880169325952,0.2494226327944572,0.4312499999999999,1.0,0.962300319488818,0.9557522123893806,1.0,0.1527224435590969,1.0,0.1434262948207171,0.2749003984063745,1.56994366645813,0.04,6.450862169265747,4.248573303222656
od5vv,0.2131287297527707,0.9672358098754038,0.3152866242038216,0.4334828101644245,1.0,0.936550491510277,0.9519230769230768,1.0,0.1192748091603053,1.0,0.1889312977099236,0.2767175572519084,0.2066609735269001,0.9672055427251732,0.2838915470494417,0.4221556886227545,0.9758064516129032,0.9364937388193202,0.8599033816425121,0.9757785467128028,0.1155682903533906,1.0,0.1700095510983763,0.2693409742120344,0.2131287297527707,0.9672358098754038,0.2914012738853503,0.4334828101644245,1.0,0.936550491510277,0.8798076923076923,1.0,0.1192748091603053,1.0,0.174618320610687,0.2767175572519084,1.7614860534667969,0.03,5.565097808837891,2.430338144302368
odzy6,0.3432258064516129,0.9745730550284628,0.1522988505747126,0.5095763203714452,1.0,0.9504071058475204,0.9814814814814816,1.0,0.2071651090342679,1.0,0.0825545171339563,0.3419003115264797,0.3294573643410853,0.9745537409798708,0.1381294964028777,0.5055200464846019,0.9622641509433962,0.9503703703703704,0.897196261682243,0.9931506849315068,0.1987529228371005,1.0,0.0748246297739672,0.3390491036632891,0.3432258064516129,0.9745730550284628,0.1451149425287356,0.5095763203714452,1.0,0.9504071058475204,0.9351851851851852,1.0,0.2071651090342679,1.0,0.0786604361370716,0.3419003115264797,1.9655768871307373,0.05,3.614281892776489,4.3056724071502686
oeggr,0.2454090150250417,0.9763121226196008,0.3249211356466877,0.2965964343598055,1.0,0.9537205081669692,0.9493087557603688,1.0,0.1398667935299714,1.0,0.1960038058991436,0.1741198858230256,0.2290969899665551,0.9762900976290096,0.3001579778830964,0.2792207792207792,0.9383561643835616,0.9536784741144414,0.8796296296296297,0.945054945054945,0.1304761904761904,1.0,0.1809523809523809,0.1638095238095238,0.2454090150250417,0.9763121226196008,0.305993690851735,0.2965964343598055,1.0,0.9537205081669692,0.8940092165898618,1.0,0.1398667935299714,1.0,0.1845861084681256,0.1741198858230256,1.0542943477630615,0.04,5.926057815551758,2.494734525680542
oei61,0.2778029959146618,0.9753213367609254,0.1935483870967742,0.2564338235294118,1.0,0.9518314099347716,0.966824644549763,1.0,0.1613073273589878,1.0,0.1075382182393252,0.147074327886136,0.2716946842344388,0.9753086419753086,0.181386514719848,0.2520699172033118,0.980327868852459,0.9518072289156626,0.9095238095238096,0.9856115107913668,0.1577004219409282,1.0,0.1007383966244725,0.1445147679324894,0.2778029959146618,0.9753213367609254,0.174573055028463,0.2564338235294118,1.0,0.9518314099347716,0.8720379146919431,1.0,0.1613073273589878,1.0,0.0969952556668423,0.147074327886136,1.9706487655639648,0.07,7.390098810195923,3.982673168182373
of5m6,0.3698896820246593,0.9755339805825242,0.2786885245901639,0.5171192443919717,1.0,0.9522365428354814,0.9807692307692308,1.0,0.2269108280254777,1.0,0.1624203821656051,0.3487261146496815,0.3599740090968161,0.975514963078119,0.2544459644322845,0.5153664302600472,0.9753521126760564,0.9522003034901366,0.8985507246376812,0.9977116704805492,0.2207171314741035,1.0,0.148207171314741,0.347410358565737,0.3698896820246593,0.9755339805825242,0.26775956284153,0.5171192443919717,1.0,0.9522365428354814,0.9423076923076924,1.0,0.2269108280254777,1.0,0.1560509554140127,0.3487261146496815,1.789421319961548,0.04,6.165331125259399,4.155679941177368
ofqmk,0.2436213991769547,0.96386630532972,0.3632183908045977,0.3990997749437359,1.0,0.93025283347864,0.9957983193277312,1.0,0.1387066541705717,1.0,0.2221180880974695,0.2492970946579194,0.2291838417147568,0.9638336347197106,0.3484267075978511,0.3876784372652141,0.9455782312925172,0.9301919720767888,0.9578059071729956,0.9735849056603774,0.1303939962476548,1.0,0.2129455909943715,0.2420262664165103,0.2436213991769547,0.96386630532972,0.3616858237547893,0.3990997749437359,1.0,0.93025283347864,0.9915966386554622,1.0,0.1387066541705717,1.0,0.2211808809746954,0.2492970946579194,1.091822385787964,0.04,6.339835643768311,2.517488956451416
og3gm,0.3666146645865835,0.9680998613037448,0.3780864197530864,0.3805104408352668,1.0,0.9381720430107529,0.9839357429718876,1.0,0.224450811843362,1.0,0.2340019102196752,0.2349570200573066,0.3484374999999999,0.968070337806571,0.3585780525502318,0.3718048024786987,0.9529914529914528,0.9381165919282513,0.935483870967742,0.979591836734694,0.2131931166347992,1.0,0.2217973231357552,0.2294455066921606,0.3666146645865835,0.9680998613037448,0.3703703703703704,0.3805104408352668,1.0,0.9381720430107529,0.963855421686747,1.0,0.224450811843362,1.0,0.2292263610315186,0.2349570200573066,1.52846360206604,0.04,6.533291339874268,4.594055414199829
og9wt,0.3450819672131148,0.9755979705242812,0.1740306582506762,0.3612012987012986,1.0,0.9523584905660376,0.9698492462311558,1.0,0.2085190688459633,1.0,0.0955918771669143,0.2204061416542843,0.3379819524200164,0.9755861735557166,0.1489169675090252,0.3541835905767668,0.9809523809523808,0.9523360075507314,0.8333333333333334,0.981981981981982,0.2041625371655104,1.0,0.0817641228939544,0.2160555004955401,0.3450819672131148,0.9755979705242812,0.1650135256988277,0.3612012987012986,1.0,0.9523584905660376,0.9195979899497488,1.0,0.2085190688459633,1.0,0.0906389301634472,0.2204061416542843,2.5134918689727783,0.05,7.4008705615997314,6.08356523513794
ogcc8,0.4363161332462443,0.971985383678441,0.4418453541260558,0.5578313253012048,1.0,0.9454976303317536,0.9941520467836256,1.0,0.2790309106098579,1.0,0.2840434419381787,0.3868003341687552,0.4329627207325049,0.97196261682243,0.4307091737150293,0.5500603136308806,0.993993993993994,0.9454545454545454,0.9706744868035192,0.987012987012987,0.2767558528428093,1.0,0.2767558528428093,0.3812709030100334,0.4363161332462443,0.971985383678441,0.437946718648473,0.5578313253012048,1.0,0.9454976303317536,0.9853801169590644,1.0,0.2790309106098579,1.0,0.2815371762740183,0.3868003341687552,2.0759334564208984,0.03,8.961712121963501,7.0889270305633545
ogsi9,0.11633875106929,0.9704715733803438,0.283076923076923,0.3844460748349229,1.0,0.9426369863013698,0.9246231155778896,1.0,0.0617620345140781,1.0,0.1671207992733878,0.2379654859218891,0.1096829477292202,0.9704455227172476,0.1694915254237288,0.3761939750183688,0.9552238805970148,0.9425878320479862,0.5555555555555556,0.9808429118773946,0.0581818181818181,1.0,0.1,0.2327272727272727,0.11633875106929,0.9704715733803438,0.203076923076923,0.3844460748349229,1.0,0.9426369863013698,0.6633165829145728,1.0,0.0617620345140781,1.0,0.1198910081743869,0.2379654859218891,0.8802497386932373,0.04,5.576989650726318,3.0329833030700684
ogukr,0.2464065708418891,0.9666100735710244,0.2325581395348837,0.4308681672025723,1.0,0.9353778751369112,0.9911894273127754,1.0,0.1405152224824356,1.0,0.1317330210772833,0.2745901639344262,0.2425488180883864,0.9665911664779162,0.2224521469218831,0.4285057471264367,0.98744769874477,0.9353424657534246,0.9513274336283186,0.9957264957264956,0.1382542472173403,1.0,0.1259519625073228,0.2729935559461042,0.2464065708418891,0.9666100735710244,0.2242894056847545,0.4308681672025723,1.0,0.9353778751369112,0.9559471365638766,1.0,0.1405152224824356,1.0,0.1270491803278688,0.2745901639344262,1.4084928035736084,0.06,7.573163032531738,5.001545429229736
oi0jf,0.7658643326039386,0.9647622305850154,0.2555012224938875,0.3313609467455621,1.0,0.9319233311302048,0.9247787610619468,1.0,0.6205673758865248,1.0,0.1482269503546099,0.1985815602836879,0.7586508979413052,0.96473810338925,0.2313341493268053,0.3199052132701422,0.9908466819221968,0.9318783068783068,0.84,0.967741935483871,0.6146202980837473,1.0,0.134137686302342,0.1916252661462029,0.7649890590809628,0.9647622305850154,0.2481662591687042,0.3313609467455621,0.9988571428571428,0.9319233311302048,0.8982300884955752,1.0,0.6198581560283688,1.0,0.1439716312056737,0.1985815602836879,4.438928842544556,0.04,6.361269474029541,3.3449923992156982
oik1l,0.1770491803278688,0.9744128987031196,0.2551337896701929,0.4874863982589771,1.0,0.9501025290498974,0.9447004608294932,1.0,0.0971223021582733,1.0,0.1474820143884892,0.3223021582733812,0.1680892974392646,0.9743949491406524,0.2292834890965732,0.4782135076252722,0.9552238805970148,0.9500683994528044,0.8518518518518519,0.9821029082774048,0.0921526277897768,1.0,0.1324694024478041,0.3160547156227501,0.1770491803278688,0.9744128987031196,0.2352209085252022,0.4874863982589771,1.0,0.9501025290498974,0.8709677419354839,1.0,0.0971223021582733,1.0,0.1359712230215827,0.3223021582733812,1.2095985412597656,0.04,6.760174751281738,7.57320499420166
oimik,0.2805224304372515,0.9603552172534094,0.1678743961352657,0.4574630667345899,1.0,0.9237339841366689,0.9788732394366196,1.0,0.1631439894319682,1.0,0.0918097754293262,0.2965653896961691,0.2728823194997157,0.9603300539511268,0.1559854897218863,0.4487506374298827,0.975609756097561,0.9236874236874236,0.9148936170212766,0.9821428571428572,0.1586252478519497,1.0,0.085261070720423,0.2908129543952412,0.2805224304372515,0.9603552172534094,0.1606280193236715,0.4574630667345899,1.0,0.9237339841366689,0.9366197183098592,1.0,0.1631439894319682,1.0,0.0878467635402906,0.2965653896961691,1.565084457397461,0.05,4.745216131210327,6.731018304824829
ojkzj,0.3027027027027027,0.9541841982234688,0.2078035949145111,0.3419983753046304,1.0,0.9123826553419758,0.9875,1.0,0.1783439490445859,1.0,0.1161195492405683,0.2062714355707986,0.2979608822305451,0.9541627689429372,0.1965774462483545,0.332520325203252,0.9862258953168044,0.9123434704830052,0.9372384937238494,0.9738095238095238,0.1754901960784313,1.0,0.1098039215686274,0.2004901960784313,0.3027027027027027,0.9541841982234688,0.1972818939061815,0.3419983753046304,1.0,0.9123826553419758,0.9375,1.0,0.1783439490445859,1.0,0.1102400783929446,0.2062714355707986,2.1737661361694336,0.07,8.618042469024658,8.015602350234985
ojrh2,0.2854901960784314,0.9681133746678476,0.2610759493670886,0.4616467276565798,1.0,0.938197424892704,0.9649122807017544,1.0,0.1665141811527904,1.0,0.1509606587374199,0.3000914913083257,0.2765121759622937,0.9680851063829788,0.2408874801901743,0.4538407329105003,0.9723756906077348,0.9381443298969072,0.8941176470588236,0.9847094801223242,0.1611721611721611,1.0,0.1391941391941392,0.2948717948717949,0.2839215686274509,0.9681133746678476,0.245253164556962,0.4616467276565798,0.9945054945054944,0.938197424892704,0.9064327485380116,1.0,0.1655992680695334,1.0,0.141811527904849,0.3000914913083257,1.218003511428833,0.02,4.731160879135132,5.035351753234863
ok3x8,0.2871369294605809,0.9712941176470588,0.3479648842777334,0.4196018376722818,1.0,0.9441903019213176,0.986425339366516,1.0,0.1676356589147286,1.0,0.2112403100775193,0.2655038759689923,0.2759767248545304,0.971267074894018,0.3309352517985611,0.4095092024539877,0.9651162790697676,0.944139194139194,0.9409090909090908,0.978021978021978,0.1610087293889427,1.0,0.2007759456838021,0.2589718719689621,0.2871369294605809,0.9712941176470588,0.3415802075019952,0.4196018376722818,1.0,0.9441903019213176,0.9683257918552036,1.0,0.1676356589147286,1.0,0.2073643410852713,0.2655038759689923,1.3606140613555908,0.04,6.0428466796875,3.4692625999450684
ok66q,0.3443815683104284,0.973846885401807,0.3246753246753247,0.4173106646058732,1.0,0.94902687673772,0.9615384615384616,1.0,0.2080078125,1.0,0.1953125,0.263671875,0.3352226720647773,0.9738219895287958,0.3024390243902439,0.4040247678018575,0.9764150943396226,0.9489795918367347,0.8985507246376812,0.9702602230483272,0.2023460410557184,1.0,0.1818181818181818,0.2551319648093841,0.3443815683104284,0.973846885401807,0.3116883116883117,0.4173106646058732,1.0,0.94902687673772,0.9230769230769232,1.0,0.2080078125,1.0,0.1875,0.263671875,1.5521571636199951,0.03,5.79646110534668,3.925338506698608
okkhn,0.4594400574300071,0.9636281993713516,0.2091286307053941,0.4103703703703703,1.0,0.9298093587521664,0.9545454545454546,1.0,0.2982292637465051,1.0,0.1174277726001863,0.2581547064305685,0.4485981308411214,0.9635955056179776,0.1928512053200332,0.3976261127596439,0.9780564263322884,0.9297484822202948,0.8854961832061069,0.9710144927536232,0.291044776119403,1.0,0.1082089552238805,0.25,0.4594400574300071,0.9636281993713516,0.1941908713692946,0.4103703703703703,1.0,0.9298093587521664,0.8863636363636364,1.0,0.2982292637465051,1.0,0.1090400745573159,0.2581547064305685,2.0763299465179443,0.03,4.173615217208862,3.1859374046325684
ole32,0.3373665480427046,0.9811003779924402,0.3002175489485134,0.3537702607470049,1.0,0.9629018961253092,0.981042654028436,1.0,0.2029109589041096,1.0,0.1772260273972602,0.2148972602739726,0.33071988595866,0.9810844892812106,0.289034132171387,0.3443895553987297,0.9830508474576272,0.9628712871287128,0.9476190476190476,0.976,0.1988003427592116,1.0,0.170522707797772,0.209083119108826,0.3373665480427046,0.9811003779924402,0.2929659173313995,0.3537702607470049,1.0,0.9629018961253092,0.957345971563981,1.0,0.2029109589041096,1.0,0.172945205479452,0.2148972602739726,2.7579126358032227,0.03,5.711162567138672,5.0986387729644775
oleyc,0.2529801324503311,0.9677182685253118,0.2051630434782608,0.3584318606098319,1.0,0.937455579246624,0.9869281045751634,1.0,0.1448066717210007,1.0,0.1144806671721,0.2183472327520849,0.2440318302387268,0.9676945668135096,0.1972789115646258,0.3476635514018691,0.968421052631579,0.937411095305832,0.9539473684210528,0.9721254355400696,0.1396054628224582,1.0,0.1100151745068285,0.2116843702579666,0.2529801324503311,0.9677182685253118,0.202445652173913,0.3584318606098319,1.0,0.937455579246624,0.9738562091503268,1.0,0.1448066717210007,1.0,0.112964366944655,0.2183472327520849,1.3668067455291748,0.04,4.660035610198975,3.8963546752929688
olu9y,0.2518419290020093,0.9655937846836848,0.3024010382868267,0.3386378103119032,1.0,0.9334763948497854,0.9872881355932204,1.0,0.1440613026819923,1.0,0.178544061302682,0.203831417624521,0.2468142186452045,0.9655683080340616,0.2897985705003249,0.3263224984066284,0.983957219251337,0.933428775948461,0.948936170212766,0.9660377358490566,0.1411042944785276,1.0,0.1710122699386503,0.1963190184049079,0.2518419290020093,0.9655937846836848,0.2985074626865671,0.3386378103119032,1.0,0.9334763948497854,0.9745762711864406,1.0,0.1440613026819923,1.0,0.1762452107279693,0.203831417624521,1.2145514488220217,0.04,6.401761770248413,3.4527876377105717
omw30,0.377384196185286,0.9585513078470824,0.3061658398299078,0.5528554070473876,1.0,0.9204018547140648,0.9818181818181818,1.0,0.2325776658270361,1.0,0.181360201511335,0.382031905961377,0.3628922237380628,0.9585179218687072,0.2881476224272534,0.537712895377129,0.9637681159420288,0.920340293890178,0.9269406392694064,0.973568281938326,0.2235294117647059,1.0,0.1705882352941176,0.3714285714285714,0.377384196185286,0.9585513078470824,0.296243798724309,0.5528554070473876,1.0,0.9204018547140648,0.95,1.0,0.2325776658270361,1.0,0.1754827875734676,0.382031905961377,1.7354109287261963,0.04,5.884183168411255,6.410299301147461
onq8o,0.1496833621185953,0.9683639650497138,0.2366412213740458,0.2867803837953091,1.0,0.9386682242990654,0.9559471365638766,1.0,0.0808960796515245,1.0,0.1350342252644679,0.1673926571250777,0.1417867435158501,0.968344889960808,0.222707423580786,0.279615795090715,0.9534883720930232,0.9386323787258912,0.9026548672566372,0.9776119402985076,0.0765877957658779,1.0,0.1270236612702366,0.1631382316313823,0.1496833621185953,0.9683639650497138,0.2224645583424209,0.2867803837953091,1.0,0.9386682242990654,0.8986784140969163,1.0,0.0808960796515245,1.0,0.1269446172993155,0.1673926571250777,0.9863550662994384,0.06,7.319101095199585,3.453658103942871
oownm,0.0645833333333333,0.9686003193187868,0.304044630404463,0.2990654205607477,0.62,0.9391124871001032,0.9879154078549848,1.0,0.034065934065934,1.0,0.1796703296703296,0.1758241758241758,0.0145985401459854,0.9685835995740149,0.2875756165658445,0.2890551917680074,0.1414141414141414,0.9390810531750128,0.9363636363636364,0.9686520376175548,0.0076965365585486,1.0,0.1698735568993952,0.1698735568993952,0.05625,0.9686003193187868,0.298465829846583,0.2990654205607477,0.54,0.9391124871001032,0.9697885196374624,1.0,0.0296703296703296,1.0,0.1763736263736263,0.1758241758241758,1.1111369132995603,0.05,10.743741989135742,6.545332670211792
op2dm,0.4173913043478261,0.9676891615541924,0.236783320923306,0.5377008652657602,1.0,0.9374009508716324,0.99375,1.0,0.2637362637362637,1.0,0.1344040574809805,0.36770921386306,0.407233757535164,0.9676627097830536,0.2222222222222222,0.5284653465346535,0.977491961414791,0.9373513084853292,0.9371069182389936,0.9838709677419356,0.2571912013536379,1.0,0.1260575296108291,0.3612521150592216,0.4173913043478261,0.9676891615541924,0.2293373045420699,0.5377008652657602,1.0,0.9374009508716324,0.9625,1.0,0.2637362637362637,1.0,0.1301775147928994,0.36770921386306,2.027305603027344,0.05,4.803536176681519,8.80536699295044
opcgu,0.732183908045977,0.979138925876609,0.2259083728278041,0.3886048210372534,1.0,0.9591304347826088,0.8773006134969326,1.0,0.5775158658204895,1.0,0.1296464188576609,0.2411604714415231,0.7272727272727272,0.9791203909373613,0.125,0.3789319678127286,0.9937106918238994,0.959094865100087,0.4876543209876543,0.9773584905660376,0.573502722323049,1.0,0.0716878402903811,0.23502722323049,0.732183908045977,0.979138925876609,0.1642969984202211,0.3886048210372534,1.0,0.9591304347826088,0.6380368098159509,1.0,0.5775158658204895,1.0,0.0942883046237534,0.2411604714415231,3.226357936859131,0.03,4.755228757858276,4.579588174819946
opfho,0.3971119133574007,0.9788359788359788,0.3740902474526928,0.4142857142857142,1.0,0.9585492227979274,0.9734848484848484,1.0,0.2477477477477477,1.0,0.2315315315315315,0.2612612612612612,0.3890093998553868,0.9788172992056487,0.3483965014577259,0.4034334763948497,0.9817518248175182,0.958513396715644,0.908745247148289,0.9757785467128028,0.2425608656447249,1.0,0.2155094679891794,0.254283137962128,0.3971119133574007,0.9788359788359788,0.3580786026200873,0.4142857142857142,1.0,0.9585492227979274,0.9318181818181818,1.0,0.2477477477477477,1.0,0.2216216216216216,0.2612612612612612,1.891186237335205,0.08,6.961510181427002,6.175581932067871
opjt7,0.3219597550306211,0.9763298549249172,0.2662454873646209,0.3759525825571549,1.0,0.95375435106912,0.9899328859060402,1.0,0.1918665276329509,1.0,0.1538060479666319,0.2314911366006256,0.3152364273204903,0.9763177998472116,0.2538392050587172,0.3703389830508474,0.9809264305177112,0.953731343283582,0.9461279461279462,0.9864559819413092,0.1877934272300469,1.0,0.1465832029212311,0.2279603547209181,0.3219597550306211,0.9763298549249172,0.2608303249097473,0.3759525825571549,1.0,0.95375435106912,0.9697986577181208,1.0,0.1918665276329509,1.0,0.1506777893639207,0.2314911366006256,2.281310796737671,0.06,10.228671312332152,5.828280210494995
opvbh,0.2252191503708698,0.9802607076350092,0.2351369405477622,0.4864864864864865,1.0,0.9612856099342586,0.9723756906077348,1.0,0.1268996960486322,1.0,0.1337386018237082,0.3214285714285714,0.2160702228224173,0.980245993291092,0.2113712374581939,0.4766839378238341,0.963855421686747,0.9612573099415204,0.8777777777777778,0.981042654028436,0.1216730038022813,1.0,0.1201520912547528,0.314828897338403,0.2252191503708698,0.9802607076350092,0.2150968603874415,0.4864864864864865,1.0,0.9612856099342586,0.8895027624309392,1.0,0.1268996960486322,1.0,0.1223404255319148,0.3214285714285714,1.2943017482757568,0.04,5.751155376434326,6.097434997558594
opxd8,0.3041533546325878,0.981508875739645,0.2357615894039735,0.3360501567398118,1.0,0.9636891793754538,0.9726775956284152,1.0,0.1793519216277317,1.0,0.13413715146948,0.2019593067068575,0.2943058221369162,0.9814951887490748,0.220159151193634,0.3214061519146264,0.9704641350210972,0.9636627906976744,0.912087912087912,0.9588014981273408,0.1734539969834087,1.0,0.1251885369532428,0.1930618401206636,0.3041533546325878,0.981508875739645,0.1867549668874172,0.3360501567398118,1.0,0.9636891793754538,0.7704918032786885,1.0,0.1793519216277317,1.0,0.1062547098718914,0.2019593067068575,1.4954664707183838,0.04,5.665055513381958,8.965617656707764
oq4s5,0.2199528672427337,0.9725321888412016,0.2594268476621418,0.4852941176470588,1.0,0.946532999164578,0.8911917098445595,1.0,0.1235657546337158,1.0,0.1518093556928508,0.3203883495145631,0.2155782848151061,0.972508591065292,0.1389728096676737,0.4725568942436413,0.9856115107913668,0.9464882943143812,0.4791666666666667,0.9751381215469612,0.1210247349823321,1.0,0.0812720848056537,0.3118374558303887,0.2199528672427337,0.9725321888412016,0.1840120663650075,0.4852941176470588,1.0,0.946532999164578,0.6321243523316062,1.0,0.1235657546337158,1.0,0.1076787290379523,0.3203883495145631,1.0410151481628418,0.03,5.4016642570495605,7.512457609176636
or5oq,0.3439897698209719,0.9685863874345548,0.2977049180327868,0.4791544333529066,1.0,0.9390862944162436,0.9869565217391304,1.0,0.2077220077220077,1.0,0.1752895752895752,0.3150579150579151,0.3341869398207426,0.968562874251497,0.283650689428759,0.4632569077013521,0.9738805970149254,0.9390420899854862,0.9432314410480348,0.968058968058968,0.2017001545595054,1.0,0.1669242658423493,0.3044822256568779,0.3439897698209719,0.9685863874345548,0.2898360655737705,0.4791544333529066,1.0,0.9390862944162436,0.9608695652173912,1.0,0.2077220077220077,1.0,0.1706563706563706,0.3150579150579151,1.6185975074768066,0.04,6.367313623428345,8.572059154510498
or6gf,0.5367027677496992,0.9704708699122108,0.3360544217687075,0.5480597014925374,1.0,0.9426356589147288,0.9724409448818898,1.0,0.3667763157894737,1.0,0.203125,0.3774671052631579,0.5277108433734939,0.970447284345048,0.3147138964577656,0.5331739390316796,0.9842696629213484,0.9425911559348332,0.9130434782608696,0.9737991266375546,0.3604938271604938,1.0,0.1901234567901234,0.3670781893004115,0.5367027677496992,0.9704708699122108,0.3210884353741496,0.5480597014925374,1.0,0.9426356589147288,0.9291338582677166,1.0,0.3667763157894737,1.0,0.194078947368421,0.3774671052631579,2.4704418182373047,0.03,6.806824684143066,3.4662179946899414
os5gw,0.2738712065136935,0.9608570251339102,0.4473858371939113,0.5127551020408164,1.0,0.9246629659000792,0.9797101449275364,1.0,0.1586620926243567,1.0,0.2898799313893653,0.3447684391080617,0.2624166048925129,0.9608247422680412,0.4347249834327369,0.5019157088122606,0.9619565217391304,0.9246031746031746,0.9534883720930232,0.9800498753117208,0.151931330472103,1.0,0.2815450643776824,0.3373390557939914,0.2738712065136935,0.9608570251339102,0.443414956982131,0.5127551020408164,1.0,0.9246629659000792,0.9710144927536232,1.0,0.1586620926243567,1.0,0.2873070325900514,0.3447684391080617,1.3629233837127686,0.04,8.553297996520996,4.124964237213135
os8dt,0.2605664488017429,0.9701093560145808,0.3608036080360803,0.2605664488017429,1.0,0.9419537517697026,0.9932279909706546,1.0,0.1497995991983968,1.0,0.220440881763527,0.1497995991983968,0.2511993022241605,0.9700948212983224,0.3528929011079195,0.2520715220235499,0.9664429530201344,0.9419263456090652,0.9728506787330315,0.9697986577181208,0.1443609022556391,1.0,0.2155388471177944,0.1448621553884711,0.2605664488017429,0.9701093560145808,0.3583435834358343,0.2605664488017429,1.0,0.9419537517697026,0.9864559819413092,1.0,0.1497995991983968,1.0,0.218937875751503,0.1497995991983968,1.8793566226959229,0.05,14.369906187057495,3.604281663894653
osb9e,0.2097222222222222,0.9761453994698978,0.2538825118163402,0.3836990595611285,1.0,0.9534023668639052,0.9791666666666666,1.0,0.117145073700543,1.0,0.1458494957331264,0.2373933281613654,0.2030598052851182,0.9761273209549072,0.2420554428668019,0.3691148775894539,0.9733333333333334,0.9533678756476685,0.93717277486911,0.9639344262295082,0.1133540372670807,1.0,0.1389751552795031,0.2282608695652173,0.2097222222222222,0.9761453994698978,0.2471303173531397,0.3836990595611285,1.0,0.9534023668639052,0.953125,1.0,0.117145073700543,1.0,0.1419705197827773,0.2373933281613654,1.107400894165039,0.04,5.67651891708374,3.563347101211548
osl9g,0.2380718150516478,0.9765539803707742,0.2323529411764705,0.3884892086330935,1.0,0.9541822056473096,0.9518072289156626,0.9976905311778292,0.1351200446677833,1.0,0.1323283082077052,0.2412060301507537,0.2304283604135893,0.9765411893071468,0.211972522080471,0.378937893789379,0.970954356846473,0.9541577825159916,0.8709677419354839,0.9745370370370372,0.1307262569832402,1.0,0.1206703910614525,0.2351955307262569,0.2380718150516478,0.9765539803707742,0.2156862745098039,0.3884892086330935,1.0,0.9541822056473096,0.8835341365461847,0.9976905311778292,0.1351200446677833,1.0,0.1228364042434394,0.2412060301507537,1.8060221672058103,0.06,8.48125147819519,9.837919473648071
osm8d,0.4678362573099415,0.9693911873528422,0.2647412755716005,0.4751322751322751,1.0,0.9406005221932114,0.995475113122172,1.0,0.3053435114503817,1.0,0.1526717557251908,0.311589174184594,0.4544970729111229,0.9693705822955234,0.2590361445783132,0.4735169491525424,0.9726651480637812,0.9405617243631612,0.9772727272727272,0.9977678571428572,0.2965277777777778,1.0,0.1493055555555555,0.3104166666666667,0.4678362573099415,0.9693911873528422,0.2611311672683514,0.4751322751322751,1.0,0.9406005221932114,0.9819004524886876,1.0,0.3053435114503817,1.0,0.15058986814712,0.311589174184594,2.771326065063477,0.06,6.806800603866577,4.98578405380249
osort,0.1428571428571428,0.9693985226873022,0.2507916402786573,0.4473239436619718,1.0,0.9406143344709896,0.9850746268656716,1.0,0.0769230769230769,1.0,0.1436865021770682,0.2880986937590711,0.1349527665317139,0.969376979936642,0.2409638554216867,0.4444444444444445,0.9523809523809524,0.9405737704918032,0.95,0.9949494949494948,0.0726216412490922,1.0,0.1379811183732752,0.2861292665214234,0.1428571428571428,0.9693985226873022,0.2431918936035465,0.4473239436619718,1.0,0.9406143344709896,0.9552238805970148,1.0,0.0769230769230769,1.0,0.13933236574746,0.2880986937590711,0.9752655029296876,0.05,6.475653648376465,7.161747694015503
osyz7,0.1618233618233618,0.9676064787042592,0.288431061806656,0.4309338521400778,1.0,0.937245787332946,0.975,1.0,0.0880347179169249,1.0,0.1692498450092994,0.2746435213887166,0.1540216771249287,0.9675870348139256,0.2665256478053939,0.4099318403115871,0.9574468085106383,0.9372093023255814,0.9032258064516128,0.9524886877828054,0.0837468982630273,1.0,0.1563275434243176,0.2611662531017369,0.1618233618233618,0.9676064787042592,0.2768092974115161,0.4309338521400778,1.0,0.937245787332946,0.9357142857142856,1.0,0.0880347179169249,1.0,0.1624302541847489,0.2746435213887166,1.1979751586914062,0.07,8.65021824836731,7.494134426116943
otnaa,0.1543147208121827,0.96625033218177,0.2107843137254902,0.3135435992578849,1.0,0.9347043701799486,0.9684684684684683,1.0,0.0836083608360836,1.0,0.1182618261826182,0.1859185918591859,0.1483739837398374,0.9662323850039882,0.1933267909715407,0.2971216341689879,0.9668874172185432,0.934670781893004,0.8914027149321267,0.9495548961424332,0.0803522289488167,1.0,0.1084204733076499,0.1761144744083654,0.1543147208121827,0.96625033218177,0.1990196078431372,0.3135435992578849,1.0,0.9347043701799486,0.9144144144144144,1.0,0.0836083608360836,1.0,0.1116611661166116,0.1859185918591859,1.0688865184783936,0.07,7.874882221221924,4.758390188217163
ouyoi,0.2029673590504451,0.9705128205128204,0.2352941176470588,0.3632432432432432,1.0,0.9427148194271482,0.9950738916256158,1.0,0.1129458388375165,1.0,0.1334214002642008,0.2219286657859973,0.1984551396316102,0.9704939063502246,0.2285714285714286,0.3517316017316017,0.9823529411764704,0.9426791277258568,0.9702970297029704,0.9701492537313432,0.1103767349636483,1.0,0.1295439524124256,0.2148050231328486,0.2029673590504451,0.9705128205128204,0.2317996505532906,0.3632432432432432,1.0,0.9427148194271482,0.9802955665024632,1.0,0.1129458388375165,1.0,0.1314398943196829,0.2219286657859973,1.288606882095337,0.05,6.111803293228149,5.602343797683716
ov917,0.3243683781581092,0.971185640056684,0.2302405498281787,0.6164199192462988,1.0,0.9439853076216712,0.9852941176470588,1.0,0.193579766536965,1.0,0.1303501945525292,0.4455252918287938,0.313469387755102,0.9711583924349882,0.2220309810671256,0.6118598382749326,0.9696969696969696,0.9439338235294118,0.9555555555555556,0.9934354485776804,0.186952288218111,1.0,0.1256085686465433,0.4420642648490749,0.3243683781581092,0.971185640056684,0.2268041237113401,0.6164199192462988,1.0,0.9439853076216712,0.9705882352941176,1.0,0.193579766536965,1.0,0.1284046692607003,0.4455252918287938,1.4770500659942627,0.03,4.088351726531982,8.606571435928345
ovykb,0.3033033033033033,0.9712075633863344,0.3435225618631732,0.4084507042253521,1.0,0.9440267335004175,0.9672131147540984,1.0,0.1787610619469026,1.0,0.2088495575221239,0.2566371681415929,0.2947368421052632,0.9711827956989249,0.3119533527696793,0.4005641748942172,0.9751243781094528,0.943979933110368,0.8806584362139918,0.9826989619377162,0.1736049601417183,1.0,0.1895482728077945,0.2515500442869796,0.3033033033033033,0.9712075633863344,0.296943231441048,0.4084507042253521,1.0,0.9440267335004175,0.8360655737704918,1.0,0.1787610619469026,1.0,0.1805309734513274,0.2566371681415929,1.285308599472046,0.03,6.2193686962127686,4.10346794128418
owd22,0.211118930330753,0.968012185833968,0.2578444747612551,0.3610573823339781,1.0,0.9380073800738008,0.9692307692307692,1.0,0.1180173092053501,1.0,0.1487018095987411,0.2202989771833202,0.2029598308668076,0.9679878048780488,0.244535519125683,0.3511943189154293,0.9664429530201344,0.9379615952732644,0.922680412371134,0.974910394265233,0.1133858267716535,1.0,0.1409448818897637,0.2141732283464567,0.211118930330753,0.968012185833968,0.2482946793997271,0.3610573823339781,1.0,0.9380073800738008,0.9333333333333332,1.0,0.1180173092053501,1.0,0.1431943351691581,0.2202989771833202,1.2149879932403564,0.04,5.628354787826538,3.73315691947937
ox188,0.357204486626402,0.9706856997196024,0.6011730205278593,0.3823279524214103,1.0,0.9430411094601288,0.9951456310679612,1.0,0.2174369747899159,1.0,0.430672268907563,0.236344537815126,0.3471502590673574,0.9706707472583525,0.5862068965517242,0.3818027210884354,0.973365617433414,0.9430128840436076,0.970838396111786,1.0,0.211245401996847,1.0,0.419863373620599,0.2359432475039411,0.357204486626402,0.9706856997196024,0.5960410557184751,0.3823279524214103,1.0,0.9430411094601288,0.9866504854368932,1.0,0.2174369747899159,1.0,0.4269957983193277,0.236344537815126,2.5036299228668213,0.07,25.185052394866943,6.564026355743408
oxcz0,0.3636363636363636,0.96188605108055,0.2246376811594202,0.5523358959195742,1.0,0.9265707797123393,0.9935897435897436,1.0,0.2222222222222222,1.0,0.1266339869281045,0.3815359477124183,0.3547523427041499,0.9618560755013764,0.2133526850507982,0.5399644760213144,0.977859778597786,0.9265151515151516,0.9483870967741936,0.9785407725321889,0.2166802943581357,1.0,0.1201962387571545,0.3728536385936222,0.3636363636363636,0.96188605108055,0.2231884057971014,0.5523358959195742,1.0,0.9265707797123393,0.9871794871794872,1.0,0.2222222222222222,1.0,0.1258169934640522,0.3815359477124183,1.725635051727295,0.05,4.667654037475586,6.035135269165039
oxvkl,0.1760391198044009,0.9710380735437684,0.3636363636363636,0.4538860103626942,1.0,0.94370651486401,0.994011976047904,1.0,0.0965147453083109,1.0,0.2225201072386059,0.2935656836461126,0.1689106487148102,0.9710192119830674,0.3574561403508772,0.441908713692946,0.965034965034965,0.9436708860759494,0.978978978978979,0.9748283752860412,0.0925553319919517,1.0,0.2186452045606975,0.2857142857142857,0.1760391198044009,0.9710380735437684,0.3603504928806134,0.4538860103626942,1.0,0.94370651486401,0.9850299401197604,1.0,0.0965147453083109,1.0,0.2205093833780161,0.2935656836461126,1.0262699127197266,0.05,10.135494947433472,6.128431797027588
ozgmz,0.2928,0.9691189827429608,0.2389525368248772,0.412202380952381,1.0,0.9400881057268724,0.9419354838709676,1.0,0.1715089034676663,1.0,0.1368322399250234,0.2596063730084348,0.2852564102564103,0.969090909090909,0.1557377049180328,0.3964232488822652,0.978021978021978,0.9400352733686068,0.6168831168831169,0.9637681159420288,0.1669793621013133,1.0,0.0891181988742964,0.24953095684803,0.2928,0.9691189827429608,0.1816693944353518,0.412202380952381,1.0,0.9400881057268724,0.7161290322580646,1.0,0.1715089034676663,1.0,0.1040299906279287,0.2596063730084348,1.3469135761260986,0.03,4.500766754150391,3.864114284515381
p09tl,0.341324200913242,0.9502943100065404,0.2332326283987915,0.4848800834202294,1.0,0.9052959501557633,0.9554455445544554,1.0,0.2057811424638678,1.0,0.132828630419821,0.3200275292498279,0.3257142857142857,0.950261780104712,0.1730187537810042,0.4697286012526096,0.9563758389261744,0.9052369077306732,0.7114427860696517,0.9698275862068966,0.1962809917355372,1.0,0.0984848484848484,0.3099173553719008,0.341324200913242,0.9502943100065404,0.2018126888217522,0.4848800834202294,1.0,0.9052959501557633,0.8267326732673267,1.0,0.2057811424638678,1.0,0.1149346180316586,0.3200275292498279,1.7509713172912598,0.07,6.022118806838989,6.953425884246826
p0a1j,0.0911481156879929,0.9740608228980322,0.3532075471698113,0.4737210932025227,1.0,0.949433304272014,0.9915254237288136,1.0,0.0477502295684113,1.0,0.2148760330578512,0.310376492194674,0.0860403863037752,0.9740376007162042,0.3356009070294785,0.4603508771929824,0.9607843137254902,0.949389179755672,0.9446808510638298,0.973293768545994,0.0450367647058823,1.0,0.2040441176470588,0.3014705882352941,0.0911481156879929,0.9740608228980322,0.3411320754716981,0.4737210932025227,1.0,0.949433304272014,0.9576271186440678,1.0,0.0477502295684113,1.0,0.2075298438934802,0.310376492194674,0.558631420135498,0.03,6.484349727630615,4.292327880859375
p0blq,0.1858780929390464,0.9564110722239898,0.2479721900347624,0.3169092945128779,1.0,0.9164634146341464,0.9596412556053812,1.0,0.102461743180306,1.0,0.1423819028609447,0.1882900864936793,0.1716012084592144,0.956383317414836,0.2030162412993039,0.3060538116591929,0.9281045751633988,0.9164124466137888,0.7882882882882883,0.9680851063829788,0.0945406125166444,1.0,0.1165113182423435,0.1817576564580559,0.1858780929390464,0.9564110722239898,0.2305909617612977,0.3169092945128779,1.0,0.9164634146341464,0.8923766816143498,1.0,0.102461743180306,1.0,0.1324018629407851,0.1882900864936793,1.2436604499816897,0.06,6.633059501647949,5.729857683181763
p1gkd,0.1128571428571428,0.9607272727272728,0.1363316936050597,0.3394091766184789,1.0,0.9244226731980406,0.9509803921568628,1.0,0.0598031794095382,1.0,0.0734292202876608,0.2043906131718395,0.111587982832618,0.960698689956332,0.1140042223786066,0.3272498426683449,1.0,0.9243697478991596,0.801980198019802,0.966542750929368,0.059090909090909,1.0,0.0613636363636363,0.1969696969696969,0.1128571428571428,0.9607272727272728,0.1264933239634574,0.3394091766184789,1.0,0.9244226731980406,0.8823529411764706,1.0,0.0598031794095382,1.0,0.0681302043906131,0.2043906131718395,0.8925974369049072,0.04,3.619343280792236,3.998889684677124
p1h3a,0.1357388316151203,0.9644444444444444,0.3212355212355212,0.3961566888396157,1.0,0.9313304721030042,0.9904761904761904,1.0,0.0728110599078341,1.0,0.1917050691244239,0.2470046082949308,0.1342512908777968,0.9644128113879004,0.3062645011600928,0.381939304219097,1.0,0.9312714776632304,0.9473684210526316,0.9662921348314608,0.0719557195571955,1.0,0.1826568265682656,0.2380073800738007,0.1357388316151203,0.9644444444444444,0.3166023166023165,0.3961566888396157,1.0,0.9313304721030042,0.9761904761904762,1.0,0.0728110599078341,1.0,0.1889400921658986,0.2470046082949308,0.6467366218566895,0.03,6.026831150054932,4.9443135261535645
p1jbm,0.2770180855756506,0.9711586275484834,0.3153813011632917,0.243705035971223,1.0,0.943934267762204,0.9945652173913044,1.0,0.1607782898105478,1.0,0.1874039938556067,0.1387608806963645,0.2684326710816777,0.9711442786069652,0.3061664510564898,0.2349234923492349,0.9712460063897764,0.943907156673114,0.9673024523160764,0.9666666666666668,0.1557377049180328,1.0,0.1818647540983606,0.1337090163934426,0.2770180855756506,0.9711586275484834,0.3127962085308057,0.243705035971223,1.0,0.943934267762204,0.9864130434782608,1.0,0.1607782898105478,1.0,0.1858678955453149,0.1387608806963645,2.064307928085327,0.07,12.361979722976685,3.1784818172454834
p1zmt,0.2186234817813765,0.9644892590968872,0.3232169954476479,0.4539704848910751,1.0,0.9314140558848434,0.9770642201834864,1.0,0.1227272727272727,1.0,0.1936363636363636,0.2936363636363636,0.2076236820762368,0.9644580956559894,0.3069908814589665,0.4433497536945812,0.9552238805970148,0.93135593220339,0.9308755760368664,0.9782608695652174,0.1164695177434031,1.0,0.183803457688808,0.286624203821656,0.2186234817813765,0.9644892590968872,0.3080424886191198,0.4539704848910751,1.0,0.9314140558848434,0.9311926605504588,1.0,0.1227272727272727,1.0,0.1845454545454545,0.2936363636363636,1.1518073081970217,0.04,6.081642389297485,5.937082290649414
p227x,0.4181106763555058,0.976535541752933,0.1597402597402597,0.4295227524972253,1.0,0.9541469993256912,0.984,1.0,0.2643109540636042,1.0,0.0869257950530035,0.2734982332155477,0.4062674874090654,0.9765193370165746,0.153446033810143,0.4188888888888889,0.9731903485254692,0.9541160593792172,0.9516129032258064,0.9766839378238342,0.2567185289957567,1.0,0.0834512022630834,0.2666195190947666,0.4181106763555058,0.976535541752933,0.1558441558441558,0.4295227524972253,1.0,0.9541469993256912,0.96,1.0,0.2643109540636042,1.0,0.0848056537102473,0.2734982332155477,2.303433895111084,0.04,4.394180536270142,12.283077001571655
p2gd5,0.1036682615629984,0.9631429728635076,0.3048433048433048,0.3678792038435141,1.0,0.92890625,0.9953488372093025,1.0,0.0546677880571909,1.0,0.1799831791421362,0.2253994953742641,0.0910543130990415,0.963113092825294,0.2924393723252497,0.3505154639175258,0.890625,0.9288506645817044,0.9579439252336448,0.9550561797752808,0.0479797979797979,1.0,0.1725589225589225,0.2146464646464646,0.1036682615629984,0.9631429728635076,0.3005698005698006,0.3678792038435141,1.0,0.92890625,0.9813953488372092,1.0,0.0546677880571909,1.0,0.1774600504625736,0.2253994953742641,0.8671443462371826,0.06,6.463920831680298,5.356496095657349
p2owm,0.2838709677419355,0.9721333942439472,0.5777184789859906,0.3817490494296578,1.0,0.9457777777777778,0.9954022988505749,1.0,0.1654135338345864,1.0,0.4069548872180451,0.2359022556390977,0.2730210016155089,0.9721079103795152,0.5691382765531062,0.3701447067783701,0.9657142857142856,0.945729537366548,0.9815668202764976,0.972,0.1589840075258702,1.0,0.4007525870178739,0.2285983066792097,0.2838709677419355,0.9721333942439472,0.5750500333555704,0.3817490494296578,1.0,0.9457777777777778,0.9908045977011494,1.0,0.1654135338345864,1.0,0.4050751879699248,0.2359022556390977,1.3221704959869385,0.04,10.735564947128296,3.9279935359954834
p37hg,0.2131054131054131,0.9705973382853604,0.2088535754824063,0.3175965665236051,1.0,0.9428743235117258,0.9484536082474226,1.0,0.1192602040816326,1.0,0.1173469387755102,0.1887755102040816,0.2030804335424986,0.970579126664602,0.1920454545454545,0.3104189044038668,0.956989247311828,0.9428399518652226,0.8756476683937824,0.9796610169491524,0.1135928525845564,1.0,0.1078493937460114,0.1844288449266113,0.2131054131054131,0.9705973382853604,0.1940976163450624,0.3175965665236051,1.0,0.9428743235117258,0.8814432989690721,1.0,0.1192602040816326,1.0,0.1090561224489796,0.1887755102040816,1.381763935089111,0.05,6.20836329460144,3.6454572677612314
p3qmp,0.8294491525423728,0.9646442601484068,0.2712392829306313,0.4631432545201668,1.0,0.9317032040472176,0.9775280898876404,1.0,0.7085972850678733,1.0,0.1574660633484162,0.3013574660633484,0.8207847295864265,0.964613368283093,0.2498048399687744,0.4484679665738162,0.989769820971867,0.9316455696202532,0.903954802259887,0.9698795180722892,0.7010869565217391,1.0,0.144927536231884,0.2916666666666667,0.8294491525423728,0.9646442601484068,0.2634450506625097,0.4631432545201668,1.0,0.9317032040472176,0.949438202247191,1.0,0.7085972850678733,1.0,0.1529411764705882,0.3013574660633484,4.3764612674713135,0.03,5.300713539123535,12.851656436920166
p3rk5,0.1867535287730727,0.9780380673499268,0.227392913802221,0.4333958724202626,1.0,0.9570200573065902,0.9728506787330315,1.0,0.1029940119760479,1.0,0.1287425149700598,0.2766467065868263,0.1793478260869565,0.97802519777322,0.2128110111169931,0.4291079812206572,0.9649122807017544,0.9569954128440368,0.9136363636363636,0.9913232104121475,0.0988615937687237,1.0,0.1204313960455362,0.2738166566806471,0.1867535287730727,0.9780380673499268,0.2189317821258593,0.4333958724202626,1.0,0.9570200573065902,0.9366515837104072,1.0,0.1029940119760479,1.0,0.1239520958083832,0.2766467065868263,1.3140590190887451,0.05,7.113773822784424,5.0043792724609375
p3y0w,0.0661764705882353,0.9813432835820896,0.3602484472049689,0.5822102425876011,1.0,0.9633699633699634,0.9830508474576272,1.0,0.0342205323193916,1.0,0.2205323193916349,0.4106463878326996,0.0626151012891344,0.9813258636788048,0.3452566096423017,0.5681511470985156,0.9714285714285714,0.9633363886342804,0.9446808510638298,0.976798143851508,0.0323501427212178,1.0,0.2112274024738344,0.4005708848715509,0.0661764705882353,0.9813432835820896,0.3524844720496894,0.5822102425876011,1.0,0.9633699633699634,0.961864406779661,1.0,0.0342205323193916,1.0,0.2157794676806083,0.4106463878326996,0.6492080688476562,0.03,6.176417589187622,8.297191858291626
p3y7g,0.1815097540288379,0.9640287769784172,0.3058823529411765,0.5687583444592791,1.0,0.9305555555555556,0.9605911330049262,1.0,0.0998134328358208,1.0,0.1819029850746268,0.3973880597014925,0.1716227697536108,0.963996399639964,0.2859387274155538,0.5641711229946524,0.9528301886792452,0.9304952215464812,0.900990099009901,0.9929411764705882,0.0943043884220354,1.0,0.1699346405228758,0.3940242763772175,0.1815097540288379,0.9640287769784172,0.2949019607843137,0.5687583444592791,1.0,0.9305555555555556,0.9261083743842364,1.0,0.0998134328358208,1.0,0.1753731343283582,0.3973880597014925,0.8703896999359131,0.04,5.752784013748169,5.267901420593262
p4azz,0.8194927896568871,0.9670061099796332,0.2799422799422799,0.5417690417690418,1.0,0.9361198738170348,0.9748743718592964,1.0,0.6941870261162595,1.0,0.1634372367312552,0.3715248525695029,0.8153310104529615,0.9669792091316756,0.2644508670520231,0.5264452644526445,0.9951397326852977,0.936069455406472,0.9242424242424242,0.9727272727272728,0.6905564924114671,1.0,0.1543001686340641,0.3608768971332209,0.8194927896568871,0.9670061099796332,0.2683982683982683,0.5417690417690418,1.0,0.9361198738170348,0.9346733668341708,1.0,0.6941870261162595,1.0,0.1566975568660488,0.3715248525695029,4.603941679000855,0.04,5.665444374084473,7.114922761917114
qcsqn,0.363898916967509,0.9700342465753424,0.3875530410183875,0.5694444444444444,1.0,0.941812136325852,0.9750889679715302,1.0,0.2224183583406884,1.0,0.2418358340688438,0.3980582524271844,0.3499638467100506,0.9700085689802914,0.3130311614730878,0.5524652338811631,0.9641434262948207,0.9417637271214644,0.7892857142857143,0.9711111111111111,0.2137809187279152,1.0,0.1952296819787985,0.3860424028268551,0.363898916967509,0.9700342465753424,0.3507779349363508,0.5694444444444444,1.0,0.941812136325852,0.8825622775800712,1.0,0.2224183583406884,1.0,0.2188879082082965,0.3980582524271844,1.7509093284606934,0.03,7.679105520248413,4.328049421310425
qdkwt,0.2454498179927197,0.9751445086705204,0.309,0.4292364990689012,1.0,0.9514946418499718,0.987220447284345,1.0,0.1398933017190278,1.0,0.1831653823355068,0.2732661529342027,0.2363352420614263,0.9751301330248698,0.3013013013013013,0.4184529356943149,0.9659574468085106,0.9514672686230248,0.9647435897435898,0.9760869565217392,0.134638196915777,1.0,0.1785290628706999,0.2663107947805456,0.2454498179927197,0.9751445086705204,0.303,0.4292364990689012,1.0,0.9514946418499718,0.9680511182108626,1.0,0.1398933017190278,1.0,0.1796087729697688,0.2732661529342027,1.4043233394622805,0.05,9.54756212234497,17.378482580184937
qdvas,0.1837928153717627,0.9735781459919391,0.3312977099236641,0.4370956146657082,1.0,0.9485165794066318,0.9730941704035876,1.0,0.1011959521619135,1.0,0.1996320147194112,0.2796688132474701,0.1723849372384937,0.9735544598834605,0.3073394495412844,0.427645788336933,0.944954128440367,0.948471615720524,0.9054054054054054,0.9801980198019802,0.0948434622467771,1.0,0.1850828729281768,0.2734806629834254,0.1837928153717627,0.9735781459919391,0.3206106870229008,0.4370956146657082,1.0,0.9485165794066318,0.9417040358744396,1.0,0.1011959521619135,1.0,0.1931922723091076,0.2796688132474701,1.022402048110962,0.04,6.30217170715332,4.441115617752075
qebee,0.2797558494404883,0.9729574223245108,0.5355756791720568,0.4166666666666667,1.0,0.9473389355742295,0.9888535031847132,1.0,0.1626256652868125,1.0,0.3672383205204021,0.2631578947368421,0.274949083503055,0.9729418537708692,0.5265429434613725,0.408622305529522,0.9854014598540146,0.9473094170403588,0.9728867623604466,0.981981981981982,0.1597633136094674,1.0,0.3609467455621302,0.2579881656804734,0.2797558494404883,0.9729574223245108,0.5304010349288486,0.4166666666666667,1.0,0.9473389355742295,0.9792993630573248,1.0,0.1626256652868125,1.0,0.3636901241868717,0.2631578947368421,1.830186128616333,0.05,18.5165433883667,3.6582107543945312
qfea3,0.2478295185477505,0.9690091663029246,0.4438280166435506,0.3555555555555555,1.0,0.9398814563928872,0.963855421686747,1.0,0.1414414414414414,1.0,0.2882882882882883,0.2162162162162162,0.23399209486166,0.9689820882481432,0.4152777777777777,0.3412462908011869,0.9487179487179488,0.9398305084745764,0.9033232628398792,0.9623430962343096,0.1334535617673579,1.0,0.2696122633002705,0.2073940486925158,0.2478295185477505,0.9690091663029246,0.4271844660194174,0.3555555555555555,1.0,0.9398814563928872,0.927710843373494,1.0,0.1414414414414414,1.0,0.2774774774774775,0.2162162162162162,1.0638766288757324,0.04,8.525901079177856,6.300966739654541
qfiti,0.2808564231738035,0.9795479009687836,0.3255813953488372,0.5114503816793893,1.0,0.959915611814346,0.9888475836431226,1.0,0.1633699633699633,1.0,0.1948717948717948,0.3435897435897436,0.274905422446406,0.9795332136445244,0.321078431372549,0.5032751091703057,0.981981981981982,0.9598874032371568,0.9776119402985076,0.9850427350427352,0.1598240469208211,1.0,0.1920821114369501,0.3379765395894428,0.2808564231738035,0.9795479009687836,0.3243574051407589,0.5114503816793893,1.0,0.959915611814346,0.9851301115241636,1.0,0.1633699633699633,1.0,0.1941391941391941,0.3435897435897436,1.762868881225586,0.04,7.234514951705933,5.459528923034668
qftfs,0.3391158365976497,0.968984655566438,0.2427813789039481,0.4621761658031088,1.0,0.9398353388220392,0.9671361502347418,1.0,0.204177897574124,1.0,0.1388140161725067,0.3005390835579515,0.3294117647058823,0.9689643907219864,0.2218289085545722,0.4522821576763485,0.9735099337748344,0.9397972116603296,0.8867924528301887,0.9797752808988764,0.1982467970330411,1.0,0.126770060687795,0.2939986513823331,0.3391158365976497,0.968984655566438,0.2286387743076016,0.4621761658031088,1.0,0.9398353388220392,0.9107981220657276,1.0,0.204177897574124,1.0,0.1307277628032345,0.3005390835579515,2.151782989501953,0.08,6.709702014923096,39.90242314338684
qh1cf,0.2343626286619161,0.9620362381363244,0.3407079646017699,0.4037222619899785,1.0,0.9268495428096426,0.95850622406639,1.0,0.1327354260089686,1.0,0.2071748878923766,0.252914798206278,0.218873909595559,0.9620034542314334,0.3175775480059084,0.3899641577060931,0.9387755102040816,0.9267886855241264,0.8958333333333334,0.9679715302491104,0.1238779174147217,1.0,0.1929982046678635,0.2441651705565529,0.2343626286619161,0.9620362381363244,0.3259587020648968,0.4037222619899785,1.0,0.9268495428096426,0.91701244813278,1.0,0.1327354260089686,1.0,0.1982062780269058,0.252914798206278,1.533618688583374,0.13,6.613271713256836,3.3935482501983643
qh53s,0.2295652173913043,0.9583431395622498,0.303156146179402,0.3366013071895425,1.0,0.9200180750112968,0.9811827956989247,1.0,0.1296660117878192,1.0,0.1792730844793713,0.2023575638506876,0.2236727589208006,0.9583235224864612,0.2892768079800498,0.3246116107931316,0.9771863117870724,0.91998191681736,0.9380053908355797,0.9659367396593674,0.1262899262899263,1.0,0.171007371007371,0.195085995085995,0.2295652173913043,0.9583431395622498,0.2965116279069767,0.3366013071895425,1.0,0.9200180750112968,0.9596774193548387,1.0,0.1296660117878192,1.0,0.1753438113948919,0.2023575638506876,1.5757088661193848,0.11,12.49209690093994,5.288192510604858
qhavy,0.0949913644214162,0.9696703296703296,0.374079528718704,0.4573426573426573,1.0,0.9411262798634812,0.996078431372549,1.0,0.0498640072529465,1.0,0.2302810516772439,0.2964641885766092,0.0934256055363321,0.9696436427628684,0.3613569321533923,0.4495798319327731,1.0,0.9410760034158838,0.9645669291338582,0.9846625766871164,0.0490018148820326,1.0,0.2223230490018148,0.2912885662431942,0.0949913644214162,0.9696703296703296,0.369661266568483,0.4573426573426573,1.0,0.9411262798634812,0.984313725490196,1.0,0.0498640072529465,1.0,0.227561196736174,0.2964641885766092,0.6093354225158691,0.04,7.276358604431152,4.02635669708252
qhv9c,0.2250165453342157,0.9657904213179692,0.2264647794601711,0.3765133171912833,1.0,0.9338440111420612,0.9662921348314608,1.0,0.1267710663683818,1.0,0.128262490678598,0.2319164802386279,0.2186878727634194,0.9657657657657658,0.2069874752801582,0.3709090909090909,0.9763313609467456,0.9337979094076656,0.8870056497175142,0.9870967741935484,0.1231343283582089,1.0,0.1171641791044776,0.2283582089552238,0.2250165453342157,0.9657904213179692,0.2251481237656353,0.3765133171912833,1.0,0.9338440111420612,0.9606741573033708,1.0,0.1267710663683818,1.0,0.1275167785234899,0.2319164802386279,1.4160261154174805,0.06,5.408230781555176,4.507517576217651
qhwtu,0.2239999999999999,0.9788359788359788,0.2998477929984779,0.5723472668810289,1.0,0.9585492227979274,0.965686274509804,1.0,0.1261261261261261,1.0,0.1774774774774774,0.4009009009009009,0.2147435897435897,0.9788172992056487,0.2835365853658536,0.5563425627817129,0.9640287769784172,0.958513396715644,0.916256157635468,0.972972972972973,0.12082957619477,1.0,0.1677186654643823,0.3895401262398557,0.2239999999999999,0.9788359788359788,0.2907153729071537,0.5723472668810289,1.0,0.9585492227979274,0.9362745098039216,1.0,0.1261261261261261,1.0,0.172072072072072,0.4009009009009009,1.1634955406188965,0.05,5.995965719223023,5.347934246063232
qidir,0.3074691805656273,0.9704781704781704,0.3274021352313167,0.3256814921090387,1.0,0.94264943457189,0.9663865546218487,1.0,0.181662382176521,1.0,0.1970865467009425,0.194515852613539,0.2977487291212782,0.9704535996670828,0.3150392017106201,0.3175287356321839,0.971563981042654,0.942603071948262,0.9324894514767932,0.9778761061946902,0.1758147512864494,1.0,0.1895368782161235,0.1895368782161235,0.3074691805656273,0.9704781704781704,0.3145907473309609,0.3256814921090387,1.0,0.94264943457189,0.9285714285714286,1.0,0.181662382176521,1.0,0.1893744644387318,0.194515852613539,1.3902812004089355,0.05,6.524254322052002,2.6114308834075928
qiz7o,0.2393483709273183,0.9763724808895068,0.3335304553518628,0.4466556108347153,1.0,0.953835709436524,0.986013986013986,1.0,0.1359430604982206,1.0,0.200711743772242,0.2875444839857651,0.2346298619824341,0.976356050069541,0.3244523386619301,0.4405091311566131,0.9842105263157894,0.9538043478260868,0.9614035087719298,0.9875930521091812,0.1331908831908831,1.0,0.1951566951566951,0.2834757834757834,0.2393483709273183,0.9763724808895068,0.3098758131283264,0.4466556108347153,1.0,0.953835709436524,0.916083916083916,1.0,0.1359430604982206,1.0,0.1864768683274021,0.2875444839857651,1.197826862335205,0.05,7.732867002487183,6.089276313781738
qizjq,0.3380109823062843,0.9628844114528102,0.2652284263959391,0.4636209813874788,1.0,0.9284253578732108,0.9766355140186916,1.0,0.2033773861967694,1.0,0.1534508076358296,0.3017621145374449,0.3237629810629199,0.962858153519632,0.2490470139771283,0.4551101072840203,0.960144927536232,0.9283765347885402,0.92018779342723,0.9829268292682928,0.1947097722263042,1.0,0.1440117560617193,0.2961058045554739,0.3380109823062843,0.9628844114528102,0.2309644670050761,0.4636209813874788,1.0,0.9284253578732108,0.8504672897196262,1.0,0.2033773861967694,1.0,0.1336270190895741,0.3017621145374449,1.8034582138061523,0.09,6.014688968658447,6.027566432952881
qjp0y,0.216867469879518,0.9685863874345548,0.2537196554424433,0.4074605451936872,1.0,0.9390862944162436,0.9700598802395208,1.0,0.1216216216216216,1.0,0.1459459459459459,0.2558558558558558,0.2059533386967015,0.9685589519650656,0.232156862745098,0.3879310344827587,0.9552238805970148,0.939034716342083,0.891566265060241,0.9540636042402828,0.1154192966636609,1.0,0.1334535617673579,0.2434625788999098,0.216867469879518,0.9685863874345548,0.2443226311667971,0.4074605451936872,1.0,0.9390862944162436,0.934131736526946,1.0,0.1216216216216216,1.0,0.1405405405405405,0.2558558558558558,0.9304723739624025,0.1,4.918837070465088,4.766763687133789
qjy5d,0.3841059602649007,0.972972972972973,0.299236641221374,0.52320107599193,1.0,0.9473684210526316,0.9245283018867924,1.0,0.2377049180327868,1.0,0.1785063752276867,0.3542805100182149,0.3743551952837141,0.9729490022172947,0.2201834862385321,0.5144781144781145,0.9769230769230768,0.9473229706390328,0.6824644549763034,0.9845360824742267,0.2315405651777575,1.0,0.1312670920692798,0.3482224247948952,0.3841059602649007,0.972972972972973,0.2198473282442748,0.52320107599193,1.0,0.9473684210526316,0.6792452830188679,1.0,0.2377049180327868,1.0,0.1311475409836065,0.3542805100182149,1.566053867340088,0.05,6.019825458526611,13.152552843093872
qk55y,0.2658227848101266,0.970102281667978,0.4642190416925949,0.4721189591078067,1.0,0.9419404125286478,0.997326203208556,1.0,0.1532846715328467,1.0,0.3025141930251419,0.3090024330900243,0.2549295774647887,0.9700787401574804,0.4523364485981308,0.4590570719602978,0.9627659574468084,0.9418960244648318,0.9731903485254692,0.9736842105263158,0.1469155844155844,1.0,0.2946428571428571,0.3003246753246753,0.2658227848101266,0.970102281667978,0.3970130678282514,0.4721189591078067,1.0,0.9419404125286478,0.8529411764705882,1.0,0.1532846715328467,1.0,0.2587185725871857,0.3090024330900243,1.1766414642333984,0.06,10.059279918670654,5.984091520309448
qkrgw,0.2394366197183098,0.96815834767642,0.2714177407126611,0.4008528784648187,1.0,0.938281901584654,0.922680412371134,1.0,0.136,1.0,0.1591111111111111,0.2506666666666666,0.231974921630094,0.9681309216192936,0.1852695520121487,0.3900355871886121,0.9736842105263158,0.9382303839732888,0.6321243523316062,0.9750889679715302,0.1316725978647686,1.0,0.1085409252669039,0.2437722419928825,0.2394366197183098,0.96815834767642,0.2077331311599696,0.4008528784648187,1.0,0.938281901584654,0.7061855670103093,1.0,0.136,1.0,0.1217777777777777,0.2506666666666666,1.1622281074523926,0.08,5.559695482254028,5.253642082214356
qle5m,0.172684458398744,0.9724310776942356,0.1382243487506645,0.4018306636155606,1.0,0.946341463414634,0.9629629629629628,1.0,0.0945017182130584,1.0,0.0744558991981672,0.2514318442153493,0.1644840230487166,0.972415714683756,0.1224055348589675,0.3976179569399908,0.9573170731707316,0.9463123644251626,0.8582089552238806,0.9908675799086758,0.089971346704871,1.0,0.0659025787965616,0.2487106017191977,0.172684458398744,0.9724310776942356,0.1307814992025518,0.4018306636155606,1.0,0.946341463414634,0.9111111111111112,1.0,0.0945017182130584,1.0,0.070446735395189,0.2514318442153493,1.1211516857147217,0.08,5.334693670272827,6.729273557662964
qli8l,0.3377001455604075,0.9694397283531409,0.2605421686746988,0.5415070242656449,1.0,0.940691927512356,0.9301075268817204,1.0,0.2031523642732049,1.0,0.1514886164623467,0.3712784588441331,0.3309037900874635,0.9694137638062872,0.1553544494720965,0.530690537084399,0.9826839826839828,0.9406430338004946,0.5567567567567567,0.9810874704491724,0.1989482909728308,1.0,0.0902716914986853,0.3637160385626643,0.3377001455604075,0.9694397283531409,0.2018072289156626,0.5415070242656449,1.0,0.940691927512356,0.7204301075268817,1.0,0.2031523642732049,1.0,0.1173380035026269,0.3712784588441331,1.4196228981018066,0.04,5.361443996429443,5.369974613189697
qluaz,0.312267657992565,0.9645892351274789,0.3001245330012453,0.419953596287703,1.0,0.9316005471956224,0.9877049180327868,1.0,0.185022026431718,1.0,0.1769456681350954,0.2657856093979442,0.3027295285359801,0.9645641389085754,0.2892768079800499,0.4099883855981417,0.9721115537848606,0.9315537303216974,0.9547325102880658,0.9778393351800554,0.1792799412196914,1.0,0.1704628949301984,0.2593681116825863,0.312267657992565,0.9645892351274789,0.2926525529265256,0.419953596287703,1.0,0.9316005471956224,0.9631147540983608,1.0,0.185022026431718,1.0,0.1725403817914831,0.2657856093979442,1.530569553375244,0.09,6.920940399169922,4.526227235794067
qn8iu,0.3055780113177041,0.9583904892546868,0.5283812193412755,0.4888248017303532,1.0,0.920105355575066,0.9947229551451188,1.0,0.1803435114503817,1.0,0.3597328244274809,0.3234732824427481,0.2947368421052632,0.9583524027459954,0.5178947368421053,0.4794223826714801,0.9680851063829788,0.9200351493848856,0.9761904761904762,0.9822485207100592,0.1738299904489016,1.0,0.3524355300859599,0.3170964660936007,0.3055780113177041,0.9583904892546868,0.5269796776454099,0.4888248017303532,1.0,0.920105355575066,0.992084432717678,1.0,0.1803435114503817,1.0,0.3587786259541984,0.3234732824427481,1.1620206832885742,0.04,9.271034955978394,5.383674621582031
qnust,0.0717344753747323,0.9782726778924498,0.1819095477386934,0.4118165784832451,1.0,0.9574694311536416,0.9576719576719576,1.0,0.0372015546918378,1.0,0.1004997223764575,0.2593003886729594,0.0696677384780278,0.9782608695652174,0.1720321931589537,0.4095322153574581,0.9848484848484848,0.9574468085106383,0.9095744680851064,0.9957081545064378,0.0361111111111111,1.0,0.095,0.2577777777777778,0.0717344753747323,0.9782726778924498,0.1748743718592964,0.4118165784832451,1.0,0.9574694311536416,0.9206349206349206,1.0,0.0372015546918378,1.0,0.0966129927817879,0.2593003886729594,0.6421008110046387,0.07,6.732181787490845,4.521464347839356
qnval,0.2010652463382157,0.9653447659878528,0.2181340341655716,0.329004329004329,1.0,0.9330110497237568,0.9707602339181286,1.0,0.1117690599555884,1.0,0.1228719467061436,0.1968911917098445,0.1893333333333333,0.9653199856989632,0.2078947368421052,0.3182662538699691,0.9466666666666668,0.9329647546648238,0.9294117647058824,0.969811320754717,0.1051851851851851,1.0,0.117037037037037,0.1903703703703703,0.2010652463382157,0.9653447659878528,0.2089356110381077,0.329004329004329,1.0,0.9330110497237568,0.9298245614035088,1.0,0.1117690599555884,1.0,0.1176905995558845,0.1968911917098445,1.2217004299163818,0.07,5.347657442092896,3.7937731742858887
qokl2,0.1314102564102564,0.9743732590529248,0.28515625,0.3287147634973722,1.0,0.9500271591526344,0.9765886287625418,1.0,0.0703259005145797,1.0,0.1669525443110348,0.1966838193253287,0.1240641711229946,0.9743589743589745,0.2737047898338221,0.3204208512673362,0.9508196721311476,0.95,0.9395973154362416,0.97667638483965,0.0663615560640732,1.0,0.160183066361556,0.1916475972540045,0.1314102564102564,0.9743732590529248,0.2802734375,0.3287147634973722,1.0,0.9500271591526344,0.959866220735786,1.0,0.0703259005145797,1.0,0.1640937678673527,0.1966838193253287,1.0831568241119385,0.14,9.904381036758425,5.787476301193237
qp18x,0.2802139037433155,0.9574278058946116,0.1778277996623522,0.4380767362797474,1.0,0.9183323814962878,0.9349112426035504,1.0,0.1629353233830845,1.0,0.0982587064676616,0.2804726368159204,0.2730192719486081,0.9574024426571344,0.1622535211267605,0.4268351968886728,0.9770114942528736,0.9182857142857144,0.8571428571428571,0.9755555555555556,0.1586807716241443,1.0,0.089607965152458,0.2731798382078407,0.2802139037433155,0.9574278058946116,0.140686550365785,0.4380767362797474,1.0,0.9183323814962878,0.7396449704142012,1.0,0.1629353233830845,1.0,0.0777363184079601,0.2804726368159204,1.5259432792663574,0.08,5.690200328826904,5.114712476730347
qqtsw,0.2463592233009708,0.9636545515171724,0.2235797189981673,0.3457355466514024,1.0,0.9298584298584298,0.953125,1.0,0.1404844290657439,1.0,0.1266435986159169,0.2089965397923875,0.2369380315917375,0.9636302969636302,0.2055045871559633,0.3346704871060172,0.9653465346534652,0.9298132646490664,0.8795811518324608,0.9700996677740864,0.1350415512465373,1.0,0.1163434903047091,0.2022160664819944,0.2463592233009708,0.9636545515171724,0.2113622480146609,0.3457355466514024,1.0,0.9298584298584298,0.9010416666666666,1.0,0.1404844290657439,1.0,0.1197231833910034,0.2089965397923875,1.3533692359924316,0.16,5.67856502532959,4.874642372131348
qr1v6,0.3768328445747801,0.9792127377266696,0.2682170542635659,0.4773039889958734,1.0,0.9592720970537262,0.9453551912568308,1.0,0.2321589882565492,1.0,0.1562782294489611,0.3134598012646793,0.3744493392070484,0.9791943337760072,0.2391304347826086,0.4669421487603306,0.99609375,0.9592367736339984,0.8461538461538461,0.9797687861271676,0.2305605786618444,1.0,0.1392405063291139,0.3065099457504521,0.3768328445747801,0.9792127377266696,0.2511627906976744,0.4773039889958734,1.0,0.9592720970537262,0.8852459016393442,1.0,0.2321589882565492,1.0,0.1463414634146341,0.3134598012646793,1.6286652088165283,0.05,5.213412284851074,4.16386342048645
qrb8x,0.1042402826855123,0.9631956912028724,0.1365600691443388,0.5909389363099147,1.0,0.929004329004329,0.9404761904761904,1.0,0.0549860205032618,1.0,0.0736253494874184,0.4193849021435228,0.1008849557522124,0.963162623539982,0.1212121212121212,0.5825115055884287,0.9827586206896552,0.92894280762565,0.8433734939759037,0.9866369710467706,0.0531716417910447,1.0,0.0652985074626865,0.4132462686567164,0.1042402826855123,0.9631956912028724,0.1210025929127052,0.5909389363099147,1.0,0.929004329004329,0.8333333333333334,1.0,0.0549860205032618,1.0,0.0652376514445479,0.4193849021435228,0.7166993618011475,0.08,2.864412784576416,4.675459384918213
qrc7q,0.3437717466945025,0.9750102417042196,0.2558479532163742,0.409090909090909,1.0,0.9512390087929656,0.9831460674157304,1.0,0.207563025210084,1.0,0.1470588235294117,0.2571428571428571,0.3386759581881533,0.974989749897499,0.2371888726207906,0.3989290495314592,0.9878048780487804,0.9512,0.9152542372881356,0.9770491803278688,0.2043734230445753,1.0,0.1362489486963835,0.2506307821698906,0.3437717466945025,0.9750102417042196,0.2485380116959064,0.409090909090909,1.0,0.9512390087929656,0.9550561797752808,1.0,0.207563025210084,1.0,0.1428571428571428,0.2571428571428571,1.9324188232421875,0.04,5.376390218734741,11.379436016082764
qrcx5,0.3056300268096514,0.972681800692574,0.3311432325886991,0.3887826641172721,1.0,0.9468164794007492,0.9767441860465116,1.0,0.180379746835443,1.0,0.1993670886075949,0.2412974683544304,0.2966442953020133,0.9726607624181748,0.3171052631578948,0.381620931716656,0.973568281938326,0.946776611694153,0.9377431906614786,0.9835526315789472,0.1749802058590657,1.0,0.1908155186064924,0.2367379255740301,0.3056300268096514,0.972681800692574,0.3272010512483574,0.3887826641172721,1.0,0.9468164794007492,0.9651162790697676,1.0,0.180379746835443,1.0,0.1969936708860759,0.2412974683544304,1.3448278903961182,0.03,7.107294321060181,4.957767486572266
qs2gd,0.269260700389105,0.961106309420916,0.2266244057052298,0.6091307066916822,1.0,0.9251247920133112,0.9533333333333334,1.0,0.1555755395683453,1.0,0.1285971223021582,0.4379496402877698,0.2556508183943881,0.9610726643598616,0.2111111111111111,0.6011271133375078,0.9534883720930232,0.9250624479600332,0.8926174496644296,0.9876543209876544,0.1476147614761476,1.0,0.1197119711971197,0.432043204320432,0.269260700389105,0.961106309420916,0.2218700475435816,0.6091307066916822,1.0,0.9251247920133112,0.9333333333333332,1.0,0.1555755395683453,1.0,0.1258992805755395,0.4379496402877698,1.31479811668396,0.03,4.41496467590332,4.6919846534729
qsjhm,0.5311203319502075,0.9612102404965088,0.1988388969521045,0.5276292335115865,1.0,0.9253174010455564,0.9856115107913668,1.0,0.3615819209039548,1.0,0.1105730427764326,0.3583535108958838,0.5258160237388724,0.9611801242236024,0.1860465116279069,0.5104104699583581,0.9910514541387024,0.9252615844544096,0.927536231884058,0.9683972911963884,0.3578352180936995,1.0,0.1033925686591276,0.3465266558966074,0.5311203319502075,0.9612102404965088,0.193033381712627,0.5276292335115865,1.0,0.9253174010455564,0.9568345323741008,1.0,0.3615819209039548,1.0,0.1073446327683615,0.3583535108958838,2.620089530944824,0.05,4.776658535003662,7.220566034317017
qslh7,0.2479950647748303,0.9752747252747253,0.1189689358889623,0.3411214953271028,1.0,0.9517426273458444,0.967741935483871,1.0,0.1415492957746479,1.0,0.0633802816901408,0.2056338028169014,0.2384187770228536,0.9752577319587628,0.1072137657180675,0.3321637426900584,0.965,0.9517102615694164,0.8804347826086957,0.9759450171821306,0.1360112755461592,1.0,0.0570824524312896,0.2001409443269908,0.2479950647748303,0.9752747252747253,0.1123595505617977,0.3411214953271028,1.0,0.9517426273458444,0.913978494623656,1.0,0.1415492957746479,1.0,0.0598591549295774,0.2056338028169014,1.3958606719970703,0.04,3.6886744499206543,3.7617011070251465
qub61,0.3214285714285714,0.9680397727272728,0.3598326359832635,0.3306797305572566,1.0,0.93805918788713,0.970967741935484,1.0,0.1914893617021276,1.0,0.2208363903154805,0.198092443140132,0.311960542540074,0.9680170575692963,0.343506882106523,0.322501532801962,0.9730769230769232,0.9380165289256198,0.9288025889967636,0.9776951672862454,0.1857562408223201,1.0,0.21071953010279,0.1930983847283406,0.3214285714285714,0.9680397727272728,0.3478780633592349,0.3306797305572566,1.0,0.93805918788713,0.9387096774193548,1.0,0.1914893617021276,1.0,0.2134996331621423,0.198092443140132,1.5257086753845217,0.05,8.342397451400757,3.8131399154663086
qvaab,0.4708454810495627,0.9659300184162064,0.3517509727626459,0.4284644194756554,1.0,0.9341050756901158,0.9576271186440678,1.0,0.3079122974261201,1.0,0.215443279313632,0.2726406101048618,0.456934306569343,0.9658986175115208,0.2665627435697584,0.4141035258814703,0.9720496894409938,0.9340463458110516,0.7276595744680852,0.968421052631579,0.2986641221374045,1.0,0.1631679389312977,0.2633587786259542,0.4708454810495627,0.9659300184162064,0.3050583657587549,0.4284644194756554,1.0,0.9341050756901158,0.8305084745762712,1.0,0.3079122974261201,1.0,0.1868446139180171,0.2726406101048618,1.7858903408050537,0.03,6.436582326889038,11.473162651062012
qvyid,0.4470588235294118,0.9733715690290864,0.6214492753623188,0.5140712945590994,1.0,0.9481245011971268,0.9981378026070764,1.0,0.2878787878787879,1.0,0.4511784511784512,0.3459595959595959,0.4345549738219895,0.9733497334973348,0.6152060359837493,0.5059486537257357,0.9736070381231672,0.9480830670926518,0.9888059701492538,0.9853658536585366,0.2796967144060657,1.0,0.4465037910699241,0.3403538331929233,0.4457516339869281,0.9733715690290864,0.6179710144927536,0.5140712945590994,0.9970760233918128,0.9481245011971268,0.9925512104283054,1.0,0.287037037037037,1.0,0.4486531986531986,0.3459595959595959,1.9111697673797607,0.03,12.845478773117064,5.464480638504028
qwywk,0.1580381471389645,0.9664045746962115,0.2156476002629848,0.5093715545755237,1.0,0.9349930843706776,0.970414201183432,1.0,0.0857988165680473,1.0,0.1213017751479289,0.3417159763313609,0.1527967257844474,0.9663805436337626,0.1974983541803818,0.5033112582781456,0.9739130434782608,0.9349480968858132,0.8928571428571429,0.9891540130151844,0.082901554404145,1.0,0.1110288675055514,0.3375277572168764,0.1580381471389645,0.9664045746962115,0.2064431295200526,0.5093715545755237,1.0,0.9349930843706776,0.9289940828402368,1.0,0.0857988165680473,1.0,0.1161242603550295,0.3417159763313609,0.8681972026824951,0.04,4.962460994720459,9.256778955459597
qxy0z,0.7761842677096915,0.9637234770704995,0.2461538461538461,0.4941176470588235,1.0,0.92998678996037,0.9216589861751152,1.0,0.6342329545454546,1.0,0.1420454545454545,0.328125,0.7751196172248803,0.9636986301369864,0.1392483056069008,0.487152034261242,0.9988789237668162,0.9299405155320556,0.5231481481481481,0.9869848156182212,0.6332622601279317,1.0,0.0803127221037668,0.3233830845771144,0.7761842677096915,0.9637234770704995,0.1686153846153846,0.4941176470588235,1.0,0.92998678996037,0.631336405529954,1.0,0.6342329545454546,1.0,0.0973011363636363,0.328125,4.360725402832031,0.05,6.265041828155518,2.9661638736724854
qyf7c,0.708316430020284,0.9657264179557172,0.1821286283437677,0.277056277056277,1.0,0.9337243401759532,0.9696969696969696,1.0,0.5483668341708543,1.0,0.100502512562814,0.1608040201005025,0.7080795777507104,0.9657056145675266,0.1743589743589743,0.2697724810400867,1.0,0.9336854460093896,0.9329268292682928,0.976470588235294,0.5480829666876178,1.0,0.0961659333752357,0.1565053425518542,0.708316430020284,0.9657264179557172,0.176437108708025,0.277056277056277,1.0,0.9337243401759532,0.9393939393939394,1.0,0.5483668341708543,1.0,0.0973618090452261,0.1608040201005025,4.077127695083618,0.07,5.3205413818359375,11.0900297164917
r0p4f,0.3066298342541436,0.966495861253449,0.199121522693997,0.5166364186327889,1.0,0.935163996948894,0.9714285714285714,1.0,0.1810766721044045,1.0,0.1109298531810766,0.3482871125611745,0.2959889349930844,0.9664694280078896,0.1803519061583577,0.511205330102968,0.9683257918552036,0.9351145038167938,0.8848920863309353,0.9906103286384976,0.1746938775510204,1.0,0.1004081632653061,0.3444897959183673,0.3066298342541436,0.966495861253449,0.1888726207906295,0.5166364186327889,1.0,0.935163996948894,0.9214285714285714,1.0,0.1810766721044045,1.0,0.1052202283849918,0.3482871125611745,1.743948221206665,0.06,4.73176646232605,6.677961826324463
r2abk,0.1844802342606149,0.9695074276778732,0.2102231821454283,0.4766584766584766,1.0,0.9408194233687404,0.9798657718120806,1.0,0.1016129032258064,1.0,0.1177419354838709,0.3129032258064516,0.1759530791788856,0.9694835680751174,0.1961067051189618,0.4637146371463715,0.96,0.940774487471526,0.918918918918919,0.9741602067183462,0.0968523002421307,1.0,0.1097659402744148,0.3042776432606941,0.1844802342606149,0.9695074276778732,0.1987041036717062,0.4766584766584766,1.0,0.9408194233687404,0.9261744966442952,1.0,0.1016129032258064,1.0,0.1112903225806451,0.3129032258064516,0.9276819229125975,0.06,4.5986316204071045,15.627846956253052
r2ibj,0.3632218844984802,0.9733393583370992,0.2717825739408473,0.4103321033210332,1.0,0.94806338028169,0.9770114942528736,1.0,0.2219127205199628,1.0,0.1578458681522748,0.2581244196843082,0.3561643835616438,0.9733152419719584,0.2562049639711769,0.3991130820399112,0.9831932773109244,0.9480176211453744,0.9248554913294798,0.9747292418772564,0.2174721189591078,1.0,0.1486988847583643,0.2509293680297397,0.3632218844984802,0.9733393583370992,0.2621902478017586,0.4103321033210332,1.0,0.94806338028169,0.942528735632184,1.0,0.2219127205199628,1.0,0.1522748375116063,0.2581244196843082,1.4879415035247805,0.04,4.982962846755981,6.4471845626831055
r31h9,0.219040801717967,0.964341085271318,0.2468443197755961,0.5518044237485448,1.0,0.9311377245508982,0.967032967032967,1.0,0.1229903536977492,1.0,0.1414790996784566,0.3810289389067524,0.2136200716845878,0.9643134212567884,0.2289325842696629,0.548951048951049,0.9802631578947368,0.9310861423220974,0.9005524861878453,0.9957716701902748,0.1198712791633145,1.0,0.1311343523732904,0.3789219629927594,0.219040801717967,0.964341085271318,0.2356241234221599,0.5518044237485448,1.0,0.9311377245508982,0.9230769230769232,1.0,0.1229903536977492,1.0,0.135048231511254,0.3810289389067524,1.1488275527954102,0.05,5.162086725234985,5.801988124847412
r39se,0.1829362029208301,0.9621489621489622,0.3733699382292381,0.4048582995951416,1.0,0.9270588235294116,0.9890909090909092,1.0,0.1006768189509306,1.0,0.2301184433164128,0.2538071065989847,0.1755196304849884,0.9621181262729124,0.3601374570446735,0.3932432432432432,0.9661016949152542,0.9270015698587128,0.9562043795620438,0.9732441471571908,0.0965283657917019,1.0,0.2218458933107536,0.2464013547840813,0.1829362029208301,0.9621489621489622,0.3692518874399451,0.4048582995951416,1.0,0.9270588235294116,0.9781818181818182,1.0,0.1006768189509306,1.0,0.227580372250423,0.2538071065989847,0.8446390628814697,0.04,7.359483003616333,5.570355653762817
r54i4,0.2070665571076417,0.9654867256637168,0.4875690607734806,0.4002932551319648,1.0,0.9332763045337896,0.988795518207283,1.0,0.1154903758020165,1.0,0.3235563703024748,0.2502291475710357,0.1975308641975308,0.9654561558901682,0.4716459197786998,0.3861967694566813,0.96,0.9332191780821918,0.9578651685393258,0.9669117647058824,0.110091743119266,1.0,0.3128440366972477,0.2412844036697247,0.2070665571076417,0.9654867256637168,0.4640883977900553,0.4002932551319648,1.0,0.9332763045337896,0.9411764705882352,1.0,0.1154903758020165,1.0,0.307974335472044,0.2502291475710357,0.9472436904907228,0.05,9.443104028701782,5.5608344078063965
r5i2z,0.2817362817362817,0.9663749424228466,0.2625928984310487,0.581473968897904,1.0,0.9349376114081996,0.9814814814814816,1.0,0.1639656816015252,1.0,0.1515729265967588,0.4099142040038132,0.2707136997538966,0.9663439372982942,0.2349048800661703,0.5795531482735274,0.9649122807017544,0.9348795718108832,0.8819875776397516,0.9976689976689976,0.157442748091603,1.0,0.1354961832061068,0.4083969465648855,0.2817362817362817,0.9663749424228466,0.2477291494632534,0.581473968897904,1.0,0.9349376114081996,0.925925925925926,1.0,0.1639656816015252,1.0,0.1429933269780743,0.4099142040038132,1.2223598957061768,0.03,4.780460834503174,5.86951756477356
r5p0g,0.2340425531914893,0.9621329211746522,0.1987133666904932,0.3997429305912596,1.0,0.9270290394638868,0.9025974025974026,1.0,0.1325301204819277,1.0,0.1116465863453815,0.2497991967871486,0.2272727272727272,0.9621036349574632,0.1116678596993557,0.3835263835263834,0.975609756097561,0.9269746646795828,0.5098039215686274,0.9612903225806452,0.1286173633440514,1.0,0.062700964630225,0.2395498392282958,0.2340425531914893,0.9621329211746522,0.1515368120085775,0.3997429305912596,1.0,0.9270290394638868,0.6883116883116883,1.0,0.1325301204819277,1.0,0.0851405622489959,0.2497991967871486,1.0776035785675049,0.04,4.611409902572632,4.079560041427612
r5wrs,0.2547864506627393,0.9745065789473684,0.2375649591685226,0.4768637532133675,1.0,0.95028067361668,0.9876543209876544,1.0,0.1459915611814346,1.0,0.1350210970464135,0.3130801687763713,0.2404129793510324,0.974485596707819,0.2334572490706319,0.465894465894466,0.9476744186046512,0.9502407704654896,0.9751552795031057,0.9783783783783784,0.1376689189189189,1.0,0.1326013513513513,0.3057432432432432,0.2547864506627393,0.9745065789473684,0.2375649591685226,0.4768637532133675,1.0,0.95028067361668,0.9876543209876544,1.0,0.1459915611814346,1.0,0.1350210970464135,0.3130801687763713,1.3961608409881592,0.04,5.04660439491272,3.6753952503204346
r6b03,0.3293675641828428,0.9747899159663864,0.2632944228274967,0.3479876160990712,1.0,0.9508196721311476,0.9759615384615384,1.0,0.197151424287856,1.0,0.1521739130434782,0.2106446776611694,0.3197492163009404,0.9747714808043876,0.2519480519480519,0.34221946683199,0.9732824427480916,0.9507845934379456,0.9371980676328504,0.9857142857142858,0.191297824456114,1.0,0.145536384096024,0.2070517629407351,0.3293675641828428,0.9747899159663864,0.2568093385214007,0.3479876160990712,1.0,0.9508196721311476,0.9519230769230768,1.0,0.197151424287856,1.0,0.1484257871064467,0.2106446776611694,1.808263063430786,0.04,6.276984214782715,3.586350202560425
r6kig,0.1962025316455696,0.9654471544715448,0.4160704457897634,0.1823979591836734,1.0,0.9332023575638508,0.9642857142857144,1.0,0.1087719298245614,1.0,0.2652631578947368,0.1003508771929824,0.1850443599493029,0.9654237288135592,0.3702479338842975,0.1724137931034482,0.948051948051948,0.9331585845347312,0.8593350383631714,0.9507042253521126,0.1025280898876404,1.0,0.2359550561797752,0.0948033707865168,0.1962025316455696,0.9654471544715448,0.3456246560264171,0.1823979591836734,1.0,0.9332023575638508,0.8010204081632653,1.0,0.1087719298245614,1.0,0.2203508771929824,0.1003508771929824,1.1741867065429688,0.06,10.479569435119627,3.5269112586975098
r6z8u,0.3897637795275591,0.971881188118812,0.4451450189155107,0.3737574552683896,1.0,0.9453004622496148,0.9832869080779943,1.0,0.2420537897310513,1.0,0.2876935615321923,0.2298288508557457,0.3797634691195794,0.9718588981371382,0.4318181818181819,0.3623092236230922,0.9763513513513512,0.9452582883577486,0.9553072625698324,0.9715302491103204,0.2357259380097879,1.0,0.2789559543230016,0.2226753670473083,0.3897637795275591,0.971881188118812,0.4388398486759142,0.3737574552683896,1.0,0.9453004622496148,0.9693593314763232,1.0,0.2420537897310513,1.0,0.2836185819070904,0.2298288508557457,1.7223360538482666,0.04,8.766943216323853,3.3989150524139404
r7ehx,0.0345125107851596,0.9697743720732226,0.6298740251949609,0.5388069275176395,1.0,0.9413223140495868,0.9943181818181818,1.0,0.0175592625109745,1.0,0.4609306409130816,0.3687445127304653,0.0328435609334485,0.9697486152535152,0.6162162162162161,0.5279383429672447,1.0,0.9412737799834574,0.9734345351043644,0.9809069212410502,0.0166959578207381,1.0,0.4507908611599297,0.3611599297012302,0.0345125107851596,0.9697743720732226,0.6286742651469707,0.5388069275176395,1.0,0.9413223140495868,0.9924242424242424,1.0,0.0175592625109745,1.0,0.4600526777875329,0.3687445127304653,0.5661628246307373,0.04,13.535598516464232,7.005892515182495
r7i7l,0.8836962294211365,0.9611339734796526,0.3957543593631539,0.3905053598774886,1.0,0.925176056338028,0.9738805970149254,1.0,0.7916270218839201,1.0,0.2483349191246432,0.2426260704091341,0.8835725677830942,0.9610983981693364,0.3766135155656795,0.3788343558282209,1.0,0.9251101321585904,0.9288389513108616,0.9724409448818898,0.7914285714285715,1.0,0.2361904761904762,0.2352380952380952,0.8836962294211365,0.9611339734796526,0.3912054586808188,0.3905053598774886,1.0,0.925176056338028,0.9626865671641792,1.0,0.7916270218839201,1.0,0.2454804947668886,0.2426260704091341,4.357647180557251,0.04,7.240644454956055,3.1107280254364014
r7rnw,0.2077294685990338,0.974392646093237,0.3387367244270542,0.4677336086732059,1.0,0.9500640204865556,0.9934426229508196,1.0,0.1159029649595687,1.0,0.204177897574124,0.305256064690027,0.1983071342200725,0.9743758212877792,0.3290430889759373,0.4578811369509044,0.95906432748538,0.9500320307495196,0.9671052631578948,0.9800884955752212,0.1105866486850977,1.0,0.1982467970330411,0.2987188132164531,0.2077294685990338,0.974392646093237,0.3365008384572387,0.4677336086732059,1.0,0.9500640204865556,0.9868852459016394,1.0,0.1159029649595687,1.0,0.2028301886792453,0.305256064690027,1.1764652729034424,0.06,8.589782238006592,4.821072101593018
r8hby,0.5,0.9566094853683148,0.2657004830917874,0.3636363636363636,1.0,0.9168278529980658,0.9401709401709402,1.0,0.3333333333333333,1.0,0.1547116736990154,0.2222222222222222,0.4868004223864836,0.9565802760013464,0.1499395405078597,0.3525345622119816,0.9746300211416492,0.9167741935483872,0.5321888412017167,0.9714285714285714,0.3244194229415904,1.0,0.0872624912033779,0.215341308937368,0.5,0.9566094853683148,0.1714975845410628,0.3636363636363636,1.0,0.9168278529980658,0.6068376068376068,1.0,0.3333333333333333,1.0,0.0998593530239099,0.2222222222222222,2.942298412322998,0.06,6.631977558135986,4.055014848709106
r8odu,0.2316455696202531,0.96711664935964,0.1545514079895219,0.35936582501468,1.0,0.9363270777479892,0.9076923076923076,1.0,0.1309949892627058,1.0,0.0844667143879742,0.219040801717967,0.2217997465145754,0.9670938690682368,0.1272131147540983,0.3480305702527925,0.9615384615384616,0.9362843729040912,0.751937984496124,0.9704918032786886,0.1253581661891117,1.0,0.069484240687679,0.2120343839541547,0.2316455696202531,0.96711664935964,0.1453831041257367,0.35936582501468,1.0,0.9363270777479892,0.8538461538461538,1.0,0.1309949892627058,1.0,0.0794559770937723,0.219040801717967,1.33345365524292,0.07,4.391571283340454,6.124940395355225
r90fo,0.320113314447592,0.9701431492842536,0.2253731343283582,0.5267080745341615,1.0,0.9420174741858618,0.9805194805194806,1.0,0.1905564924114671,1.0,0.1273187183811129,0.357504215851602,0.3120567375886524,0.9701187065083914,0.210762331838565,0.5199004975124378,0.9777777777777776,0.9419713831478538,0.9215686274509804,0.9881796690307328,0.1856540084388185,1.0,0.1189873417721519,0.3527426160337553,0.320113314447592,0.9701431492842536,0.2149253731343283,0.5267080745341615,1.0,0.9420174741858618,0.935064935064935,1.0,0.1905564924114671,1.0,0.1214165261382799,0.357504215851602,1.4152069091796875,0.06,4.626336812973023,5.3595781326293945
r9ljm,0.2336655592469546,0.9649122807017544,0.3939698492462312,0.376590330788804,1.0,0.9322033898305084,0.9924050632911392,1.0,0.1322884012539185,1.0,0.2457680250783699,0.231974921630094,0.2228381374722838,0.9648910411622276,0.369215291750503,0.3647478349465104,0.9571428571428572,0.9321637426900584,0.931472081218274,0.9701897018970188,0.1260978670012547,1.0,0.2302383939774153,0.2245922208281054,0.2336655592469546,0.9649122807017544,0.378894472361809,0.376590330788804,1.0,0.9322033898305084,0.9544303797468354,1.0,0.1322884012539185,1.0,0.2363636363636363,0.231974921630094,1.5350663661956787,0.07,11.674156665802002,8.408710718154907
r9uk9,0.2160844841592201,0.969964664310954,0.5057627118644068,0.4664804469273743,1.0,0.9416809605488852,0.9893899204244032,1.0,0.1211293260473588,1.0,0.3397085610200364,0.3041894353369763,0.2082994304312448,0.9699381078691424,0.4955872369314325,0.4531468531468531,0.9696969696969696,0.9416309012875536,0.9707446808510638,0.972972972972973,0.1166818596171376,1.0,0.332725615314494,0.2953509571558796,0.2160844841592201,0.969964664310954,0.5057627118644068,0.4664804469273743,1.0,0.9416809605488852,0.9893899204244032,1.0,0.1211293260473588,1.0,0.3397085610200364,0.3041894353369763,1.113069772720337,0.04,9.571131229400637,4.232558965682983
ra1xs,0.236409608091024,0.971448467966574,0.2985436893203883,0.3919308357348703,1.0,0.944482058226134,0.9723320158102768,1.0,0.1340501792114695,1.0,0.1763440860215053,0.2437275985663082,0.2291139240506329,0.9714285714285714,0.292831105710814,0.3808424697057126,0.9731182795698924,0.9444444444444444,0.9563492063492064,0.9734513274336284,0.1298421807747489,1.0,0.172883787661406,0.236728837876614,0.236409608091024,0.971448467966574,0.2961165048543689,0.3919308357348703,1.0,0.944482058226134,0.9644268774703556,1.0,0.1340501792114695,1.0,0.1749103942652329,0.2437275985663082,1.3047735691070557,0.04,7.310425519943237,4.585687875747681
rahev,0.2998585572842998,0.976045473000406,0.321157822191592,0.3712737127371273,1.0,0.9532117367168914,0.9357429718875502,1.0,0.1763727121464226,1.0,0.1938435940099833,0.2279534109816971,0.2889518413597733,0.9760260056887444,0.1670117322291235,0.3636363636363636,0.966824644549763,0.9531746031746032,0.4879032258064516,0.9816849816849816,0.1698584512905911,1.0,0.1007493755203996,0.2231473771856786,0.2998585572842998,0.976045473000406,0.2150241212956581,0.3712737127371273,1.0,0.9532117367168914,0.6265060240963856,1.0,0.1763727121464226,1.0,0.129783693843594,0.2279534109816971,1.3669860363006592,0.03,6.805770635604858,4.195232391357422
rawir,0.527643064985451,0.9825242718446602,0.5474487362899381,0.4789579158316633,1.0,0.965648854961832,0.9913644214162348,1.0,0.3583662714097497,1.0,0.378129117259552,0.3148880105401844,0.5155339805825243,0.9825129533678756,0.5374701670644392,0.4714142427281845,0.9779005524861878,0.9656269891788668,0.9740484429065744,0.9853249475890984,0.3500329597890573,1.0,0.3711272247857614,0.3098220171390903,0.527643064985451,0.9825242718446602,0.5436337625178826,0.4789579158316633,1.0,0.965648854961832,0.9844559585492229,1.0,0.3583662714097497,1.0,0.375494071146245,0.3148880105401844,2.844490528106689,0.04,14.988922357559204,3.5037338733673096
rbdfy,0.7328504473796336,0.964957819597664,0.3390964863357502,0.4646360351058337,1.0,0.9322884012539184,0.9934640522875816,1.0,0.5783456624075319,1.0,0.2044384667114996,0.3026227303295225,0.731769722814499,0.964935064935065,0.32607481853713,0.4568475452196383,0.9988358556461,0.9322459222082812,0.9573770491803278,0.9844097995545658,0.5773889636608345,1.0,0.19650067294751,0.297442799461642,0.7328504473796336,0.964957819597664,0.3134411600669269,0.4646360351058337,1.0,0.9322884012539184,0.9183006535947712,1.0,0.5783456624075319,1.0,0.1889710827168796,0.3026227303295225,4.556960105895996,0.05,8.434673547744751,18.01930975914001
rbrdt,0.3439490445859873,0.974188176519567,0.43239625167336,0.4146341463414634,1.0,0.9496753246753248,0.9969135802469136,1.0,0.2076923076923077,1.0,0.2760683760683761,0.2615384615384615,0.3330970942593905,0.9741666666666668,0.4249329758713137,0.4070556309362279,0.9710743801652892,0.949634443541836,0.9814241486068112,0.9836065573770492,0.2010265183917878,1.0,0.2711719418306245,0.2566295979469632,0.3439490445859873,0.974188176519567,0.428380187416332,0.4146341463414634,1.0,0.9496753246753248,0.9876543209876544,1.0,0.2076923076923077,1.0,0.2735042735042735,0.2615384615384615,1.4200665950775146,0.03,8.182042598724365,4.50203537940979
rc9j3,0.8099750623441396,0.9738775510204082,0.2487346348517715,0.5334972341733252,1.0,0.949085123309467,0.9052631578947368,1.0,0.680637049455155,1.0,0.1441743503772003,0.363788767812238,0.8087868197703446,0.9738562091503268,0.1375814627081824,0.5218461538461538,0.998766954377312,0.9490445859872612,0.5026455026455027,0.979214780600462,0.6795302013422819,1.0,0.0796979865771812,0.3557046979865771,0.8099750623441396,0.9738775510204082,0.1749819233550253,0.5334972341733252,1.0,0.949085123309467,0.6368421052631579,1.0,0.680637049455155,1.0,0.1014249790444258,0.363788767812238,4.316890239715576,0.04,5.809579372406006,7.388538837432861
rcyly,0.2114754098360655,0.9659141212926072,0.3434190620272315,0.5385130609511051,1.0,0.9340753424657534,0.9826839826839828,1.0,0.1182401466544454,1.0,0.2080659945004583,0.3684692942254812,0.2101806239737274,0.9658839167035888,0.3136363636363636,0.5271629778672032,1.0,0.934018851756641,0.9,0.9800498753117208,0.1174311926605504,1.0,0.1899082568807339,0.3605504587155963,0.2114754098360655,0.9659141212926072,0.329803328290469,0.5385130609511051,1.0,0.9340753424657534,0.9437229437229436,1.0,0.1182401466544454,1.0,0.1998166819431714,0.3684692942254812,0.9708411693572998,0.04,6.479192972183228,5.4633119106292725
rd1i5,0.1282746160794941,0.9725416568880544,0.2310315430520033,0.2668339606859055,1.0,0.9465509365006852,0.9890510948905108,1.0,0.0685328185328185,1.0,0.1307915057915057,0.1539575289575289,0.1220614828209764,0.9725287626203336,0.2141638225255973,0.2561741314357472,0.9574468085106383,0.946526508226691,0.9194139194139194,0.9622641509433962,0.0651859005311443,1.0,0.1211974891356832,0.1477547078705939,0.1282746160794941,0.9725416568880544,0.2216538789428814,0.2668339606859055,1.0,0.9465509365006852,0.948905109489051,1.0,0.0685328185328185,1.0,0.1254826254826254,0.1539575289575289,1.2049293518066406,0.09,9.48035717010498,6.698681116104126
rdept,0.2341729067392784,0.9715355805243446,0.2388059701492537,0.3746867167919799,1.0,0.9446467589220684,0.9943502824858758,1.0,0.1326137239784117,1.0,0.1356977640709329,0.2305319969159599,0.2263122017723245,0.9715142428785608,0.2269021739130434,0.3651191969887076,0.9707602339181286,0.9446064139941692,0.9488636363636364,0.976510067114094,0.1280864197530864,1.0,0.128858024691358,0.224537037037037,0.2341729067392784,0.9715355805243446,0.2347354138398914,0.3746867167919799,1.0,0.9446467589220684,0.9774011299435028,1.0,0.1326137239784117,1.0,0.133384734001542,0.2305319969159599,1.320112228393555,0.04,5.445285797119141,5.628553867340088
rdu7r,0.1878862793572311,0.961311475409836,0.3145809414466131,0.4544016868740116,1.0,0.9255050505050504,0.9927536231884058,1.0,0.1036834924965893,1.0,0.1869031377899045,0.2939972714870396,0.1806930693069307,0.9612860892388452,0.3068965517241379,0.4369393139841689,0.9668874172185432,0.9254579911560328,0.9709090909090908,0.9627906976744186,0.0996587030716723,1.0,0.1822525597269624,0.2825938566552901,0.1878862793572311,0.961311475409836,0.3111366245694604,0.4544016868740116,1.0,0.9255050505050504,0.9818840579710144,1.0,0.1036834924965893,1.0,0.184856753069577,0.2939972714870396,1.2846598625183103,0.06,8.07199501991272,6.705473184585571
re2uc,0.8357933579335793,0.9666794331673688,0.2714870395634379,0.3737113402061855,1.0,0.9355077835433656,0.9754901960784312,1.0,0.7179080824088748,1.0,0.1576862123613312,0.2297939778129952,0.8328716528162512,0.9666538903794556,0.2527322404371585,0.3587096774193548,0.9966850828729282,0.935459940652819,0.9113300492610836,0.9619377162629758,0.7153053132434576,1.0,0.1467089611419508,0.2204599524187153,0.8357933579335793,0.9666794331673688,0.2592087312414734,0.3737113402061855,1.0,0.9355077835433656,0.931372549019608,1.0,0.7179080824088748,1.0,0.1505546751188589,0.2297939778129952,4.457353591918945,0.05,5.721365213394165,4.782371282577515
rel4z,0.3462246777163904,0.9775036284470248,0.5036051026067664,0.4543889845094664,1.0,0.9559971611071684,0.9956140350877192,1.0,0.2093541202672605,1.0,0.3370452858203415,0.2939866369710467,0.3368162261831592,0.9774872912127812,0.4897279289283731,0.4399770246984492,0.9750889679715302,0.9559659090909092,0.9692307692307692,0.9696202531645568,0.2035661218424962,1.0,0.3276374442793462,0.2845468053491827,0.3462246777163904,0.9775036284470248,0.5013865779256795,0.4543889845094664,1.0,0.9559971611071684,0.9912280701754386,1.0,0.2093541202672605,1.0,0.3355605048255382,0.2939866369710467,1.7167270183563232,0.05,11.90863585472107,3.2415828704833984
rem8b,0.1263482280431433,0.9728,0.2293178519593614,0.3732441471571906,1.0,0.9470404984423676,0.9753086419753086,1.0,0.0674342105263157,1.0,0.1299342105263158,0.2294407894736842,0.1219135802469135,0.9727782225780623,0.2180232558139535,0.363027461486939,0.9753086419753086,0.9469992205767732,0.9316770186335404,0.974820143884892,0.0650205761316872,1.0,0.1234567901234567,0.2230452674897119,0.1263482280431433,0.9728,0.2220609579100145,0.3732441471571906,1.0,0.9470404984423676,0.9444444444444444,1.0,0.0674342105263157,1.0,0.1258223684210526,0.2294407894736842,0.9005095958709717,0.04,4.670656681060791,8.587298393249512
renca,0.2472848788638262,0.975813953488372,0.2420701168614357,0.3996948893974066,1.0,0.9527702089009992,0.9731543624161074,1.0,0.1410867492850333,1.0,0.1382268827454718,0.2497616777883698,0.2359832635983263,0.9757914338919926,0.2207357859531772,0.3880825057295646,0.9591836734693876,0.9527272727272728,0.8918918918918919,0.9731800766283524,0.1345419847328244,1.0,0.1259541984732824,0.2423664122137404,0.2472848788638262,0.975813953488372,0.2237061769616027,0.3996948893974066,1.0,0.9527702089009992,0.8993288590604027,1.0,0.1410867492850333,1.0,0.1277407054337464,0.2497616777883698,1.0340113639831543,0.03,4.320626974105835,2.8955366611480717
rep9r,0.39032006245121,0.9726415094339622,0.2990961380443714,0.5025417574437183,1.0,0.9467401285583104,0.978494623655914,1.0,0.2424830261881668,1.0,0.1765276430649854,0.3355965082444229,0.3768569194683346,0.9726156751652502,0.279835390946502,0.4858181818181817,0.9678714859437751,0.9466911764705882,0.918918918918919,0.9681159420289857,0.2339805825242718,1.0,0.1650485436893204,0.3242718446601941,0.39032006245121,0.9726415094339622,0.2892358258011503,0.5025417574437183,1.0,0.9467401285583104,0.946236559139785,1.0,0.2424830261881668,1.0,0.1707080504364694,0.3355965082444229,1.5090548992156982,0.03,5.1347739696502686,3.711384057998657
repid,0.2510578279266572,0.9649805447470816,0.3232323232323232,0.3140720598232495,1.0,0.9323308270676692,0.979591836734694,1.0,0.1435483870967742,1.0,0.1935483870967742,0.1862903225806451,0.2401129943502825,0.9649532710280372,0.3115306810519218,0.3022464261402314,0.96045197740113,0.9322799097065464,0.9467213114754098,0.9652173913043478,0.1372074253430185,1.0,0.1864406779661017,0.1791767554479419,0.2510578279266572,0.9649805447470816,0.298989898989899,0.3140720598232495,1.0,0.9323308270676692,0.9061224489795918,1.0,0.1435483870967742,1.0,0.1790322580645161,0.1862903225806451,1.3073089122772217,0.04,7.335964679718018,2.763638734817505
reup6,0.4281481481481481,0.963669391462307,0.2866293034427541,0.4316334072431633,1.0,0.92988606485539,0.952127659574468,1.0,0.2723845428840716,1.0,0.1687087653157398,0.2752120640904806,0.4228486646884273,0.9636363636363636,0.2694466720128308,0.4204293116210214,0.9895833333333334,0.9298245614035088,0.8983957219251337,0.9759450171821306,0.2688679245283019,1.0,0.1584905660377358,0.2679245283018868,0.4281481481481481,0.963669391462307,0.2722177742193755,0.4316334072431633,1.0,0.92988606485539,0.9042553191489362,1.0,0.2723845428840716,1.0,0.1602262016965127,0.2752120640904806,1.9102184772491453,0.02,5.4745259284973145,4.023344993591309
rexzd,0.3978422117329737,0.9713818479149632,0.3878787878787879,0.4264900662251655,1.0,0.9443561208267092,0.9696969696969696,1.0,0.2483164983164983,1.0,0.2424242424242424,0.271043771043771,0.3889264010803511,0.9713584288052372,0.3695212407282535,0.416445623342175,0.979591836734694,0.9443118536197296,0.9256756756756755,0.9781931464174456,0.2426284751474305,1.0,0.2308340353833192,0.2645324347093513,0.3978422117329737,0.9713818479149632,0.3555555555555555,0.4264900662251655,1.0,0.9443561208267092,0.8888888888888888,1.0,0.2483164983164983,1.0,0.2222222222222222,0.271043771043771,1.8940050601959229,0.03,7.759667158126831,6.029099225997925
rf507,0.1170512099043331,0.9617706237424548,0.240460010454783,0.3959731543624161,1.0,0.9263565891472868,0.9583333333333334,1.0,0.0621637776449491,1.0,0.1374775851763299,0.2468619246861924,0.1138028169014084,0.9617486338797814,0.2197802197802197,0.3848368522072936,0.9805825242718448,0.9263157894736842,0.8786610878661087,0.9733009708737864,0.0604066985645933,1.0,0.1255980861244019,0.2398325358851674,0.1170512099043331,0.9617706237424548,0.2279142707788813,0.3959731543624161,1.0,0.9263565891472868,0.9083333333333332,1.0,0.0621637776449491,1.0,0.1303048416019127,0.2468619246861924,0.8043303489685059,0.05,7.334807395935059,5.827251195907593
rg2nx,0.2397743300423131,0.9704510108864696,0.1573529411764706,0.3707571801566579,1.0,0.9425981873111784,0.9553571428571428,1.0,0.1362179487179487,1.0,0.0857371794871794,0.2275641025641025,0.231638418079096,0.9704280155642024,0.1399116347569955,0.3620915032679739,0.970414201183432,0.9425547996976568,0.8558558558558559,0.978798586572438,0.1315156375300721,1.0,0.0761828388131515,0.2221331194867682,0.2397743300423131,0.9704510108864696,0.1441176470588235,0.3707571801566579,1.0,0.9425981873111784,0.875,1.0,0.1362179487179487,1.0,0.078525641025641,0.2275641025641025,1.0676000118255615,0.05,3.618448495864868,4.120296239852905
rgjda,0.3294972743791641,0.9742140586365242,0.2556675062972292,0.4720221606648199,1.0,0.949724517906336,0.971291866028708,1.0,0.1972443799854967,1.0,0.1472081218274111,0.30891950688905,0.3189812007277137,0.9741958289148108,0.2459016393442623,0.4669994453688297,0.970479704797048,0.9496898690558236,0.9375,0.9905882352941175,0.1908563134978229,1.0,0.1415094339622641,0.3055152394775036,0.3294972743791641,0.9742140586365242,0.2493702770780856,0.4720221606648199,1.0,0.949724517906336,0.9473684210526316,1.0,0.1972443799854967,1.0,0.1435823060188542,0.30891950688905,1.7060439586639404,0.05,6.51153302192688,4.345631122589111
rizup,0.0991452991452991,0.9597238204833142,0.4045801526717556,0.4068767908309456,1.0,0.922566371681416,0.9906542056074766,1.0,0.0521582733812949,1.0,0.2541966426858513,0.2553956834532374,0.0946948088990302,0.9597006332757628,0.3915950334288443,0.3938814531548757,0.9651162790697676,0.9225235196458218,0.9601873536299764,0.9694117647058824,0.0497900419916016,1.0,0.2459508098380323,0.2471505698860228,0.0991452991452991,0.9597238204833142,0.4026717557251908,0.4068767908309456,1.0,0.922566371681416,0.985981308411215,1.0,0.0521582733812949,1.0,0.2529976019184652,0.2553956834532374,0.7271778583526611,0.07,12.38359260559082,9.110418558120728
rj3ml,0.151624548736462,0.9588014981273408,0.3676703645007924,0.6115254237288136,1.0,0.920863309352518,0.9747899159663864,1.0,0.08203125,1.0,0.2265625,0.4404296875,0.1500904159132007,0.9587628865979382,0.3428571428571428,0.594704684317719,1.0,0.9207920792079208,0.9113924050632912,0.9733333333333334,0.0811339198435972,1.0,0.2111436950146627,0.4281524926686217,0.151624548736462,0.9588014981273408,0.3518225039619651,0.6115254237288136,1.0,0.920863309352518,0.9327731092436976,1.0,0.08203125,1.0,0.216796875,0.4404296875,0.8584692478179932,0.04,6.549290180206299,8.723824262619019
rjq5z,0.4059124502558272,0.9692360871068096,0.1500987491770901,0.4965147453083109,1.0,0.9403085177733064,0.9743589743589745,1.0,0.2546362339514978,1.0,0.0813124108416547,0.3302425106990014,0.4006829823562891,0.969214804565894,0.1397495056031641,0.4841653247450349,0.9887640449438202,0.9402684563758388,0.913793103448276,0.9761904761904762,0.251249107780157,1.0,0.0756602426837972,0.3219129193433262,0.4059124502558272,0.9692360871068096,0.140882159315339,0.4965147453083109,1.0,0.9403085177733064,0.9145299145299144,1.0,0.2546362339514978,1.0,0.0763195435092724,0.3302425106990014,2.1494929790496826,0.05,4.047446489334106,6.383008718490601
rjyk7,0.3939051918735892,0.9743238616912016,0.2692540933899333,0.4829424307036247,1.0,0.9499332443257676,0.9823008849557522,1.0,0.2452565003513703,1.0,0.1560084328882642,0.3183415319747013,0.3841807909604519,0.974306269270298,0.2610807528840316,0.4813233724653147,0.9770114942528736,0.9498997995991983,0.9555555555555556,0.9977876106194692,0.2390998593530239,1.0,0.1511954992967651,0.3171589310829817,0.3939051918735892,0.9743238616912016,0.2631898120072771,0.4829424307036247,1.0,0.9499332443257676,0.9601769911504424,1.0,0.2452565003513703,1.0,0.1524947294448348,0.3183415319747013,2.054965019226074,0.04,6.384861946105957,4.921836853027344
rk9kf,0.4108187134502924,0.9753252579632122,0.3399390243902438,0.5554817275747509,1.0,0.9518388791593696,0.9911111111111112,1.0,0.2585096596136154,1.0,0.2051517939282428,0.3845446182152714,0.4026354319180087,0.975303098338572,0.3297709923664122,0.5469061876247505,0.9821428571428572,0.9517966695880806,0.9642857142857144,0.9856115107913668,0.2532228360957643,1.0,0.1988950276243093,0.3784530386740331,0.4108187134502924,0.9753252579632122,0.3353658536585366,0.5554817275747509,1.0,0.9518388791593696,0.9777777777777776,1.0,0.2585096596136154,1.0,0.202391904323827,0.3845446182152714,1.8388440608978271,0.03,5.961766719818115,8.269179821014404
rl12l,0.5841463414634147,0.9707357859531772,0.2462462462462462,0.3852573018080667,1.0,0.9431356620633632,0.95906432748538,1.0,0.4125753660637382,1.0,0.1412575366063738,0.2385874246339362,0.5787545787545787,0.9707112970711296,0.2330827067669172,0.373259052924791,0.99163179916318,0.943089430894309,0.9117647058823528,0.9710144927536232,0.4086206896551724,1.0,0.1336206896551724,0.2310344827586206,0.5841463414634147,0.9707357859531772,0.2342342342342342,0.3852573018080667,1.0,0.9431356620633632,0.912280701754386,1.0,0.4125753660637382,1.0,0.1343669250645995,0.2385874246339362,2.505687475204468,0.05,4.840004920959473,2.248445987701416
rla35,0.2311396468699839,0.9686492821564606,0.2883625128733265,0.449343339587242,1.0,0.9392045454545456,0.9688581314878892,1.0,0.1306715063520871,1.0,0.1693889897156685,0.2897761645493042,0.2271023031601499,0.9686309000293168,0.2721649484536083,0.4450704225352112,0.986046511627907,0.939169982944855,0.9166666666666666,0.99163179916318,0.1283292978208232,1.0,0.1598062953995157,0.2869249394673123,0.2311396468699839,0.9686492821564606,0.2739443872296601,0.449343339587242,1.0,0.9392045454545456,0.9204152249134948,1.0,0.1306715063520871,1.0,0.160919540229885,0.2897761645493042,1.465202569961548,0.11,8.169028997421265,7.851579904556274
rlkg9,0.2982848620432513,0.9669491525423728,0.2249240121580547,0.3985964912280701,1.0,0.9360131255127152,0.8457142857142858,1.0,0.175284837861525,1.0,0.1297107800175284,0.2489044697633654,0.2882748319641523,0.9669211195928752,0.1232876712328766,0.3851018973998594,0.9698492462311558,0.9359605911330048,0.4655172413793103,0.9681978798586572,0.1692982456140351,1.0,0.0710526315789473,0.2403508771929824,0.2982848620432513,0.9669491525423728,0.1732522796352583,0.3985964912280701,1.0,0.9360131255127152,0.6514285714285715,1.0,0.175284837861525,1.0,0.0999123575810692,0.2489044697633654,1.3652207851409912,0.07,5.0018744468688965,4.427757263183594
