conversation_id,gemini_rouge1_f1,tfidf_rouge1_f1,ollama_rouge1_f1,gpt_rouge1_f1,gemini_rouge1_precision,tfidf_rouge1_precision,ollama_rouge1_precision,gpt_rouge1_precision,gemini_rouge1_recall,tfidf_rouge1_recall,ollama_rouge1_recall,gpt_rouge1_recall,gemini_rouge2_f1,tfidf_rouge2_f1,ollama_rouge2_f1,gpt_rouge2_f1,gemini_rouge2_precision,tfidf_rouge2_precision,ollama_rouge2_precision,gpt_rouge2_precision,gemini_rouge2_recall,tfidf_rouge2_recall,ollama_rouge2_recall,gpt_rouge2_recall,gemini_rougeL_f1,tfidf_rougeL_f1,ollama_rougeL_f1,gpt_rougeL_f1,gemini_rougeL_precision,tfidf_rougeL_precision,ollama_rougeL_precision,gpt_rougeL_precision,gemini_rougeL_recall,tfidf_rougeL_recall,ollama_rougeL_recall,gpt_rougeL_recall,gemini_summary_time_seconds,tfidf_summary_time_seconds,ollama_summary_time_seconds,gpt_summary_time_seconds
1yi9t0,0.346646571213263,0.9961407491486948,N/A,0.2377510040160642,1.0,0.9923111714156492,N/A,1.0,0.2096627164995442,1.0,N/A,0.1349134001823154,0.3340874811463047,0.996138996138996,N/A,0.22508038585209,0.9651416122004356,0.9923076923076924,N/A,0.9491525423728814,0.2020063839489284,1.0,N/A,0.1276789785681714,0.346646571213263,0.9961407491486948,N/A,0.2377510040160642,1.0,0.9923111714156492,N/A,1.0,0.2096627164995442,1.0,N/A,0.1349134001823154,4.753391742706299,0.02,N/A,13.113263845443726
1zz0hh,0.3497555471981948,0.9851818590031431,N/A,0.1701417848206839,1.0,0.9707964601769912,N/A,1.0,0.2119416590701914,1.0,N/A,0.0929808568824065,0.3394806172374859,0.9851752021563344,N/A,0.1619365609348915,0.9719827586206896,0.9707835325365206,N/A,0.955665024630542,0.2056543547651619,1.0,N/A,0.0884632922936616,0.3497555471981948,0.9851818590031431,N/A,0.1701417848206839,1.0,0.9707964601769912,N/A,1.0,0.2119416590701914,1.0,N/A,0.0929808568824065,4.510917901992798,0.02,N/A,7.607733488082886
5rg40h,0.3322923173016864,0.9649439826526924,0.2462540716612377,0.4201183431952662,1.0,0.9322625698324022,0.945,1.0,0.199250936329588,1.0,0.1415730337078651,0.2659176029962546,0.326454033771107,0.9649186256781194,0.2270058708414873,0.4146919431279621,0.9849056603773584,0.9322152341020266,0.8743718592964824,0.9887005649717514,0.1956521739130435,1.0,0.1304347826086956,0.2623688155922039,0.3322923173016864,0.9649439826526924,0.2371335504885993,0.4201183431952662,1.0,0.9322625698324022,0.91,1.0,0.199250936329588,1.0,0.1363295880149812,0.2659176029962546,2.104632616043091,0.03,44.34549927711487,6.974483013153076
69mi5,0.3578115248595797,0.9630352568012688,N/A,0.1473832433701009,1.0,0.9287058823529412,N/A,1.0,0.2178870027869267,1.0,N/A,0.0795540917152267,0.3513007284079084,0.963026235509457,N/A,0.1446348908194412,0.9825378346915018,0.928689103318428,N/A,0.9840255591054312,0.213887480993411,1.0,N/A,0.0780537252914343,0.3578115248595797,0.9630352568012688,N/A,0.1473832433701009,1.0,0.9287058823529412,N/A,1.0,0.2178870027869267,1.0,N/A,0.0795540917152267,4.575069904327393,0.22,N/A,7.980861663818359
69n44,0.7294552169898431,0.9512616660905634,0.1827744904667981,0.4736550194120909,1.0,0.9070533948582729,0.9586206896551724,1.0,0.5741279069767442,1.0,0.1010174418604651,0.3103197674418604,0.7273567467652495,0.9512279488066412,0.1685319289005925,0.4608550805108273,0.9974651457541192,0.9069920844327176,0.8888888888888888,0.9741784037558684,0.5723636363636364,1.0,0.093090909090909,0.3018181818181818,0.7294552169898431,0.9512616660905634,0.1512163050624589,0.4736550194120909,1.0,0.9070533948582729,0.7931034482758621,1.0,0.5741279069767442,1.0,0.0835755813953488,0.3103197674418604,4.554989814758301,0.06,33.03099083900452,9.302725791931152
6a53w,0.4337050805452292,0.9671002295332822,0.312,0.4040404040404041,1.0,0.9362962962962964,0.9915254237288136,1.0,0.2768987341772151,1.0,0.185126582278481,0.2531645569620253,0.4205955334987594,0.9670750382848392,0.2977303070761015,0.3969658659924146,0.97134670487106,0.9362490733876946,0.948936170212766,0.9843260188087776,0.2684085510688836,1.0,0.1765637371338083,0.2486144101346001,0.4337050805452292,0.9671002295332822,0.308,0.4040404040404041,1.0,0.9362962962962964,0.9788135593220338,1.0,0.2768987341772151,1.0,0.182753164556962,0.2531645569620253,2.2348334789276123,0.06,42.10444498062134,6.425971746444702
6a58n,0.1271537970644543,0.9602453987730062,N/A,0.0423580421912782,1.0,0.9235308000944064,N/A,1.0,0.0678933469631144,1.0,N/A,0.0216372774512309,0.1268549545236955,0.9602421465968588,N/A,0.0408639813193228,0.9987437185929648,0.9235247836349332,N/A,0.9683794466403162,0.0677287442494462,1.0,N/A,0.0208723803032884,0.1271537970644543,0.9602453987730062,N/A,0.0410239306261986,1.0,0.9235308000944064,N/A,0.968503937007874,0.0678933469631144,1.0,N/A,0.0209557883976488,4.622674226760864,0.92,N/A,6.669228792190552
6a659,0.2284382284382284,0.967741935483871,0.2237762237762238,0.3749109052031361,1.0,0.9375,0.979591836734694,1.0,0.1289473684210526,1.0,0.1263157894736842,0.2307017543859649,0.2194552529182879,0.967714528462192,0.2116731517509727,0.3640256959314775,0.9657534246575342,0.937448559670782,0.9315068493150684,0.9732824427480916,0.1237928007023705,1.0,0.1194029850746268,0.2238805970149253,0.2284382284382284,0.967741935483871,0.216006216006216,0.3749109052031361,1.0,0.9375,0.9455782312925172,1.0,0.1289473684210526,1.0,0.1219298245614035,0.2307017543859649,1.2468483448028564,0.05,21.45588731765747,7.098645210266113
6ahuz,0.2510865931126713,0.9577954774329396,0.06039273805113,0.1176682259805685,1.0,0.9190091356289528,0.9760479041916168,1.0,0.1435671955649015,1.0,0.0311603899827948,0.062511948002294,0.2321070234113712,0.957787748374691,0.0552260934025203,0.1162706983441324,0.9253333333333332,0.9189949042347566,0.8975903614457831,0.99079754601227,0.1326959847036329,1.0,0.0284894837476099,0.0617590822179732,0.2510865931126713,0.9577954774329396,0.0600222304557243,0.1176682259805685,1.0,0.9190091356289528,0.9700598802395208,1.0,0.1435671955649015,1.0,0.0309692219460906,0.062511948002294,4.753396511077881,0.28,40.25414633750916,7.215868949890137
6akt6,0.5029781601588352,0.9570552147239264,0.1642394822006472,0.2068965517241379,1.0,0.9176470588235294,0.9666666666666668,1.0,0.3359858532272325,1.0,0.0897435897435897,0.1153846153846153,0.5026490066225165,0.9570370370370372,0.1530364372469635,0.2015073383577945,1.0,0.9176136363636364,0.9043062200956936,0.9769230769230768,0.3356921716054843,1.0,0.0835913312693498,0.1123396727111897,0.5029781601588352,0.9570552147239264,0.1440129449838187,0.2068965517241379,1.0,0.9176470588235294,0.8476190476190476,1.0,0.3359858532272325,1.0,0.0786914235190097,0.1153846153846153,4.81003737449646,0.09,48.41806173324585,2.586505174636841
6alfc,0.2057277982133473,0.9656391402714932,0.0353600689952565,0.1220954214216966,1.0,0.9335611756664388,0.9609375,1.0,0.1146580758529799,1.0,0.018011421877288,0.0650168399472836,0.2036793692509855,0.9656342808655072,0.0333572969086987,0.1188282217026543,0.9910485933503836,0.933552091878589,0.9133858267716536,0.9751693002257336,0.1135032220269478,1.0,0.0169888693614528,0.0632688927943761,0.2057277982133473,0.9656391402714932,0.0301854247520482,0.1218204317338099,1.0,0.9335611756664388,0.8203125,0.9977477477477478,0.1146580758529799,1.0,0.0153756040415873,0.064870405623078,4.6358959674835205,0.45,33.428041219711304,6.4720680713653564
6b9la,0.1815427639244931,0.9626110562685092,0.0538049570307634,0.0387177875549968,0.997439180537772,0.9279172118472702,0.9473684210526316,1.0,0.099858992436867,1.0,0.0276887578515574,0.0197410588386104,0.1701631701631702,0.9626064420584968,0.0416095677089821,0.0377216144850999,0.935897435897436,0.92790863668808,0.73568281938326,0.9803921568627452,0.0935897435897435,1.0,0.0214102564102564,0.0192307692307692,0.1710556979725006,0.9626110562685092,0.0450865612155934,0.0354494028912633,0.939820742637644,0.9279172118472702,0.793859649122807,0.9155844155844156,0.0940905012177926,1.0,0.0232021535700551,0.0180746058197666,4.735431909561157,0.49,47.0423800945282,4.301206588745117
6blv6,0.0611828132658062,0.9647785704123732,0.0187781672508763,0.0370508208245461,1.0,0.9319538244070992,0.982532751091703,1.0,0.0315567726985464,1.0,0.0094796713713924,0.0188750789972614,0.060779348092476,0.9647771386760432,0.0170269593523078,0.0361440800628592,0.9946524064171124,0.9319511524718262,0.8947368421052632,0.977628635346756,0.0313474340608409,1.0,0.0085952641779725,0.0184124041459509,0.0611828132658062,0.9647785704123732,0.015690201969621,0.0370508208245461,1.0,0.9319538244070992,0.8209606986899564,1.0,0.0315567726985464,1.0,0.0079207920792079,0.0188750789972614,4.9582109451293945,2.93,41.814311504364014,9.154433488845823
6bquw,0.3496208930075821,0.9628901449987712,0.2387125614662494,0.246979865771812,1.0,0.928436018957346,0.960431654676259,1.0,0.2118427769270035,1.0,0.1362940275650842,0.1408882082695252,0.3440134907251265,0.9628718957462504,0.2228187919463087,0.238244514106583,0.9855072463768116,0.9284020862968232,0.8989169675090253,0.9672727272727272,0.2083758937691522,1.0,0.127170582226762,0.13585291113381,0.3496208930075821,0.9628901449987712,0.2253017434063478,0.246979865771812,1.0,0.928436018957346,0.9064748201438848,1.0,0.2118427769270035,1.0,0.1286370597243491,0.1408882082695252,2.561197280883789,0.06,37.63049006462097,3.31333589553833
6bwnx,0.1996813595326606,0.9644381223328592,0.1415351115949918,0.2642089093701997,1.0,0.9313186813186812,0.9154929577464788,1.0,0.1109144542772861,1.0,0.0766961651917404,0.1522123893805309,0.1860712387028176,0.9644178764588672,0.1231607629427792,0.2593541773449513,0.9358288770053476,0.9312809235843872,0.8014184397163121,0.9844357976653696,0.1033057851239669,1.0,0.0667060212514758,0.1493506493506493,0.1996813595326606,0.9644381223328592,0.1328252585737615,0.2642089093701997,1.0,0.9313186813186812,0.8591549295774648,1.0,0.1109144542772861,1.0,0.071976401179941,0.1522123893805309,1.469815731048584,0.08,21.438016176223755,4.038733720779419
6bza8,0.4410728799783256,0.960120140163524,N/A,0.1534017971758665,1.0,0.9232991014120668,N/A,1.0,0.2829336114007647,1.0,N/A,0.0830726451164407,0.4326375711574952,0.9601068269070272,N/A,0.1483622350674373,0.981549815498155,0.923274478330658,N/A,0.9705882352941176,0.2774687065368567,1.0,N/A,0.0803198887343532,0.4405310214034137,0.960120140163524,N/A,0.1534017971758665,0.9987714987714988,0.9232991014120668,N/A,1.0,0.2825860271115745,1.0,N/A,0.0830726451164407,4.623097896575928,0.18,N/A,13.063666343688965
6c2jj,0.2740841248303935,0.9680365296803652,0.2872411489645958,0.3328964613368283,1.0,0.9380530973451328,0.9555555555555556,1.0,0.1588050314465408,1.0,0.1690251572327044,0.1996855345911949,0.2690217391304348,0.968012185833968,0.2755852842809365,0.3254593175853018,0.9850746268656716,0.9380073800738008,0.9196428571428572,0.9802371541501976,0.1557828481510621,1.0,0.1620771046420141,0.1951219512195122,0.2740841248303935,0.9680365296803652,0.2765531062124248,0.3328964613368283,1.0,0.9380530973451328,0.92,1.0,0.1588050314465408,1.0,0.1627358490566037,0.1996855345911949,1.2945852279663086,0.02,34.47023057937622,3.491652250289917
6c8kq,0.825301204819277,0.971357409713574,0.152876280535855,0.3795013850415512,1.0,0.9443099273607748,0.9797979797979798,1.0,0.7025641025641025,1.0,0.0829059829059829,0.2341880341880342,0.8231155778894472,0.971333610303282,0.1373322809786898,0.3703190013869625,0.997563946406821,0.944264943457189,0.8877551020408163,0.978021978021978,0.7005988023952096,1.0,0.0744225834046193,0.2284003421727972,0.825301204819277,0.971357409713574,0.1182033096926713,0.3795013850415512,1.0,0.9443099273607748,0.7575757575757576,1.0,0.7025641025641025,1.0,0.0641025641025641,0.2341880341880342,4.247833967208862,0.04,15.202465295791626,4.996039867401123
6ca68,0.4409448818897638,0.9544547872340424,N/A,0.2673506336753168,1.0,0.9128775834658188,N/A,1.0,0.2828282828282828,1.0,N/A,0.1543016370602577,0.4352078239608801,0.9544396408380446,N/A,0.2650966183574879,0.9876695437731196,0.9128498727735368,N/A,0.993212669683258,0.2790940766550522,1.0,N/A,0.1529616724738676,0.4409448818897638,0.9544547872340424,N/A,0.2516596258298129,1.0,0.9128775834658188,N/A,0.9413092550790068,0.2828282828282828,1.0,N/A,0.1452455590386625,5.016449213027954,0.15,N/A,11.406396389007568
6cbee,0.292223439211391,0.9602167754649588,N/A,0.1486582759439563,1.0,0.9234778488509832,N/A,1.0,0.1711133914828117,1.0,N/A,0.0802975885069266,0.2888450580758273,0.9602069730195886,N/A,0.1430268472321216,0.9894894894894894,0.9234597156398104,N/A,0.9647435897435898,0.1691044393122915,1.0,N/A,0.0772389017192712,0.292223439211391,0.9602167754649588,N/A,0.1486582759439563,1.0,0.9234778488509832,N/A,1.0,0.1711133914828117,1.0,N/A,0.0802975885069266,4.279916286468506,0.18,N/A,17.073554039001465
6cboe,0.4863102998696219,0.9604963805584282,0.1315683914961893,0.1542130365659777,1.0,0.9239952248308796,0.95906432748538,1.0,0.3212747631352282,1.0,0.0706287683031869,0.0835486649440137,0.4651011089367253,0.9604800331057316,0.1220393416298675,0.1455847255369928,0.9570469798657718,0.9239649681528662,0.8941176470588236,0.9481865284974094,0.3071951744937526,1.0,0.0654890133563119,0.0788453252908229,0.4863102998696219,0.9604963805584282,0.1267549137585238,0.1542130365659777,1.0,0.9239952248308796,0.9239766081871345,1.0,0.3212747631352282,1.0,0.0680447889750215,0.0835486649440137,4.452346563339233,0.13,40.50098514556885,6.612893104553223
6cc2r,0.1042743071864725,0.9713598074608903,0.201067615658363,0.2700385769395628,1.0,0.9443144595226952,0.982608695652174,1.0,0.0550049554013875,1.0,0.1119920713577799,0.1560951437066402,0.1034320639398213,0.9713460149289668,0.1923419412288513,0.265122265122265,1.0,0.9442883895131086,0.9432314410480348,0.9840764331210192,0.0545364402578086,1.0,0.1070897372335151,0.1531978185423896,0.1042743071864725,0.9713598074608903,0.1966192170818505,0.2700385769395628,1.0,0.9443144595226952,0.9608695652173912,1.0,0.0550049554013875,1.0,0.1095143706640237,0.1560951437066402,1.0689976215362549,0.08,45.37706589698792,8.25952935218811
6cc8n,0.1158813263525305,0.9608401566393734,0.1115760111576011,0.1824915824915825,1.0,0.9246317231928742,0.9467455621301776,1.0,0.0615042608373471,1.0,0.0592812152649129,0.1004075583549462,0.1082780300384212,0.9608262108262108,0.096301465457083,0.1772237196765498,0.9393939393939394,0.9246058944482524,0.8214285714285714,0.974074074074074,0.0574499629355077,1.0,0.0511489992587101,0.0974796145292809,0.1158813263525305,0.9608401566393734,0.0927475592747559,0.1824915824915825,1.0,0.9246317231928742,0.7869822485207101,1.0,0.0615042608373471,1.0,0.0492775101889588,0.1004075583549462,1.3604652881622314,0.14,38.15075325965881,5.230208873748779
6cdu5,0.2875652330394097,0.958308157099698,0.0949531218831039,0.1664739884393064,1.0,0.919953596287703,0.9333333333333332,1.0,0.1679277007145859,1.0,0.0500210172341319,0.0907944514501891,0.2873087308730873,0.958299758259468,0.0806226302135302,0.1615265998457979,1.0,0.9199381164184878,0.7952755905511811,0.9721577726218096,0.1677527853689299,1.0,0.0424637376497792,0.0880807231448391,0.2875652330394097,0.958308157099698,0.0869738679433473,0.1664739884393064,1.0,0.919953596287703,0.8549019607843137,1.0,0.1679277007145859,1.0,0.0458175704077343,0.0907944514501891,4.461036443710327,0.26,48.8109028339386,5.932652473449707
6ch6p,0.5561377245508982,0.9674022066198597,0.1789919924634951,0.2598105548037889,1.0,0.936862554638174,0.979381443298969,1.0,0.3851736651114567,1.0,0.0984966303784344,0.1493001555209953,0.553558052434457,0.9673858504766684,0.1631305987741631,0.2564334085778781,0.995956873315364,0.9368318756073858,0.8963730569948186,0.989547038327526,0.383298755186722,1.0,0.0897302904564315,0.1473029045643153,0.5561377245508982,0.9674022066198597,0.1469618464437117,0.2598105548037889,1.0,0.936862554638174,0.8041237113402062,1.0,0.3851736651114567,1.0,0.0808709175738724,0.1493001555209953,4.5113677978515625,0.07,31.41975879669189,5.760018825531006
6chf7,0.2348723831373673,0.9626212073819204,0.0422960725075528,0.0735524256651017,1.0,0.9279360771898084,0.9925373134328358,1.0,0.1330625507717303,1.0,0.021608448415922,0.0381803411860276,0.2289156626506024,0.9626153605506024,0.0400827103547001,0.0710707576706324,0.9755501222493888,0.927925211097708,0.9473684210526316,0.97008547008547,0.1296717582060448,1.0,0.0204744881377965,0.0368865778355541,0.2348723831373673,0.9626212073819204,0.0327556050246462,0.0704225352112676,1.0,0.9279360771898084,0.7686567164179104,0.9574468085106383,0.1330625507717303,1.0,0.0167343623070674,0.0365556458164094,4.612744569778442,0.35,27.2792866230011,5.632919073104858
6chte,0.4240522875816993,0.9562182741116751,0.0898805782526712,0.2502177068214804,1.0,0.9161094224924012,0.8511904761904762,1.0,0.2690776376907763,1.0,0.0474452554744525,0.1429993364299933,0.4153805911587758,0.9562043795620436,0.0364779874213836,0.246296834156259,0.980246913580247,0.916083916083916,0.3473053892215569,0.986046511627907,0.263524726186525,1.0,0.0192499170262197,0.1407235313640889,0.4240522875816993,0.9562182741116751,0.0515399120050282,0.2502177068214804,1.0,0.9161094224924012,0.4880952380952381,1.0,0.2690776376907763,1.0,0.0272063702720637,0.1429993364299933,4.6143798828125,0.14,32.157591342926025,7.722741603851318
6ck9z,0.3163716814159292,0.9632911392405064,0.0854486051771802,0.1479678753954733,1.0,0.9291819291819292,0.9770114942528736,1.0,0.1879106438896189,1.0,0.0446780551905387,0.0798948751642575,0.3014608233731739,0.9632818435046848,0.0799597686698516,0.1436571706841977,0.953781512605042,0.9291646311675624,0.9190751445086706,0.9735973597359736,0.1790220820189274,1.0,0.0417981072555205,0.0775499474237644,0.3163716814159292,0.9632911392405064,0.0688615229957275,0.1479678753954733,1.0,0.9291819291819292,0.7873563218390804,1.0,0.1879106438896189,1.0,0.0360052562417871,0.0798948751642575,4.460590362548828,0.18,39.254448652267456,7.126841306686401
6cker,0.3848920863309353,0.9598118854211202,0.1739130434782608,0.193158953722334,1.0,0.9227291409782162,0.9907407407407408,1.0,0.2383073496659243,1.0,0.0953229398663697,0.1069042316258351,0.3758099352051836,0.9597946963216424,0.1610410736071574,0.1860652436568667,0.9775280898876404,0.9226973684210528,0.9209302325581395,0.9665271966527196,0.232620320855615,1.0,0.088235294117647,0.1029411764705882,0.3848920863309353,0.9598118854211202,0.1682242990654205,0.193158953722334,1.0,0.9227291409782162,0.9583333333333334,1.0,0.2383073496659243,1.0,0.0922048997772828,0.1069042316258351,3.1284854412078857,0.09,36.07027935981751,4.187741994857788
6cksj,0.173469387755102,0.9554628857381152,N/A,0.0644289254336562,1.0,0.9147237304375598,N/A,1.0,0.0949720670391061,1.0,N/A,0.0332867783985102,0.1709547097597278,0.9554579324917978,N/A,0.0635421360973411,0.9865030674846624,0.9147146507666098,N/A,0.9894736842105264,0.0935863112559655,1.0,N/A,0.0328250494703759,0.173469387755102,0.9554628857381152,N/A,0.0644289254336562,1.0,0.9147237304375598,N/A,1.0,0.0949720670391061,1.0,N/A,0.0332867783985102,4.6971964836120605,0.66,N/A,7.024768590927124
6cmsf,0.3607205623901581,0.9655797101449276,0.116015132408575,0.1665847665847666,1.0,0.9334500875656744,0.9829059829059827,1.0,0.2200482444384883,1.0,0.0616456714017689,0.090860359153042,0.3564835164835164,0.9655707998964534,0.1054756497602826,0.1627335299901671,0.9890243902439024,0.9334334334334334,0.8969957081545065,0.9792899408284024,0.217426273458445,1.0,0.0560321715817694,0.088739946380697,0.3607205623901581,0.9655797101449276,0.1150063051702396,0.1665847665847666,1.0,0.9334500875656744,0.9743589743589745,1.0,0.2200482444384883,1.0,0.0611096220852318,0.090860359153042,4.531645774841309,0.18,59.45308804512024,9.702327966690063
6cmyv,0.167267483777938,0.965072133637054,0.1860795454545454,0.3418134377038487,1.0,0.9325018341892884,0.9562043795620438,1.0,0.091266719118804,1.0,0.1030684500393391,0.2061369000786782,0.1516245487364621,0.9650455927051672,0.1678520625889046,0.3357282821685173,0.9130434782608696,0.9324522760646108,0.8676470588235294,0.9846743295019156,0.0826771653543307,1.0,0.0929133858267716,0.2023622047244094,0.167267483777938,0.965072133637054,0.1690340909090909,0.3418134377038487,1.0,0.9325018341892884,0.8686131386861314,1.0,0.091266719118804,1.0,0.0936270653029111,0.2061369000786782,1.2855243682861328,0.06,29.70364499092102,6.149768829345703
6cnb9,0.6325350949628405,0.9473684210526316,0.2055164954029204,0.3489531405782652,1.0,0.9,0.9844559585492229,1.0,0.4625603864734299,1.0,0.1147342995169082,0.2113526570048309,0.6264462809917355,0.9473382942186606,0.1905793178126691,0.344311377245509,0.9908496732026144,0.8999456226209896,0.9166666666666666,0.988538681948424,0.4580060422960725,1.0,0.1063444108761329,0.2084592145015106,0.6325350949628405,0.9473684210526316,0.1990265008112493,0.3489531405782652,1.0,0.9,0.9533678756476685,1.0,0.4625603864734299,1.0,0.1111111111111111,0.2113526570048309,4.338309288024902,0.08,38.156829833984375,4.403902769088745
6cpgk,0.1984126984126984,0.9614570097416348,0.0475644699140401,0.1211201545040695,1.0,0.9257748776508972,0.976470588235294,1.0,0.1101321585903083,1.0,0.0243759177679882,0.0644640234948605,0.1944958983858163,0.9614515673538548,0.0441387216967612,0.1186697943976818,0.9813084112149532,0.9257647858599592,0.9112426035502958,0.9817351598173516,0.107945366426788,1.0,0.0226171243941841,0.0631517109707739,0.1984126984126984,0.9614570097416348,0.0458452722063037,0.1211201545040695,1.0,0.9257748776508972,0.9411764705882352,1.0,0.1101321585903083,1.0,0.0234948604992657,0.0644640234948605,5.148947954177856,0.47,39.79554843902588,8.574395656585693
6cs4x,0.6296441141963238,0.9581624282198524,0.2233451237998989,0.3393364928909952,1.0,0.9196850393700788,0.973568281938326,1.0,0.4594748858447489,1.0,0.1261415525114155,0.204337899543379,0.6262230919765166,0.9581395348837208,0.2114314618108245,0.3301707779886148,0.9950248756218906,0.9196428571428572,0.9247787610619468,0.9747899159663864,0.4568817818389492,1.0,0.1193603655054254,0.1987435750999429,0.6296441141963238,0.9581624282198524,0.1475492673067205,0.3393364928909952,1.0,0.9196850393700788,0.6431718061674009,1.0,0.4594748858447489,1.0,0.0833333333333333,0.204337899543379,4.482257843017578,0.1,36.87410283088684,7.083212614059448
6cuso,0.1772373753970862,0.963799594555459,0.0524160524160524,0.0827284249337481,1.0,0.9301285634432644,0.986784140969163,1.0,0.0972355769230769,1.0,0.0269230769230769,0.0431490384615384,0.1753040429494905,0.963795400567688,0.0510239906377998,0.0813645269102224,0.99009900990099,0.9301207513416816,0.9646017699115044,0.9860335195530726,0.0961654044957326,1.0,0.0262050727250871,0.042432984733742,0.1772373753970862,0.963799594555459,0.0524160524160524,0.0827284249337481,1.0,0.9301285634432644,0.986784140969163,1.0,0.0972355769230769,1.0,0.0269230769230769,0.0431490384615384,4.421414613723755,0.54,38.24724340438843,7.976563453674316
6cvaa,0.2255591054313099,0.9632327436697884,N/A,0.1597084161696488,1.0,0.929073268651723,N/A,1.0,0.1271155923658624,1.0,N/A,0.086784299603889,0.2161125319693094,0.9632199861207494,N/A,0.1558355437665782,0.9602272727272728,0.92904953145917,N/A,0.9791666666666666,0.1217579250720461,1.0,N/A,0.0846541786743515,0.2255591054313099,0.9632327436697884,N/A,0.1597084161696488,1.0,0.929073268651723,N/A,1.0,0.1271155923658624,1.0,N/A,0.086784299603889,2.214717149734497,0.12,N/A,7.65259051322937
6cwjk,0.3863693309947382,0.9584759636850722,N/A,0.142486299394289,1.0,0.9202629322663618,N/A,1.0,0.2394409937888199,1.0,N/A,0.0767080745341615,0.3619954875908748,0.9584635998213488,N/A,0.1391053391053391,0.9376623376623376,0.9202401372212692,N/A,0.9796747967479674,0.2242932587760173,1.0,N/A,0.0748679714196955,0.3863693309947382,0.9584759636850722,N/A,0.142486299394289,1.0,0.9202629322663618,N/A,1.0,0.2394409937888199,1.0,N/A,0.0767080745341615,4.5767927169799805,0.16,N/A,5.449372053146362
6cxmb,0.179387970453746,0.964052896256286,N/A,0.0722532588454376,1.0,0.9306005034160374,N/A,1.0,0.0985316846986089,1.0,N/A,0.0374806800618238,0.1782573003400961,0.9640484321639242,N/A,0.0695393021234322,0.9947643979057592,0.9305921841285064,N/A,0.9655172413793104,0.0979002962772124,1.0,N/A,0.036068530207394,0.179387970453746,0.964052896256286,N/A,0.0685288640595903,1.0,0.9306005034160374,N/A,0.9484536082474226,0.0985316846986089,1.0,N/A,0.035548686244204,4.798929452896118,0.44,N/A,5.652302026748657
6cyh4,0.8250892401835798,0.9680672268907564,0.3697953422724064,0.4411366711772665,1.0,0.9381107491856676,0.9886792452830188,1.0,0.7022569444444444,1.0,0.2274305555555555,0.2829861111111111,0.8177641653905053,0.9680403700588732,0.3575971731448763,0.4308943089430894,0.9913366336633664,0.9380603096984516,0.9583333333333334,0.9784615384615384,0.6959165942658557,1.0,0.2198088618592528,0.2762814943527367,0.8250892401835798,0.9680672268907564,0.3669724770642202,0.4411366711772665,1.0,0.9381107491856676,0.981132075471698,1.0,0.7022569444444444,1.0,0.2256944444444444,0.2829861111111111,4.725073575973511,0.04,51.165733098983765,5.718935966491699
6cykd,0.1829294913774284,0.9688081936685288,N/A,0.1137548153183775,1.0,0.9395033860045148,N/A,1.0,0.1006727534839019,1.0,N/A,0.0603075444497837,0.1821358375191089,0.9688009313154832,N/A,0.1106325096350033,0.9976076555023924,0.9394897268006324,N/A,0.976,0.1002162941600576,1.0,N/A,0.0586397500600817,0.1829294913774284,0.9688081936685288,N/A,0.1137548153183775,1.0,0.9395033860045148,N/A,1.0,0.1006727534839019,1.0,N/A,0.0603075444497837,2.3668360710144043,0.21,N/A,4.268343687057495
6cyvp,0.3143451143451143,0.9653530182164544,N/A,0.1945681211041852,1.0,0.9330264672036824,N/A,0.997716894977169,0.1864824864331524,1.0,N/A,0.1077947705969412,0.3132279534109817,0.9653447659878528,N/A,0.1902004454342984,0.9973509933774836,0.9330110497237568,N/A,0.977116704805492,0.1857883049592894,1.0,N/A,0.1053540587219343,0.3143451143451143,0.9653530182164544,N/A,0.1945681211041852,1.0,0.9330264672036824,N/A,0.997716894977169,0.1864824864331524,1.0,N/A,0.1077947705969412,4.28670334815979,0.24,N/A,10.598941802978516
6czv1,0.0767386091127098,0.9613013698630136,N/A,0.2527233115468409,1.0,0.9254863171777118,N/A,1.0,0.0399002493765586,1.0,N/A,0.1446384039900249,0.0740486801508399,0.9612881123672492,N/A,0.2466521332918094,0.972972972972973,0.925461741424802,N/A,0.9777777777777776,0.0384889522451888,1.0,N/A,0.1411261582323592,0.0671462829736211,0.9613013698630136,N/A,0.2527233115468409,0.875,0.9254863171777118,N/A,1.0,0.0349127182044887,1.0,N/A,0.1446384039900249,1.1196534633636477,0.16,N/A,9.525893926620483
6d01u,0.0666296501943364,0.967087904457714,N/A,0.1173290078399567,1.0,0.9362731917182038,N/A,1.0,0.0344629523262492,1.0,N/A,0.0623205054566341,0.0644265481810608,0.9670833333333332,N/A,0.1149269875608437,0.9707112970711296,0.936264622831787,N/A,0.9815242494226328,0.0333189717075973,1.0,N/A,0.0610369093781416,0.0666296501943364,0.967087904457714,N/A,0.1173290078399567,1.0,0.9362731917182038,N/A,1.0,0.0344629523262492,1.0,N/A,0.0623205054566341,1.6492886543273926,0.47,N/A,4.719364881515503
6d044,0.3523385300668151,0.9636576787807738,N/A,0.1435382685069008,1.0,0.9298642533936652,N/A,1.0,0.2138415788050824,1.0,N/A,0.0773181941065152,0.3493761140819964,0.9636482084690554,N/A,0.139091137333668,0.9924050632911392,0.9298466180538094,N/A,0.9719298245614036,0.2120064899945916,1.0,N/A,0.0749053542455381,0.3523385300668151,0.9636576787807738,N/A,0.1435382685069008,1.0,0.9298642533936652,N/A,1.0,0.2138415788050824,1.0,N/A,0.0773181941065152,4.550089359283447,0.19,N/A,15.337463855743408
6d0l7,0.378416257883672,0.9589722337339412,0.2589820359281437,0.3506771204561654,1.0,0.9211783439490446,0.9664804469273744,1.0,0.233362143474503,1.0,0.1495246326707001,0.212618841832325,0.3663157894736842,0.9589381999170468,0.2428785607196402,0.3426124197002141,0.9702602230483272,0.9211155378486056,0.9101123595505618,0.979591836734694,0.2257785467128027,1.0,0.1401384083044982,0.2076124567474048,0.378416257883672,0.9589722337339412,0.247005988023952,0.3506771204561654,1.0,0.9211783439490446,0.9217877094972068,1.0,0.233362143474503,1.0,0.142610198789974,0.212618841832325,1.7434911727905271,0.05,34.093101263046265,4.523102760314941
6d0ss,0.1079754601226993,0.965560425798372,0.092250922509225,0.2367066895368782,1.0,0.9334140435835352,0.8928571428571429,1.0,0.0570687418936446,1.0,0.0486381322957198,0.1342412451361867,0.107427869858809,0.9655496398371438,0.0572307692307692,0.2322654462242563,1.0,0.9333938843475628,0.5568862275449101,0.9830508474576272,0.0567628932857606,1.0,0.0301654232890042,0.1316899124229646,0.1079754601226993,0.965560425798372,0.0682656826568265,0.2367066895368782,1.0,0.9334140435835352,0.6607142857142857,1.0,0.0570687418936446,1.0,0.0359922178988326,0.1342412451361867,1.3132998943328855,0.14,48.49493432044983,7.0177412033081055
6d2eu,0.2822936357908002,0.9605355884425651,N/A,0.315203955500618,1.0,0.9240677966101696,N/A,1.0,0.1643433602347762,1.0,N/A,0.1870873074101247,0.2712933753943217,0.9605077574047955,N/A,0.3069306930693068,0.9641255605381166,0.9240162822252376,N/A,0.9763779527559056,0.157856093979442,1.0,N/A,0.1820851688693098,0.2822936357908002,0.9605355884425651,N/A,0.315203955500618,1.0,0.9240677966101696,N/A,1.0,0.1643433602347762,1.0,N/A,0.1870873074101247,1.393946647644043,0.05,N/A,3.612082242965698
6d2r9,0.2251021270601493,0.9671476819158736,N/A,0.1012658227848101,1.0,0.936385255648038,N/A,1.0,0.1268253968253968,1.0,N/A,0.0533333333333333,0.2240383260532619,0.9671426378013204,N/A,0.099186011456135,0.9962406015037594,0.9363757990188792,N/A,0.982089552238806,0.1262105096046991,1.0,N/A,0.0522305127798063,0.2251021270601493,0.9671476819158736,N/A,0.1012658227848101,1.0,0.936385255648038,N/A,1.0,0.1268253968253968,1.0,N/A,0.0533333333333333,4.57036018371582,0.33,N/A,6.283245086669922
6d2rz,0.3397555417443547,0.9575815509618832,0.0682692307692307,0.1864675265897261,1.0,0.918615314076112,0.9281045751633988,1.0,0.2046418767157474,1.0,0.0354379835288245,0.1028200648864487,0.3345077720207254,0.95757141149755,0.0606060606060606,0.1824767942042109,0.9853479853479854,0.9185966521440035,0.8289473684210527,0.9805352798053528,0.2014478282576136,1.0,0.0314528207688467,0.100599101347978,0.3397555417443547,0.9575815509618832,0.0639423076923076,0.1742475673229237,1.0,0.918615314076112,0.869281045751634,0.9344660194174758,0.2046418767157474,1.0,0.033191914150237,0.0960818567506863,4.4762489795684814,0.2,46.3074369430542,7.795729160308838
6d3zf,0.4318181818181819,0.9585996110030564,0.1366325981710597,0.2861400894187779,1.0,0.9204909284951974,0.9477611940298508,1.0,0.2753623188405797,1.0,0.0736231884057971,0.1669565217391304,0.4185623293903548,0.9585765916041146,0.1195476575121163,0.2754848334162108,0.9704641350210972,0.9204484783769354,0.8345864661654135,0.9651567944250872,0.2668213457076566,1.0,0.0643851508120649,0.1606728538283062,0.4318181818181819,0.9585996110030564,0.1097364174287251,0.2861400894187779,1.0,0.9204909284951974,0.7611940298507462,1.0,0.2753623188405797,1.0,0.0591304347826086,0.1669565217391304,2.789140224456787,0.11,34.15846061706543,7.336387872695923
6d4ek,0.397895743663319,0.9609868043602984,0.2259767687434002,0.2916879143294237,1.0,0.924903368304804,0.9771689497716894,1.0,0.2483582089552238,1.0,0.1277611940298507,0.1707462686567164,0.3714696026807085,0.9609644087256028,0.208245243128964,0.2807554874936191,0.9349397590361446,0.9248618784530388,0.9036697247706422,0.9649122807017544,0.2317801672640382,1.0,0.1176821983273596,0.1642771804062126,0.397895743663319,0.9609868043602984,0.174234424498416,0.2916879143294237,1.0,0.924903368304804,0.7534246575342466,1.0,0.2483582089552238,1.0,0.0985074626865671,0.1707462686567164,2.603559255599976,0.08,48.16091513633728,3.624712467193604
6d5f2,0.186897880539499,0.9626598465473144,N/A,0.1698541329011345,1.0,0.928007889546351,N/A,1.0,0.1030818278427205,1.0,N/A,0.0928090683669854,0.1812339331619537,0.9626471089885724,N/A,0.166720726565034,0.9724137931034482,0.9279842157185136,N/A,0.9846743295019156,0.0999291282778171,1.0,N/A,0.091070163004961,0.186897880539499,0.9626598465473144,N/A,0.1698541329011345,1.0,0.928007889546351,N/A,1.0,0.1030818278427205,1.0,N/A,0.0928090683669854,1.9033331871032717,0.12,N/A,3.3539772033691406
6d5ff,0.6889601465872652,0.9552736982643524,0.2308164518109269,0.2831433713257348,1.0,0.914376996805112,0.9494949494949496,1.0,0.5255066387141859,1.0,0.1313766596785464,0.1649196366177498,0.687757909215956,0.955243820975284,0.2077443146896128,0.2762762762762763,0.9986684420772304,0.9143222506393862,0.8578680203045685,0.9787234042553192,0.5244755244755245,1.0,0.1181818181818181,0.1608391608391608,0.6889601465872652,0.9552736982643524,0.2136279926335174,0.2831433713257348,1.0,0.914376996805112,0.8787878787878788,1.0,0.5255066387141859,1.0,0.1215932914046121,0.1649196366177498,4.772378921508789,0.06,39.65742516517639,4.7262842655181885
6d6sg,0.1743602009088735,0.9635801300258792,N/A,0.0520607375271149,1.0,0.9297198538367843,N/A,1.0,0.0955063539892571,1.0,N/A,0.0267260579064587,0.1645933014354067,0.9635755318477368,N/A,0.0495213784301212,0.945054945054945,0.9297112924838592,N/A,0.955665024630542,0.090146750524109,1.0,N/A,0.02541928721174,0.1729251375269074,0.9635801300258792,N/A,0.0520607375271149,0.9917695473251028,0.9297198538367843,N/A,1.0,0.0947202934625966,1.0,N/A,0.0267260579064587,4.609019756317139,0.52,N/A,4.796339988708496
6d7b5,0.3687099725526075,0.965872156013001,N/A,0.1551991722710812,1.0,0.93399685699319,N/A,1.0,0.2260235558048233,1.0,N/A,0.0841278743690409,0.362929061784897,0.9658629097805472,N/A,0.1506211180124223,0.9850931677018634,0.9339795651034845,N/A,0.9732441471571908,0.2224403927068723,1.0,N/A,0.0816269284712482,0.3687099725526075,0.965872156013001,N/A,0.1551991722710812,1.0,0.93399685699319,N/A,1.0,0.2260235558048233,1.0,N/A,0.0841278743690409,4.470357179641724,0.18,N/A,12.81501317024231
6d8en,0.1687871077184054,0.9623892572574804,N/A,0.0658454647256439,1.0,0.927505101492858,N/A,1.0,0.0921723019916628,1.0,N/A,0.0340435386753126,0.1669141039236479,0.962385065477849,N/A,0.064516129032258,0.989937106918239,0.9274973147153598,N/A,0.9829351535836176,0.0911407064273306,1.0,N/A,0.0333526346265199,0.1687871077184054,0.9623892572574804,N/A,0.0658454647256439,1.0,0.927505101492858,N/A,1.0,0.0921723019916628,1.0,N/A,0.0340435386753126,4.548753976821899,0.56,N/A,32.18898391723633
6d9o0,0.2141386410432395,0.9615668883961566,N/A,0.1294033069734004,1.0,0.9259786476868328,N/A,1.0,0.1199077632590315,1.0,N/A,0.0691775557263643,0.2139228339969792,0.9615612063867534,N/A,0.1274270099237739,1.0,0.9259681093394078,N/A,0.9866369710467706,0.1197724477244772,1.0,N/A,0.0681119311193111,0.2141386410432395,0.9615668883961566,N/A,0.1294033069734004,1.0,0.9259786476868328,N/A,1.0,0.1199077632590315,1.0,N/A,0.0691775557263643,4.560800313949585,0.37,N/A,12.62780261039734
6danv,0.1934972244250595,0.9579478553406224,0.2723852520692249,0.4147529575504523,1.0,0.9192897497982244,0.9526315789473684,1.0,0.1071115013169446,1.0,0.1589113257243195,0.2616330114135206,0.1890389197776012,0.957912457912458,0.2547098718914845,0.408362369337979,0.9834710743801652,0.9192245557350566,0.8941798941798942,0.9865319865319864,0.1045694200351493,1.0,0.148506151142355,0.2574692442882249,0.1934972244250595,0.9579478553406224,0.2437923250564334,0.4147529575504523,1.0,0.9192897497982244,0.8526315789473684,1.0,0.1071115013169446,1.0,0.1422300263388937,0.2616330114135206,0.9064712524414062,0.03,35.031473875045776,4.773910760879517
6dcug,0.0350840555497546,0.9578540160846992,0.0888979094783844,0.0647881530234471,1.0,0.9191169287877308,0.9842696629213484,1.0,0.0178552449782123,1.0,0.0465511744074821,0.0334785843341481,0.0338381201044386,0.9578497251069028,0.0826228177019894,0.0631557292738119,0.9700598802395208,0.9191090269636576,0.9166666666666666,0.9777070063694268,0.017219387755102,1.0,0.0432610544217687,0.0326318027210884,0.0348752218857679,0.9578540160846992,0.0866653135782423,0.0633484162895927,0.9940476190476192,0.9191169287877308,0.9595505617977528,0.9777777777777776,0.0177489637581039,1.0,0.0453820809862897,0.0327346157933893,1.45202898979187,0.76,53.47868609428406,23.06896162033081
6dd79,0.123902942694889,0.961121396455964,0.22568093385214,0.3962930273609885,1.0,0.925152749490835,0.9707112970711296,1.0,0.066042927903137,1.0,0.1276829939460649,0.2471106219042377,0.1147286821705426,0.9611008203228368,0.2093476144109055,0.3895759717314487,0.9327731092436976,0.9251146204788588,0.9033613445378152,0.984375,0.0611233480176211,1.0,0.1183920704845815,0.2428414096916299,0.123902942694889,0.961121396455964,0.2033073929961089,0.3962930273609885,1.0,0.925152749490835,0.8744769874476988,1.0,0.066042927903137,1.0,0.1150247660979636,0.2471106219042377,1.0063958168029783,0.07,26.415701389312744,11.43994402885437
6dfao,0.3169421487603305,0.9665401044138586,0.1075817296545328,0.1234738539507026,1.0,0.9352468427095292,0.9666666666666668,1.0,0.1883132825926835,1.0,0.0569604713970046,0.0657991652344709,0.3121124431583299,0.9665321623546168,0.0978891208536302,0.1203042175616501,0.9856396866840732,0.9352319706017456,0.8828451882845189,0.9775280898876404,0.1854125736738703,1.0,0.0518172888015717,0.0640962671905697,0.3169421487603305,0.9665401044138586,0.1015534430790633,0.1234738539507026,1.0,0.9352468427095292,0.9125,1.0,0.1883132825926835,1.0,0.0537687208445863,0.0657991652344709,4.784137964248657,0.19,48.87716794013977,5.703077554702759
6dfkj,0.1025887523175169,0.959644370354935,N/A,0.0165099418562917,1.0,0.9224195486713846,N/A,1.0,0.0540677475390851,1.0,N/A,0.00832368268674,0.1016413707849735,0.9596415671019728,N/A,0.0160815564649292,0.9919571045576407,0.9224143686986712,N/A,0.9824561403508772,0.0535649656170828,1.0,N/A,0.0081071299312341,0.1025887523175169,0.959644370354935,N/A,0.0160792477209101,1.0,0.9224195486713846,N/A,0.9739130434782608,0.0540677475390851,1.0,N/A,0.0081065431383902,4.317237854003906,1.2,N/A,4.382604360580444
6dftk,0.2506853487663722,0.9620571237122036,0.0730807911498491,0.1308380797396257,1.0,0.9268883150419626,0.9775784753363228,1.0,0.1433048929131116,1.0,0.0379592547449068,0.0699982587497823,0.2468007312614259,0.9620507665242524,0.067739771965124,0.1299039557219599,0.9854014598540146,0.9268765133171912,0.90990990990991,0.9950124688279302,0.1410658307210031,1.0,0.0351793800069662,0.0694879832810867,0.2506853487663722,0.9620571237122036,0.065705665437479,0.1308380797396257,1.0,0.9268883150419626,0.8789237668161435,1.0,0.1433048929131116,1.0,0.034128504266063,0.0699982587497823,4.89051365852356,0.3,59.811599016189575,22.810208082199097
6dgub,0.2030878859857482,0.9609399809463322,0.2068557919621749,0.3198223209328151,1.0,0.9248166259168704,0.9776536312849162,1.0,0.1130204890945142,1.0,0.11566424322538,0.1903502974223397,0.1961950059453032,0.9609151572926596,0.1952662721893491,0.3123957754307948,0.9705882352941176,0.9247706422018348,0.9269662921348316,0.9790940766550522,0.1091269841269841,1.0,0.1091269841269841,0.1858465608465608,0.2030878859857482,0.9609399809463322,0.2021276595744681,0.3198223209328151,1.0,0.9248166259168704,0.9553072625698324,1.0,0.1130204890945142,1.0,0.1130204890945142,0.1903502974223397,1.3541061878204346,0.04,28.801090717315677,9.76538062095642
6dj78,0.3047724341256679,0.9645628014258756,0.0775646371976647,0.1255093724531377,1.0,0.9315512353179424,0.9489795918367347,1.0,0.1797826086956521,1.0,0.0404347826086956,0.0669565217391304,0.3034101382488479,0.9645553691275168,0.0705047976637463,0.1243375458622095,0.99636803874092,0.9315373708729998,0.8666666666666667,0.993485342019544,0.1789519460752337,1.0,0.0367471189388997,0.0663187649489019,0.3047724341256679,0.9645628014258756,0.0754795663052543,0.1255093724531377,1.0,0.9315512353179424,0.923469387755102,1.0,0.1797826086956521,1.0,0.0393478260869565,0.0669565217391304,4.810584783554077,0.2,44.08791470527649,11.289732217788696
6dk2s,0.4428127647557187,0.9629758994062172,N/A,0.1244897959183673,1.0,0.9285954866958572,N/A,1.0,0.28436706565107,1.0,N/A,0.0663764961915125,0.4357163040406895,0.962962962962963,N/A,0.1211708645336964,0.9846743295019156,0.9285714285714286,N/A,0.978021978021978,0.2797532656023222,1.0,N/A,0.0645863570391872,0.4428127647557187,0.9629758994062172,N/A,0.1244897959183673,1.0,0.9285954866958572,N/A,1.0,0.28436706565107,1.0,N/A,0.0663764961915125,4.3136842250823975,0.13,N/A,6.115391492843628
6dkc0,0.1519693272917393,0.968578735842163,N/A,0.2350199733688415,1.0,0.93907190931633,N/A,1.0,0.0822331195775179,1.0,N/A,0.1331572991324028,0.1450994070456923,0.9685672514619884,N/A,0.2318454363757495,0.9585253456221198,0.9390503189227498,N/A,0.9886363636363636,0.0784905660377358,1.0,N/A,0.1313207547169811,0.1519693272917393,0.968578735842163,N/A,0.2350199733688415,1.0,0.93907190931633,N/A,1.0,0.0822331195775179,1.0,N/A,0.1331572991324028,1.7575452327728271,0.1,N/A,5.756112337112427
6dmed,0.3467944330367328,0.9535465192788524,N/A,0.170663973744004,1.0,0.9112173038229376,N/A,1.0,0.2097709080872205,1.0,N/A,0.0932928512282638,0.3451266834056151,0.953534289851257,N/A,0.1692346552159636,0.9960474308300395,0.9111949685534592,N/A,0.9940652818991098,0.2087244616234125,1.0,N/A,0.0924903368304804,0.3467944330367328,0.9535465192788524,N/A,0.170663973744004,1.0,0.9112173038229376,N/A,1.0,0.2097709080872205,1.0,N/A,0.0932928512282638,4.472977161407471,0.2,N/A,3.862601757049561
6dmfk,0.2228173540439207,0.9539965497412306,0.2634044768349818,0.3225480283114257,1.0,0.9120395821880154,0.965648854961832,1.0,0.1253767329716696,1.0,0.1525015069318867,0.1922845087402049,0.2176943699731903,0.953970080552359,0.2417926003126629,0.3157894736842105,0.9806763285024156,0.911991199119912,0.8888888888888888,0.981132075471698,0.1224366706875754,1.0,0.1399276236429433,0.1881785283474065,0.2228173540439207,0.9539965497412306,0.2363352420614263,0.3225480283114257,1.0,0.9120395821880154,0.8664122137404581,1.0,0.1253767329716696,1.0,0.1368294153104279,0.1922845087402049,1.4259824752807615,0.07,51.08681201934815,6.803510665893555
6dmin,0.6249056603773585,0.960717110466649,0.0739176346356916,0.3897481219619973,1.0,0.9244038559107052,0.9722222222222222,1.0,0.4544456641053787,1.0,0.0384193194291986,0.2420417124039517,0.6200906344410876,0.9606963861777896,0.0613107822410148,0.3839009287925696,0.992744860943168,0.9243654822335026,0.8169014084507042,0.9863636363636364,0.4508511806699615,1.0,0.0318506315211422,0.2383305875892366,0.6249056603773585,0.960717110466649,0.071805702217529,0.3897481219619973,1.0,0.9244038559107052,0.9444444444444444,1.0,0.4544456641053787,1.0,0.0373216245883644,0.2420417124039517,4.150343418121338,0.09,20.25136351585388,8.666504859924316
6do6q,0.6257473096851336,0.9527493782812932,N/A,0.2862823061630218,1.0,0.9097625329815304,N/A,1.0,0.4553364269141531,1.0,N/A,0.1670533642691415,0.621459912245712,0.952723251313243,N/A,0.2766169154228855,0.9936224489795918,0.909714889123548,N/A,0.9686411149825784,0.4521183981427742,1.0,N/A,0.1613464886825304,0.6257473096851336,0.9527493782812932,N/A,0.2862823061630218,1.0,0.9097625329815304,N/A,1.0,0.4553364269141531,1.0,N/A,0.1670533642691415,4.722578287124634,0.07,N/A,11.484551668167114
6doch,0.2597547380156075,0.9532824427480916,0.203988603988604,0.2703601108033241,1.0,0.91073512252042,0.922680412371134,1.0,0.1492632927610506,1.0,0.1146700832799487,0.1563100576553491,0.2499999999999999,0.9532538955087076,0.1745579007415858,0.2617859123682751,0.9655172413793104,0.9106830122591943,0.7927461139896373,0.97119341563786,0.1435897435897435,1.0,0.098076923076923,0.1512820512820512,0.2597547380156075,0.9532824427480916,0.1903133903133903,0.2703601108033241,1.0,0.91073512252042,0.8608247422680413,1.0,0.1492632927610506,1.0,0.1069827033952594,0.1563100576553491,1.7585997581481934,0.06,36.64344167709351,6.454168081283569
6docz,0.5612619222303742,0.9510184287099904,0.2445336903168228,0.2388863942523574,1.0,0.9066111881645862,0.9785714285714284,1.0,0.3901070882202958,1.0,0.139724630290668,0.1356450790413054,0.5558002936857563,0.9509946627850558,0.231353282715498,0.232808988764045,0.9908376963350786,0.906567992599445,0.92831541218638,0.9773584905660376,0.3862244897959184,1.0,0.1321428571428571,0.1321428571428571,0.5612619222303742,0.9510184287099904,0.2356091030789825,0.2388863942523574,1.0,0.9066111881645862,0.9428571428571428,1.0,0.3901070882202958,1.0,0.1346251912289648,0.1356450790413054,4.77213191986084,0.08,51.1868200302124,4.7210540771484375
6dq21,0.0740911394738054,0.9581423069869796,0.0213934115865202,0.0407799756257616,1.0,0.9196479647964796,0.9868995633187772,1.0,0.0384707402268051,1.0,0.0108139145413656,0.0208143930331594,0.0738214828809732,0.9581403878776764,0.0204487361545015,0.0400337521095068,0.9975093399750934,0.9196444287977468,0.9473684210526316,0.9838709677419356,0.0383290267011197,1.0,0.0103359173126615,0.0204325772801225,0.0740911394738054,0.9581423069869796,0.0212040893600908,0.0407799756257616,1.0,0.9196479647964796,0.9781659388646288,1.0,0.0384707402268051,1.0,0.0107182161825924,0.0208143930331594,4.855609178543091,2.48,48.7337646484375,52.42147517204285
6dqly,0.5854941751221345,0.9507451376610256,0.2187647336162188,0.2574074074074074,1.0,0.9061145883485796,0.9707112970711296,1.0,0.4139213602550478,1.0,0.1232731137088204,0.1477151965993623,0.5806694245957128,0.9507202426080364,0.2000943841434639,0.2446709916589435,0.9922879177377892,0.9060693641618496,0.8907563025210085,0.9530685920577616,0.4104199893673578,1.0,0.1127060074428495,0.1403508771929824,0.5854941751221345,0.9507451376610256,0.2102781706742102,0.2574074074074074,1.0,0.9061145883485796,0.9330543933054394,1.0,0.4139213602550478,1.0,0.118490967056323,0.1477151965993623,4.432637691497803,0.09,32.75253224372864,7.298219919204712
6dra3,0.2276021080368906,0.964077756875392,0.1093969144460028,0.1250871080139372,1.0,0.9306468350051884,0.9659442724458204,1.0,0.1284147927894443,1.0,0.0579817877717896,0.0667162237502323,0.2260296540362438,0.9640713197742138,0.0943528586460891,0.1209480655280585,0.9942028985507246,0.9306348382632762,0.8354037267080745,0.9692737430167596,0.1275092936802974,1.0,0.05,0.0644981412639405,0.2276021080368906,0.964077756875392,0.0929172510518934,0.1250871080139372,1.0,0.9306468350051884,0.8204334365325078,1.0,0.1284147927894443,1.0,0.0492473517933469,0.0667162237502323,4.392886638641357,0.32,51.00758123397827,6.662114858627319
6ds9i,0.0905841682779633,0.9639423787972906,N/A,0.052354769304327,1.0,0.9303945640381432,N/A,1.0,0.0474407757456732,1.0,N/A,0.0268810605130722,0.0882508057427483,0.9639402455258096,N/A,0.051285116557083,0.9753886010362696,0.9303905893101873,N/A,0.9816933638443937,0.0462161664518504,1.0,N/A,0.0263303259068311,0.0885920196871155,0.9639423787972906,N/A,0.052354769304327,0.9780077619663649,0.9303945640381432,N/A,1.0,0.0463974469129741,1.0,N/A,0.0268810605130722,4.749581098556519,1.49,N/A,56.09764194488525
6dsfb,0.1039968956150562,0.961621728006298,0.181210545859636,0.1937153419593345,1.0,0.9260803639120546,0.976,1.0,0.0548505935325419,1.0,0.0998772001637331,0.1072451903397462,0.0986407766990291,0.9616066154754872,0.1531029357116313,0.1894191638919719,0.9548872180451128,0.926052332195677,0.8273092369477911,0.9808429118773946,0.052006552006552,1.0,0.0843570843570843,0.1048321048321048,0.1039968956150562,0.961621728006298,0.1596732268845154,0.1937153419593345,1.0,0.9260803639120546,0.86,1.0,0.0548505935325419,1.0,0.0880065493246009,0.1072451903397462,1.1501760482788086,0.1,46.16291332244873,4.827897787094116
6dtnu,0.2512019230769231,0.9584980237154148,0.2093023255813953,0.3706606942889137,1.0,0.920303605313093,0.9553072625698324,1.0,0.1436426116838488,1.0,0.1175257731958762,0.2274914089347079,0.2430806257521059,0.958470665787739,0.1899509803921568,0.3598654708520179,0.971153846153846,0.920253164556962,0.8707865168539326,0.9727272727272728,0.1389270976616231,1.0,0.1066024759284731,0.2207702888583218,0.2512019230769231,0.9584980237154148,0.2019583843329253,0.3706606942889137,1.0,0.920303605313093,0.9217877094972068,1.0,0.1436426116838488,1.0,0.1134020618556701,0.2274914089347079,1.5867547988891602,0.05,29.360684156417847,5.450013637542725
6du92,0.189340290719344,0.9536709854731056,0.2296269467584208,0.2417661961635903,1.0,0.9114446529080676,0.9548192771084336,1.0,0.1045697818032111,1.0,0.1305063812268423,0.1375051461506793,0.1857515852293919,0.9536527886881384,0.2138455962305183,0.2354219485693589,0.984189723320158,0.9114114114114116,0.8912386706948641,0.975975975975976,0.1025535420098846,1.0,0.121499176276771,0.1338550247116968,0.189340290719344,0.9536709854731056,0.2231075697211155,0.2417661961635903,1.0,0.9114446529080676,0.927710843373494,1.0,0.1045697818032111,1.0,0.1268011527377521,0.1375051461506793,1.855588674545288,0.1,53.60525417327881,2.9576148986816406
6duwm,0.3499232624424468,0.963019833653231,0.1039417524479035,0.1231920199501246,1.0,0.9286771964461994,0.9409090909090908,1.0,0.2120648418814775,1.0,0.0550093010895562,0.0656391177252192,0.3470059223513929,0.9630103673364904,0.0919366993217784,0.1197604790419161,0.9924717691342536,0.9286595902246358,0.8356164383561644,0.975609756097561,0.2102604997341839,1.0,0.0486443381180223,0.0637958532695374,0.3499232624424468,0.963019833653231,0.1014310820989204,0.1226932668329177,1.0,0.9286771964461994,0.9181818181818182,0.9959514170040484,0.2120648418814775,1.0,0.0536805740100983,0.0653733723093276,4.584261894226074,0.15,41.13157606124878,3.159215211868286
6dv02,0.2550397067806964,0.9616226224541322,0.0768585333109582,0.1496356275303643,1.0,0.9260820230183174,0.9308943089430894,1.0,0.1461578855242429,1.0,0.0400840189042534,0.0808681953439523,0.2532844485181791,0.9616161616161616,0.0664764143025012,0.1474161671796533,0.9940047961630696,0.926070038910506,0.8081632653061225,0.9869848156182212,0.1451330532212885,1.0,0.0346638655462184,0.079656862745098,0.2550397067806964,0.9616226224541322,0.0728310119147507,0.1234008097165992,1.0,0.9260820230183174,0.8821138211382114,0.8246753246753247,0.1461578855242429,1.0,0.037983546297917,0.0666900052511815,4.342450857162476,0.3,43.86232948303223,11.930041790008543
6dw92,0.2687927107061503,0.950792326939116,0.2273781902552204,0.3357664233576642,1.0,0.906200317965024,0.9607843137254902,1.0,0.1552631578947368,1.0,0.1289473684210526,0.2017543859649122,0.2570342205323193,0.9507512520868112,0.2091402013942679,0.3274853801169591,0.9602272727272728,0.9061256961018298,0.8881578947368421,0.9781659388646288,0.1483757682177348,1.0,0.1185250219490781,0.1966637401229148,0.2687927107061503,0.950792326939116,0.2041763341067285,0.3357664233576642,1.0,0.906200317965024,0.8627450980392157,1.0,0.1552631578947368,1.0,0.1157894736842105,0.2017543859649122,1.419245719909668,0.06,18.95282530784607,4.461611747741699
6dwo0,0.6634146341463415,0.9544267053701015,0.208695652173913,0.2388859132297804,1.0,0.9128262076624096,0.979591836734694,1.0,0.4963503649635036,1.0,0.1167883211678832,0.1356447688564477,0.6550040683482505,0.954400232355504,0.1926006528835691,0.2273458445040214,0.9877300613496932,0.9127777777777778,0.9076923076923076,0.954954954954955,0.4899573950091296,1.0,0.1077297626293365,0.1290322580645161,0.6634146341463415,0.9544267053701015,0.1967391304347825,0.2388859132297804,1.0,0.9128262076624096,0.923469387755102,1.0,0.4963503649635036,1.0,0.1100973236009732,0.1356447688564477,4.518099308013916,0.08,27.7302143573761,4.52459454536438
6dx3o,0.2371024197230254,0.9629260182876144,N/A,0.0865543442352164,1.0,0.9285027252324464,N/A,1.0,0.1344958563535911,1.0,N/A,0.0452348066298342,0.2356523062871061,0.962919853674759,N/A,0.0849306014540647,0.9948586118251928,0.9284912618245952,N/A,0.9846743295019156,0.1336556725954066,1.0,N/A,0.0443792091175962,0.2371024197230254,0.9629260182876144,N/A,0.0865543442352164,1.0,0.9285027252324464,N/A,1.0,0.1344958563535911,1.0,N/A,0.0452348066298342,4.612050294876099,0.28,N/A,3.420149564743042
6dx9r,0.3132344442303987,0.9584063047285464,0.1335317882202849,0.1129310344827586,1.0,0.9201345102984448,0.966153846153846,1.0,0.1857012334399269,1.0,0.0717222476016445,0.0598446779351301,0.3102717286567739,0.9583971972848696,0.1229525632844075,0.1095299698145752,0.9913793103448276,0.9201177212528904,0.8919753086419753,0.9731800766283524,0.1839159241489604,1.0,0.0660269591044094,0.0580306145761937,0.3132344442303987,0.9584063047285464,0.130554964916011,0.1129310344827586,1.0,0.9201345102984448,0.9446153846153846,1.0,0.1857012334399269,1.0,0.0701233439926907,0.0598446779351301,4.6532511711120605,0.21,54.20542931556702,7.4201979637146
6dy79,0.4209968186638387,0.9659422640285436,0.1999999999999999,0.3069926094371802,1.0,0.9341279799247176,0.9707602339181286,1.0,0.2666218938885157,1.0,0.1114842175957018,0.1813297515110812,0.4023354564755838,0.9659201557935736,0.1881785283474065,0.2982356289129197,0.9570707070707072,0.9340866290018832,0.9176470588235294,0.9739776951672864,0.2547043010752688,1.0,0.1048387096774193,0.1760752688172043,0.4209968186638387,0.9659422640285436,0.1891566265060241,0.3069926094371802,1.0,0.9341279799247176,0.9181286549707602,1.0,0.2666218938885157,1.0,0.1054398925453324,0.1813297515110812,2.4307010173797607,0.06,21.235960960388184,4.47251296043396
6dypr,0.0779816513761468,0.9658828953434764,0.1225402504472271,0.3306772908366533,1.0,0.9340169415960768,0.9716312056737588,1.0,0.0405727923627685,1.0,0.0653937947494033,0.198090692124105,0.0771349862258953,0.9658671586715868,0.1092211280214861,0.3237639553429027,1.0,0.9339875111507584,0.8714285714285714,0.9806763285024156,0.0401146131805157,1.0,0.0582617000955109,0.1938872970391595,0.0779816513761468,0.9658828953434764,0.1127012522361359,0.3306772908366533,1.0,0.9340169415960768,0.8936170212765957,1.0,0.0405727923627685,1.0,0.0601431980906921,0.198090692124105,0.8312528133392334,0.08,23.943294763565063,17.85419011116028
6dzqy,0.7466534457114526,0.9608513873052072,0.2546455609084652,0.3520208604954367,1.0,0.9246525237746892,0.9788359788359788,1.0,0.5957278481012658,1.0,0.1463607594936709,0.2136075949367088,0.7434243176178661,0.9608216051730696,0.237077877325982,0.3394255874673629,0.9960106382978724,0.924597364568082,0.9148936170212766,0.966542750929368,0.5930324623911323,1.0,0.1361836896278701,0.2058590657165479,0.7456618740704015,0.9608513873052072,0.2188575361321404,0.3520208604954367,0.99867197875166,0.9246525237746892,0.8412698412698413,1.0,0.5949367088607594,1.0,0.1257911392405063,0.2136075949367088,4.519299268722534,0.05,23.386900186538696,4.153408765792847
6e09j,0.1891464699683878,0.967964514539182,0.1202945990180032,0.0812281926029309,1.0,0.9379178605539638,0.962882096069869,1.0,0.1044515565900494,1.0,0.0641547861507128,0.042333430317137,0.1881422924901186,0.967960002816703,0.1107776261937244,0.0790171715761552,0.99581589958159,0.9379093886462884,0.888402625820569,0.9758620689655172,0.1038847664775207,1.0,0.0590717299578059,0.0411756147242834,0.1891464699683878,0.967964514539182,0.1181123840698308,0.0787159804605722,1.0,0.9379178605539638,0.945414847161572,0.9690721649484536,0.1044515565900494,1.0,0.0629909805062554,0.0410241489671224,4.953114986419678,0.37,57.76396799087525,7.449903964996338
6e0z2,0.2545287073994473,0.964294801119498,0.1401792991035045,0.0973895582329317,1.0,0.931051424828038,0.9555555555555556,1.0,0.1458223394898856,1.0,0.0756376429199648,0.0511873350923482,0.2515356265356265,0.9642887437441684,0.1288113484428501,0.095413458319384,0.9891304347826086,0.9310401310401312,0.8797327394209354,0.9827586206896552,0.1440886699507389,1.0,0.0694933145672062,0.0501407459535538,0.2545287073994473,0.964294801119498,0.1362673186634067,0.0930388219544846,1.0,0.931051424828038,0.9288888888888888,0.9553264604810996,0.1458223394898856,1.0,0.0735268249780123,0.048900615655233,4.908198356628418,0.26,46.22113394737244,5.509279489517212
6e110,0.2833396297695504,0.9523210730378288,0.1571804739720478,0.103109997912753,1.0,0.908981796359272,0.9872773536895676,1.0,0.1650528169014084,1.0,0.0853873239436619,0.0543573943661971,0.2800453514739229,0.9523110785033015,0.153596757852077,0.100229693046565,0.9893190921228304,0.9089635854341735,0.9668367346938777,0.975609756097561,0.1631080783623156,1.0,0.0834250495267444,0.0528285274047985,0.2833396297695504,0.9523210730378288,0.1571804739720478,0.103109997912753,1.0,0.908981796359272,0.9872773536895676,1.0,0.1650528169014084,1.0,0.0853873239436619,0.0543573943661971,4.443754434585571,0.24,43.74840140342712,5.154887437820435
6e2ax,0.1119549929676512,0.965234585655222,0.0418458846686593,0.045709294708494,1.0,0.9328052254881524,0.9795221843003412,0.9968253968253968,0.0592967818831942,1.0,0.0213796185935637,0.0233909415971394,0.1108454072302715,0.9652320857153128,0.0379146919431279,0.0442600276625172,0.9911949685534592,0.932800555941626,0.8904109589041096,0.9681528662420382,0.058705207479699,1.0,0.0193697385085301,0.0226476942561275,0.1119549929676512,0.965234585655222,0.0402420354304877,0.045709294708494,1.0,0.9328052254881524,0.9419795221843004,0.9968253968253968,0.0592967818831942,1.0,0.0205601907032181,0.0233909415971394,4.611109256744385,1.17,53.06596755981445,9.550572395324709
6e3p8,0.1714913887871015,0.9579573814551736,0.0632273079906904,0.1293345829428303,1.0,0.91930729550479,0.9819277108433736,1.0,0.0937875751503006,1.0,0.0326653306613226,0.0691382765531062,0.1609237536656891,0.9579493087557605,0.0582072176949941,0.1256328520532533,0.9400428265524624,0.9192924267551134,0.9090909090909092,0.9738372093023256,0.0879935858889557,1.0,0.0300661455201443,0.0671477249949889,0.1652620007328691,0.9579573814551736,0.0628394103956555,0.1237113402061855,0.9636752136752136,0.91930729550479,0.9759036144578314,0.9565217391304348,0.0903807615230461,1.0,0.0324649298597194,0.0661322645290581,2.971975564956665,0.25,32.55109691619873,51.80600118637085
6e4kc,0.357302652604666,0.9584187954503076,N/A,0.1824611032531824,1.0,0.92015753669889,N/A,1.0,0.2175097276264591,1.0,N/A,0.1003891050583657,0.3498560921010553,0.9584032829695952,N/A,0.1776362349610757,0.9802867383512543,0.9201289398280802,N/A,0.9766536964980544,0.2129233164655508,1.0,N/A,0.0977033865317244,0.357302652604666,0.9584187954503076,N/A,0.1824611032531824,1.0,0.92015753669889,N/A,1.0,0.2175097276264591,1.0,N/A,0.1003891050583657,3.2105844020843506,0.1,N/A,4.1385416984558105
6e4qw,0.2827962669484063,0.9625900700819268,0.0672468354430379,0.1575665973927829,1.0,0.9278782112274024,0.9444444444444444,1.0,0.1646841673502871,1.0,0.034864643150123,0.08552091878589,0.2772591157301391,0.962582683384342,0.0573802928373565,0.1519561519561519,0.9812967581047382,0.9278644842025124,0.8100558659217877,0.966346153846154,0.1614358974358974,1.0,0.0297435897435897,0.0824615384615384,0.2827962669484063,0.9625900700819268,0.0648734177215189,0.1575665973927829,1.0,0.9278782112274024,0.9111111111111112,1.0,0.1646841673502871,1.0,0.0336341263330598,0.08552091878589,4.666859149932861,0.27,45.28440499305725,17.50740337371826
6e687,0.2141792056391487,0.9611848825331972,N/A,0.1209527884752531,1.0,0.9252704031465092,N/A,1.0,0.1199332017610444,1.0,N/A,0.0643692120844086,0.2115254237288135,0.9611792177466432,N/A,0.1189898701669282,0.988593155893536,0.925259904467547,N/A,0.9858156028368794,0.1184330397813543,1.0,N/A,0.0633161251138779,0.2141792056391487,0.9611848825331972,N/A,0.1209527884752531,1.0,0.9252704031465092,N/A,1.0,0.1199332017610444,1.0,N/A,0.0643692120844086,4.782956123352051,0.35,N/A,11.071771383285522
6e7gt,0.122247882986913,0.9635013430241745,0.0378026220542105,0.0494202319072371,1.0,0.9295731707317072,0.9915611814345991,1.0,0.0651033125614955,1.0,0.0192686126598884,0.0253361757953427,0.1176470588235294,0.963498459350557,0.0355562706137881,0.0479884827641366,0.9634300126103404,0.9295678024239652,0.9364406779661016,0.974025974025974,0.0626486264862648,1.0,0.0181221812218122,0.02460024600246,0.1030023094688221,0.9635013430241745,0.0378026220542105,0.0494202319072371,0.8425692695214105,0.9295731707317072,0.9915611814345991,1.0,0.0548540505083633,1.0,0.0192686126598884,0.0253361757953427,5.31898307800293,0.9,44.326592683792114,12.922866344451904
6e8q6,0.441025641025641,0.9604162795019512,0.2158620689655172,0.2864721485411141,1.0,0.9238469789059708,0.990506329113924,1.0,0.2828947368421052,1.0,0.1211300309597523,0.1671826625386996,0.4364624207666767,0.9604015616285554,0.2015182884748102,0.280690112806901,0.9904109589041096,0.9238197424892703,0.926984126984127,0.9814385150812064,0.2799070847851335,1.0,0.1130468447541618,0.1637630662020905,0.441025641025641,0.9604162795019512,0.1979310344827586,0.2864721485411141,1.0,0.9238469789059708,0.9082278481012658,1.0,0.2828947368421052,1.0,0.1110681114551083,0.1671826625386996,4.465851783752441,0.12,52.055301666259766,5.587687015533447
6e9rf,0.1975308641975308,0.9636963696369636,0.2608695652173913,0.3847572218807621,1.0,0.929936305732484,0.9705882352941176,1.0,0.1095890410958904,1.0,0.1506849315068493,0.2382039573820395,0.1854395604395604,0.9636697247706422,0.2480211081794195,0.3766153846153846,0.944055944055944,0.929886685552408,0.9261083743842364,0.9807692307692308,0.1028179741051028,1.0,0.1431835491241432,0.233054074638233,0.1975308641975308,0.9636963696369636,0.2503293807641634,0.3847572218807621,1.0,0.929936305732484,0.931372549019608,1.0,0.1095890410958904,1.0,0.1445966514459665,0.2382039573820395,1.1303491592407229,0.05,26.22882723808289,6.85810923576355
6e9rj,0.6979806848112379,0.9705497382198952,0.1709717097170972,0.3233465234595817,1.0,0.9427844882390336,0.972027972027972,1.0,0.5360755225893459,1.0,0.0937289278489548,0.1928523263654754,0.6959578207381372,0.9705304518664046,0.1625615763546797,0.3123938879456706,0.9974811083123426,0.9427480916030534,0.9295774647887324,0.968421052631579,0.5344129554655871,1.0,0.0890688259109311,0.1862348178137652,0.6979806848112379,0.9705497382198952,0.1611316113161131,0.3233465234595817,1.0,0.9427844882390336,0.916083916083916,1.0,0.5360755225893459,1.0,0.088334457181389,0.1928523263654754,4.516978025436401,0.04,19.87625527381897,4.1529858112335205
6e9sq,0.1146814404432133,0.9619108190233906,0.0306424803064248,0.0466384444284996,1.0,0.9266167460857726,0.9422222222222222,1.0,0.0608286805759623,1.0,0.0155744930943285,0.0238759917719659,0.1131735697465022,0.9619081272084804,0.0270328876039031,0.0457839971295299,0.9879081015719468,0.9266117502893322,0.8348214285714286,0.984567901234568,0.0600249797957534,1.0,0.013738887664389,0.0234369260157225,0.1146814404432133,0.9619108190233906,0.0290525402905254,0.0466384444284996,1.0,0.9266167460857726,0.8933333333333333,1.0,0.0608286805759623,1.0,0.014766382603585,0.0238759917719659,4.7991578578948975,1.04,46.26456332206726,35.413334608078
6eajt,0.0961095469669823,0.9640670057998252,N/A,0.0459709726144348,1.0,0.9306267984486426,N/A,1.0,0.0504806076493916,1.0,N/A,0.0235262485716206,0.0959938563931908,0.9640646771005476,N/A,0.0453201970443349,1.0,0.9306224585548952,N/A,0.988538681948424,0.0504167787039526,1.0,N/A,0.0231917182038182,0.0961095469669823,0.9640670057998252,N/A,0.0459709726144348,1.0,0.9306267984486426,N/A,1.0,0.0504806076493916,1.0,N/A,0.0235262485716206,5.651122331619263,1.38,N/A,33.186495780944824
6ec0y,0.4449848024316108,0.960931630353118,0.2153310104529616,0.188385269121813,1.0,0.9248011569052784,0.9903846153846154,1.0,0.2861610633307271,1.0,0.1207974980453479,0.1039874902267396,0.4409975669099756,0.9609169485155956,0.204323570432357,0.1828490432317505,0.9917920656634748,0.9247739602169982,0.9421221864951768,0.9735849056603774,0.2835353930387172,1.0,0.114587407117716,0.100899491591709,0.4449848024316108,0.960931630353118,0.2132404181184669,0.188385269121813,1.0,0.9248011569052784,0.9807692307692308,1.0,0.2861610633307271,1.0,0.1196247068021892,0.1039874902267396,4.302725076675415,0.11,52.252853870391846,8.424333572387695
6ee7i,0.3620422898401237,0.9582139085834968,0.1069739952718676,0.1195973949082297,1.0,0.9197799015348972,0.8701923076923077,1.0,0.2210327455919395,1.0,0.0569899244332493,0.0636020151133501,0.3575851393188854,0.9582012977214424,0.0579538734476641,0.1119668246445497,0.9885877318116976,0.9197566628041716,0.4734299516908212,0.9402985074626866,0.218267716535433,1.0,0.0308661417322834,0.0595275590551181,0.3620422898401237,0.9582139085834968,0.0768321513002364,0.1195973949082297,1.0,0.9197799015348972,0.625,1.0,0.2210327455919395,1.0,0.0409319899244332,0.0636020151133501,3.9173192977905273,0.13,28.137826204299927,5.61157751083374
6eegg,0.4531346989447548,0.956989247311828,0.1949458483754512,0.4346733668341708,1.0,0.9175257731958762,0.9712230215827338,1.0,0.2929373996789727,1.0,0.1083467094703049,0.2776886035313001,0.4350528278433809,0.95695618754804,0.1764280549530007,0.4276729559748428,0.9615384615384616,0.9174649963154016,0.8840579710144928,0.9855072463768116,0.2811244979919678,1.0,0.0979919678714859,0.2730923694779116,0.4531346989447548,0.956989247311828,0.1646209386281588,0.4346733668341708,1.0,0.9175257731958762,0.8201438848920863,1.0,0.2929373996789727,1.0,0.0914927768860353,0.2776886035313001,2.2974865436553955,0.06,19.627103328704838,4.39320969581604
6ef8p,0.1129629629629629,0.9619257394587792,0.1269841269841269,0.0797738693467336,1.0,0.9266444377083964,0.9497716894977168,1.0,0.0598626104023552,1.0,0.0680405626431141,0.0415439973830552,0.1099444101297097,0.9619137551148884,0.1166768478924862,0.0773098680075424,0.978021978021978,0.9266221952698606,0.8761467889908257,0.9761904761904762,0.0582460732984293,1.0,0.0625,0.0402486910994764,0.1129629629629629,0.9619257394587792,0.1214896214896215,0.0797738693467336,1.0,0.9266444377083964,0.908675799086758,1.0,0.0598626104023552,1.0,0.0650964998364409,0.0415439973830552,1.5318889617919922,0.13,43.59996509552002,2.601686477661133
6efjj,0.1834969611968209,0.96732432937076,N/A,0.0589484201323841,1.0,0.9367164898746384,N/A,1.0,0.101016600180157,1.0,N/A,0.0303693218376013,0.18260462941314,0.9673202614379084,N/A,0.0579637726420986,0.9961734693877552,0.9367088607594936,N/A,0.9872340425531916,0.1005148005148005,1.0,N/A,0.0298584298584298,0.1834969611968209,0.96732432937076,N/A,0.0574497314849506,1.0,0.9367164898746384,N/A,0.9745762711864406,0.101016600180157,1.0,N/A,0.0295972204349504,4.674287557601929,0.45,N/A,22.49804639816284
6efm9,0.2931461601981833,0.96195462478185,0.1074040219378427,0.175639894086496,1.0,0.9266980497646268,0.9710743801652892,1.0,0.1717464925012095,1.0,0.0568456700532172,0.0962747943880019,0.2891367203634862,0.9619457698126382,0.0960219478737997,0.1704194260485651,0.9873060648801129,0.9266816143497758,0.8713692946058091,0.9722921914357684,0.1693684974594725,1.0,0.0508105492378417,0.0933946285990805,0.2931461601981833,0.96195462478185,0.103290676416819,0.175639894086496,1.0,0.9266980497646268,0.9338842975206612,1.0,0.1717464925012095,1.0,0.0546686018384131,0.0962747943880019,4.640160083770752,0.23,42.62334585189819,10.673423051834106
6egkh,0.2619296412399861,0.956121862425752,0.1179564237415477,0.1620626151012891,1.0,0.9159324522760646,0.940119760479042,1.0,0.1507014028056112,1.0,0.0629258517034068,0.0881763527054108,0.2488672011153712,0.9561050412114244,0.0548872180451127,0.1570217471433837,0.952,0.9159015791406536,0.4397590361445783,0.9726027397260274,0.1431435445068163,1.0,0.0292702485966319,0.0854049719326383,0.2619296412399861,0.956121862425752,0.0743801652892561,0.1620626151012891,1.0,0.9159324522760646,0.592814371257485,1.0,0.1507014028056112,1.0,0.0396793587174348,0.0881763527054108,2.4560513496398926,0.12,27.585684776306152,6.432762384414673
6ehcj,0.7471435668156979,0.9524169184290032,0.2744565217391305,0.3739522888459058,1.0,0.9091564527757752,0.957345971563981,1.0,0.5963521015067407,1.0,0.1601903251387787,0.2299762093576526,0.7379413227250123,0.9523809523809524,0.2476190476190476,0.3666881859264041,0.9880159786950732,0.9090909090909092,0.8666666666666667,0.9826989619377162,0.5888888888888889,1.0,0.1444444444444444,0.2253968253968254,0.7471435668156979,0.9524169184290032,0.2581521739130435,0.3739522888459058,1.0,0.9091564527757752,0.9004739336492891,1.0,0.5963521015067407,1.0,0.1506740681998414,0.2299762093576526,4.5263261795043945,0.05,20.89315676689148,5.223470211029053
6eivt,0.1764248416842573,0.9635456413266804,N/A,0.1006711409395973,1.0,0.9296556411418216,N/A,1.0,0.0967466796637017,1.0,N/A,0.0530035335689045,0.1751305700633403,0.9635413608876886,N/A,0.0988425925925925,0.9936948297604036,0.9296476719157132,N/A,0.9838709677419356,0.0960272970996831,1.0,N/A,0.0520350962710212,0.1764248416842573,0.9635456413266804,N/A,0.1006711409395973,1.0,0.9296556411418216,N/A,1.0,0.0967466796637017,1.0,N/A,0.0530035335689045,4.549901485443115,0.48,N/A,11.15626835823059
6ejho,0.1444321940463065,0.964147610636368,N/A,0.0541477984391559,1.0,0.9307770301410268,N/A,1.0,0.0778371954842543,1.0,N/A,0.0278272925331748,0.135453041720272,0.9641441871568394,N/A,0.0531945649031512,0.9388535031847134,0.9307706489675516,N/A,0.9857142857142858,0.0729919778151926,1.0,N/A,0.0273348519362186,0.1436971701580301,0.964147610636368,N/A,0.0541477984391559,0.9949109414758268,0.9307770301410268,N/A,1.0,0.0774410774410774,1.0,N/A,0.0278272925331748,4.553049087524414,0.81,N/A,7.886327743530273
6ekqr,0.2768999247554552,0.9617807643847124,0.3753541076487252,0.4141274238227146,1.0,0.9263754045307444,0.99250936329588,1.0,0.1606986899563318,1.0,0.2314410480349345,0.2611353711790393,0.2712886209495102,0.9617486338797814,0.3631205673758865,0.4049930651872399,0.9836065573770492,0.9263157894736842,0.962406015037594,0.9798657718120806,0.1573426573426573,1.0,0.2237762237762237,0.2552447552447552,0.2768999247554552,0.9617807643847124,0.3286118980169971,0.4141274238227146,1.0,0.9263754045307444,0.8689138576779026,1.0,0.1606986899563318,1.0,0.2026200873362445,0.2611353711790393,2.057735681533813,0.05,31.59649109840393,6.4519126415252686
6elbs,0.1153846153846153,0.9777593016004988,N/A,0.2480446927374301,1.0,0.9564863765758438,N/A,1.0,0.0612244897959183,1.0,N/A,0.1415816326530612,0.1082598235765838,0.9777500519858598,N/A,0.2437569884457696,0.944055944055944,0.9564686737184704,N/A,0.9849397590361446,0.0574223734581029,1.0,N/A,0.1390897490429604,0.1153846153846153,0.9777593016004988,N/A,0.2480446927374301,1.0,0.9564863765758438,N/A,1.0,0.0612244897959183,1.0,N/A,0.1415816326530612,1.1348206996917725,0.08,N/A,6.394927024841309
6elc0,0.1131461131461131,0.9548918640576723,0.1451934583167131,0.3092633114514952,1.0,0.9136775719353568,0.9629629629629628,1.0,0.0599654874892148,1.0,0.0785159620362381,0.182916307161346,0.1059063136456211,0.9548732742633422,0.1325349301397205,0.3051094890510949,0.9420289855072465,0.9136435331230284,0.8829787234042553,0.9881796690307328,0.0561070349589987,1.0,0.0716443677168752,0.1804056970220112,0.1123321123321123,0.9548918640576723,0.1340247307538891,0.3092633114514952,0.9928057553956836,0.9136775719353568,0.8888888888888888,1.0,0.0595340811044003,1.0,0.0724762726488352,0.182916307161346,1.3997654914855957,0.11,35.08616256713867,7.929701089859009
6elmv,0.7413010590015129,0.9700738437621452,0.173469387755102,0.507177033492823,1.0,0.94188679245283,0.9596774193548387,1.0,0.5889423076923077,1.0,0.0953525641025641,0.3397435897435897,0.7410398788490662,0.970050563982886,0.1605839416058394,0.4970059880239521,1.0,0.9418429003021148,0.8943089430894309,0.9810874704491724,0.5886126704089816,1.0,0.0882117080994386,0.3327987169206094,0.7413010590015129,0.9700738437621452,0.1661807580174927,0.507177033492823,1.0,0.94188679245283,0.9193548387096774,1.0,0.5889423076923077,1.0,0.0913461538461538,0.3397435897435897,4.604743957519531,0.05,18.89648199081421,7.78080940246582
6em23,0.2231979509696304,0.9654075546719684,0.2149669845928099,0.2244972577696526,1.0,0.9331283627978478,0.9832214765100672,1.0,0.1256177924217462,1.0,0.1206754530477759,0.1264415156507413,0.2057854265836689,0.9653937947494032,0.2055800293685755,0.2202707647274057,0.924342105263158,0.9331026528258364,0.9427609427609428,0.9836601307189542,0.1157807993407498,1.0,0.11536876802637,0.1240214256283477,0.2231979509696304,0.9654075546719684,0.1870873074101247,0.2244972577696526,1.0,0.9331283627978478,0.8557046979865772,1.0,0.1256177924217462,1.0,0.1050247116968698,0.1264415156507413,2.3084709644317627,0.13,54.29996180534363,3.7294461727142334
6eo2d,0.0477339769375167,0.9614368726888536,0.196039603960396,0.1342901076371091,1.0,0.9257375381485248,0.99,1.0,0.0244505494505494,1.0,0.1087912087912088,0.0719780219780219,0.0440032197477864,0.9614266842800528,0.1892025755324418,0.1302564102564102,0.9318181818181818,0.9257186466547952,0.9573934837092732,0.9731800766283524,0.0225336630942566,1.0,0.104973893926903,0.0697993954383072,0.0477339769375167,0.9614368726888536,0.1955445544554455,0.1199384930804715,1.0,0.9257375381485248,0.9875,0.8931297709923665,0.0244505494505494,1.0,0.1085164835164835,0.0642857142857142,0.999359130859375,0.17,59.658385038375854,3.913986206054688
6eoqg,0.2689556509298998,0.9649122807017544,0.1869857890800299,0.5034013605442177,1.0,0.9322033898305084,0.984251968503937,1.0,0.1553719008264462,1.0,0.1033057851239669,0.3363636363636363,0.2507163323782235,0.9648842777334398,0.1677902621722846,0.4965944272445819,0.9358288770053476,0.9321511179645336,0.8888888888888888,0.9876847290640394,0.1447477253928867,1.0,0.0926385442514474,0.3316790736145575,0.2689556509298998,0.9649122807017544,0.1660433807030665,0.5034013605442177,1.0,0.9322033898305084,0.8740157480314961,1.0,0.1553719008264462,1.0,0.0917355371900826,0.3363636363636363,1.551316261291504,0.05,20.07278633117676,11.585354804992676
6ep0h,0.3283381793782151,0.9582051282051284,N/A,0.1211664152840623,1.0,0.9197637213881368,N/A,1.0,0.1964142360181964,1.0,N/A,0.0644902328070645,0.3280375923025285,0.958194408822775,N/A,0.1182092555331991,1.0,0.9197439684884292,N/A,0.9791666666666666,0.1961991434689507,1.0,N/A,0.0629014989293361,0.3283381793782151,0.9582051282051284,N/A,0.1211664152840623,1.0,0.9197637213881368,N/A,1.0,0.1964142360181964,1.0,N/A,0.0644902328070645,4.77080225944519,0.21,N/A,6.83370566368103
6epli,0.2103821394329544,0.9682104483141905,0.0616113744075829,0.0917190010223455,1.0,0.938379775926458,0.9497716894977168,1.0,0.117557018215215,1.0,0.031838359099954,0.0480636767181999,0.2024934922592136,0.9682057363077152,0.0562962962962962,0.0897005113221329,0.9634941329856584,0.9383709237178566,0.8715596330275229,0.9808306709265175,0.1131353337415799,1.0,0.0290875688916105,0.0469993876301286,0.2103821394329544,0.9682104483141905,0.0598341232227488,0.0917190010223455,1.0,0.938379775926458,0.9223744292237442,1.0,0.117557018215215,1.0,0.0309199448951477,0.0480636767181999,4.721179008483887,0.43,40.39884257316589,8.670013189315796
6eqt9,0.2166054786783394,0.9553706505295008,0.0871802633570455,0.120815354857908,1.0,0.9145546705286024,0.9863013698630136,1.0,0.1214568487727632,1.0,0.045605700712589,0.0642913697545526,0.2104519774011299,0.9553638977152368,0.0844814534443603,0.1163863670189016,0.9725848563968668,0.914542294322132,0.9587628865979382,0.965432098765432,0.1179917643332277,1.0,0.0441875197972758,0.0619258789990497,0.2166054786783394,0.9553706505295008,0.064174360526714,0.120815354857908,1.0,0.9145546705286024,0.726027397260274,1.0,0.1214568487727632,1.0,0.0335708630245447,0.0642913697545526,5.117461681365967,0.44,59.409358739852905,8.776938676834106
6erc0,0.2775250227479527,0.9491100526447732,N/A,0.1988582302568982,1.0,0.903148854961832,N/A,1.0,0.1611199154780771,1.0,N/A,0.1104067617538299,0.261384335154827,0.9490845247052924,N/A,0.1923809523809523,0.944078947368421,0.9031026252983294,N/A,0.971153846153846,0.15169133192389,1.0,N/A,0.1067653276955602,0.2775250227479527,0.9491100526447732,N/A,0.1988582302568982,1.0,0.903148854961832,N/A,1.0,0.1611199154780771,1.0,N/A,0.1104067617538299,2.927420139312744,0.08,N/A,2.521366834640503
6erh1,0.4680206123067596,0.9670876387294298,N/A,0.2709544988026001,1.0,0.9362726935902186,N/A,1.0,0.3055005935892362,1.0,N/A,0.1567075583696082,0.4610251744009707,0.9670750382848392,N/A,0.2642930503252311,0.9857328145265888,0.9362490733876946,N/A,0.9772151898734176,0.3008709422011085,1.0,N/A,0.1528107680126682,0.4680206123067596,0.9670876387294298,N/A,0.2709544988026001,1.0,0.9362726935902186,N/A,1.0,0.3055005935892362,1.0,N/A,0.1567075583696082,4.270807981491089,0.12,N/A,6.505205869674683
6erhk,0.1289831797819288,0.9596809156334,0.0448525516510683,0.0747956166289789,1.0,0.9224870811801968,0.9844961240310076,1.0,0.0689374774123599,1.0,0.0229490422840621,0.0388507408745934,0.1278214557443571,0.9596774193548387,0.0429176969268809,0.0732428670842032,0.9921259842519684,0.9224806201550388,0.9455252918287936,0.9813519813519812,0.0683111954459203,1.0,0.02195716996476,0.0380410228607572,0.1289831797819288,0.9596809156334,0.0448525516510683,0.0603583231866411,1.0,0.9224870811801968,0.9844961240310076,0.8069767441860465,0.0689374774123599,1.0,0.0229490422840621,0.0313516443801951,4.676041126251221,0.84,57.86427187919617,10.650646924972534
6eryx,0.3769708552317248,0.9650568181818182,N/A,0.1642799243447716,1.0,0.9324732363436729,N/A,1.0,0.2322637621430674,1.0,N/A,0.0894907271121577,0.3594646271510516,0.9650468883205456,N/A,0.1584211949175453,0.9543147208121828,0.9324546952224052,N/A,0.966996699669967,0.221436984687868,1.0,N/A,0.0862779740871613,0.3521261347348304,0.9650568181818182,N/A,0.1642799243447716,0.9340937896070975,0.9324732363436729,N/A,1.0,0.2169561377686193,1.0,N/A,0.0894907271121577,4.713895559310913,0.18,N/A,7.190971612930298
6eslq,0.3746505125815471,0.9569272976680384,0.2053388090349076,0.2348178137651822,1.0,0.9174118884797476,0.9803921568627452,1.0,0.2305045871559633,1.0,0.1146788990825688,0.1330275229357798,0.3740671641791045,0.956903650837222,0.1901336073997944,0.2249240121580547,1.0,0.9173684210526316,0.9113300492610836,0.961038961038961,0.2300631095811818,1.0,0.1061388410786001,0.1273666092943201,0.3746505125815471,0.9569272976680384,0.1498973305954825,0.2348178137651822,1.0,0.9174118884797476,0.7156862745098039,1.0,0.2305045871559633,1.0,0.0837155963302752,0.1330275229357798,2.506763458251953,0.08,44.014936208724976,4.148153066635132
6euld,0.1480964719952162,0.9634468813190232,N/A,0.0872876994338651,1.0,0.9294717887154862,N/A,1.0,0.0799698633085781,1.0,N/A,0.0456355612958777,0.1471291866028708,0.9634430904848328,N/A,0.0840111191187068,0.9946091644204852,0.9294647323661832,N/A,0.9645390070921984,0.0794402583423035,1.0,N/A,0.0439181916038751,0.1480964719952162,0.9634468813190232,N/A,0.0804940813175501,1.0,0.9294717887154862,N/A,0.9221698113207548,0.0799698633085781,1.0,N/A,0.0420837369497363,4.587975978851318,0.59,N/A,28.28286600112915
6euri,0.3942565100997809,0.9526422177302916,N/A,0.1012949640287769,1.0,0.909567135373587,N/A,1.0,0.2455289481661109,1.0,N/A,0.0533494998484389,0.3866569271974677,0.9526285384171,N/A,0.0978980708321336,0.9814585908529048,0.909542195256481,N/A,0.9714285714285714,0.2407519708914493,1.0,N/A,0.0515463917525773,0.3942565100997809,0.9526422177302916,N/A,0.1012949640287769,1.0,0.909567135373587,N/A,1.0,0.2455289481661109,1.0,N/A,0.0533494998484389,4.563000679016113,0.19,N/A,3.1161885261535645
6evf9,0.2906131938390003,0.9598563968668408,0.1305863708399366,0.1543771572011295,1.0,0.9228114213994352,0.9626168224299064,1.0,0.1700102006120367,1.0,0.0700442026521591,0.083645018701122,0.2849665600465251,0.9598432908912832,0.0742150333016175,0.1500784929356358,0.9819639278557114,0.9227871939736346,0.5492957746478874,0.9755102040816328,0.1666666666666666,1.0,0.0397959183673469,0.0812925170068027,0.2877070619006103,0.9598563968668408,0.0855784469096671,0.1543771572011295,0.99,0.9228114213994352,0.6308411214953271,1.0,0.1683100986059163,1.0,0.0459027541652499,0.083645018701122,3.0321011543273926,0.12,31.01591110229492,3.4195377826690674
6evno,0.1471790678659035,0.9481171548117154,0.2599388379204893,0.3779527559055118,1.0,0.9013524264120922,0.9714285714285714,1.0,0.0794351279788173,1.0,0.1500441306266549,0.233009708737864,0.1441441441441441,0.948073701842546,0.2496171516079632,0.371326164874552,0.9887640449438202,0.9012738853503184,0.9367816091954024,0.9847908745247148,0.07773851590106,1.0,0.1439929328621908,0.2287985865724381,0.1471790678659035,0.9481171548117154,0.2538226299694189,0.3779527559055118,1.0,0.9013524264120922,0.9485714285714286,1.0,0.0794351279788173,1.0,0.146513680494263,0.233009708737864,0.8546340465545654,0.05,24.16697883605957,3.212683916091919
6ewd3,0.2282929710572947,0.9582301733088412,0.0465267610216365,0.0839853105540475,1.0,0.9198098742716958,0.9662162162162162,0.9962121212121212,0.1288548091348558,1.0,0.0238373062177029,0.0438406401066844,0.2259970457902511,0.9582235002795751,0.0429617575264442,0.0808177607410956,0.9909326424870466,0.9197975770587332,0.8979591836734694,0.9619771863117872,0.1275425141713904,1.0,0.0220073357785928,0.0421807269089696,0.2282929710572947,0.9582301733088412,0.0465267610216365,0.0839853105540475,1.0,0.9198098742716958,0.9662162162162162,0.9962121212121212,0.1288548091348558,1.0,0.0238373062177029,0.0438406401066844,4.597204208374023,0.32,35.3153350353241,14.348680019378662
6eyn7,0.1607227769852592,0.9468788249694003,0.184543325526932,0.2982842058952926,1.0,0.899116689911669,0.9800995024875622,1.0,0.0873836608066184,1.0,0.1018614270941054,0.1752843846949328,0.1542122798667301,0.946852804310556,0.1715893108298171,0.2941435490973139,0.9642857142857144,0.8990697674418605,0.915,0.9881656804733728,0.0838075530263838,1.0,0.0946714950853595,0.1727884117951371,0.1607227769852592,0.9468788249694003,0.1733021077283372,0.2982842058952926,1.0,0.899116689911669,0.9203980099502488,1.0,0.0873836608066184,1.0,0.0956566701137538,0.1752843846949328,1.368830680847168,0.09,27.957946062088013,8.007333517074585
6eyyq,0.1394538059267867,0.957535885167464,0.2254143646408839,0.3562628336755647,1.0,0.9185312679288584,0.9760765550239234,1.0,0.0749531542785758,1.0,0.127420362273579,0.2167395377888819,0.1314717859220477,0.957510472770796,0.2146017699115044,0.3473792394655704,0.9495798319327732,0.9184845005740528,0.9326923076923076,0.976878612716763,0.070625,1.0,0.12125,0.21125,0.1394538059267867,0.957535885167464,0.2143646408839779,0.3562628336755647,1.0,0.9185312679288584,0.9282296650717704,1.0,0.0749531542785758,1.0,0.1211742660836976,0.2167395377888819,0.9728384017944336,0.1,35.79739236831665,6.68047833442688
6ezbh,0.0917683656377123,0.962813160277694,0.0067478912839737,0.032687800666091,1.0,0.928292881671614,0.9642857142857144,1.0,0.0480907893911844,1.0,0.0033857922126779,0.0166154617844378,0.0911810458298432,0.9628109152378652,0.0056239455102168,0.0315815445349124,0.9947780678851176,0.9282887077997672,0.8181818181818182,0.9696969696969696,0.0477802859292701,1.0,0.0028216704288939,0.0160521695510408,0.0917683656377123,0.962813160277694,0.0067478912839737,0.0317009991365486,1.0,0.928292881671614,0.9642857142857144,0.969811320754717,0.0480907893911844,1.0,0.0033857922126779,0.0161138629381152,4.95335841178894,1.65,12.592367887496948,35.36611604690552
6f04j,0.390399216262552,0.966470588235294,0.1922548750343312,0.2347569164652162,1.0,0.9351166761525328,0.9859154929577464,1.0,0.2425441265976871,1.0,0.1065124771758977,0.1329884357881923,0.3876500857632933,0.9664607237422772,0.1863149216817806,0.2289707067992475,0.993718592964824,0.9350982066609737,0.9576271186440678,0.9770642201834864,0.2407914764079147,1.0,0.1031963470319634,0.1296803652968036,0.390399216262552,0.966470588235294,0.1719307882449876,0.2062852538275584,1.0,0.9351166761525328,0.8816901408450705,0.8787185354691075,0.2425441265976871,1.0,0.0952525867315885,0.1168594035301278,4.477155685424805,0.15,55.923218727111816,11.225002765655518
6f064,0.1584956346541303,0.9607568325157674,0.0281421416646792,0.11070280202113,1.0,0.9244774106540796,0.7375,1.0,0.0860685630926331,1.0,0.0143447605154388,0.0585946997325553,0.1522956326987682,0.9607476635514018,0.0081126222858506,0.1075367647058823,0.963172804532578,0.9244604316546764,0.2151898734177215,0.975,0.0826848249027237,1.0,0.0041342412451361,0.0569066147859922,0.1584956346541303,0.9607568325157674,0.0228953016932983,0.1005971520440973,1.0,0.9244774106540796,0.6,0.908713692946058,0.0860685630926331,1.0,0.011670313639679,0.0532458059810357,2.334033966064453,0.21,14.00895357131958,4.281630516052246
6f0la,0.1084967320261438,0.9500984898227184,0.2793164407778432,0.2966450853443201,1.0,0.9049405878674172,0.948,1.0,0.0573600552868002,1.0,0.1637871458189357,0.1741534208707671,0.1007853403141361,0.9500657030223392,0.2489675516224188,0.2887448438420742,0.9390243902439024,0.904881101376721,0.8473895582329317,0.9760956175298804,0.0532503457814661,1.0,0.1459197786998617,0.169432918395574,0.1084967320261438,0.9500984898227184,0.2474955804360636,0.2966450853443201,1.0,0.9049405878674172,0.84,1.0,0.0573600552868002,1.0,0.1451278507256392,0.1741534208707671,0.9435288906097412,0.06,36.47301936149597,5.329290390014648
6f0lm,0.8184196755625327,0.9539501478664976,0.2329192546583851,0.3917378917378917,1.0,0.9119547657512116,0.9433962264150944,1.0,0.6926483613817538,1.0,0.1328609388839681,0.2435783879539415,0.818229439497119,0.9539112050739956,0.2130637636080871,0.3865905848787446,1.0,0.9118835893290218,0.8670886075949367,0.9890510948905108,0.6923758865248227,1.0,0.1214539007092198,0.2402482269503546,0.8184196755625327,0.9539501478664976,0.2034161490683229,0.3917378917378917,1.0,0.9119547657512116,0.8238993710691824,1.0,0.6926483613817538,1.0,0.1160318866253321,0.2435783879539415,4.206839561462402,0.04,23.24574637413025,6.633512496948242
6f0or,0.1953177257525083,0.9473314606741572,0.005878030859662,0.3834631515877771,1.0,0.8999332888592395,0.3333333333333333,1.0,0.1082283172720533,1.0,0.0029651593773165,0.2372127501853224,0.1835231078365706,0.9472944483485594,0.0014716703458425,0.3755248950209958,0.9448275862068966,0.8998664886515354,0.0909090909090909,0.9811912225705328,0.1016320474777448,1.0,0.0007418397626112,0.2321958456973293,0.1953177257525083,0.9473314606741572,0.005878030859662,0.3834631515877771,1.0,0.8999332888592395,0.3333333333333333,1.0,0.1082283172720533,1.0,0.0029651593773165,0.2372127501853224,1.115257978439331,0.06,3.231527805328369,5.460937976837158
6f0rh,0.073524669461464,0.959370483378834,0.1526202880784554,0.2583090379008746,1.0,0.9219135802469136,0.9021739130434784,1.0,0.0381653833277536,1.0,0.0833612320053565,0.1483093404753933,0.0729267505646982,0.9593574297188754,0.0901563937442502,0.2532088681446908,1.0,0.9218894720592776,0.5345454545454545,0.9819004524886876,0.0378432685867381,1.0,0.0492297387809778,0.145344943067649,0.073524669461464,0.959370483378834,0.0943916641127796,0.2583090379008746,1.0,0.9219135802469136,0.5579710144927537,1.0,0.0381653833277536,1.0,0.0515567458988952,0.1483093404753933,0.9517817497253418,0.15,41.77336049079895,9.412343740463257
6f2u8,0.3644086742678292,0.96249506514015,N/A,0.2169673330082886,0.9987745098039216,0.9277016742770168,N/A,1.0,0.2228602679792179,1.0,N/A,0.1216844407984686,0.3618877208678148,0.9624851915229696,N/A,0.2146341463414634,0.992638036809816,0.9276833291042884,N/A,0.990990990990991,0.2212800875273523,1.0,N/A,0.1203501094091903,0.3644086742678292,0.96249506514015,N/A,0.2169673330082886,0.9987745098039216,0.9277016742770168,N/A,1.0,0.2228602679792179,1.0,N/A,0.1216844407984686,4.682339668273926,0.17,N/A,6.708042621612549
6f310,0.1472128118263012,0.958572339069471,N/A,0.2542077771329077,1.0,0.920440636474908,N/A,1.0,0.0794547872340425,1.0,N/A,0.1456117021276596,0.1392912172573189,0.9585591329295504,N/A,0.2508710801393728,0.9495798319327732,0.9204162840526476,N/A,0.988558352402746,0.0751579647489191,1.0,N/A,0.1436647821749251,0.1472128118263012,0.958572339069471,N/A,0.2542077771329077,1.0,0.920440636474908,N/A,1.0,0.0794547872340425,1.0,N/A,0.1456117021276596,1.6680426597595217,0.13,N/A,8.277801513671875
6f3t7,0.423728813559322,0.9593563028677532,0.1915471112834432,0.3225108225108224,1.0,0.921887390959556,0.9724409448818898,1.0,0.2688172043010752,1.0,0.1062365591397849,0.192258064516129,0.3975576662143826,0.9593395252837978,0.1753977493209157,0.3162454873646209,0.939102564102564,0.9218564061880208,0.8932806324110671,0.9820627802690582,0.2521514629948365,1.0,0.0972461273666093,0.1884681583476764,0.423728813559322,0.9593563028677532,0.1830166731291198,0.3225108225108224,1.0,0.921887390959556,0.9291338582677166,1.0,0.2688172043010752,1.0,0.101505376344086,0.192258064516129,4.074273347854614,0.12,41.851877212524414,5.886918783187866
6f3v0,0.283763277693475,0.9720670391061452,0.2053712480252764,0.4070422535211268,1.0,0.9456521739130436,0.9629629629629628,1.0,0.165340406719717,1.0,0.1149425287356321,0.25552608311229,0.2781155015197568,0.9720430107526882,0.1787974683544304,0.3977433004231311,0.9838709677419356,0.9456066945606696,0.8432835820895522,0.9791666666666666,0.1619469026548672,1.0,0.1,0.2495575221238938,0.283763277693475,0.9720670391061452,0.1848341232227488,0.4070422535211268,1.0,0.9456521739130436,0.8666666666666667,1.0,0.165340406719717,1.0,0.1034482758620689,0.25552608311229,1.2333307266235352,0.03,18.74499535560608,4.960042953491211
6f4kv,0.2647887323943662,0.9563237424963776,N/A,0.0999383096853794,1.0,0.9163030543435144,N/A,1.0,0.1525974025974026,1.0,N/A,0.0525974025974025,0.2618823971444673,0.9563146997929608,N/A,0.0962764863196873,0.9900568181818182,0.916286451100972,N/A,0.9669421487603306,0.1508984628707512,1.0,N/A,0.0506603160857328,0.2647887323943662,0.9563237424963776,N/A,0.0999383096853794,1.0,0.9163030543435144,N/A,1.0,0.1525974025974026,1.0,N/A,0.0525974025974025,4.600971698760986,0.27,N/A,4.842090606689453
6f5e6,0.3021268137547207,0.9661802963465672,0.0523798679116374,0.1076650420912716,1.0,0.9345733041575492,0.9583333333333334,1.0,0.1779442753453523,1.0,0.0269257785062046,0.0568953406696324,0.3010538874527739,0.9661726439642494,0.0464798359535201,0.1006205673758865,0.997364953886693,0.9345589844604948,0.8571428571428571,0.9380165289256198,0.1772833723653396,1.0,0.023887587822014,0.0531615925058548,0.3021268137547207,0.9661802963465672,0.0496470052379867,0.1067789100575985,1.0,0.9345733041575492,0.9083333333333332,0.9917695473251028,0.1779442753453523,1.0,0.0255209552797939,0.0564270662608288,4.668195724487305,0.18,21.353497743606567,9.204061269760132
6f5h6,0.1890109890109889,0.97215667767815,0.1538461538461538,0.3059210526315789,1.0,0.945821854912764,0.9772727272727272,1.0,0.1043689320388349,1.0,0.0834951456310679,0.1805825242718446,0.1856577210734712,0.9721435316336168,0.1405550581915846,0.3037037037037037,0.985981308411215,0.9457969683050068,0.8971428571428571,0.9946091644204852,0.1024769305488101,1.0,0.0762506070908208,0.1792132102962603,0.1890109890109889,0.97215667767815,0.1252236135957066,0.3059210526315789,1.0,0.945821854912764,0.7954545454545454,1.0,0.1043689320388349,1.0,0.0679611650485436,0.1805825242718446,1.5959951877593994,0.04,31.366477966308597,10.394794940948486
6f5qz,0.2273011897307451,0.9592545531554426,0.0731043862631757,0.0890988862639216,1.0,0.921699495360573,0.9772727272727272,1.0,0.1282232426704344,1.0,0.0379724478982691,0.0466266336983398,0.2270591919824616,0.9592476489028214,0.0663265306122449,0.0857528696826468,1.0,0.9216867469879518,0.8904109589041096,0.9657794676806084,0.1280692457163045,1.0,0.0344462109167991,0.0448683978095742,0.2273011897307451,0.9592545531554426,0.0656239374362461,0.0890988862639216,1.0,0.921699495360573,0.8772727272727273,1.0,0.1282232426704344,1.0,0.0340868950900741,0.0466266336983398,4.609564304351807,0.31,37.397862911224365,6.233245372772217
6f5vr,0.2803674719292276,0.961019205172086,0.1352746037596756,0.1564836768192595,1.0,0.9249633967789166,0.9865591397849462,1.0,0.1630391768895924,1.0,0.0726157499010684,0.0848832607835377,0.2797821647379169,0.9610117915557248,0.1286873156342182,0.1517971173143587,0.9987849331713244,0.924949661358228,0.9407008086253368,0.97196261682243,0.162675638234712,1.0,0.0690678804670492,0.0823273302988323,0.2803674719292276,0.961019205172086,0.1349060081091043,0.155389385372971,1.0,0.9249633967789166,0.9838709677419356,0.993006993006993,0.1630391768895924,1.0,0.0724178868223189,0.0842896715472892,4.444025278091431,0.28,59.87014269828797,6.17532753944397
6f710,0.0922266139657444,0.9682380474757606,0.2109158186864014,0.1145833333333333,1.0,0.9384316267012314,0.9855907780979828,1.0,0.048342541436464,1.0,0.1180939226519337,0.0607734806629834,0.087013843111404,0.968227424749164,0.1950015427337241,0.1100977198697068,0.9496402877697842,0.9384116693679092,0.9132947976878611,0.9657142857142856,0.0455958549222797,1.0,0.109153713298791,0.0583765112262521,0.0922266139657444,0.9682380474757606,0.2084489670058587,0.1145833333333333,1.0,0.9384316267012314,0.9740634005763688,1.0,0.048342541436464,1.0,0.1167127071823204,0.0607734806629834,1.1993961334228516,0.11,53.9053840637207,6.194989919662476
6f73y,0.1718319179441932,0.9587599051419976,0.0697512206463613,0.0687405336129558,1.0,0.92078657926897,0.9554140127388536,1.0,0.0939913127413127,1.0,0.0361969111969111,0.0355936293436293,0.1694429123000551,0.9587551339156593,0.061860465116279,0.0668919706327933,0.987146529562982,0.9207777777777778,0.8498402555910544,0.9761904761904762,0.0926752745263666,1.0,0.0320984674791842,0.0346325570170146,0.150435645748318,0.9587599051419976,0.0662636596140432,0.0659443085168356,0.8754813863928113,0.92078657926897,0.9076433121019108,0.9593220338983052,0.0822876447876447,1.0,0.0343870656370656,0.0341457528957529,4.867592096328735,0.61,49.25295042991638,24.527679681777958
6f7bk,0.2270947533281127,0.9625850340136054,0.301123595505618,0.3498542274052478,1.0,0.9278688524590164,0.9901477832512317,1.0,0.1280918727915194,1.0,0.1775618374558304,0.2120141342756183,0.2243137254901961,0.9625531914893616,0.2880720180045011,0.3445255474452555,0.9930555555555556,0.9278096800656276,0.9504950495049505,0.98744769874477,0.1264367816091954,1.0,0.169761273209549,0.2086648983200707,0.2270947533281127,0.9625850340136054,0.299625468164794,0.3498542274052478,1.0,0.9278688524590164,0.9852216748768472,1.0,0.1280918727915194,1.0,0.1766784452296819,0.2120141342756183,1.103947639465332,0.04,30.80806946754456,6.218231201171875
6f80c,0.6411764705882353,0.9579383886255924,0.2627345844504021,0.1593625498007968,1.0,0.9192723138146676,0.9879032258064516,1.0,0.4718614718614718,1.0,0.1515151515151515,0.0865800865800865,0.6383515559293523,0.957913455838767,0.2447665056360708,0.1572649572649573,0.9960629921259844,0.919226393629124,0.9230769230769232,0.9928057553956836,0.4696782178217821,1.0,0.141089108910891,0.0853960396039604,0.6411764705882353,0.9579383886255924,0.2563002680965148,0.1593625498007968,1.0,0.9192723138146676,0.9637096774193548,1.0,0.4718614718614718,1.0,0.1478045763760049,0.0865800865800865,4.627438545227051,0.09,43.15691447257996,1.7962169647216797
6f8mp,0.270881521459779,0.9586776859504132,0.177982147687314,0.2077783697389451,1.0,0.9206349206349206,0.987987987987988,1.0,0.1566587395957193,1.0,0.0978002378121284,0.1159334126040428,0.2622782206222679,0.9586659064994298,0.171041948579161,0.2041577825159914,0.9695817490494296,0.9206131946345468,0.9518072289156626,0.9845758354755784,0.151650312221231,1.0,0.0939637228664882,0.1138864109426107,0.2657414546389103,0.9586776859504132,0.1763592101704084,0.2077783697389451,0.9810246679316889,0.9206349206349206,0.978978978978979,1.0,0.1536860879904875,1.0,0.0969084423305588,0.1159334126040428,3.2797048091888428,0.18,54.822580337524414,4.782944917678833
6f8tw,0.0804143802246269,0.9644173043724718,0.0238560194225998,0.0450201075886562,1.0,0.931279856687898,0.9741379310344828,0.9976851851851852,0.0418915308576008,1.0,0.0120758749666043,0.0230296553566657,0.0798071498179207,0.964415470638254,0.0212193190815518,0.0443980151475581,0.9936143039591316,0.9312764369246082,0.8701298701298701,0.9860788863109048,0.0415731537886074,1.0,0.0107406219942289,0.0227102703858074,0.0804143802246269,0.9644173043724718,0.0220615400855016,0.0450201075886562,1.0,0.931279856687898,0.9008620689655172,0.9976851851851852,0.0418915308576008,1.0,0.0111675126903553,0.0230296553566657,4.714306831359863,2.05,40.86777210235596,45.69860219955444
6f9lx,0.5570680628272251,0.9540733902607892,0.1922236784622105,0.3276699029126214,1.0,0.912180052956752,0.990990990990991,1.0,0.386066763425254,1.0,0.1064344460570875,0.1959361393323657,0.5497729654208872,0.9540521819441238,0.1827721906427634,0.3206477732793523,0.9874529485570892,0.9121412803532007,0.9457013574660632,0.9801980198019802,0.3809293320425944,1.0,0.1011616650532429,0.1916747337850919,0.5570680628272251,0.9540733902607892,0.1861074705111402,0.3276699029126214,1.0,0.912180052956752,0.9594594594594594,1.0,0.386066763425254,1.0,0.1030478955007256,0.1959361393323657,4.60132622718811,0.11,33.871198892593384,10.646908521652222
6fay7,0.32398753894081,0.9513704686118478,0.2394822006472491,0.3420647149460709,1.0,0.9072512647554806,0.925,1.0,0.1933085501858736,1.0,0.137546468401487,0.2063197026022304,0.3182527301092043,0.9513274336283186,0.2139384116693679,0.3317901234567901,0.9855072463768116,0.9071729957805909,0.8301886792452831,0.9728506787330315,0.1897674418604651,1.0,0.1227906976744186,0.2,0.32398753894081,0.9513704686118478,0.1682847896440129,0.3420647149460709,1.0,0.9072512647554806,0.65,1.0,0.1933085501858736,1.0,0.0966542750929368,0.2063197026022304,1.532477855682373,0.07,22.29888367652893,3.9368772506713863
6fazb,0.3451481696687972,0.9642796681902828,0.2046599496221662,0.213860144245845,1.0,0.9310232101994116,0.9908536585365854,1.0,0.208567415730337,1.0,0.1141151685393258,0.1197331460674157,0.3360465116279069,0.964267569856054,0.1965973534971644,0.2096015061186068,0.9747048903878583,0.9310006540222368,0.9541284403669724,0.9823529411764704,0.2030207235686687,1.0,0.1095890410958904,0.117316473480857,0.3451481696687972,0.9642796681902828,0.1819899244332493,0.213860144245845,1.0,0.9310232101994116,0.8810975609756098,1.0,0.208567415730337,1.0,0.1014747191011236,0.1197331460674157,3.335381507873535,0.12,48.49801826477051,5.595696687698364
6fc9s,0.0251916107183173,0.960386026756046,0.0344113995151658,0.0518140788933825,1.0,0.9237909949972208,0.9897959183673468,1.0,0.0127564835429327,1.0,0.0175100788254407,0.0265960647451711,0.0250757620773664,0.9603837373941688,0.0332328070486665,0.0504132715868456,1.0,0.9237867585746844,0.9590443686006824,0.9750566893424036,0.0126970754603442,1.0,0.0169093753760982,0.025875556625346,0.0251916107183173,0.960386026756046,0.0342931472831549,0.0518140788933825,1.0,0.9237909949972208,0.9863945578231292,1.0,0.0127564835429327,1.0,0.0174499067332571,0.0265960647451711,1.7850594520568848,2.0,47.46820831298828,33.57401728630066
6fchh,0.3082010582010582,0.9528776308437326,0.1586280814576634,0.2055419151175026,1.0,0.9099964425471364,0.921161825726141,1.0,0.1821735731039875,1.0,0.0867865519937451,0.1145426114151681,0.2978160158835208,0.9528600708030556,0.1372899535216303,0.1993681993681993,0.967741935483871,0.9099644128113878,0.8,0.9726027397260274,0.1759874853343762,1.0,0.0750879937426671,0.1110676574110285,0.3082010582010582,0.9528776308437326,0.1521972132904608,0.1795861101367941,1.0,0.9099964425471364,0.8838174273858921,0.8737201365187713,0.1821735731039875,1.0,0.0832681782642689,0.1000781860828772,2.7438032627105717,0.1,39.82680630683899,6.259568214416504
6fe0l,0.3153084539223153,0.9600694444444444,0.2885496183206107,0.3492537313432836,1.0,0.9232053422370616,0.9264705882352942,1.0,0.1871609403254973,1.0,0.170886075949367,0.2115732368896926,0.2974828375286041,0.9600347523892268,0.2584097859327217,0.3393124065769806,0.9466019417475728,0.923141186299081,0.8325123152709359,0.9742489270386266,0.1764705882352941,1.0,0.1529411764705882,0.2054298642533936,0.3153084539223153,0.9600694444444444,0.2732824427480916,0.3492537313432836,1.0,0.9232053422370616,0.8774509803921569,1.0,0.1871609403254973,1.0,0.1618444846292947,0.2115732368896926,1.4031763076782229,0.05,29.20377898216248,7.458819389343262
6fe1c,0.6645021645021645,0.9644392340758108,0.2935906271536871,0.3709570957095709,1.0,0.9313207547169812,0.9815668202764976,1.0,0.4975688816855753,1.0,0.1726094003241491,0.2277147487844408,0.6533044420368365,0.9644114196323818,0.2774327122153209,0.3608724388631857,0.9836867862969004,0.9312688821752266,0.9305555555555556,0.975,0.4890510948905109,1.0,0.1630170316301703,0.2214111922141119,0.6645021645021645,0.9644392340758108,0.2853204686423157,0.3709570957095709,1.0,0.9313207547169812,0.9539170506912442,1.0,0.4975688816855753,1.0,0.1677471636952998,0.2277147487844408,3.622457504272461,0.04,31.50189423561096,4.994802951812744
6feje,0.1191078066914498,0.9641006097560976,0.037689026754556,0.0431621287128712,1.0,0.9306894268265764,0.9878048780487804,1.0,0.0633251640445885,1.0,0.0192110048225156,0.0220570796110364,0.1189767995240927,0.9640978733135148,0.0359885209028154,0.0411573572644282,1.0,0.9306843267108168,0.946938775510204,0.9568345323741008,0.0632511068943706,1.0,0.0183428209993674,0.0210309930423782,0.1191078066914498,0.9641006097560976,0.0344319503683598,0.0431621287128712,1.0,0.9306894268265764,0.902439024390244,1.0,0.0633251640445885,1.0,0.0175507945292117,0.0220570796110364,4.576880693435669,1.05,41.52359628677368,8.761718034744263
6fes3,0.3528693528693529,0.9538624712745272,0.1201388888888888,0.1583617747440273,1.0,0.9117945251774248,0.9505494505494504,1.0,0.2142327650111193,1.0,0.0641215715344699,0.0859896219421793,0.3384239462431276,0.953846153846154,0.108408617095205,0.1543715846994535,0.9601386481802426,0.9117647058823528,0.861878453038674,0.9783549783549784,0.2054134223210975,1.0,0.0578420467185761,0.0837968112717834,0.3382173382173382,0.9538624712745272,0.1125,0.1583617747440273,0.9584775086505192,0.9117945251774248,0.8901098901098901,1.0,0.2053372868791697,1.0,0.0600444773906597,0.0859896219421793,3.68956446647644,0.13,30.58893823623657,4.561688184738159
6ffrx,0.4536953242835596,0.9526110388403642,N/A,0.1607463222102619,1.0,0.9095102909865151,N/A,1.0,0.2934061646507998,1.0,N/A,0.0873975809598127,0.4443102927859945,0.9525934188510876,N/A,0.155834829443447,0.9800266311584552,0.9094781682641108,N/A,0.9730941704035876,0.2872755659640905,1.0,N/A,0.0846994535519125,0.4114630467571644,0.9526110388403642,N/A,0.1550053821313239,0.9069148936170212,0.9095102909865151,N/A,0.9642857142857144,0.2660944206008583,1.0,N/A,0.0842762387826765,5.14490008354187,0.13,N/A,3.970083951950073
6fftp,0.4616146607231303,0.9636984176233324,0.3402666666666666,0.2887052341597796,1.0,0.9299401197604792,0.9906832298136646,1.0,0.3000643915003219,1.0,0.2054088860270444,0.1687057308435286,0.4541398116013883,0.9636758770568146,0.3256807261078484,0.277992277992278,0.9849462365591398,0.9298981426003596,0.9501557632398754,0.9655172413793104,0.2951030927835051,1.0,0.196520618556701,0.1623711340206185,0.4616146607231303,0.9636984176233324,0.3402666666666666,0.2887052341597796,1.0,0.9299401197604792,0.9906832298136646,1.0,0.3000643915003219,1.0,0.2054088860270444,0.1687057308435286,3.011688470840454,0.05,45.20048522949219,5.149790525436401
6fg97,0.1393079772337158,0.9609032378464124,0.020366990104717,0.0642857142857143,1.0,0.9247485632183908,0.954954954954955,1.0,0.0748689065838026,1.0,0.0102932608273451,0.033210332103321,0.1308394325472124,0.9608995893990296,0.0186412991255885,0.0627937582252303,0.9402597402597402,0.9247418051189942,0.8818181818181818,0.9794721407624634,0.070311741283869,1.0,0.0094202194814023,0.0324366320287462,0.1382238684614689,0.9609032378464124,0.020366990104717,0.0642857142857143,0.9922178988326849,0.9247485632183908,0.954954954954955,1.0,0.0742862691784812,1.0,0.0102932608273451,0.033210332103321,4.963316679000855,0.78,20.644808769226078,16.052541971206665
6fgh8,0.0728232189973614,0.9577760293731972,0.3553756185335132,0.1875930521091811,1.0,0.91897332662305,0.9949622166246852,1.0,0.0377875136911281,1.0,0.2163198247535596,0.1035049288061336,0.0697305863708399,0.9577538703752296,0.3475911751463305,0.1808246398410333,0.9705882352941176,0.918932527693857,0.9747474747474748,0.9680851063829788,0.0361643835616438,1.0,0.2115068493150685,0.0997260273972602,0.0728232189973614,0.9577760293731972,0.3436797121007647,0.1875930521091811,1.0,0.91897332662305,0.9622166246851386,1.0,0.0377875136911281,1.0,0.2092004381161007,0.1035049288061336,0.68253493309021,0.07,56.15934133529663,4.073008060455322
6fgjh,0.300945179584121,0.95923159018143,0.0636970088228965,0.1864406779661017,1.0,0.9216570959803118,0.9673202614379084,1.0,0.1771250556297285,1.0,0.0329327992879394,0.102803738317757,0.2953857791225416,0.9592228864218616,0.0598493003229278,0.1828825191764231,0.9823899371069182,0.9216410256410256,0.9144736842105264,0.982646420824295,0.1738259514800801,1.0,0.0309370131315379,0.1008235032272423,0.300945179584121,0.95923159018143,0.0555196901226597,0.1864406779661017,1.0,0.9216570959803118,0.8431372549019608,1.0,0.1771250556297285,1.0,0.0287049399198931,0.102803738317757,4.526201248168945,0.25,27.4224054813385,13.978288173675535
6fhfj,0.2847428814279643,0.9577598481252968,N/A,0.3091746962714705,1.0,0.918943533697632,N/A,1.0,0.166005946481665,1.0,N/A,0.1828543111992071,0.264568268821778,0.9577397910731243,N/A,0.3069182389937107,0.9311377245508982,0.9189066059225512,N/A,0.9945652173913044,0.1541893901834407,1.0,N/A,0.181457610312345,0.2847428814279643,0.9577598481252968,N/A,0.3091746962714705,1.0,0.918943533697632,N/A,1.0,0.166005946481665,1.0,N/A,0.1828543111992071,2.315878868103028,0.09,N/A,5.20585560798645
6fhhw,0.4393366307826593,0.94636556104446,N/A,0.2018102581293999,1.0,0.898191560616209,N/A,1.0,0.2815063385533184,1.0,N/A,0.1122296793437733,0.4355167394468704,0.9463466290151782,N/A,0.1985910768198591,0.9920424403183024,0.8981574539363484,N/A,0.9866666666666668,0.279000372995151,1.0,N/A,0.1104065647146587,0.4393366307826593,0.94636556104446,N/A,0.2018102581293999,1.0,0.898191560616209,N/A,1.0,0.2815063385533184,1.0,N/A,0.1122296793437733,4.567787408828735,0.14,N/A,7.271812915802002
6fify,0.3279109589041096,0.9541956760718212,0.1332064700285442,0.1904100069492703,1.0,0.9124036440084092,0.9395973154362416,1.0,0.1961085509472606,1.0,0.07168458781362,0.1052227342549923,0.3237687366167023,0.954184483811851,0.1204188481675392,0.1867902665121668,0.9882352941176472,0.9123831775700936,0.8518518518518519,0.9829268292682928,0.1935979513444302,1.0,0.0647887323943662,0.1032010243277848,0.3279109589041096,0.9541956760718212,0.1274976213130352,0.1857771600648598,1.0,0.9124036440084092,0.8993288590604027,0.975669099756691,0.1961085509472606,1.0,0.0686123911930363,0.1026625704045058,4.775896310806274,0.22,45.62825274467468,11.438967227935793
6fiwz,0.2899965144649704,0.9663186921410282,N/A,0.1816160118606375,1.0,0.9348323170731708,N/A,1.0,0.1695882592743579,1.0,N/A,0.0998777007745617,0.281130101151029,0.9663054187192118,N/A,0.1765578635014836,0.9710843373493976,0.9348074723598933,N/A,0.9754098360655736,0.1643556280587275,1.0,N/A,0.097063621533442,0.2899965144649704,0.9663186921410282,N/A,0.1816160118606375,1.0,0.9348323170731708,N/A,1.0,0.1695882592743579,1.0,N/A,0.0998777007745617,2.5003230571746826,0.09,N/A,4.341490745544434
6fj1m,0.1103319308087891,0.9619228938600668,0.2697872340425531,0.2517301038062284,1.0,0.926639156350298,0.9635258358662614,1.0,0.0583869371598218,1.0,0.156853043047996,0.1439881246907471,0.1048198408984557,0.961904761904762,0.2563884156729131,0.245021645021645,0.9572649572649572,0.926605504587156,0.9176829268292684,0.9758620689655172,0.0554455445544554,1.0,0.149009900990099,0.1400990099009901,0.1103319308087891,0.9619228938600668,0.2638297872340425,0.2517301038062284,1.0,0.926639156350298,0.9422492401215804,1.0,0.0583869371598218,1.0,0.1533894111825828,0.1439881246907471,1.0126042366027832,0.08,49.991252183914185,5.757442951202393
6fjmx,0.0260223048327137,0.9617822858177866,0.1181882519462137,0.2793259883344134,1.0,0.9263782274947662,0.9766081871345028,1.0,0.0131826741996233,1.0,0.0629001883239171,0.1623352165725047,0.025297619047619,0.961768436310926,0.0970254957507082,0.2775616083009078,1.0,0.9263525305410122,0.8058823529411765,0.9953488372093025,0.0128108515448379,1.0,0.0516201959306706,0.161266013564431,0.0260223048327137,0.9617822858177866,0.0955414012738853,0.2793259883344134,1.0,0.9263782274947662,0.7894736842105263,1.0,0.0131826741996233,1.0,0.0508474576271186,0.1623352165725047,0.6380734443664551,0.11,27.60475873947144,7.7205970287323
6fk8c,0.2170798898071625,0.9542907696844588,N/A,0.2986330178759201,1.0,0.9125775521714607,N/A,1.0,0.1217552533992583,1.0,N/A,0.1755253399258343,0.205184776613348,0.9542637946296842,N/A,0.2894736842105263,0.9489795918367347,0.912528216704289,N/A,0.9717314487632508,0.1150278293135436,1.0,N/A,0.1700680272108843,0.2170798898071625,0.9542907696844588,N/A,0.2986330178759201,1.0,0.9125775521714607,N/A,1.0,0.1217552533992583,1.0,N/A,0.1755253399258343,1.426583766937256,0.07,N/A,5.475325584411621
6fktt,0.1478211870773854,0.9618611002731176,0.0387673956262425,0.062481579722959,1.0,0.9265244761815278,0.9798994974874372,1.0,0.0798093499645066,1.0,0.0197748707027684,0.0322482506845147,0.1455945895171895,0.9618573797678276,0.0351958639888645,0.0609216861550555,0.986005089058524,0.926517571884984,0.8939393939393939,0.9779179810725552,0.0786004056795131,1.0,0.0179513184584178,0.0314401622718052,0.1478211870773854,0.9618611002731176,0.0383697813121272,0.062481579722959,1.0,0.9265244761815278,0.9698492462311558,1.0,0.0798093499645066,1.0,0.0195720515160734,0.0322482506845147,4.871815919876099,0.75,36.377665281295776,8.50388789176941
6fld6,0.3608605135322693,0.961595874609852,0.1745173745173745,0.2173584905660377,1.0,0.926032409827496,0.9912280701754386,1.0,0.2201524132091448,1.0,0.0956816257408975,0.121930567315834,0.3605646841009026,0.9615854486222344,0.1679114087046098,0.211427133148754,1.0,0.9260130718954248,0.9560117302052786,0.974477958236659,0.2199322416713721,1.0,0.0920383963862224,0.1185770750988142,0.3608605135322693,0.961595874609852,0.1693693693693694,0.2067924528301886,1.0,0.926032409827496,0.9619883040935672,0.9513888888888888,0.2201524132091448,1.0,0.0928591589048828,0.1160033869602032,4.599300384521484,0.15,53.26613712310791,11.33037805557251
6flm6,0.8300894266175697,0.969485614646905,0.2392494136043784,0.4983119513841998,1.0,0.9407783417935702,0.9161676646706588,1.0,0.7095323741007195,1.0,0.1375899280575539,0.3318345323741007,0.8299104791995786,0.9694589877835952,0.2020360219263899,0.493576741041244,1.0,0.9407281964436918,0.7771084337349398,0.9918478260869564,0.7092709270927092,1.0,0.1161116111611161,0.3285328532853285,0.8300894266175697,0.969485614646905,0.215793588741204,0.4983119513841998,1.0,0.9407783417935702,0.8263473053892215,1.0,0.7095323741007195,1.0,0.1241007194244604,0.3318345323741007,4.201233625411987,0.05,23.39596629142761,6.278879165649414
6flne,0.4905878945844193,0.9580882352941176,0.1241032998565279,0.1795319594830597,1.0,0.9195483415666902,0.9505494505494504,1.0,0.3250191864927091,1.0,0.0663852647735993,0.0986185725249424,0.4833381628513474,0.9580728208900332,0.1062455132806891,0.1747640685075148,0.9858156028368794,0.9195199435227672,0.8176795580110497,0.9765625,0.3201535508637236,1.0,0.0568138195777351,0.0959692898272552,0.4905878945844193,0.9580882352941176,0.0968436154949784,0.1795319594830597,1.0,0.9195483415666902,0.7417582417582418,1.0,0.3250191864927091,1.0,0.0518035303146584,0.0986185725249424,4.957997560501099,0.13,29.062137365341187,4.246859550476074
6fmbg,0.2295439074200136,0.965404602821084,0.0182287710770165,0.0940935072548732,1.0,0.9331228473019518,0.7407407407407407,1.0,0.1296524146416487,1.0,0.009227929867733,0.0493694247923715,0.2287893231649189,0.9653994653994654,0.0042546725421668,0.0906025509456091,0.997624703087886,0.933113248169944,0.175,0.965625,0.1292108906322104,1.0,0.0021535148438701,0.0475311490539916,0.2295439074200136,0.965404602821084,0.0130639526051952,0.0940935072548732,1.0,0.9331228473019518,0.5308641975308642,1.0,0.1296524146416487,1.0,0.0066133497385419,0.0493694247923715,4.703942060470581,0.34,14.907272815704346,18.99236011505127
6fmke,0.291719978066167,0.9629095404904182,N/A,0.1172441579371474,1.0,0.9284720842439896,N/A,1.0,0.1707682430986518,1.0,N/A,0.0622726300021399,0.2859754982629365,0.9629018961253092,N/A,0.1136638452237001,0.9811794228356336,0.9284578696343402,N/A,0.9724137931034482,0.1673801369863013,1.0,N/A,0.0603595890410958,0.291719978066167,0.9629095404904182,N/A,0.1172441579371474,1.0,0.9284720842439896,N/A,1.0,0.1707682430986518,1.0,N/A,0.0622726300021399,4.604854106903076,0.23,N/A,5.07279896736145
6fmqa,0.1840138010350776,0.9636862984436984,0.0618480795189593,0.1048967834853576,1.0,0.9299175500588928,0.9921259842519684,1.0,0.1013299556681444,1.0,0.0319189360354654,0.0553514882837238,0.1824456459220062,0.9636818653482268,0.0589173929053639,0.1022809123649459,0.9924906132665832,0.9299092943809636,0.9486166007905138,0.9770642201834864,0.1004560425639726,1.0,0.0304028375981758,0.0539650367367621,0.1840138010350776,0.9636862984436984,0.0618480795189593,0.1048967834853576,1.0,0.9299175500588928,0.9921259842519684,1.0,0.1013299556681444,1.0,0.0319189360354654,0.0553514882837238,4.6106390953063965,0.52,42.319801568984985,9.63412070274353
6fn8y,0.1089619168730339,0.962690381273638,0.0327161353195043,0.0360072292506603,1.0,0.928064643279464,0.9832635983263598,1.0,0.0576201599773483,1.0,0.0166348127698732,0.0183336872655199,0.1088426266818395,0.9626878386206428,0.029657477025898,0.0346218020022246,1.0,0.9280599172196308,0.8949579831932774,0.9651162790697676,0.0575534475435367,1.0,0.0150785785077162,0.0176270706498654,0.1089619168730339,0.962690381273638,0.0303494361687317,0.0358682051994995,1.0,0.928064643279464,0.9121338912133892,0.996138996138996,0.0576201599773483,1.0,0.0154314433354569,0.0182629008282013,4.754438877105713,1.19,38.54373574256897,43.89645552635193
6fnz3,0.1644006486216789,0.9617043523722388,0.0787894599530393,0.1143003587903639,1.0,0.926233635448137,0.9805194805194806,1.0,0.0895623810818157,1.0,0.0410437618918184,0.0606142973634139,0.1534622582657517,0.9616993464052288,0.0748956158663883,0.1125352473724686,0.9346504559270516,0.926224348482941,0.9348534201954396,0.9865168539325844,0.0835938561913823,1.0,0.0390104662226451,0.0596710615740111,0.1456904078832481,0.9617043523722388,0.0782676754500391,0.1143003587903639,0.8861911987860395,0.926233635448137,0.974025974025974,1.0,0.0793693938570263,1.0,0.0407719488991573,0.0606142973634139,4.061753273010254,0.44,49.66177439689636,17.911226749420166
6forc,0.5116279069767442,0.9612233752048062,0.2181818181818182,0.2582879762493815,1.0,0.92534174553102,0.9818181818181818,1.0,0.34375,1.0,0.1227272727272727,0.1482954545454545,0.5002115954295387,0.9612021857923496,0.2072800808897877,0.2526002971768202,0.9784768211920528,0.9253024723829564,0.9360730593607306,0.9807692307692308,0.335986355884025,1.0,0.1165434906196702,0.144968732234224,0.5116279069767442,0.9612233752048062,0.2111111111111111,0.2582879762493815,1.0,0.92534174553102,0.95,1.0,0.34375,1.0,0.11875,0.1482954545454545,3.495300054550171,0.07,33.23131084442139,5.04392147064209
6fpla,0.2026493799323562,0.962566037735849,0.0266006804825239,0.1274409044193216,1.0,0.9278335515786412,0.9662921348314608,1.0,0.1127489415085463,1.0,0.0134859651873921,0.0680570801317233,0.2024245841556244,0.96256038647343,0.0235148514851485,0.1242473197238948,1.0,0.9278230500582072,0.8636363636363636,0.976905311778291,0.1126097867001254,1.0,0.0119196988707653,0.0663425345043914,0.2026493799323562,0.962566037735849,0.0266006804825239,0.1274409044193216,1.0,0.9278335515786412,0.9662921348314608,1.0,0.1127489415085463,1.0,0.0134859651873921,0.0680570801317233,4.481659650802612,0.38,16.97103977203369,22.113513469696045
6fps6,0.1437632135306554,0.9526909722222224,0.1840693355344614,0.2125407166123778,1.0,0.9096560298383756,0.9780701754385964,1.0,0.0774487471526196,1.0,0.1015945330296127,0.1189066059225512,0.1362674566229369,0.9526704298740774,0.1701776125567947,0.2061939690301548,0.9526627218934912,0.9096185737976784,0.9074889867841408,0.9730769230769232,0.0733819507748404,1.0,0.0938924339106654,0.1153144940747493,0.1437632135306554,0.9526909722222224,0.167560874948411,0.2125407166123778,1.0,0.9096560298383756,0.8903508771929824,1.0,0.0774487471526196,1.0,0.0924829157175398,0.1189066059225512,1.2171175479888916,0.1,34.8753399848938,2.633538722991944
6fqit,0.2775564409030544,0.955081001472754,0.2424242424242424,0.2637215528781794,1.0,0.9140239605355884,0.9574468085106383,1.0,0.1611410948342328,1.0,0.1387818041634541,0.1518889745566692,0.2712765957446809,0.955047899778924,0.2252191503708698,0.2533512064343163,0.9807692307692308,0.913963328631876,0.893048128342246,0.9642857142857144,0.1574074074074074,1.0,0.128858024691358,0.1458333333333333,0.2775564409030544,0.955081001472754,0.2383838383838383,0.2637215528781794,1.0,0.9140239605355884,0.9414893617021276,1.0,0.1611410948342328,1.0,0.1364687740940632,0.1518889745566692,1.7031641006469729,0.05,27.18451046943665,5.378571271896362
6fqkh,0.2429237947122861,0.9632534742944838,N/A,0.0762812872467222,1.0,0.9291118421052632,N/A,1.0,0.1382545583289077,1.0,N/A,0.0396530359355638,0.2411325451151213,0.9632472072993944,N/A,0.0742633282234713,0.9935897435897436,0.9291001809508144,N/A,0.9775784753363228,0.1372167138810198,1.0,N/A,0.0385977337110481,0.2429237947122861,0.9632534742944838,N/A,0.0762812872467222,1.0,0.9291118421052632,N/A,1.0,0.1382545583289077,1.0,N/A,0.0396530359355638,4.542494535446167,0.29,N/A,4.126122951507568
6fqu8,0.2660649819494584,0.9588658146964856,0.0620217478856222,0.1710150447533803,0.9986449864498644,0.920981971614883,0.9390243902439024,1.0,0.1534777176176593,1.0,0.032069970845481,0.0935027072053311,0.2643553629469122,0.9588575993608948,0.0551974214343271,0.168413031053534,0.9932157394843962,0.9209668137348936,0.8404907975460123,0.9866071428571428,0.1524682357842116,1.0,0.0285357217246406,0.0920641533013955,0.2660649819494584,0.9588658146964856,0.0596053161498187,0.1710150447533803,0.9986449864498644,0.920981971614883,0.902439024390244,1.0,0.1534777176176593,1.0,0.0308204914618908,0.0935027072053311,4.80079984664917,0.22,27.556150913238525,12.362475156784058
6frpb,0.33386255386709,0.9555150884495318,0.1230219499744767,0.1482228384169397,1.0,0.9148194271481944,0.9836734693877552,1.0,0.2003811598148652,1.0,0.0656139395589436,0.0800435611216988,0.3317449512139777,0.955503512880562,0.1159346271705822,0.1437578814627995,0.9945578231292516,0.9147982062780268,0.930327868852459,0.9726962457337884,0.199074074074074,1.0,0.0618191721132897,0.0776143790849673,0.33386255386709,0.9555150884495318,0.1174068402246043,0.1482228384169397,1.0,0.9148194271481944,0.9387755102040816,1.0,0.2003811598148652,1.0,0.0626191124421453,0.0800435611216988,4.46132230758667,0.19,42.207940340042114,4.625004529953003
6ftbj,0.3097101755870531,0.957459556620731,N/A,0.1383970177073625,1.0,0.9183908045977012,N/A,1.0,0.1832290362953692,1.0,N/A,0.074342928660826,0.3056084656084656,0.9574493587438572,N/A,0.1342657342657343,0.987688098495212,0.9183720395493216,N/A,0.972972972972973,0.1807711567351026,1.0,N/A,0.072108162243365,0.3097101755870531,0.957459556620731,N/A,0.1383970177073625,1.0,0.9183908045977012,N/A,1.0,0.1832290362953692,1.0,N/A,0.074342928660826,4.569701194763184,0.23,N/A,6.602307319641113
6fteg,0.8200312989045384,0.9662537377189236,N/A,0.4170748775367389,1.0,0.9347107438016528,N/A,1.0,0.6949602122015915,1.0,N/A,0.2634836427939876,0.8167101827676241,0.9662248824283882,N/A,0.4064470918009811,0.9961783439490446,0.934656741108354,N/A,0.9764309764309764,0.6920353982300885,1.0,N/A,0.2566371681415929,0.8200312989045384,0.9662537377189236,N/A,0.4170748775367389,1.0,0.9347107438016528,N/A,1.0,0.6949602122015915,1.0,N/A,0.2634836427939876,4.4592766761779785,0.07,N/A,5.670796632766724
6fuku,0.2615870786516854,0.9607063160958572,0.0802933796564369,0.1632350213318493,1.0,0.924383868558626,0.9043478260869564,1.0,0.1504746515855382,1.0,0.0420117148050898,0.0888709351646132,0.2546540217773094,0.960698689956332,0.0432515929716161,0.1614399703098905,0.974462365591398,0.9243697478991596,0.4890829694323144,0.9908883826879272,0.1464646464646464,1.0,0.0226262626262626,0.0878787878787878,0.2359550561797752,0.9607063160958572,0.0567458019687319,0.1506214060471155,0.902013422818792,0.924383868558626,0.6391304347826087,0.9227272727272728,0.1357301555241365,1.0,0.0296909715209048,0.0820036356291658,4.651317596435547,0.31,36.54477405548096,8.302830219268799
6funb,0.1199165797705943,0.9769710105662422,0.2245098039215686,0.1412371134020618,1.0,0.954978813559322,0.9662447257383966,1.0,0.0637825845812534,1.0,0.1270105379922351,0.0759844703272323,0.115866388308977,0.976958525345622,0.2001962708537782,0.1382868937048503,0.9736842105263158,0.954954954954955,0.864406779661017,0.9852941176470588,0.0615982241953385,1.0,0.1132075471698113,0.074361820199778,0.1199165797705943,0.9769710105662422,0.1980392156862745,0.1412371134020618,1.0,0.954978813559322,0.8523206751054853,1.0,0.0637825845812534,1.0,0.1120354963948973,0.0759844703272323,1.036448955535889,0.04,41.84014964103699,5.952778100967407
6fuvi,0.0148499066186853,0.9611609801283606,0.0148438211456151,N/A,1.0,0.925226105048618,0.9476744186046512,N/A,0.0074804956402019,1.0,0.0074804956402019,N/A,0.014760147601476,0.9611592668563488,0.0136612021857923,N/A,1.0,0.9252229299363056,0.8771929824561403,N/A,0.0074349442379182,1.0,0.006884207627702,N/A,0.0148499066186853,0.9611609801283606,0.0147527547582187,N/A,1.0,0.925226105048618,0.9418604651162792,N/A,0.0074804956402019,1.0,0.0074346030289123,N/A,1.5304005146026611,2.63,28.273559093475345,N/A
6fwyn,0.2083227607206292,0.9673927935333608,0.0806298357540382,0.075759640277967,1.0,0.9368448985007296,0.9705882352941176,1.0,0.1162724826511825,1.0,0.0420620308738139,0.0393711938818864,0.2040609137055837,0.967388325568649,0.0725050916496945,0.0733269728771977,0.9804878048780488,0.9368365180467092,0.8754098360655738,0.9711191335740073,0.1138810198300283,1.0,0.0378186968838526,0.0381019830028328,0.2083227607206292,0.9673927935333608,0.0757431790416723,0.075759640277967,1.0,0.9368448985007296,0.9117647058823528,1.0,0.1162724826511825,1.0,0.0395128168814615,0.0393711938818864,4.458735704421997,0.39,47.60604691505432,11.515913724899292
6fx45,0.3811351795996709,0.9592201462225832,0.0990990990990991,0.1766522544780728,1.0,0.921635966281611,0.9871794871794872,1.0,0.2354336043360433,1.0,0.0521680216802168,0.0968834688346883,0.3698216735253772,0.9592068909475052,0.0946555054732775,0.1730531520395549,0.9711815561959656,0.9216114928169894,0.9483870967741936,0.9824561403508772,0.2283971535072856,1.0,0.0498136225008471,0.0948830904778041,0.3811351795996709,0.9592201462225832,0.0965250965250965,0.1766522544780728,1.0,0.921635966281611,0.9615384615384616,1.0,0.2354336043360433,1.0,0.0508130081300813,0.0968834688346883,4.766518831253052,0.15,27.48699975013733,5.225376844406128
6fxyn,0.5154565061107117,0.9448638755433538,N/A,0.1379621280432822,1.0,0.8954900260190807,N/A,1.0,0.3472154963680387,1.0,N/A,0.07409200968523,0.5151079136690647,0.9448386358434424,N/A,0.1335740072202166,1.0,0.8954446854663775,N/A,0.9736842105263158,0.3468992248062015,1.0,N/A,0.0717054263565891,0.5154565061107117,0.9448638755433538,N/A,0.1379621280432822,1.0,0.8954900260190807,N/A,1.0,0.3472154963680387,1.0,N/A,0.07409200968523,4.563988208770752,0.14,N/A,3.256356954574585
6fzli,0.1839940164547494,0.9675234110380554,N/A,0.2718861209964412,1.0,0.9370899266692396,N/A,1.0,0.1013179571663921,1.0,N/A,0.157331136738056,0.1766467065868263,0.9675104644209688,N/A,0.2656695156695157,0.963265306122449,0.9370656370656372,N/A,0.979002624671916,0.0972393901936547,1.0,N/A,0.1536876802637,0.1839940164547494,0.9675234110380554,N/A,0.2718861209964412,1.0,0.9370899266692396,N/A,1.0,0.1013179571663921,1.0,N/A,0.157331136738056,1.9755196571350095,0.09,N/A,6.32830548286438
6fztm,0.698427822772749,0.9677647892313144,0.2993788819875776,0.4711807498601008,1.0,0.9375428963623884,0.9877049180327868,1.0,0.5366032210834554,1.0,0.1764275256222547,0.308199121522694,0.6943252265140677,0.967741935483871,0.2823383084577114,0.464985994397759,0.994535519125683,0.9375,0.934156378600823,0.988095238095238,0.5333333333333333,1.0,0.1663003663003663,0.304029304029304,0.698427822772749,0.9677647892313144,0.2695652173913043,0.4711807498601008,1.0,0.9375428963623884,0.889344262295082,1.0,0.5366032210834554,1.0,0.1588579795021961,0.308199121522694,4.327962636947632,0.05,36.86662697792053,5.559942007064819
6g078,0.1297325460229246,0.9607029751550024,0.0490675357595509,0.0704111797903789,1.0,0.9243776824034334,0.9783393501805054,0.9974619289340102,0.0693657721236883,1.0,0.0251648249605348,0.0364936391494103,0.1285391697064443,0.960699469152875,0.0405650126765664,0.0677358659618313,0.9919571045576407,0.9243711906601424,0.8115942028985508,0.9618320610687024,0.0687221396731055,1.0,0.0208023774145616,0.0351040118870728,0.1286905175408128,0.9607029751550024,0.0414629730219083,0.0704111797903789,0.9919678714859438,0.9243776824034334,0.8267148014440433,0.9974619289340102,0.0688086173275141,1.0,0.0212647413873154,0.0364936391494103,4.758075714111328,0.79,42.89245223999024,27.700289011001587
6g07r,0.0649504304189955,0.9646125686394144,0.0013484471787956,N/A,1.0,0.9316440777843252,1.0,N/A,0.0335652540586126,1.0,0.0006746784735399,N/A,0.0638948957525807,0.9646111291897168,0.0005057103122761,N/A,0.9849056603773584,0.9316413923155497,0.4,N/A,0.0330184701020494,1.0,0.0002530150965674,N/A,0.0576883848068214,0.9646125686394144,0.0010956133327714,N/A,0.8881909547738693,0.9316440777843252,0.8125,N/A,0.0298123550495467,1.0,0.0005481762597512,N/A,4.967152833938599,2.96,5.886550426483154,N/A
6g165,0.1655939145699239,0.9696875966594496,0.1606777680397312,0.2222852282392968,1.0,0.9411588111678176,0.9548611111111112,1.0,0.0902711323763955,1.0,0.087719298245614,0.1250398724082934,0.1651053864168618,0.9696782178217822,0.1449868459514761,0.2156028368794326,1.0,0.9411411411411412,0.8641114982578397,0.9718670076726342,0.0899808551372048,1.0,0.0791320995532865,0.1212507977026164,0.1655939145699239,0.9696875966594496,0.1530820917323985,0.2222852282392968,1.0,0.9411588111678176,0.9097222222222222,1.0,0.0902711323763955,1.0,0.0835725677830941,0.1250398724082934,3.2706732749938965,0.1,46.02065825462341,9.03114366531372
6g1m4,0.812534974818131,0.9597467209407508,0.2715447154471544,0.3291338582677165,1.0,0.922608695652174,0.9881656804733728,1.0,0.6842601319509897,1.0,0.1573986804901036,0.1969839773798303,0.8044817927170869,0.9597102761430512,0.257328990228013,0.3186119873817035,0.9903448275862068,0.9225413402959096,0.9404761904761904,0.971153846153846,0.6773584905660377,1.0,0.1490566037735849,0.190566037735849,0.812534974818131,0.9597467209407508,0.2682926829268293,0.3291338582677165,1.0,0.922608695652174,0.9763313609467456,1.0,0.6842601319509897,1.0,0.1555136663524976,0.1969839773798303,3.9736099243164062,0.04,24.647886037826535,4.775615692138672
6g2jb,0.5152449468996232,0.954835866931042,0.164765525982256,0.2331838565022422,1.0,0.913575042158516,0.975,1.0,0.3470235348407937,1.0,0.0899861559760036,0.1319796954314721,0.5094274940006857,0.9548159576812872,0.1564482029598308,0.2268461852305181,0.9893475366178428,0.9135385913116828,0.9296482412060302,0.975438596491228,0.3430286241920591,1.0,0.0854108956602031,0.1283471837488458,0.5152449468996232,0.954835866931042,0.1571609632446134,0.2331838565022422,1.0,0.913575042158516,0.93,1.0,0.3470235348407937,1.0,0.0858329487771112,0.1319796954314721,4.783806800842285,0.09,30.0024893283844,14.620760440826416
6g3k6,0.1835194687594325,0.9689260988568668,0.1947273816656681,0.1505838967424708,1.0,0.9397251717676453,0.9878419452887538,1.0,0.1010302426055167,1.0,0.108009305417082,0.0814223994682618,0.1800060404711567,0.9689160895474312,0.1882494004796163,0.1469864698646986,0.9834983498349836,0.9397063417681976,0.9573170731707316,0.9795081967213116,0.0990691489361702,1.0,0.1043882978723404,0.0794547872340425,0.1835194687594325,0.9689260988568668,0.1719592570401437,0.1505838967424708,1.0,0.9397251717676453,0.8723404255319149,1.0,0.1010302426055167,1.0,0.0953805250913924,0.0814223994682618,2.03873062133789,0.12,49.603989124298096,2.9427173137664795
6g54t,0.6498696785403997,0.9697347893915756,0.3938144329896907,0.4295098534613441,1.0,0.9412477286493036,0.9896373056994818,1.0,0.4813384813384813,1.0,0.2458172458172458,0.2734877734877735,0.6443478260869565,0.9697158913518577,0.3766769865841073,0.4218512898330804,0.9919678714859438,0.9412121212121212,0.948051948051948,0.983490566037736,0.4771410173857051,1.0,0.2350289761751448,0.2685125563425627,0.6498696785403997,0.9697347893915756,0.3876288659793815,0.4295098534613441,1.0,0.9412477286493036,0.9740932642487048,1.0,0.4813384813384813,1.0,0.2419562419562419,0.2734877734877735,5.101716041564941,0.06,56.04786801338196,9.51860737800598
6g5c5,0.4095528455284552,0.9560171044593768,0.0885385081867798,0.1652989449003516,1.0,0.9157401989467524,0.8690476190476191,1.0,0.2575079872204472,1.0,0.0466453674121405,0.0900958466453674,0.4056939501779359,0.9560036663611364,0.0376213592233009,0.1612903225806451,0.991304347826087,0.9157155399473222,0.3712574850299401,0.9786476868327402,0.2550335570469799,1.0,0.0198146372643016,0.0878875039948865,0.4095528455284552,0.9560171044593768,0.0527592480291085,0.1652989449003516,1.0,0.9157401989467524,0.5178571428571429,1.0,0.2575079872204472,1.0,0.0277955271565495,0.0900958466453674,4.636976718902588,0.15,28.046619176864624,4.993419408798218
6g5jo,0.070402589520534,0.9567659745210152,N/A,0.1116610572163928,1.0,0.9171153846153848,N/A,1.0,0.0364856364017613,1.0,N/A,0.0591318934787167,0.0700263104634689,0.956757299086987,N/A,0.1109130520895226,1.0,0.9170994422004232,N/A,0.99644128113879,0.0362835570469798,1.0,N/A,0.0587248322147651,0.070402589520534,0.9567659745210152,N/A,0.1116610572163928,1.0,0.9171153846153848,N/A,1.0,0.0364856364017613,1.0,N/A,0.0591318934787167,1.3491551876068115,0.28,N/A,8.843823432922363
6g93o,0.6166471277842908,0.943496801705757,N/A,0.271484375,1.0,0.893037336024218,N/A,1.0,0.4457627118644068,1.0,N/A,0.1570621468926553,0.6093077825576848,0.9434666666666668,N/A,0.2629521016617791,0.9885786802030456,0.8929833417465927,N/A,0.9711191335740073,0.4403617863199547,1.0,N/A,0.1520633126059921,0.6166471277842908,0.943496801705757,N/A,0.271484375,1.0,0.893037336024218,N/A,1.0,0.4457627118644068,1.0,N/A,0.1570621468926553,4.528953790664673,0.07,N/A,6.972324371337891
6g94c,0.0910734067984374,0.9624033628266556,0.0313796212804328,0.0330429558425953,1.0,0.9275313048897954,0.9849056603773584,1.0,0.0477092241905925,1.0,0.0159437996334758,0.0167990226023213,0.0864190331797772,0.962401152364994,0.0299404797691336,0.0320855614973262,0.95,0.9275271985494108,0.9431818181818182,0.9744525547445256,0.0452684953265318,1.0,0.0152116806157981,0.0163113201783859,0.0904903504168853,0.9624033628266556,0.0292155094679891,0.0322018624211474,0.9935979513444302,0.9275313048897954,0.9169811320754716,0.9745454545454544,0.0474037874160048,1.0,0.0148442272449602,0.0163714111178985,5.061591148376465,1.54,43.22760391235352,21.8451988697052
6g97c,0.1404951597704103,0.9624406899915746,N/A,0.0482014388489208,0.9987819732034104,0.9276006496281732,N/A,1.0,0.0755621083671212,1.0,N/A,0.0246959085882786,0.1316082597892211,0.9624373586411814,N/A,0.046591113509624,0.9365853658536586,0.927594460591554,N/A,0.9700374531835206,0.0707768869228642,1.0,N/A,0.0238687678554971,0.1372397841171935,0.9624406899915746,N/A,0.0482014388489208,0.9756394640682094,0.9276006496281732,N/A,1.0,0.0738112790269074,1.0,N/A,0.0246959085882786,4.784601926803589,0.83,N/A,31.00186824798584
6ga6v,0.4880708929788684,0.9562405690881656,N/A,0.3171471927162367,1.0,0.916150351094589,N/A,1.0,0.3228133453561767,1.0,N/A,0.1884580703336339,0.4727148703956343,0.9562216950614622,N/A,0.3143507972665147,0.9692307692307692,0.9161157024793388,N/A,0.9928057553956836,0.3125845737483085,1.0,N/A,0.1867388362652232,0.4880708929788684,0.9562405690881656,N/A,0.3171471927162367,1.0,0.916150351094589,N/A,1.0,0.3228133453561767,1.0,N/A,0.1884580703336339,4.324265480041504,0.09,N/A,7.16016960144043
6gb5s,0.1749125437281359,0.9562712752029328,0.1754735792622133,0.2974358974358974,1.0,0.9162067235323632,0.9777777777777776,1.0,0.0958378970427163,1.0,0.0963855421686747,0.1746987951807229,0.1580790395197598,0.9562483625884202,0.1576846307385229,0.2930471301913206,0.9080459770114944,0.916164658634538,0.88268156424581,0.9874213836477987,0.0865753424657534,1.0,0.0865753424657534,0.1720547945205479,0.1749125437281359,0.9562712752029328,0.1674975074775673,0.2974358974358974,1.0,0.9162067235323632,0.9333333333333332,1.0,0.0958378970427163,1.0,0.0920043811610076,0.1746987951807229,1.7075600624084473,0.07,25.5048668384552,7.368919134140015
6gbb7,0.7611168562564633,0.9553429027113236,0.3873570948217888,0.4471808165910564,1.0,0.9145038167938933,0.9965397923875432,1.0,0.6143572621035058,1.0,0.2404006677796327,0.2879799666110184,0.7536231884057971,0.9553072625698324,0.3744107744107744,0.4347826086956522,0.9904761904761904,0.9144385026737968,0.9652777777777778,0.9738372093023256,0.6081871345029239,1.0,0.2322472848788638,0.2798663324979114,0.7611168562564633,0.9553429027113236,0.3833221250840619,0.4471808165910564,1.0,0.9145038167938933,0.986159169550173,1.0,0.6143572621035058,1.0,0.2378964941569282,0.2879799666110184,4.305553913116455,0.05,40.59641289710999,5.672706604003906
6gcgv,0.4540128881077915,0.9571998549147624,N/A,0.2359625668449198,1.0,0.9179130434782607,N/A,1.0,0.2936718453959833,1.0,N/A,0.1337627889352027,0.4519343493552169,0.9571843251088534,N/A,0.2301003344481605,0.996124031007752,0.9178844815588032,N/A,0.9772727272727272,0.2922668688400303,1.0,N/A,0.1304018195602729,0.4540128881077915,0.9571998549147624,N/A,0.2359625668449198,1.0,0.9179130434782607,N/A,1.0,0.2936718453959833,1.0,N/A,0.1337627889352027,4.635442972183228,0.12,N/A,4.586597204208374
6gcmg,0.1330749354005168,0.953480699439129,0.2561635598316296,0.3570210346787947,1.0,0.9110970996216898,0.9770642201834864,1.0,0.0712802768166089,1.0,0.1474048442906574,0.2173010380622837,0.1280724450194049,0.953449983492902,0.2408187838651415,0.3494593056346044,0.9705882352941176,0.9110410094637224,0.9216589861751152,0.9808306709265175,0.0685595567867036,1.0,0.1385041551246537,0.2126038781163435,0.1330749354005168,0.953480699439129,0.2489476849067949,0.3570210346787947,1.0,0.9110970996216898,0.9495412844036696,1.0,0.0712802768166089,1.0,0.1432525951557093,0.2173010380622837,0.9105277061462402,0.05,32.94725584983826,4.372127771377564
6gcn7,0.0329108748977923,0.9593739095757938,0.0486568677141409,0.0504457050243111,1.0,0.921919908028358,0.9917355371900828,1.0,0.0167307492465966,1.0,0.0249402473241192,0.0258755065987737,0.0325086894295645,0.9593698589161972,0.0464361756057994,0.0486322188449848,0.99375,0.921912426942608,0.950207468879668,0.967741935483871,0.0165246310538349,1.0,0.0237996258574101,0.0249428393265433,0.0329108748977923,0.9593739095757938,0.048251393816523,0.0451782820097244,1.0,0.921919908028358,0.9834710743801652,0.8955823293172691,0.0167307492465966,1.0,0.0247324119297516,0.0231736464719941,1.263296127319336,0.65,40.535197257995605,11.0724937915802
6gd6w,0.7684989429175476,0.97367321353949,0.2644017725258493,0.5262492093611638,1.0,0.9486970684039088,0.9470899470899472,1.0,0.6240343347639485,1.0,0.1536480686695279,0.3570815450643776,0.7671957671957672,0.973651191969887,0.2455621301775147,0.5142495250158328,0.9986225895316804,0.9486552567237164,0.8829787234042553,0.9783132530120482,0.622852233676976,1.0,0.1426116838487972,0.3487972508591065,0.7684989429175476,0.97367321353949,0.2392909896602659,0.5262492093611638,1.0,0.9486970684039088,0.8571428571428571,1.0,0.6240343347639485,1.0,0.1390557939914163,0.3570815450643776,4.707284688949585,0.05,26.73386073112488,9.56096124649048
6gdlp,0.2759964570416298,0.96816553919618,N/A,0.155420773313116,1.0,0.9382954107211724,N/A,1.0,0.1600904233456637,1.0,N/A,0.0842581175503493,0.2750310118731171,0.9681592039800996,N/A,0.1520667425104285,0.9974293059125964,0.9382835101253616,N/A,0.980440097799511,0.1595066803699897,1.0,N/A,0.0824254881808838,0.2759964570416298,0.96816553919618,N/A,0.155420773313116,1.0,0.9382954107211724,N/A,1.0,0.1600904233456637,1.0,N/A,0.0842581175503493,5.339937448501587,0.26,N/A,5.910472393035889
6ge1h,0.2207621550591327,0.9650748396293656,0.2048909451421018,0.3547995139732685,1.0,0.9325068870523416,0.9748427672955976,1.0,0.1240768094534712,1.0,0.1144756277695716,0.2156573116691285,0.2078947368421052,0.965049928673324,0.1892786234281932,0.3454987834549878,0.9461077844311376,0.9324603721571332,0.9050632911392406,0.9759450171821306,0.1167775314116777,1.0,0.1056910569105691,0.2099039172209904,0.2207621550591327,0.9650748396293656,0.1467283542630535,0.3547995139732685,1.0,0.9325068870523416,0.6981132075471698,1.0,0.1240768094534712,1.0,0.0819793205317577,0.2156573116691285,1.3766286373138428,0.05,21.51824426651001,6.904120683670044
6ge60,0.1086575534525061,0.9608262108262108,N/A,0.1965240641711229,1.0,0.9246058944482524,N/A,1.0,0.0574499629355077,1.0,N/A,0.1089696071163825,0.1059277446509996,0.9608122550765944,N/A,0.1933110367892976,0.9805194805194806,0.9245800479945148,N/A,0.9863481228668942,0.0559881349647756,1.0,N/A,0.10715609936967,0.1086575534525061,0.9608262108262108,N/A,0.1965240641711229,1.0,0.9246058944482524,N/A,1.0,0.0574499629355077,1.0,N/A,0.1089696071163825,1.3167457580566406,0.11,N/A,4.855101108551025
6ge76,0.2722794446932378,0.9610163158550254,0.0828989823777612,0.1531833413116323,1.0,0.92495804363462,0.9766081871345028,1.0,0.157594608605495,1.0,0.043286677034733,0.0829445308449974,0.2710573476702508,0.961006602715834,0.0759870871616587,0.1513409961685823,0.9967051070840196,0.9249400479616308,0.9,0.9905956112852664,0.1568576613948664,1.0,0.0396681358568835,0.0819289603318641,0.2722794446932378,0.9610163158550254,0.0774385703648548,0.1531833413116323,1.0,0.92495804363462,0.912280701754386,1.0,0.157594608605495,1.0,0.0404354587869362,0.0829445308449974,3.909768104553223,0.16,30.59307289123535,6.055213212966919
6gepm,0.6639967961553864,0.9683599419448476,0.2858606557377048,0.2679127725856698,1.0,0.9386606640405176,0.9823943661971832,1.0,0.4970023980815348,1.0,0.1672661870503597,0.1546762589928057,0.6565130260521042,0.968341562590764,0.2738461538461538,0.2577962577962577,0.9891304347826086,0.9386261261261262,0.9434628975265018,0.9649805447470816,0.4913017396520696,1.0,0.1601679664067186,0.1487702459508098,0.6639967961553864,0.9683599419448476,0.2817622950819672,0.2679127725856698,1.0,0.9386606640405176,0.9683098591549296,1.0,0.4970023980815348,1.0,0.1648681055155875,0.1546762589928057,4.425063133239746,0.07,39.72028875350952,4.0889732837677
6gfbg,0.1592787377911345,0.962671905697446,0.2026239067055394,0.3445945945945945,1.0,0.928030303030303,0.9455782312925172,1.0,0.0865306122448979,1.0,0.113469387755102,0.2081632653061224,0.1580135440180587,0.962642548171451,0.1824817518248175,0.3410013531799729,1.0,0.9279757391963608,0.8561643835616438,0.9921259842519684,0.0857843137254902,1.0,0.1021241830065359,0.2058823529411764,0.1592787377911345,0.962671905697446,0.1895043731778425,0.3445945945945945,1.0,0.928030303030303,0.8843537414965986,1.0,0.0865306122448979,1.0,0.1061224489795918,0.2081632653061224,0.9095909595489502,0.04,21.37526106834412,4.45091724395752
6gfq7,0.5807909604519774,0.9644228308164832,0.1372161895360315,0.2284908321579689,1.0,0.9312901631240732,0.9788732394366196,1.0,0.4092356687898089,1.0,0.0737791932059448,0.1289808917197452,0.5759517527327553,0.964404609475032,0.1304347826086956,0.224,0.9922077922077922,0.9312561819980216,0.9361702127659576,0.9834710743801652,0.4057355284121083,1.0,0.0701009028146574,0.1263940520446096,0.5807909604519774,0.9644228308164832,0.1322803553800592,0.2284908321579689,1.0,0.9312901631240732,0.943661971830986,1.0,0.4092356687898089,1.0,0.0711252653927813,0.1289808917197452,4.2491514682769775,0.06,22.80435395240784,5.228772163391113
6gfqk,0.0636123348017621,0.961817028073784,0.0183916336098088,N/A,1.0,0.9264426927454368,0.9902912621359224,N/A,0.0328510328510328,1.0,0.0092820092820092,N/A,0.0632654859458983,0.9618153570100002,0.0173113335136597,N/A,0.9958391123439668,0.9264395919399714,0.9365853658536586,N/A,0.0326705191791418,1.0,0.0087364062428902,N/A,0.0636123348017621,0.961817028073784,0.0168589974756581,N/A,1.0,0.9264426927454368,0.9077669902912622,N/A,0.0328510328510328,1.0,0.0085085085085085,N/A,4.870078802108765,2.74,34.43002009391785,N/A
6gfqu,0.1676494392415308,0.9646357051555176,0.0361654694079762,0.068259385665529,1.0,0.931687242798354,0.9733333333333334,1.0,0.0914941948510853,1.0,0.0184250378596668,0.0353356890459364,0.1658378628426043,0.964631399525172,0.033201189296333,0.066325286515484,0.9903314917127072,0.9316792097836312,0.8993288590604027,0.974910394265233,0.0904960242332449,1.0,0.0169127855610248,0.034330430392528,0.1676494392415308,0.9646357051555176,0.0260094129303938,0.068259385665529,1.0,0.931687242798354,0.7,1.0,0.0914941948510853,1.0,0.0132508833922261,0.0353356890459364,4.738673686981201,0.52,29.5337917804718,4.979742527008057
6gfvg,0.5384342897626638,0.954650624710782,N/A,0.2922185430463576,1.0,0.9132359451084552,N/A,1.0,0.3683955404750363,1.0,N/A,0.1711100339311682,0.5324353066288551,0.9546296296296296,N/A,0.2858326429163215,0.989459815546772,0.9131975199291408,N/A,0.9801136363636364,0.3642095053346266,1.0,N/A,0.1673132880698351,0.5384342897626638,0.954650624710782,N/A,0.2922185430463576,1.0,0.9132359451084552,N/A,1.0,0.3683955404750363,1.0,N/A,0.1711100339311682,4.490252733230591,0.09,N/A,5.760806560516357
6ggz2,0.2617268246144061,0.9566815437122604,0.0833771238395515,0.1480603083178045,1.0,0.9169602415702064,0.9794238683127572,1.0,0.150567142334431,1.0,0.0435418953530918,0.079948774240761,0.2579926833147765,0.9566739606126916,0.0799018748904853,0.1447212336892052,0.98661800486618,0.9169463087248322,0.9421487603305784,0.9793577981651376,0.1483989021043001,1.0,0.0417200365965233,0.0781335773101555,0.2617268246144061,0.9566815437122604,0.0830267997898055,0.146705065221074,1.0,0.9169602415702064,0.9753086419753086,0.9908466819221968,0.150567142334431,1.0,0.0433589462129528,0.0792169776802049,4.484370708465576,0.3,40.07818913459778,11.254831552505491
6ghom,0.3376777251184834,0.9689226519337016,0.2377972465581977,0.3277711561382598,1.0,0.9397186872069658,0.9743589743589745,1.0,0.203136136849608,1.0,0.1354240912330719,0.1960085531004989,0.3297746144721234,0.968901174844506,0.2167919799498746,0.3198090692124105,0.9788732394366196,0.9396782841823056,0.8917525773195877,0.978102189781022,0.1982881597717546,1.0,0.1233951497860199,0.1911554921540656,0.3376777251184834,0.9689226519337016,0.2227784730913642,0.3277711561382598,1.0,0.9397186872069658,0.9128205128205128,1.0,0.203136136849608,1.0,0.1268709907341411,0.1960085531004989,1.7872107028961182,0.05,27.438613176345825,2.993309736251831
6ghtd,0.5763813651137594,0.9733333333333332,N/A,0.3506276150627614,1.0,0.948051948051948,N/A,1.0,0.4048706240487062,1.0,N/A,0.2125824454591577,0.5760751716660643,0.9733201581027668,N/A,0.3425460636515913,1.0,0.9480269489894128,N/A,0.9784688995215312,0.4045685279187817,1.0,N/A,0.2076142131979695,0.5763813651137594,0.9733333333333332,N/A,0.3506276150627614,1.0,0.948051948051948,N/A,1.0,0.4048706240487062,1.0,N/A,0.2125824454591577,4.929766416549683,0.06,N/A,11.655097246170044
6gi4k,0.2503176620076239,0.966994382022472,0.2493670886075949,0.3742621015348288,1.0,0.9360978925900748,0.9704433497536946,1.0,0.1430646332607117,1.0,0.1430646332607117,0.2302106027596223,0.2404580152671755,0.9669711876317638,0.2281368821292776,0.3605200945626478,0.9642857142857144,0.9360544217687076,0.8910891089108911,0.9651898734177216,0.1373546511627907,1.0,0.1308139534883721,0.221656976744186,0.2503176620076239,0.966994382022472,0.2367088607594936,0.3742621015348288,1.0,0.9360978925900748,0.9211822660098522,1.0,0.1430646332607117,1.0,0.1358024691358024,0.2302106027596223,1.4033288955688477,0.05,29.90537047386169,7.444114923477173
6gi6k,0.4902975420439844,0.9518760195758564,0.1281847133757961,0.2142310635042081,1.0,0.9081712062256808,0.904494382022472,1.0,0.324764353041988,1.0,0.0689802913453299,0.1199657240788346,0.487378640776699,0.9518563851489188,0.0653386454183266,0.2090352220520674,0.9947159841479524,0.9081354612689764,0.4632768361581921,0.978494623655914,0.3227603943420488,1.0,0.035147878268324,0.1170167166738105,0.4902975420439844,0.9518760195758564,0.0851910828025477,0.2142310635042081,1.0,0.9081712062256808,0.601123595505618,1.0,0.324764353041988,1.0,0.0458440445586975,0.1199657240788346,4.5521509647369385,0.1,28.872005939483643,3.5563981533050537
6gita,0.2672795928418979,0.960502366217692,0.0983252296056185,0.0831819832909553,1.0,0.924006303624584,0.9891304347826086,1.0,0.1542543111616448,1.0,0.0517339397384877,0.0433958688648853,0.2663820003284612,0.960495175678136,0.0936768149882904,0.081031976744186,0.997539975399754,0.9239929947460596,0.9454545454545454,0.9780701754385964,0.1537149355572403,1.0,0.0492797573919636,0.0422668688400303,0.2672795928418979,0.960502366217692,0.0979650639294075,0.0831819832909553,1.0,0.924006303624584,0.9855072463768116,1.0,0.1542543111616448,1.0,0.051544438127724,0.0433958688648853,4.32148814201355,0.27,45.76276707649231,4.75791597366333
6gj2x,0.1913950456323337,0.9601328903654486,N/A,0.1771353482260184,1.0,0.9233226837060704,N/A,1.0,0.1058246828143022,1.0,N/A,0.0971741637831603,0.1774067310200887,0.960121849903074,N/A,0.1724953983697081,0.9289617486338798,0.9233022636484688,N/A,0.9761904761904762,0.0980674935102394,1.0,N/A,0.0946062878569368,0.1893089960886571,0.9601328903654486,N/A,0.1771353482260184,0.989100817438692,0.9233226837060704,N/A,1.0,0.1046712802768166,1.0,N/A,0.0971741637831603,2.4238643646240234,0.17,N/A,5.673689603805542
6gj9z,0.1424169804861348,0.9591232489283662,0.0579502772312645,0.0518804416120635,1.0,0.9214570773541648,0.9818181818181818,1.0,0.0766678953188352,1.0,0.0298562476962771,0.0266310357537781,0.1410717342920733,0.9591196358332964,0.0543828264758497,0.0502738127300475,0.9915764139590856,0.9214504076086956,0.9240121580547112,0.9722222222222222,0.0759377015943231,1.0,0.0280158510736337,0.0258040733572942,0.1424169804861348,0.9591232489283662,0.056877123949204,0.0518804416120635,1.0,0.9214570773541648,0.9636363636363636,1.0,0.0766678953188352,1.0,0.0293033542204202,0.0266310357537781,4.737188100814819,0.77,57.65339398384094,2.9989259243011475
6gl3f,0.2704236006051437,0.9494446174608118,0.0625925142736307,N/A,1.0,0.9037549407114625,0.9487179487179488,N/A,0.1563525038268095,1.0,0.0323638749179969,N/A,0.2629587589860008,0.949434118990759,0.0537338692616881,N/A,0.9733893557422968,0.9037359161889702,0.8193548387096774,N/A,0.1520122484689413,1.0,0.0277777777777777,N/A,0.2670196671709531,0.9494446174608118,0.0558257559737788,N/A,0.9874125874125874,0.9037549407114625,0.8461538461538461,N/A,0.1543844303520664,1.0,0.0288650776295648,N/A,5.2830445766448975,0.35,26.748982191085812,N/A
6glbj,0.2227616735684706,0.9621955933513724,0.0989312977099236,0.1368263473053892,1.0,0.927145411203814,0.9908256880733946,1.0,0.1253414751727462,1.0,0.0520649204563715,0.0734372489153141,0.2185402085416369,0.962189747158432,0.09529627367135,0.1335729260257561,0.982028241335045,0.9271345552078676,0.9570552147239264,0.9780701754385964,0.1229508196721311,1.0,0.0501446480231436,0.071681131468981,0.2227616735684706,0.9621955933513724,0.0986259541984732,0.1368263473053892,1.0,0.927145411203814,0.9877675840978594,1.0,0.1253414751727462,1.0,0.0519042262574321,0.0734372489153141,4.5981950759887695,0.37,51.71924805641174,7.496587753295898
6gnqq,0.1541377132027795,0.9483933787731256,0.233033033033033,0.3060869565217392,1.0,0.901851851851852,0.9509803921568628,1.0,0.083504449007529,1.0,0.1327857631759069,0.1806981519507187,0.1467425679949399,0.94835985709646,0.2044497895369813,0.2948345908299477,0.9586776859504132,0.9017912291537986,0.8374384236453202,0.9657794676806084,0.0794520547945205,1.0,0.1164383561643835,0.173972602739726,0.1541377132027795,0.9483933787731256,0.2078078078078078,0.3060869565217392,1.0,0.901851851851852,0.8480392156862745,1.0,0.083504449007529,1.0,0.1184120465434633,0.1806981519507187,1.133376121520996,0.08,30.210718631744385,4.1932923793792725
6go20,0.4863523573200992,0.9561128526645768,0.3516778523489932,0.3546864463924478,1.0,0.915915915915916,0.9703703703703704,1.0,0.321311475409836,1.0,0.2147540983606557,0.2155737704918033,0.4757763975155279,0.956078431372549,0.3319892473118279,0.3457123565158677,0.979539641943734,0.9158527422990232,0.9182156133828996,0.9770992366412212,0.3141919606234618,1.0,0.2026251025430681,0.2100082034454471,0.4863523573200992,0.9561128526645768,0.3409395973154362,0.3546864463924478,1.0,0.915915915915916,0.9407407407407408,1.0,0.321311475409836,1.0,0.2081967213114754,0.2155737704918033,2.4951186180114746,0.06,35.76957869529724,2.890515089035034
6goc4,0.4175884955752212,0.9647614230315292,0.25,0.2135497970652513,1.0,0.9319218241042344,0.9951338199513382,1.0,0.2638937434463474,1.0,0.1429570080391471,0.1195386228591401,0.399557277255119,0.9647495361781075,0.2403669724770642,0.2074351765073414,0.9575596816976129,0.931899641577061,0.9585365853658536,0.9736070381231672,0.2524475524475524,1.0,0.1374125874125874,0.116083916083916,0.4153761061946903,0.9647614230315292,0.2493887530562347,0.2135497970652513,0.9947019867549668,0.9319218241042344,0.9927007299270072,1.0,0.2624956308982873,1.0,0.1426074799021321,0.1195386228591401,4.880099296569824,0.12,59.65443015098572,4.637715101242065
6gono,0.1079646017699115,0.9652370203160272,0.3341103341103341,0.3864150943396227,1.0,0.9328097731239092,0.9862385321100916,1.0,0.0570626753975678,1.0,0.2011225444340505,0.2394761459307764,0.1063829787234042,0.965205603253502,0.3252918287937743,0.3764172335600907,1.0,0.9327510917030568,0.9631336405529954,0.976470588235294,0.0561797752808988,1.0,0.1956928838951311,0.2331460674157303,0.1079646017699115,0.9652370203160272,0.331002331002331,0.3864150943396227,1.0,0.9328097731239092,0.9770642201834864,1.0,0.0570626753975678,1.0,0.1992516370439663,0.2394761459307764,0.7780499458312988,0.04,30.043675422668457,2.755112886428833
6gowm,0.1506536625855986,0.9596726430840468,0.0243578387953941,0.0524475524475524,1.0,0.9224717938101644,0.9166666666666666,1.0,0.0814631956912028,1.0,0.012342908438061,0.0269299820466786,0.1490244914902449,0.9596683000376932,0.0141749723145072,0.0500546448087431,0.9903448275862068,0.922463768115942,0.5378151260504201,0.9581589958158996,0.0805745707552463,1.0,0.007182134440579,0.0256985747951969,0.1506536625855986,0.9596726430840468,0.0183790965456155,0.051791958041958,1.0,0.9224717938101644,0.6916666666666667,0.9875,0.0814631956912028,1.0,0.0093132854578096,0.0265933572710951,4.536104917526245,0.68,19.98715353012085,27.07281732559204
6gph8,0.4434523809523809,0.9584020524097489,0.1003972553268327,0.099563953488372,1.0,0.9201266713581984,0.9025974025974026,1.0,0.2848948374760994,1.0,0.0531548757170172,0.0523900573613766,0.4103633114949375,0.9583868010999084,0.0679436212504517,0.0938181818181818,0.9260752688172044,0.9200985568461808,0.6143790849673203,0.9485294117647058,0.2635807192042846,1.0,0.0359602142310635,0.0493496557000765,0.4434523809523809,0.9584020524097489,0.0722282412423257,0.099563953488372,1.0,0.9201266713581984,0.6493506493506493,1.0,0.2848948374760994,1.0,0.0382409177820267,0.0523900573613766,4.84786581993103,0.13,26.94052219390869,3.167929172515869
6gqua,0.4193461226695487,0.95980311730927,0.0964713499514406,0.1826654240447343,1.0,0.9227129337539433,0.9085365853658536,1.0,0.2652991452991453,1.0,0.0509401709401709,0.1005128205128205,0.4076777507434442,0.9597899228623008,0.0472951085195983,0.1753186198321417,0.9729032258064516,0.9226885452824236,0.4478527607361963,0.962457337883959,0.2578659370725034,1.0,0.0249658002735978,0.0964432284541723,0.4193461226695487,0.95980311730927,0.0647458724506312,0.1826654240447343,1.0,0.9227129337539433,0.6097560975609756,1.0,0.2652991452991453,1.0,0.0341880341880341,0.1005128205128205,5.326425552368164,0.16,26.190349817276,5.334606885910034
6grjj,0.3829105473965287,0.9626450484819584,0.1061504839213237,0.2219612448620082,1.0,0.9279803861477168,0.9714285714285714,1.0,0.2367899603698811,1.0,0.0561426684280052,0.1248348745046235,0.379909163772375,0.9626331690252824,0.0968447360199937,0.2168037602820211,0.9930167597765364,0.927958307786634,0.8908045977011494,0.9787798408488064,0.2348860257680872,1.0,0.051205814337628,0.1219028741328047,0.3829105473965287,0.9626450484819584,0.1055260693100218,0.2219612448620082,1.0,0.9279803861477168,0.9657142857142856,1.0,0.2367899603698811,1.0,0.0558124174372523,0.1248348745046235,4.54291844367981,0.18,33.390803813934326,14.594661235809326
6gs37,0.3388235294117647,0.9555801648824904,0.0193335029254642,0.1416606843742522,1.0,0.9149387370405276,0.7916666666666666,1.0,0.2039660056657223,1.0,0.0097862477465876,0.0762297192892093,0.336828589771025,0.9555692307692308,0.0132349198269279,0.1369403878381613,0.9949431099873578,0.9149186896064104,0.5531914893617021,0.9694915254237289,0.2027305512622359,1.0,0.0066975785677485,0.0736733642452344,0.3388235294117647,0.9555801648824904,0.0183159501399135,0.1311318497248145,1.0,0.9149387370405276,0.75,0.9256756756756755,0.2039660056657223,1.0,0.0092711820757146,0.0705639969096059,4.384567022323608,0.23,10.77651572227478,7.899845123291016
6gsuq,0.1892319873317497,0.960655278633436,0.0768908150426394,0.0719404243360966,1.0,0.9242893708743096,0.9417808219178082,1.0,0.1045037166593791,1.0,0.0400816207549919,0.0373123451391925,0.188753959873284,0.9606497689399244,0.0668437980701999,0.0699929725931131,0.9986033519553073,0.924279170035031,0.8213058419243986,0.976470588235294,0.1042274052478134,1.0,0.0348396501457725,0.0362973760932944,0.1892319873317497,0.960655278633436,0.0715783587306025,0.0685682169453421,1.0,0.9242893708743096,0.8767123287671232,0.953125,0.1045037166593791,1.0,0.0373123451391925,0.0355633289607928,4.57399320602417,0.45,50.05910444259644,4.367349624633789
6gtdo,0.2082446808510638,0.9573621375781692,0.0598647287379479,0.104404108625299,0.9987244897959184,0.9182115594329336,0.976525821596244,1.0,0.1162410926365795,1.0,0.0308788598574821,0.0550771971496437,0.2077680234104815,0.9573560767590618,0.0575788109975529,0.1027445460942997,0.9974457215836526,0.918200408997955,0.9433962264150944,0.9864864864864864,0.1159613956941351,1.0,0.0296956198960653,0.0541945063103192,0.2079787234042553,0.9573621375781692,0.0598647287379479,0.104404108625299,0.9974489795918368,0.9182115594329336,0.976525821596244,1.0,0.1160926365795724,1.0,0.0308788598574821,0.0550771971496437,4.665724277496338,0.44,43.569090366363525,26.36706304550171
6gu0g,0.1656410773731463,0.9626766901371168,N/A,0.0897153062296459,1.0,0.9280391956721444,N/A,1.0,0.0902991641003079,1.0,N/A,0.0469643642762868,0.1634547472505297,0.9626727378620216,N/A,0.0880529578648734,0.9878048780487804,0.9280318497345856,N/A,0.9835680751173708,0.0890991090089099,1.0,N/A,0.0460895391046089,0.1656410773731463,0.9626766901371168,N/A,0.0897153062296459,1.0,0.9280391956721444,N/A,1.0,0.0902991641003079,1.0,N/A,0.0469643642762868,5.061785697937012,0.56,N/A,8.891624212265015
6guum,0.2569220862846104,0.9594187488924332,0.0988606485539,0.1010171869519466,1.0,0.9220027247956404,0.9690721649484536,1.0,0.1473956409309198,1.0,0.0520871813816032,0.0531954192833394,0.2492753623188406,0.9594115561857496,0.0922321585130633,0.0982456140350877,0.9711417816813048,0.9219894396184636,0.906896551724138,0.975609756097561,0.1429891003140587,1.0,0.0485867356364308,0.051727323111029,0.2569220862846104,0.9594187488924332,0.0953549517966695,0.1010171869519466,1.0,0.9220027247956404,0.9347079037800688,1.0,0.1473956409309198,1.0,0.0502401182120428,0.0531954192833394,4.453079462051392,0.32,46.35281229019165,22.95532989501953
6gvi8,0.1966777408637873,0.9590106007067136,0.1393775372124492,0.3571428571428571,1.0,0.9212491513917176,0.8512396694214877,1.0,0.1090641120117907,1.0,0.0759027266028003,0.217391304347826,0.1849634065202927,0.958981612446959,0.100271002710027,0.3503030303030303,0.9455782312925172,0.9211956521739132,0.6166666666666667,0.9829931972789115,0.1025073746312684,1.0,0.0545722713864306,0.2131268436578171,0.1966777408637873,0.9590106007067136,0.0987821380243572,0.3571428571428571,1.0,0.9212491513917176,0.6033057851239669,1.0,0.1090641120117907,1.0,0.05379513633014,0.217391304347826,1.1894667148590088,0.06,18.21459031105041,3.9777145385742183
6gw3m,0.319055944055944,0.9569544662851456,0.0831880448318804,0.1685714285714285,1.0,0.9174618320610688,0.9881656804733728,1.0,0.1898075923036921,1.0,0.0434217368694747,0.0920436817472698,0.3183209444687364,0.9569437531110006,0.0802392225267879,0.1667460695569318,0.9986282578875172,0.9174421379145788,0.9583333333333334,0.9915014164305948,0.189336801040312,1.0,0.0418725617685305,0.0910273081924577,0.319055944055944,0.9569544662851456,0.0831880448318804,0.1685714285714285,1.0,0.9174618320610688,0.9881656804733728,1.0,0.1898075923036921,1.0,0.0434217368694747,0.0920436817472698,4.333053827285767,0.19,31.21695899963379,6.652328968048096
6gwth,0.1875699888017917,0.9575506581866589,0.143389733295096,0.1439220183486238,1.0,0.9185584562996596,1.0,1.0,0.1034908866234167,1.0,0.0772320049428483,0.0775409329626197,0.1781512605042017,0.9575380973516792,0.1360114777618364,0.138267355134825,0.9520958083832336,0.918535339199546,0.9518072289156626,0.964,0.0982694684796044,1.0,0.0732385661310259,0.0744746600741656,0.1875699888017917,0.9575506581866589,0.1307714367651276,0.1439220183486238,1.0,0.9185584562996596,0.912,1.0,0.1034908866234167,1.0,0.0704355885078776,0.0775409329626197,2.1505675315856934,0.16,41.55836033821106,10.275574922561646
6gy51,0.2734604105571847,0.9632886798241128,0.0620888157894736,0.171583850931677,1.0,0.9291773525350168,0.9805194805194806,1.0,0.1583864118895966,1.0,0.0320594479830148,0.0938428874734607,0.2706270627062706,0.9632811700930756,0.0547099958864664,0.167378640776699,0.9906040268456376,0.9291633780584057,0.869281045751634,0.9773242630385488,0.1567211722234019,1.0,0.0282437884901252,0.0915268634529624,0.2734604105571847,0.9632886798241128,0.0587993421052631,0.1669254658385092,1.0,0.9291773525350168,0.9285714285714286,0.9728506787330315,0.1583864118895966,1.0,0.0303609341825902,0.0912951167728237,4.7897913455963135,0.26,28.34541344642639,5.559139728546143
6gykn,0.095878889823381,0.9629944704381114,0.24653312788906,0.3782234957020057,1.0,0.9286300246103364,0.963855421686747,1.0,0.0503533568904593,1.0,0.1413427561837456,0.2332155477031802,0.092670598146588,0.962962962962963,0.2237654320987654,0.3701578192252511,0.9821428571428572,0.9285714285714286,0.8787878787878788,0.9809885931558936,0.048629531388152,1.0,0.1282051282051282,0.2281167108753315,0.095878889823381,0.9629944704381114,0.2342064714946071,0.3782234957020057,1.0,0.9286300246103364,0.9156626506024096,1.0,0.0503533568904593,1.0,0.1342756183745583,0.2332155477031802,0.7446577548980713,0.05,24.08033800125122,3.1625068187713623
6gz4l,0.2858504049547403,0.9661654135338346,0.2058677274987568,0.2584704743465634,1.0,0.9345454545454546,0.9764150943396226,1.0,0.1667593107281823,1.0,0.1150639244024458,0.1484157865480822,0.2746781115879829,0.9661472326706072,0.1921353907416625,0.252906976744186,0.9632107023411371,0.9345114345114344,0.914691943127962,0.981203007518797,0.1601779755283648,1.0,0.10734149054505,0.1451612903225806,0.2858504049547403,0.9661654135338346,0.1929388363998011,0.2584704743465634,1.0,0.9345454545454546,0.9150943396226416,1.0,0.1667593107281823,1.0,0.1078376876042245,0.1484157865480822,1.9590628147125244,0.07,33.75996685028076,3.2787904739379883
6gzjx,0.1958584987057808,0.9539233576642336,0.314859437751004,0.2465408805031446,1.0,0.911905800261666,0.9824561403508772,1.0,0.1085604973696795,1.0,0.1874701099952176,0.1406025824964132,0.1856649395509499,0.9539023277042444,0.2958199356913183,0.2400335711288292,0.9513274336283186,0.911867364746946,0.9246231155778896,0.9761092150170648,0.1028708133971291,1.0,0.1760765550239234,0.1368421052631579,0.1958584987057808,0.9539233576642336,0.2096385542168674,0.2465408805031446,1.0,0.911905800261666,0.6541353383458647,1.0,0.1085604973696795,1.0,0.1248206599713055,0.1406025824964132,1.6516947746276855,0.09,59.59292459487915,4.305534601211548
6h0pu,0.4925742574257425,0.9607572470913036,0.1101694915254237,0.2965034965034965,1.0,0.9244781783681214,0.89375,1.0,0.3267651888341543,1.0,0.0587027914614121,0.174055829228243,0.4910216718266253,0.9607417636614716,0.0886661526599845,0.2904128761371589,0.9974842767295596,0.9244495064540622,0.7232704402515723,0.9810874704491724,0.3256673511293634,1.0,0.0472279260780287,0.1704312114989733,0.4925742574257425,0.9607572470913036,0.0901386748844375,0.2965034965034965,1.0,0.9244781783681214,0.73125,1.0,0.3267651888341543,1.0,0.0480295566502463,0.174055829228243,4.66801905632019,0.11,26.160996437072757,6.196278095245361
6h13u,0.2128654970760234,0.9511360099595394,0.180522565320665,0.2517162471395881,1.0,0.9068249258160236,0.9743589743589745,1.0,0.119109947643979,1.0,0.0994764397905759,0.143979057591623,0.202576112412178,0.951105574587356,0.1664684898929845,0.2394043528064146,0.9558011049723756,0.9067695961995248,0.9032258064516128,0.954337899543379,0.1132940406024885,1.0,0.091683038637852,0.1368696791093647,0.2128654970760234,0.9511360099595394,0.171021377672209,0.2517162471395881,1.0,0.9068249258160236,0.9230769230769232,1.0,0.119109947643979,1.0,0.094240837696335,0.143979057591623,1.2913525104522705,0.08,21.64800310134888,3.004589557647705
6h19e,0.0996965756393584,0.965001100594321,0.3018575851393189,0.1854304635761589,1.0,0.93236920459379,0.9948979591836736,1.0,0.052463503649635,1.0,0.177919708029197,0.1021897810218978,0.0928416485900217,0.9649856859722528,0.2920216886134779,0.1797845898922949,0.9385964912280702,0.9323404255319148,0.9641943734015346,0.9730941704035876,0.0488361478776814,1.0,0.1720675490643541,0.0990415335463258,0.0996965756393584,0.965001100594321,0.2817337461300309,0.1854304635761589,1.0,0.93236920459379,0.9285714285714286,1.0,0.052463503649635,1.0,0.1660583941605839,0.1021897810218978,1.0886390209197998,0.08,56.0790445804596,6.214191913604736
6h1bp,0.0785394419565966,0.9567753001715266,0.0684647302904564,0.1542025148908007,1.0,0.917132522196646,0.9611650485436892,1.0,0.0408748655432054,1.0,0.0354965937612047,0.0835424883470778,0.0779041709755256,0.9567604667124228,0.0415224913494809,0.1483443708609271,1.0,0.9171052631578948,0.5882352941176471,0.9655172413793104,0.0405308464849354,1.0,0.0215208034433285,0.0803443328550932,0.0785394419565966,0.9567753001715266,0.0470262793914246,0.1542025148908007,1.0,0.917132522196646,0.6601941747572816,1.0,0.0408748655432054,1.0,0.0243814987450699,0.0835424883470778,1.1197161674499512,0.12,17.71922993659973,3.844240188598633
6h1sd,0.1332133213321332,0.9513761467889909,0.1794310722100656,0.2534736842105263,1.0,0.9072615923009624,0.971563981042654,1.0,0.0713596914175506,1.0,0.0988428158148505,0.1451301832208293,0.1279279279279279,0.9513538320330428,0.1655716162943495,0.2435735356089338,0.9659863945578232,0.9072210065645514,0.9,0.9633333333333334,0.0684997588036661,1.0,0.0911722141823444,0.1394114809454896,0.1332133213321332,0.9513761467889909,0.1654266958424507,0.2534736842105263,1.0,0.9072615923009624,0.8957345971563981,1.0,0.0713596914175506,1.0,0.0911282545805207,0.1451301832208293,1.0704658031463623,0.1,32.3707320690155,6.070418119430542
6h3hw,0.2141270546423811,0.9591982820329276,0.1117370892018779,0.2329670329670329,1.0,0.921595598349381,0.9916666666666668,1.0,0.1199004975124378,1.0,0.0592039800995024,0.1318407960199005,0.2045353490440195,0.959178801623299,0.106203007518797,0.2278926528816542,0.9583333333333334,0.921559633027523,0.9495798319327732,0.981060606060606,0.1144848183175709,1.0,0.0562468889995022,0.1289198606271777,0.2141270546423811,0.9591982820329276,0.1089201877934272,0.2329670329670329,1.0,0.921595598349381,0.9666666666666668,1.0,0.1199004975124378,1.0,0.0577114427860696,0.1318407960199005,1.689983367919922,0.1,19.398191928863525,3.4873971939086914
6h3qi,0.1146393972012917,0.9615701345045292,0.1409644939056703,0.1759958344181203,1.0,0.9259846682527096,0.981549815498155,1.0,0.0608050242649157,1.0,0.0759349129317727,0.0964887239508992,0.1087775982767905,0.9615595826468972,0.1336161187698833,0.1719197707736389,0.9528301886792452,0.925965097831835,0.9333333333333332,0.9792284866468842,0.0576813249571673,1.0,0.0719588806396345,0.0942318675042832,0.1146393972012917,0.9615701345045292,0.1404345521992581,0.1572507159593855,1.0,0.9259846682527096,0.977859778597786,0.893491124260355,0.0608050242649157,1.0,0.0756494433342849,0.0862118184413359,2.186375617980957,0.19,47.54134202003479,12.008321285247805
6h4do,0.6099603349493169,0.9540229885057472,N/A,0.3115631691648822,1.0,0.912087912087912,N/A,1.0,0.4388078630310716,1.0,N/A,0.1845275840202916,0.6007940008822231,0.953995157384988,N/A,0.3033226152197213,0.9855282199710564,0.9120370370370372,N/A,0.9758620689655172,0.4321065989847715,1.0,N/A,0.1795685279187817,0.6099603349493169,0.9540229885057472,N/A,0.3115631691648822,1.0,0.912087912087912,N/A,1.0,0.4388078630310716,1.0,N/A,0.1845275840202916,4.875958681106567,0.07,N/A,6.213193655014038
6h6ld,0.1680216802168021,0.964336661911555,0.177737881508079,0.1597096188747731,1.0,0.931129476584022,0.99,1.0,0.0917159763313609,1.0,0.0976331360946745,0.0867850098619329,0.1609403254972875,0.9643196955280684,0.1653189577717879,0.1553133514986376,0.9621621621621622,0.9310978410656868,0.9246231155778896,0.9771428571428572,0.0878145041933892,1.0,0.0907745436605821,0.0843611248149975,0.1680216802168021,0.964336661911555,0.1624775583482944,0.1597096188747731,1.0,0.931129476584022,0.905,1.0,0.0917159763313609,1.0,0.0892504930966469,0.0867850098619329,1.251244068145752,0.08,30.96947550773621,2.607796430587769
6h6p0,0.3567073170731707,0.9680316091954024,0.1491108071135431,0.2397126061397779,1.0,0.9380438565958928,0.9519650655021834,1.0,0.2170686456400742,1.0,0.0808905380333951,0.136178107606679,0.3416717510677243,0.96802012217032,0.135523613963039,0.2326797385620914,0.958904109589041,0.9380222841225628,0.868421052631579,0.9726775956284152,0.2078693392724573,1.0,0.0734966592427616,0.1321455085374907,0.3567073170731707,0.9680316091954024,0.1381668946648426,0.2397126061397779,1.0,0.9380438565958928,0.8820960698689956,1.0,0.2170686456400742,1.0,0.0749536178107606,0.136178107606679,3.66607666015625,0.1,36.579182863235474,9.481345415115356
6h79s,0.1983169705469845,0.9620310042687036,0.0732906301206613,0.1180779372985643,1.0,0.9268398268398268,0.8482758620689655,1.0,0.1100731745290362,1.0,0.0382998598785614,0.0627432663864237,0.1980920314253647,0.9620253164556964,0.0429146177916852,0.1157678780773739,1.0,0.926829268292683,0.4982698961937716,0.9825870646766168,0.1099345998131423,1.0,0.0224229212083463,0.0615073185923388,0.1983169705469845,0.9620310042687036,0.0479666319082377,0.1180779372985643,1.0,0.9268398268398268,0.5551724137931034,1.0,0.1100731745290362,1.0,0.0250661684571072,0.0627432663864237,4.300295829772949,0.31,43.61645650863648,5.558318853378296
6h7do,0.0871613663133097,0.9567010309278352,0.1941209095951192,0.2714209686003193,1.0,0.91699604743083,0.9776536312849162,1.0,0.0455665024630541,1.0,0.1077586206896551,0.1570197044334975,0.0837264150943396,0.9566755083996464,0.1799000555247085,0.2653169952051145,0.9726027397260274,0.9169491525423727,0.9101123595505618,0.9803149606299212,0.0437461491065927,1.0,0.099815157116451,0.1534195933456562,0.0871613663133097,0.9567010309278352,0.1830282861896838,0.2714209686003193,1.0,0.91699604743083,0.9217877094972068,1.0,0.0455665024630541,1.0,0.1016009852216748,0.1570197044334975,0.8292574882507324,0.07,26.84479784965515,4.440423488616943
6h7i0,0.2052121364723656,0.9612946729602158,N/A,0.1037509976057462,1.0,0.9254739028823682,N/A,1.0,0.114337822671156,1.0,N/A,0.0547138047138047,0.2027452461906561,0.9612894523873752,N/A,0.1003193187865886,0.9889434889434888,0.9254642254252694,N/A,0.9691516709511568,0.1129507506664795,1.0,N/A,0.0528974322997053,0.2052121364723656,0.9612946729602158,N/A,0.091779728651237,1.0,0.9254739028823682,N/A,0.8846153846153846,0.114337822671156,1.0,N/A,0.0484006734006734,4.56400203704834,0.44,N/A,18.442352294921875
6h84n,0.1347368421052631,0.9725576289791438,0.1910569105691057,0.3366708385481852,1.0,0.9465811965811964,0.9591836734693876,1.0,0.0722347629796839,1.0,0.1060948081264108,0.2024078254326561,0.1293042867182009,0.9725375320395458,0.1791044776119403,0.3283208020050125,0.968421052631579,0.946543121881682,0.9041095890410958,0.9776119402985076,0.0692771084337349,1.0,0.0993975903614457,0.197289156626506,0.1347368421052631,0.9725576289791438,0.1802168021680217,0.3366708385481852,1.0,0.9465811965811964,0.9047619047619048,1.0,0.0722347629796839,1.0,0.1000752445447705,0.2024078254326561,0.959904670715332,0.03,21.255889654159542,6.534331321716309
6h9h7,0.1940899932840832,0.9679625629949604,0.0833481745325022,0.1490277060746859,1.0,0.9379141960237182,0.9873417721518988,1.0,0.1074748977314987,1.0,0.0435105987355894,0.0805132019338043,0.1834061135371179,0.967956795679568,0.0773205059682879,0.1466689619555861,0.9462738301559792,0.937903366474795,0.9194915254237288,0.9861111111111112,0.1015436116793751,1.0,0.0403570764366747,0.0792263343872047,0.1853593015446608,0.9679625629949604,0.0826357969723953,0.1479951815522285,0.9550173010380624,0.9379141960237182,0.978902953586498,0.9930715935334872,0.1026403867608776,1.0,0.0431387132763108,0.0799553737448865,3.704317808151245,0.28,39.19801211357117,10.79010248184204
6h9le,0.2649632481624081,0.9621506211180124,0.1172453044963005,0.1558779761904762,1.0,0.9270619038713296,0.9840764331210192,1.0,0.1527133346782328,1.0,0.0623360903772443,0.084526931611862,0.2643557422969187,0.9621432731508444,0.1112165496299108,0.1537030145143282,0.9986772486772488,0.9270482603815936,0.9361022364217252,0.9880382775119616,0.1523405972558515,1.0,0.0591202582728006,0.0833333333333333,0.2649632481624081,0.9621506211180124,0.1164864352115348,0.1428571428571428,1.0,0.9270619038713296,0.9777070063694268,0.9164677804295944,0.1527133346782328,1.0,0.0619326205366148,0.0774662094008472,4.538100719451904,0.24,50.45846700668335,19.695374727249146
6hab2,0.691052335396736,0.957201646090535,0.2331566994700984,0.3768318213538032,1.0,0.9179163378058406,0.9746835443037974,1.0,0.5279449699054171,1.0,0.1324161650902837,0.232158211521926,0.683943661971831,0.9571663920922572,0.2107657316148597,0.3703703703703703,0.9902120717781404,0.9178515007898894,0.8853503184713376,0.9851301115241636,0.5223752151462995,1.0,0.1196213425129087,0.2280550774526678,0.691052335396736,0.957201646090535,0.2180166540499621,0.3768318213538032,1.0,0.9179163378058406,0.9113924050632912,1.0,0.5279449699054171,1.0,0.1238177128116938,0.232158211521926,3.584691286087036,0.05,23.130752325057983,5.216818332672119
6hah2,0.2184006878761822,0.9673202614379084,0.2525083612040133,0.2733333333333333,1.0,0.9367088607594936,0.94375,1.0,0.1225868725868725,1.0,0.1457528957528957,0.1583011583011583,0.2170542635658915,0.9672897196261684,0.2294807370184254,0.2687813021702838,1.0,0.9366515837104072,0.8616352201257862,0.9877300613496932,0.1217391304347826,1.0,0.1323671497584541,0.1555555555555555,0.2184006878761822,0.9673202614379084,0.2190635451505016,0.2733333333333333,1.0,0.9367088607594936,0.81875,1.0,0.1225868725868725,1.0,0.1264478764478764,0.1583011583011583,1.0184431076049805,0.05,23.057231664657596,6.329721212387085
6haz0,0.1003610108303249,0.965327462850853,0.201834862385321,0.136685552407932,1.0,0.9329787234042554,0.9519230769230768,1.0,0.0528316229570505,1.0,0.1128848346636259,0.0733561383504371,0.0932080924855491,0.9653147366489264,0.1808908534512071,0.1318214032600992,0.9347826086956522,0.9329549485633204,0.8553054662379421,0.96875,0.0490494296577946,1.0,0.1011406844106463,0.070722433460076,0.1003610108303249,0.965327462850853,0.1889228678219504,0.136685552407932,1.0,0.9329787234042554,0.8910256410256411,1.0,0.0528316229570505,1.0,0.1056632459141011,0.0733561383504371,2.592203140258789,0.11,47.09633111953735,4.194228172302246
6hb4y,0.4724964739069111,0.9611715109829156,N/A,0.3267670915411355,1.0,0.925245621529261,N/A,1.0,0.30932594644506,1.0,N/A,0.1952908587257617,0.4664784756527876,0.9611542730299668,N/A,0.321608040201005,0.9880418535127056,0.9252136752136751,N/A,0.985781990521327,0.3053117782909931,1.0,N/A,0.1921478060046189,0.4724964739069111,0.9611715109829156,N/A,0.3267670915411355,1.0,0.925245621529261,N/A,1.0,0.30932594644506,1.0,N/A,0.1952908587257617,3.897968053817749,0.11,N/A,7.6219611167907715
6hbde,0.3350910834132311,0.9547766323024056,0.1008174386920981,0.1749868628481345,1.0,0.9134665965281432,0.9390862944162436,1.0,0.2012669162107687,1.0,0.0532680679527785,0.0958825223150014,0.3208633093525179,0.9547641963426372,0.0883315158124318,0.167192429022082,0.9584527220630372,0.9134438305709024,0.826530612244898,0.9578313253012049,0.192684331797235,1.0,0.0466589861751152,0.091589861751152,0.3350910834132311,0.9547766323024056,0.0937329700272479,0.1749868628481345,1.0,0.9134665965281432,0.8730964467005076,1.0,0.2012669162107687,1.0,0.0495249064209617,0.0958825223150014,4.775298595428467,0.17,33.77521061897278,12.922543048858644
6hbrj,0.3966395112016293,0.95787072243346,0.082091821222256,0.1552431165787932,1.0,0.9191476941039112,0.9642857142857144,1.0,0.2473801206732296,1.0,0.0428707526198793,0.0841536995871705,0.3942944472745797,0.9578579035448044,0.0748402798904776,0.1524032825322391,0.9948586118251928,0.9191240875912408,0.8848920863309353,0.9848484848484848,0.2458703939008894,1.0,0.0390724269377382,0.0825921219822109,0.3966395112016293,0.95787072243346,0.0674977196716327,0.1446983011130638,1.0,0.9191476941039112,0.7928571428571428,0.9320754716981132,0.2473801206732296,1.0,0.0352492854874563,0.0784375992378532,4.138743877410889,0.16,24.153366565704346,4.971240758895874
6hbte,0.750733137829912,0.9594594594594594,0.2508474576271187,0.3272251308900523,1.0,0.922077922077922,0.9390862944162436,1.0,0.6009389671361502,1.0,0.1447574334898278,0.1956181533646322,0.7367906066536204,0.9594290007513148,0.2267481330617786,0.3171690694626474,0.9817470664928292,0.9220216606498196,0.8520408163265306,0.9718875502008032,0.5896632732967894,1.0,0.1307752545027408,0.1895066562255286,0.750733137829912,0.9594594594594594,0.2332203389830508,0.3272251308900523,1.0,0.922077922077922,0.8730964467005076,1.0,0.6009389671361502,1.0,0.1345852895148669,0.1956181533646322,4.1702306270599365,0.05,30.00516986846924,3.8402292728424072
6hdbh,0.229336437718277,0.9625059326056004,N/A,0.0864915867274728,1.0,0.9277218664226898,N/A,1.0,0.1295200525969757,1.0,N/A,0.0452005259697567,0.2195050946142649,0.9625,N/A,0.0852603429290545,0.9580686149936468,0.927710843373494,N/A,0.9890510948905108,0.1239519973697188,1.0,N/A,0.0445503863225382,0.229336437718277,0.9625059326056004,N/A,0.0864915867274728,1.0,0.9277218664226898,N/A,1.0,0.1295200525969757,1.0,N/A,0.0452005259697567,4.726101875305176,0.35,N/A,6.500499725341797
6hdof,0.281893747741236,0.9698082415340676,0.0689795090282004,0.0964964964964964,1.0,0.9413861386138612,0.9714285714285714,1.0,0.1640723601177955,1.0,0.0357593605384939,0.050694152292806,0.2678958785249458,0.9698020812079168,0.0633245382585751,0.0917284197877027,0.951219512195122,0.9413745296098236,0.896551724137931,0.9541666666666668,0.1559015358720808,1.0,0.0328213759730696,0.0481800967809804,0.281893747741236,0.9698082415340676,0.0689795090282004,0.0948948948948949,1.0,0.9413861386138612,0.9714285714285714,0.983402489626556,0.1640723601177955,1.0,0.0357593605384939,0.0498527555742532,4.565674543380737,0.25,29.0784285068512,6.1544506549835205
6he42,0.1706223340260308,0.962536686424584,0.0527906976744186,0.0621017263353029,1.0,0.9277790104282228,0.9578059071729956,1.0,0.0932679660408944,1.0,0.027143369604209,0.0320459165371278,0.1627830653101411,0.9625323741007196,0.0479181204931379,0.0595665778189825,0.9550706033376124,0.9277709974481304,0.8728813559322034,0.9625468164794008,0.0889739296818942,1.0,0.0246352547237502,0.0307342740971059,0.1706223340260308,0.962536686424584,0.0516279069767441,0.0621017263353029,1.0,0.9277790104282228,0.9367088607594936,1.0,0.0932679660408944,1.0,0.0265454980270237,0.0320459165371278,4.680707931518555,0.57,37.74152493476868,4.74053955078125
6hei2,0.0487588652482269,0.966198419666374,0.1186513017498932,0.3069230769230769,1.0,0.9346072186836518,0.9788732394366196,1.0,0.0249886415265788,1.0,0.0631531122217174,0.1812812358019082,0.0479148181011535,0.966183574879227,0.1067919692439128,0.3010007698229408,1.0,0.9345794392523364,0.8865248226950354,0.9824120603015076,0.0245454545454545,1.0,0.0568181818181818,0.1777272727272727,0.0487588652482269,0.966198419666374,0.1118224498506188,0.3069230769230769,1.0,0.9346072186836518,0.9225352112676056,1.0,0.0249886415265788,1.0,0.0595184007269423,0.1812812358019082,0.7681186199188232,0.08,25.104224920272827,4.348929405212402
6hepm,0.2576312576312576,0.9657389391760426,0.0997838017628471,0.0912890820932954,1.0,0.9337477506952396,0.9836065573770492,1.0,0.1478626489138051,1.0,0.0525578135949544,0.0478276103714085,0.2558778625954199,0.9657331415517388,0.0944934287140242,0.0893125940792774,0.9940688018979834,0.9337369109947644,0.9342105263157896,0.9816176470588236,0.1468372174522516,1.0,0.0497634483967058,0.0467846504292973,0.2576312576312576,0.9657389391760426,0.0977881257275902,0.0912890820932954,1.0,0.9337477506952396,0.9639344262295082,1.0,0.1478626489138051,1.0,0.0515066573230553,0.0478276103714085,4.806473016738892,0.28,50.3441481590271,15.859023809432983
6hev4,0.0734200743494423,0.967561260210035,0.2262057191634656,0.2645458350774382,1.0,0.9371609403254972,0.9814814814814816,1.0,0.0381090207428847,1.0,0.1278340569223348,0.1524360829715388,0.067906976744186,0.9675461125379408,0.2110209312259718,0.2605781315458734,0.935897435897436,0.9371325192220714,0.9182156133828996,0.9873015873015872,0.0352316602316602,1.0,0.1192084942084942,0.1500965250965251,0.0734200743494423,0.967561260210035,0.2193768672641912,0.2645458350774382,1.0,0.9371609403254972,0.9518518518518518,1.0,0.0381090207428847,1.0,0.1239749155812831,0.1524360829715388,0.929086446762085,0.08,41.512451171875,6.055368900299072
6hhwq,0.0870639086137696,0.9690334688770724,N/A,0.2297142857142856,1.0,0.9399271844660194,N/A,1.0,0.0455132343447385,1.0,N/A,0.1297611362169141,0.0864998455359901,0.9690237797246558,N/A,0.2252715837621497,1.0,0.9399089529590288,N/A,0.9825436408977556,0.045205037132709,1.0,N/A,0.1272198902163384,0.0870639086137696,0.9690334688770724,N/A,0.2297142857142856,1.0,0.9399271844660194,N/A,1.0,0.0455132343447385,1.0,N/A,0.1297611362169141,1.0544369220733645,0.12,N/A,4.03687858581543
6hiy1,0.1501585525088603,0.9584420605006282,0.0331020812685827,0.0853364224345979,1.0,0.9202004268349262,0.9653179190751444,1.0,0.0811737420590904,1.0,0.0168397700917616,0.0445699304225068,0.15,0.958438043688382,0.0289452815226011,0.0847735830839046,1.0,0.9201930215293244,0.8488372093023255,0.9954648526077098,0.081081081081081,1.0,0.0147236789027833,0.0442718838241226,0.1501585525088603,0.9584420605006282,0.0311199207135778,0.0853364224345979,1.0,0.9202004268349262,0.907514450867052,1.0,0.0811737420590904,1.0,0.015831400625189,0.0445699304225068,4.498145580291748,0.78,30.928516387939453,27.283382892608643
6hj3l,0.794728839330968,0.9580983078162773,0.1797410510281797,0.3801089918256131,1.0,0.919566898685228,0.9516129032258064,1.0,0.6593776282590412,1.0,0.0992430613961312,0.2346509671993271,0.7904616945712836,0.9580645161290322,0.160183066361556,0.3697135061391541,0.9948914431673052,0.9195046439628484,0.8536585365853658,0.974820143884892,0.6557239057239057,1.0,0.0883838383838383,0.2281144781144781,0.794728839330968,0.9580983078162773,0.1736481340441736,0.3801089918256131,1.0,0.919566898685228,0.9193548387096774,1.0,0.6593776282590412,1.0,0.095878889823381,0.2346509671993271,4.581710577011108,0.04,21.094732761383057,3.9421422481536874
6hk11,0.2162384942986674,0.964492645966424,N/A,0.088620638892978,1.0,0.9314203730272596,N/A,1.0,0.1212261244608749,1.0,N/A,0.0463647566235366,0.2127250240483716,0.9644873699851412,N/A,0.0877632160212045,0.9847328244274808,0.9314105323575836,N/A,0.9933333333333332,0.1192420274225851,1.0,N/A,0.0459097211523648,0.2162384942986674,0.964492645966424,N/A,0.088620638892978,1.0,0.9314203730272596,N/A,1.0,0.1212261244608749,1.0,N/A,0.0463647566235366,4.450644493103027,0.38,N/A,8.906148433685303
6hl1i,0.1354558610709117,0.9569221628045158,0.160318362706083,0.121318168562263,1.0,0.9174024494446028,0.9494949494949496,1.0,0.0726482458863707,1.0,0.0875504501707544,0.0645762185656628,0.1285838401390095,0.9569093610698364,0.1410693970420933,0.1161365625911876,0.9527896995708156,0.9173789173789174,0.8378378378378378,0.961352657004831,0.0689440993788819,1.0,0.0770186335403726,0.0618012422360248,0.1319826338639652,0.9569221628045158,0.1523592950540079,0.1154855643044619,0.9743589743589745,0.9174024494446028,0.9023569023569024,0.9519230769230768,0.0707854703508227,1.0,0.0832039739211425,0.0614715926730828,1.82304048538208,0.18,49.09991192817688,4.61565089225769
6hl1p,0.1163039600428112,0.9642074506939372,0.1595262974573319,0.3022508038585209,1.0,0.930888575458392,0.9913419913419912,1.0,0.0617424242424242,1.0,0.0867424242424242,0.178030303030303,0.1135308818279186,0.9641943734015346,0.146392471244336,0.296010296010296,0.9814814814814816,0.9308641975308642,0.9130434782608696,0.9808102345415778,0.0602500947328533,1.0,0.0795755968169761,0.1743084501705191,0.1163039600428112,0.9642074506939372,0.1504702194357366,0.3022508038585209,1.0,0.930888575458392,0.935064935064935,1.0,0.0617424242424242,1.0,0.0818181818181818,0.178030303030303,1.2895469665527344,0.11,35.284255027771,9.830409288406372
6hl5u,0.1908212560386473,0.9477013918177984,0.1669381107491857,0.3293680297397769,1.0,0.9006012024048096,0.9808612440191388,1.0,0.1054739652870494,1.0,0.0912327547841566,0.1971517578994214,0.1804995970991136,0.9476793248945148,0.1548492257538712,0.3169642857142857,0.9491525423728814,0.90056134723336,0.9134615384615384,0.9638009049773756,0.0997328584149599,1.0,0.0845948352626892,0.1896705253784505,0.1908212560386473,0.9477013918177984,0.1596091205211726,0.3293680297397769,1.0,0.9006012024048096,0.937799043062201,1.0,0.1054739652870494,1.0,0.087227414330218,0.1971517578994214,1.719400405883789,0.12,31.965784788131717,8.545795202255249
6hliq,0.3118741058655221,0.958570268074736,0.3148148148148148,0.4929757343550446,1.0,0.9204368174726988,0.9866071428571428,1.0,0.1847457627118644,1.0,0.1872881355932203,0.3271186440677966,0.2951289398280802,0.9585365853658536,0.296718972895863,0.4859335038363172,0.9493087557603688,0.9203747072599532,0.9327354260089686,0.987012987012987,0.1747243426632739,1.0,0.1764206955046649,0.3223070398642917,0.3118741058655221,0.958570268074736,0.2920227920227921,0.4929757343550446,1.0,0.9204368174726988,0.9151785714285714,1.0,0.1847457627118644,1.0,0.173728813559322,0.3271186440677966,1.6378414630889893,0.04,33.017895460128784,8.202722549438477
6hm2l,0.3052933935166187,0.9520516366989396,0.0953477660064486,0.1483972203541806,1.0,0.90849098108227,0.9764150943396226,1.0,0.1801452784503631,1.0,0.0501210653753026,0.0801452784503631,0.2988505747126437,0.9520405810468066,0.0898617511520737,0.1471181879345144,0.9798115746971736,0.9084708470847084,0.924170616113744,0.993939393939394,0.1763138774521676,1.0,0.047226931460402,0.0794381206103172,0.3052933935166187,0.9520516366989396,0.0953477660064486,0.1483972203541806,1.0,0.90849098108227,0.9764150943396226,1.0,0.1801452784503631,1.0,0.0501210653753026,0.0801452784503631,5.191935777664185,0.21,36.29348874092102,6.401501178741455
6hmh1,0.3325862841774988,0.9554385514318736,0.1417873190214678,0.170641750676174,1.0,0.9146791246619128,0.993006993006993,1.0,0.1994623655913978,1.0,0.0763440860215053,0.0932795698924731,0.3313901345291479,0.955427103403982,0.1343656343656343,0.1677736777367773,0.9973009446693656,0.9146581406787998,0.9438596491228072,0.9855491329479767,0.1987093304651788,1.0,0.0723312718472707,0.0916913148695886,0.3325862841774988,0.9554385514318736,0.1138292561158262,0.170641750676174,1.0,0.9146791246619128,0.7972027972027972,1.0,0.1994623655913978,1.0,0.0612903225806451,0.0932795698924731,4.6022629737854,0.22,48.008484840393066,5.524846792221069
6hohh,0.2222828310377744,0.9609317411174996,N/A,0.0868799530378632,1.0,0.9248013620885358,N/A,1.0,0.1250383553237189,1.0,N/A,0.0454127032832157,0.2103396535261219,0.9609259805367149,N/A,0.0851438637698179,0.9471744471744472,0.924790691074216,N/A,0.9830508474576272,0.118305969004143,1.0,N/A,0.0444990026085622,0.2222828310377744,0.9609317411174996,N/A,0.0792486058115644,1.0,0.9248013620885358,N/A,0.9121621621621622,0.1250383553237189,1.0,N/A,0.0414237496164467,5.509978771209717,0.42,N/A,4.648477792739868
6hoyd,0.1006023324362424,0.9636540962288686,0.0410995110347561,0.0344804721172336,1.0,0.929857582031495,0.9936102236421726,1.0,0.0529653869509479,1.0,0.0209837392888469,0.017542675932798,0.100358882337862,0.9636517328825022,0.0389902194025905,0.0336892366867829,0.9987244897959184,0.929853181076672,0.9455128205128204,0.9806949806949808,0.0528340080971659,1.0,0.0199055330634278,0.0171390013495276,0.1006023324362424,0.9636540962288686,0.0409673582661556,0.0323585969100192,1.0,0.929857582031495,0.9904153354632588,0.9384615384615383,0.0529653869509479,1.0,0.0209162674583361,0.0164631266446258,4.561220407485962,1.38,54.81385660171509,4.44457745552063
6hpyg,0.2808022922636103,0.9668063164679342,0.2379835873388042,0.2798165137614679,1.0,0.9357454772301934,0.9854368932038836,1.0,0.1633333333333333,1.0,0.1353333333333333,0.1626666666666666,0.2719449225473322,0.9667849080941632,0.2288732394366197,0.2709529276693456,0.971311475409836,0.935705368289638,0.951219512195122,0.97119341563786,0.1581054036024016,1.0,0.1300867244829886,0.1574382921947965,0.2808022922636103,0.9668063164679342,0.2309495896834701,0.2798165137614679,1.0,0.9357454772301934,0.9563106796116504,1.0,0.1633333333333333,1.0,0.1313333333333333,0.1626666666666666,1.7123310565948486,0.06,32.90903997421265,4.091130018234253
6hq0v,0.187694517596361,0.9647613585675142,N/A,0.0854830551340414,1.0,0.9319217038040132,N/A,1.0,0.1035667107001321,1.0,N/A,0.0446499339498018,0.1867816091954023,0.964756866993818,N/A,0.0827219833038198,0.9961685823754788,0.9319133218419108,N/A,0.9703264094955488,0.1030519223147047,1.0,N/A,0.0432025366627031,0.187694517596361,0.9647613585675142,N/A,0.0854830551340414,1.0,0.9319217038040132,N/A,1.0,0.1035667107001321,1.0,N/A,0.0446499339498018,4.849690198898315,0.48,N/A,44.83163499832153
6hq7u,0.4815803523758676,0.9420337860218616,0.2072409488139825,0.3141671606401897,1.0,0.8904195366311835,0.9222222222222224,1.0,0.3171589310829817,1.0,0.1167369901547116,0.1863572433192686,0.4639230358097274,0.9419953596287703,0.1775,0.3086053412462908,0.9644444444444444,0.8903508771929824,0.7932960893854749,0.9848484848484848,0.3054187192118227,1.0,0.099929627023223,0.1829697396199859,0.4815803523758676,0.9420337860218616,0.1797752808988764,0.3141671606401897,1.0,0.8904195366311835,0.8,1.0,0.3171589310829817,1.0,0.1012658227848101,0.1863572433192686,2.9310498237609863,0.06,29.30915117263794,10.979794025421144
6hqc6,0.2406311637080868,0.9555436529191216,0.161439588688946,0.2771607918879767,1.0,0.9148717948717948,0.9751552795031057,1.0,0.1367713004484305,1.0,0.0880044843049327,0.1608744394618834,0.226061204343534,0.9555198285101822,0.1502830674215131,0.2716288061865636,0.9423868312757202,0.9148281169830682,0.9125,0.9825174825174824,0.1284352215367358,1.0,0.0818844643858665,0.1575995513180033,0.2406311637080868,0.9555436529191216,0.1511568123393316,0.2771607918879767,1.0,0.9148717948717948,0.9130434782608696,1.0,0.1367713004484305,1.0,0.0823991031390134,0.1608744394618834,1.7810490131378174,0.08,26.49596667289734,5.73174262046814
6hrtr,0.1043667824783704,0.954141656662665,0.0389116029888622,0.0384995064165844,0.9948051948051948,0.9123048668503214,0.9963898916967509,1.0,0.0550722553742181,1.0,0.0198432669494571,0.0196275792652239,0.0960686788853308,0.9541385106164032,0.0370840383530738,0.0376586741889985,0.9167750325097528,0.9122991144637588,0.9528985507246376,0.9816176470588236,0.0506902502157031,1.0,0.018909979867702,0.019197584124245,0.0980993255671367,0.954141656662665,0.0380656985760609,0.0384995064165844,0.935064935064935,0.9123048668503214,0.9747292418772564,1.0,0.0517650442159752,1.0,0.0194118915809907,0.0196275792652239,4.757973670959473,1.28,47.12694215774536,35.00950384140015
6hsca,0.74860853432282,0.9587775408670932,0.2898368883312421,0.373719107896323,1.0,0.9208191126279864,0.9428571428571428,1.0,0.5982209043736101,1.0,0.1712379540400296,0.2297998517420311,0.7465181058495822,0.9587482219061166,0.2701005025125628,0.3633071816535908,0.9975186104218362,0.9207650273224044,0.8811475409836066,0.9741100323624596,0.5964391691394659,1.0,0.1594955489614243,0.223293768545994,0.74860853432282,0.9587775408670932,0.2848180677540777,0.373719107896323,1.0,0.9208191126279864,0.926530612244898,1.0,0.5982209043736101,1.0,0.1682727946627131,0.2297998517420311,4.4135448932647705,0.05,36.99819278717041,6.5017712116241455
6hsfq,0.3191109347092676,0.9661229611041406,0.1185840707964601,0.1847406772396056,1.0,0.9344660194174758,0.9403508771929824,1.0,0.1898465171192443,1.0,0.0632821723730814,0.1017709563164108,0.3156640857653365,0.9661152310325156,0.1044710048694112,0.1801029159519725,0.9900373599003736,0.9344515559479144,0.8309859154929577,0.9767441860465116,0.1877657061880019,1.0,0.0557392536608408,0.0991969768540387,0.3191109347092676,0.9661229611041406,0.1070796460176991,0.1847406772396056,1.0,0.9344660194174758,0.8491228070175438,1.0,0.1898465171192443,1.0,0.0571428571428571,0.1017709563164108,4.37714409828186,0.2,49.3021605014801,6.840653419494629
6ht5e,0.0905142216617626,0.9583684950773558,0.0743042802655742,0.0548101627176705,1.0,0.9200648123143396,0.9924528301886792,1.0,0.0474024068095098,1.0,0.0385970061637804,0.028177282066334,0.0894183601962158,0.958362638908426,0.0698035890914229,0.0536836093660765,0.9906832298136646,0.9200540175557056,0.9356060606060606,0.9842931937172776,0.0468222515778658,1.0,0.0362542198737707,0.0275943050051372,0.0905142216617626,0.9583684950773558,0.0644158779488628,0.0548101627176705,1.0,0.9200648123143396,0.8603773584905661,1.0,0.0474024068095098,1.0,0.0334605224537716,0.028177282066334,2.063950777053833,0.48,47.847519874572754,27.12959027290344
6htbi,0.121889283900457,0.9625195210827694,0.3229308005427408,0.2671040299906279,1.0,0.9277471149021576,0.9861878453038674,1.0,0.0648999459167117,1.0,0.1930773391022174,0.1541373715521903,0.1098118962887646,0.9625,0.3096423721140788,0.2636022514071294,0.907563025210084,0.927710843373494,0.9473684210526316,0.98943661971831,0.0584415584415584,1.0,0.185064935064935,0.152056277056277,0.121889283900457,0.9625195210827694,0.3048394391677974,0.2671040299906279,1.0,0.9277471149021576,0.930939226519337,1.0,0.0648999459167117,1.0,0.1822606814494321,0.1541373715521903,1.0228419303894043,0.07,54.00247669219971,5.843933343887329
6hthx,0.146764627777286,0.9583447770758948,0.0624826693779462,0.0439129216107633,1.0,0.9200210933380208,0.9629629629629628,1.0,0.0791937332823844,1.0,0.0322888803974016,0.0224493695070691,0.1443116423196104,0.9583409631935542,0.0554682444300637,0.042799738342211,0.9842995169082126,0.9200140634613694,0.8571428571428571,0.9786324786324786,0.0778637623005636,1.0,0.0286615075952995,0.0218782841310786,0.1465875896255643,0.9583447770758948,0.05878547000647,0.0439129216107633,0.9987937273823884,0.9200210933380208,0.905982905982906,1.0,0.0790982040504394,1.0,0.0303782957585021,0.0224493695070691,4.958070993423462,0.86,58.63091588020325,7.1054792404174805
6hu4b,0.3765191469846365,0.9637898175878028,0.2185929648241206,0.1054321648381054,1.0,0.93011035207567,0.9886363636363636,1.0,0.2319209039548022,1.0,0.1228813559322034,0.0556497175141242,0.373938976829548,0.9637799564270152,0.2116641528406234,0.1028112449799196,0.9939024390243902,0.9300919842312746,0.958997722095672,0.979591836734694,0.2302910426674201,1.0,0.11896015823679,0.0542526137326928,0.3765191469846365,0.9637898175878028,0.2185929648241206,0.1054321648381054,1.0,0.93011035207567,0.9886363636363636,1.0,0.2319209039548022,1.0,0.1228813559322034,0.0556497175141242,5.176721811294556,0.17,55.225903034210205,4.381973028182983
6hwqd,0.2219380505825518,0.9604727914651928,0.0849763105609047,0.1355780691299165,1.0,0.9239515652687535,0.972027972027972,1.0,0.1248202013744606,1.0,0.0444302381332907,0.0727185552181556,0.2137578169414439,0.960466722960006,0.0779697293991744,0.1326378539493293,0.964102564102564,0.9239403337763994,0.8947368421052632,0.9801762114537445,0.1202046035805626,1.0,0.0407608695652173,0.0711317135549872,0.2219380505825518,0.9604727914651928,0.0782515665596821,0.1355780691299165,1.0,0.9239515652687535,0.8951048951048951,1.0,0.1248202013744606,1.0,0.0409141761227425,0.0727185552181556,4.984072208404541,0.35,31.89203381538391,6.723916053771973
6hwwg,0.100583744948361,0.9585316111488784,0.2536023054755043,0.2136824324324324,1.0,0.9203655352480418,0.9808917197452228,1.0,0.0529550827423167,1.0,0.1456264775413711,0.1196217494089834,0.0916853932584269,0.9585128088868736,0.2398022249690976,0.2062552831783601,0.918918918918919,0.9203308663474096,0.9297124600638976,0.9682539682539684,0.0482497634815515,1.0,0.1376537369914853,0.1154210028382213,0.100583744948361,0.9585316111488784,0.2420749279538905,0.2052364864864864,1.0,0.9203655352480418,0.9363057324840764,0.9604743083003952,0.0529550827423167,1.0,0.1390070921985815,0.1148936170212766,1.1449666023254397,0.1,31.162699222564697,6.79585075378418
6hwwi,0.100359359686377,0.9633851353590244,0.0372394252175672,0.0268747879199185,1.0,0.9293568597366064,0.965034965034965,1.0,0.0528307078489371,1.0,0.0189860356332118,0.0136204168673041,0.0988041560478337,0.9633827086854226,0.0327913096282302,0.0261996877757415,0.9856584093872228,0.9293523432005626,0.8526315789473684,0.9796954314720812,0.0520088057237204,1.0,0.0167171161254815,0.0132773802971931,0.100359359686377,0.9633851353590244,0.0329218106995884,0.0268747879199185,1.0,0.9293568597366064,0.8531468531468531,1.0,0.0528307078489371,1.0,0.016784756139506,0.0136204168673041,4.951104164123535,1.1,29.12068271636963,44.76173973083496
6hykh,0.1949025487256371,0.9784640390085332,0.1819548872180451,0.4021234240212342,1.0,0.9578361177406524,0.9603174603174603,1.0,0.1079734219269103,1.0,0.1004983388704319,0.2516611295681063,0.1876876876876877,0.97844652297682,0.1641566265060241,0.3973421926910299,0.9689922480620154,0.9578025477707006,0.872,0.9900662251655628,0.1039068994181213,1.0,0.0906068162926018,0.2485453034081463,0.1949025487256371,0.9784640390085332,0.1699248120300752,0.4021234240212342,1.0,0.9578361177406524,0.8968253968253969,1.0,0.1079734219269103,1.0,0.0938538205980066,0.2516611295681063,1.0494372844696045,0.03,13.390640258789062,3.868170738220215
6hyla,0.3423260031738835,0.9525794684731632,0.1328582336472384,0.2052037309769268,1.0,0.909452736318408,0.956043956043956,1.0,0.2065098468271334,1.0,0.0713894967177243,0.1143326039387308,0.3388523474710819,0.9525671097211362,0.1207028265851795,0.1964636542239685,0.9907161803713528,0.9094302065190346,0.8713235294117647,0.9592326139088728,0.2043775649794801,1.0,0.0648426812585499,0.1094391244870041,0.3423260031738835,0.9525794684731632,0.1135148892848053,0.2052037309769268,1.0,0.909452736318408,0.8168498168498168,1.0,0.2065098468271334,1.0,0.0609956236323851,0.1143326039387308,5.035006761550903,0.21,28.036157369613647,10.2846200466156
6hynt,N/A,0.9583858764186634,0.2161214953271028,0.4199584199584199,N/A,0.9200968523002422,0.9635416666666666,1.0,N/A,1.0,0.1217105263157894,0.2657894736842105,N/A,0.9583596214511042,0.1976608187134503,0.4110301768990635,N/A,0.9200484554815264,0.8848167539267016,0.98014888337469,N/A,1.0,0.1112574061882817,0.260039499670836,N/A,0.9583858764186634,0.1997663551401869,0.4199584199584199,N/A,0.9200968523002422,0.890625,1.0,N/A,1.0,0.1125,0.2657894736842105,N/A,0.07,17.820957899093628,12.545158624649048
6hzy2,0.5173622172666454,0.9572192513368984,0.1809672386895476,0.1940240589833139,1.0,0.917948717948718,0.978902953586498,1.0,0.3489471422432316,1.0,0.0996991834980661,0.1074344649763644,0.5094038890659865,0.957201646090535,0.1725214676034348,0.1871844660194175,0.9852034525277436,0.9179163378058406,0.9364406779661016,0.9678714859437751,0.3435081685296646,1.0,0.0950128976784178,0.1036113499570077,0.5173622172666454,0.9572192513368984,0.1404056162246489,0.1940240589833139,1.0,0.917948717948718,0.759493670886076,1.0,0.3489471422432316,1.0,0.0773528147829823,0.1074344649763644,4.475017309188843,0.09,20.840574979782104,3.799875736236572
6i0xn,0.3654957759004001,0.9581540868204927,0.1475698816419038,0.1051817478731631,0.9987849331713244,0.9196696696696696,0.9898648648648648,1.0,0.2236734693877551,1.0,0.0797278911564625,0.0555102040816326,0.3607651245551602,0.9581431738166644,0.1395817586293776,0.0995615166365746,0.98661800486618,0.9196495619524404,0.9389830508474576,0.9507389162561576,0.2207403375068045,1.0,0.0753946652150245,0.052531301034295,0.3654957759004001,0.9581540868204927,0.1475698816419038,0.1051817478731631,0.9987849331713244,0.9196696696696696,0.9898648648648648,1.0,0.2236734693877551,1.0,0.0797278911564625,0.0555102040816326,4.41543984413147,0.2,29.56608772277832,6.250514507293701
6i10b,0.169506626573115,0.9631973745897796,0.0551348793185045,0.0484445499881263,1.0,0.9290074609993216,0.9957264957264956,1.0,0.0926016062302263,1.0,0.0283523971769286,0.0248235580433195,0.1675392670157068,0.9631930606025084,0.0537278106508875,0.0470308788598574,0.9894736842105264,0.928999434708875,0.9742489270386266,0.9753694581280788,0.0915175854934891,1.0,0.0276256541316782,0.0240963855421686,0.169506626573115,0.9631973745897796,0.0513487931850449,0.0460698171455711,1.0,0.9290074609993216,0.9273504273504274,0.9509803921568628,0.0926016062302263,1.0,0.0264054514480408,0.0236067169627646,5.263513088226318,0.59,25.124080419540405,5.465195417404175
6i24z,0.1772813688212927,0.9624796084828712,0.1811320754716981,0.1218497675556643,1.0,0.9276729559748428,0.9481481481481482,0.988095238095238,0.0972620599739243,1.0,0.1001303780964797,0.0649282920469361,0.1697574893009985,0.9624701895318188,0.1599811231713072,0.1057527539779681,0.9596774193548387,0.9276554560851682,0.8391089108910891,0.8605577689243028,0.0931142410015649,1.0,0.0884194053208137,0.056338028169014,0.1772813688212927,0.9624796084828712,0.1712264150943396,0.1149987766087594,1.0,0.9276729559748428,0.8962962962962963,0.9325396825396826,0.0972620599739243,1.0,0.0946544980443285,0.0612777053455019,2.3775198459625244,0.19,42.10944890975952,6.581121683120728
6i2y6,0.3618912193387842,0.9616026711185308,0.2352941176470588,0.289532293986637,1.0,0.9260450160771704,0.9808917197452228,1.0,0.2209201388888889,1.0,0.1336805555555555,0.1692708333333333,0.3528993240839558,0.9615866388308976,0.2171253822629969,0.2830609212481427,0.9763779527559056,0.9260152794531564,0.9073482428115016,0.9794344473007712,0.2153712548849327,1.0,0.1233174120712114,0.1654363873208858,0.3618912193387842,0.9616026711185308,0.1848739495798319,0.289532293986637,1.0,0.9260450160771704,0.7707006369426752,1.0,0.2209201388888889,1.0,0.1050347222222222,0.1692708333333333,3.05800461769104,0.1,30.214831829071045,5.888583183288574
6i3el,0.1316614420062695,0.958059330702908,0.1553561413348289,0.1610098176718092,1.0,0.9194950911640952,0.9618055555555556,1.0,0.0704697986577181,1.0,0.084502745576571,0.0875533862111043,0.1203307670373538,0.9580470691419384,0.1402918069584736,0.154925624473758,0.917391304347826,0.919472502805836,0.8710801393728222,0.965034965034965,0.0643881599023497,1.0,0.0762892889838266,0.0842233750381446,0.1316614420062695,0.958059330702908,0.1503084688726864,0.1514726507713885,1.0,0.9194950911640952,0.9305555555555556,0.940766550522648,0.0704697986577181,1.0,0.0817571690054911,0.0823672971323978,1.9752001762390137,0.16,30.0358681678772,5.2284746170043945
6i3w1,0.44438217988232,0.9707990907501312,0.1325341325341325,0.1682612999010227,1.0,0.9432551817872918,0.8766519823788547,1.0,0.2856628242074928,1.0,0.071685878962536,0.0918587896253602,0.4429492570787776,0.97078887528424,0.0919693435521492,0.1617695609111918,0.9974747474747476,0.943235893949694,0.6106194690265486,0.9645669291338582,0.2846846846846846,1.0,0.0497297297297297,0.0882882882882882,0.44438217988232,0.9707990907501312,0.1012321012321012,0.1682612999010227,1.0,0.9432551817872918,0.6696035242290749,1.0,0.2856628242074928,1.0,0.0547550432276657,0.0918587896253602,4.330859422683716,0.09,22.765023469924927,5.470490217208862
6i48n,0.4701538461538461,0.9641264300950164,0.1791590493601462,0.2949245541838134,1.0,0.9307375514788468,0.9839357429718876,1.0,0.3073209975864843,1.0,0.0985518905872888,0.1729686242960579,0.4698275862068965,0.9641125121241514,0.1668496158068057,0.2903225806451613,1.0,0.9307116104868914,0.9193548387096774,0.986013986013986,0.3070422535211267,1.0,0.0917505030181086,0.1702213279678068,0.4701538461538461,0.9641264300950164,0.1711151736745886,0.2949245541838134,1.0,0.9307375514788468,0.9397590361445785,1.0,0.3073209975864843,1.0,0.0941271118262268,0.1729686242960579,4.742463111877441,0.12,24.070033311843872,17.50931739807129
6i4ai,0.1678431372549019,0.9585556011489536,0.3459915611814346,0.3583977512297962,1.0,0.9204097714736011,0.968503937007874,1.0,0.0916095890410959,1.0,0.2106164383561644,0.2183219178082192,0.1555380989787902,0.9585215605749486,0.3366197183098592,0.3420126671358198,0.9339622641509434,0.9203470031545742,0.9446640316205532,0.9566929133858268,0.0848329048843187,1.0,0.2047986289631533,0.2082262210796915,0.1678431372549019,0.9585556011489536,0.3431786216596343,0.3583977512297962,1.0,0.9204097714736011,0.9606299212598424,1.0,0.0916095890410959,1.0,0.2089041095890411,0.2183219178082192,0.9040300846099854,0.04,22.28349614143372,5.086542844772339
6i4ia,0.6078610603290676,0.9551583568516776,0.2576966932725199,0.2992741485203797,1.0,0.9141656662665066,0.9783549783549784,1.0,0.4366382140512147,1.0,0.1483913328956007,0.1759684832567301,0.6029277218664226,0.9551302165045495,0.2317351598173515,0.2895472330911123,0.9924698795180724,0.914114114114114,0.8826086956521739,0.9700374531835206,0.4329829172141918,1.0,0.133377135348226,0.1701708278580814,0.6078610603290676,0.9551583568516776,0.2212086659064994,0.2992741485203797,1.0,0.9141656662665066,0.8398268398268398,1.0,0.4366382140512147,1.0,0.1273801707156927,0.1759684832567301,3.705934047698975,0.06,19.97518491744995,3.489140033721924
6i4lq,0.7231121281464531,0.9548254620123204,0.2636138613861386,0.1449468085106383,1.0,0.9135559921414538,0.9638009049773756,1.0,0.5663082437275986,1.0,0.1526881720430107,0.0781362007168458,0.7173614292258359,0.9547945205479452,0.2465923172242874,0.1424766977363515,0.9923954372623576,0.9134993446920052,0.9045454545454544,0.9907407407407408,0.5616929698708751,1.0,0.142754662840746,0.0767575322812051,0.7231121281464531,0.9548254620123204,0.25,0.1449468085106383,1.0,0.9135559921414538,0.9140271493212668,1.0,0.5663082437275986,1.0,0.1448028673835125,0.0781362007168458,5.398738384246826,0.06,19.617828845977783,2.675562858581543
6i5d8,0.0652818991097922,0.9644970414201184,0.1547714514835605,0.3275925247343349,1.0,0.9314285714285714,0.910377358490566,1.0,0.0337423312883435,1.0,0.0845749342681858,0.1958808063102541,0.0627916843445057,0.9644820295983088,0.0987158908507223,0.3219655298863219,0.9736842105263158,0.9314005716619028,0.5829383886255924,0.984304932735426,0.0324419114423498,1.0,0.0539237176676896,0.192459447610697,0.0652818991097922,0.9644970414201184,0.1186848436246992,0.3275925247343349,1.0,0.9314285714285714,0.6981132075471698,1.0,0.0337423312883435,1.0,0.0648553900087642,0.1958808063102541,0.8154621124267578,0.11,19.6482093334198,8.087304592132568
6i5qe,0.1543075245365321,0.9600794157271504,0.1235457063711911,0.115518441196938,1.0,0.9232237828992228,0.9911111111111112,1.0,0.0836041358936484,1.0,0.0658788774002954,0.0612998522895125,0.1439869102808835,0.960073753634494,0.1197007481296758,0.1105387721007935,0.9345132743362832,0.9232133115111838,0.9621380846325168,0.9589371980676328,0.078002659181563,1.0,0.0638203575121879,0.0586497266952282,0.1543075245365321,0.9600794157271504,0.1232686980609418,0.1110647181628392,1.0,0.9232237828992228,0.9888888888888888,0.9614457831325302,0.0836041358936484,1.0,0.0657311669128508,0.0589364844903988,3.874842643737793,0.39,42.9289653301239,8.711254119873047
6i78b,0.208558906934777,0.9627320587420336,0.0454290521592821,0.0742690868782042,1.0,0.9281421129958596,0.8852459016393442,1.0,0.1164196287235573,1.0,0.023312706864297,0.0385667002446395,0.2037132542547705,0.9627268948316476,0.0347826086956521,0.072072072072072,0.9777227722772276,0.9281325140261822,0.6813186813186813,0.9737827715355806,0.1137017846862406,1.0,0.0178468624064478,0.0374208405296488,0.208558906934777,0.9627320587420336,0.0367358384744812,0.0712207288346958,1.0,0.9281421129958596,0.7158469945355191,0.9589552238805972,0.1164196287235573,1.0,0.0188516333285364,0.0369837386674341,5.193289518356323,0.38,19.620729684829712,12.050877571105955
6i7wb,0.3045665634674923,0.9616946548128636,0.1398601398601398,0.1884686918784872,1.0,0.926215644820296,0.9763313609467456,0.9956331877729258,0.1796393517461766,1.0,0.0753252682036064,0.1040858251540744,0.3023615950445219,0.9616862443736964,0.1297434810260758,0.1844118255116807,0.9936386768447836,0.9262000422922394,0.9080118694362018,0.975929978118162,0.178310502283105,1.0,0.0698630136986301,0.1018264840182648,0.3045665634674923,0.9616946548128636,0.1360457724094087,0.1793759041124199,1.0,0.926215644820296,0.9497041420118344,0.9475982532751092,0.1796393517461766,1.0,0.0732709427071444,0.0990641406071673,4.49820613861084,0.2,34.11801743507385,7.348498582839966
6i8ie,0.0753889984659215,0.9702795271240746,0.1145431145431145,0.1669797537048633,1.0,0.942274678111588,0.985239852398524,1.0,0.0391710316556593,1.0,0.0608061944887269,0.0910954224550216,0.0710370532777899,0.970272958337938,0.1090128755364806,0.1628732512006682,0.9473684210526316,0.9422622880446448,0.9407407407407408,0.9774436090225564,0.0369020501138952,1.0,0.0578587699316628,0.0888382687927107,0.0753889984659215,0.9702795271240746,0.1119691119691119,0.1669797537048633,1.0,0.942274678111588,0.96309963099631,1.0,0.0391710316556593,1.0,0.0594397631519016,0.0910954224550216,1.4157366752624512,0.22,27.95990562438965,6.901443004608154
6i969,0.5,0.9656172328086164,0.1918335901386748,0.2985401459854014,1.0,0.933520224269123,0.939622641509434,1.0,0.3333333333333333,1.0,0.1068211068211068,0.1754611754611754,0.4900193174500966,0.9656029838375466,0.1572860447185813,0.2870708546384222,0.9806701030927836,0.9334935897435898,0.7727272727272727,0.9632352941176472,0.3266094420600858,1.0,0.0875536480686695,0.1686695278969957,0.5,0.9656172328086164,0.1702619414483821,0.2985401459854014,1.0,0.933520224269123,0.8339622641509434,1.0,0.3333333333333333,1.0,0.0948090948090948,0.1754611754611754,4.902383327484131,0.1,33.41165113449097,6.617634057998657
6i9nr,0.1216113503927033,0.9638585543421736,0.0335718703065641,0.0460335588157779,1.0,0.9302383939774151,0.9595959595959596,1.0,0.0647423792824386,1.0,0.0170847945328657,0.0235590324611096,0.1206182954641439,0.963855421686747,0.0284527701687726,0.0442843335383534,0.9930458970792768,0.9302325581395348,0.817258883248731,0.9655172413793104,0.0642086330935251,1.0,0.014478417266187,0.0226618705035971,0.1216113503927033,0.9638585543421736,0.0319816238183585,0.0455064569972766,1.0,0.9302383939774151,0.914141414141414,0.9885496183206108,0.0647423792824386,1.0,0.0162755147918352,0.0232892725474327,4.740707635879517,0.88,30.061119079589844,5.578983545303345
6i9tl,0.0993420203844665,0.9655262812950582,N/A,0.0636172450052576,1.0,0.9333502280790674,N/A,1.0,0.0522671734998642,1.0,N/A,0.0328536519142003,0.0980771712479029,0.9655217619297324,N/A,0.0615303707599263,0.9895833333333334,0.9333417817767076,N/A,0.970954356846473,0.0515953835709436,1.0,N/A,0.0317718940936863,0.0993420203844665,0.9655262812950582,N/A,0.0623028391167192,1.0,0.9333502280790674,N/A,0.9793388429752066,0.0522671734998642,1.0,N/A,0.0321748574531631,2.472757577896118,0.44,N/A,26.539743423461918
6i9up,0.072950999780268,0.962572714301394,N/A,0.1240641711229946,1.0,0.9278459585272958,N/A,1.0,0.0378563283922462,1.0,N/A,0.0661345496009122,0.0707847878654649,0.9625644966516632,N/A,0.1206933447464155,0.9757575757575756,0.9278306878306878,N/A,0.9757785467128028,0.0367244525547445,1.0,N/A,0.0643248175182481,0.072950999780268,0.962572714301394,N/A,0.1240641711229946,1.0,0.9278459585272958,N/A,1.0,0.0378563283922462,1.0,N/A,0.0661345496009122,1.4394934177398682,0.2,N/A,4.612959384918213
6ibx2,0.1584483257743896,0.9653009610520992,N/A,0.0894984482931224,1.0,0.9329292139225656,N/A,1.0,0.0860406623349402,1.0,N/A,0.0468455250471599,0.1565485956953961,0.9652974504249292,N/A,0.0881145489135876,0.9890243902439024,0.9329226557152636,N/A,0.9865470852017936,0.0850015721622471,1.0,N/A,0.0461167592495545,0.1584483257743896,0.9653009610520992,N/A,0.0894984482931224,1.0,0.9329292139225656,N/A,1.0,0.0860406623349402,1.0,N/A,0.0468455250471599,4.509740352630615,0.63,N/A,39.48466348648071
6ic3d,0.1487469684721099,0.961376994122586,0.0305992350191245,0.1709265175718849,1.0,0.9256265157639452,0.5714285714285714,1.0,0.0803493449781659,1.0,0.0157205240174672,0.0934497816593886,0.1432038834951456,0.9613607727845443,0.0076563164610803,0.1646682653876898,0.9672131147540984,0.9255964415689446,0.1451612903225806,0.9671361502347418,0.0773263433813892,1.0,0.0039318479685452,0.0899956312800349,0.1487469684721099,0.961376994122586,0.0246493837654058,0.1709265175718849,1.0,0.9256265157639452,0.4603174603174603,1.0,0.0803493449781659,1.0,0.0126637554585152,0.0934497816593886,1.511953592300415,0.1,17.584420919418335,4.57237720489502
6ie7z,0.1012216404886562,0.9609185250607196,N/A,0.2090534979423868,1.0,0.9247768805779856,N/A,1.0,0.0533088235294117,1.0,N/A,0.1167279411764705,0.0951965065502183,0.9609012591119948,N/A,0.200164744645799,0.9478260869565216,0.9247448979591836,N/A,0.9604743083003952,0.0501149425287356,1.0,N/A,0.1117241379310344,0.1012216404886562,0.9609185250607196,N/A,0.2090534979423868,1.0,0.9247768805779856,N/A,1.0,0.0533088235294117,1.0,N/A,0.1167279411764705,1.025477409362793,0.1,N/A,6.077155590057373
6ie8v,0.2884160756501182,0.9649044868947134,0.2074074074074074,0.4169096209912536,1.0,0.9321888412017167,0.9767441860465116,1.0,0.1685082872928177,1.0,0.1160220994475138,0.2633517495395948,0.2825572217837411,0.9648732770120052,0.1945589447650453,0.4102189781021898,0.9835164835164836,0.93213058419244,0.921875,0.9859649122807016,0.1649769585253456,1.0,0.1087557603686635,0.2589861751152074,0.2884160756501182,0.9649044868947134,0.2024691358024691,0.4169096209912536,1.0,0.9321888412017167,0.9534883720930232,1.0,0.1685082872928177,1.0,0.1132596685082873,0.2633517495395948,1.374624490737915,0.03,18.18874740600586,3.172398805618286
6ifja,0.3707114897536265,0.9685190254585272,N/A,0.1476439790575916,1.0,0.93895966029724,N/A,1.0,0.2275296777840588,1.0,N/A,0.0797060486150367,0.368117945173923,0.9685104052573932,N/A,0.146149816657936,0.9937810945273632,0.9389434563312982,N/A,0.99288256227758,0.2258976533785694,1.0,N/A,0.0788804071246819,0.3707114897536265,0.9685190254585272,N/A,0.1361256544502617,1.0,0.93895966029724,N/A,0.9219858156028368,0.2275296777840588,1.0,N/A,0.073487846240814,4.95347261428833,0.15,N/A,3.8074662685394287
6ifm6,0.620504562533548,0.9643527204502816,0.2369863013698629,0.4873454973513832,1.0,0.9311594202898552,0.9885714285714284,1.0,0.4498054474708171,1.0,0.1346303501945525,0.3221789883268482,0.6125738850080602,0.9643259481787458,0.2222222222222221,0.4737772539776075,0.9878682842287696,0.9311094996374184,0.9310344827586208,0.973365617433414,0.4439252336448598,1.0,0.1261682242990654,0.3130841121495327,0.620504562533548,0.9643527204502816,0.2273972602739726,0.4873454973513832,1.0,0.9311594202898552,0.9485714285714286,1.0,0.4498054474708171,1.0,0.1291828793774319,0.3221789883268482,3.899797201156616,0.04,24.72515225410461,6.430597305297852
6ih4i,0.1581304771178188,0.9642165358344378,N/A,0.0541096595000514,1.0,0.9309055118110235,N/A,1.0,0.0858532459293719,1.0,N/A,0.0278071473884542,0.1579664978574211,0.9642128874388254,N/A,0.0524745344171211,1.0,0.9308987105030022,N/A,0.9732824427480916,0.0857565824257164,1.0,N/A,0.0269641535370624,0.1581304771178188,0.9642165358344378,N/A,0.0541096595000514,1.0,0.9309055118110235,N/A,1.0,0.0858532459293719,1.0,N/A,0.0278071473884542,5.737560033798218,0.7,N/A,23.59298610687256
6ih6r,0.1577977424556553,0.9673360754899588,0.0833732630570196,0.0957370802572041,0.998542274052478,0.936738519212746,0.9886363636363636,1.0,0.0856678339169584,1.0,0.0435217608804402,0.0502751375687843,0.1571428571428571,0.9673321234119784,0.0783608914450035,0.0940924249642687,0.9956204379562044,0.936731107205624,0.9316239316239316,0.9850374064837906,0.0853033145716072,1.0,0.0409005628517823,0.0494058786741713,0.1577977424556553,0.9673360754899588,0.0797795879252515,0.0957370802572041,0.998542274052478,0.936738519212746,0.9460227272727272,1.0,0.0856678339169584,1.0,0.0416458229114557,0.0502751375687843,4.701181650161743,0.49,56.03886842727661,18.531099557876587
6ijmf,0.3250825082508251,0.964599667379425,N/A,0.119935170178282,1.0,0.9316200091785224,N/A,1.0,0.1940886699507389,1.0,N/A,0.0637931034482758,0.3243912505158894,0.9645912547528516,N/A,0.1181375955524669,0.9987293519695044,0.9316043148955704,N/A,0.9883720930232558,0.1936437546193643,1.0,N/A,0.0628233555062823,0.3250825082508251,0.964599667379425,N/A,0.119935170178282,1.0,0.9316200091785224,N/A,1.0,0.1940886699507389,1.0,N/A,0.0637931034482758,4.377650499343872,0.19,N/A,5.493231773376465
6ik0f,0.2397394136807817,0.9581560283687944,0.2909319899244332,0.4568817818389492,1.0,0.9196732471068756,0.9746835443037974,1.0,0.1361954108068097,1.0,0.1709844559585492,0.2960769800148038,0.2296151337247227,0.9581263307310148,0.2711223203026482,0.4448256146369354,0.9617486338797814,0.9196185286103542,0.9110169491525424,0.974937343358396,0.1303703703703703,1.0,0.1592592592592592,0.2881481481481481,0.2397394136807817,0.9581560283687944,0.2783375314861461,0.4568817818389492,1.0,0.9196732471068756,0.9324894514767932,1.0,0.1361954108068097,1.0,0.1635825314581791,0.2960769800148038,1.5172886848449707,0.05,35.488123416900635,8.374197244644165
6ikeh,0.3504208110175976,0.953560371517028,0.2317666126418152,0.3813813813813814,1.0,0.9112426035502958,0.9166666666666666,1.0,0.212430426716141,1.0,0.1326530612244898,0.235621521335807,0.3417624521072797,0.953519256308101,0.2142857142857142,0.3789473684210526,0.9780701754385964,0.9111675126903552,0.8516129032258064,0.9960474308300395,0.2070566388115134,1.0,0.1225626740947075,0.233983286908078,0.3504208110175976,0.953560371517028,0.2123176661264181,0.3813813813813814,1.0,0.9112426035502958,0.8397435897435898,1.0,0.212430426716141,1.0,0.12152133580705,0.235621521335807,1.6347999572753906,0.03,23.19365644454956,4.724019527435303
6ikh3,0.5674690007293947,0.9568818514007308,0.1303731695795937,0.1965105601469237,1.0,0.9173283512377394,0.9019607843137256,1.0,0.3961303462321792,1.0,0.070264765784114,0.1089613034623217,0.5671532846715329,0.9568608335364368,0.1144208037825059,0.1847426470588235,1.0,0.9172897196261682,0.7960526315789473,0.943661971830986,0.3958227203260316,1.0,0.0616403464085583,0.1023942944472745,0.5674690007293947,0.9568818514007308,0.1180916391119508,0.1965105601469237,1.0,0.9173283512377394,0.8169934640522876,1.0,0.3961303462321792,1.0,0.0636456211812627,0.1089613034623217,4.3509721755981445,0.09,30.52085328102112,10.137159824371338
6ilg7,0.5509355509355509,0.9593943565037852,0.21455938697318,0.2294665537679932,1.0,0.921957671957672,0.9767441860465116,1.0,0.3802008608321377,1.0,0.1205164992826398,0.1296030607364897,0.5256588072122054,0.9593757172366308,0.201959948870899,0.2228813559322034,0.9546599496221664,0.9219232465813852,0.9221789883268484,0.974074074074074,0.3626794258373206,1.0,0.1133971291866028,0.1258373205741627,0.5509355509355509,0.9593943565037852,0.2060451255853554,0.2294665537679932,1.0,0.921957671957672,0.937984496124031,1.0,0.3802008608321377,1.0,0.1157340985174557,0.1296030607364897,4.529511451721191,0.09,52.59400248527527,4.963166952133179
6imn6,0.3093323358892836,0.9596602972399152,0.0533218662653192,0.1840096424266774,1.0,0.9224489795918368,0.9465648854961832,1.0,0.1829646017699115,1.0,0.027433628318584,0.1013274336283185,0.3072029934518241,0.9596517307283924,0.0451710045171004,0.1820739549839228,0.9939467312348668,0.922433149622372,0.8076923076923077,0.9912472647702408,0.181677362248285,1.0,0.0232352290329718,0.1002434166851073,0.3093323358892836,0.9596602972399152,0.0503117609116319,0.1840096424266774,1.0,0.9224489795918368,0.8931297709923665,1.0,0.1829646017699115,1.0,0.0258849557522123,0.1013274336283185,4.476004123687744,0.21,43.4108681678772,13.19934892654419
6imnv,0.3602103418054339,0.9591182878380112,N/A,0.1887705711519845,1.0,0.9214479192317164,N/A,1.0,0.219668626402993,1.0,N/A,0.1042223409941208,0.3564226216571679,0.9591078066914498,N/A,0.1825665859564164,0.9902557856272838,0.9214285714285714,N/A,0.9691516709511568,0.2173215717722534,1.0,N/A,0.1007751937984496,0.3602103418054339,0.9591182878380112,N/A,0.1887705711519845,1.0,0.9214479192317164,N/A,1.0,0.219668626402993,1.0,N/A,0.1042223409941208,4.366203546524048,0.17,N/A,6.593662261962891
6imyp,0.1867741170893576,0.9704427248509452,0.0534079348931841,0.0219780219780219,1.0,0.9425825529817644,0.9813084112149532,1.0,0.1030065359477124,1.0,0.0274509803921568,0.0111111111111111,0.1863442389758179,0.9704389748794722,0.0516408038667005,0.0217250743566533,0.9987293519695044,0.9425754775107824,0.9530516431924884,1.0,0.1027585305268662,1.0,0.026539416917244,0.0109818276898941,0.1867741170893576,0.9704427248509452,0.0534079348931841,0.0219780219780219,1.0,0.9425825529817644,0.9813084112149532,1.0,0.1030065359477124,1.0,0.0274509803921568,0.0111111111111111,4.509531497955322,0.4,54.23125410079956,2.950937271118164
6in3u,0.2217275155832591,0.9649673834259485,0.193868349864743,0.2505475251861586,1.0,0.9323062558356676,0.9728506787330315,1.0,0.1246870305458187,1.0,0.1076614922383575,0.14321482223335,0.214795008912656,0.9649504471839496,0.1859205776173285,0.2446295484436651,0.9717741935483872,0.932274638019617,0.9363636363636364,0.9789473684210528,0.1207414829659318,1.0,0.1032064128256513,0.1397795591182364,0.2137132680320569,0.9649673834259485,0.1785392245266005,0.2505475251861586,0.963855421686747,0.9323062558356676,0.8959276018099548,1.0,0.1201802704056084,1.0,0.0991487230846269,0.14321482223335,1.6354737281799316,0.08,44.8162567615509,10.60494327545166
6inl1,0.111317254174397,0.955469809156325,N/A,0.0576637693449226,1.0,0.9147364217252396,N/A,1.0,0.0589390962671905,1.0,N/A,0.029687841082733,0.1051763250154671,0.9554605194534264,N/A,0.0555673382820784,0.9479553903345724,0.91471939285001,N/A,0.9703703703703704,0.0556768558951965,1.0,N/A,0.0286026200873362,0.111317254174397,0.955469809156325,N/A,0.050879796480814,1.0,0.9147364217252396,N/A,0.8823529411764706,0.0589390962671905,1.0,N/A,0.0261951538965291,1.9327046871185305,0.27,N/A,4.681983470916748
6ins8,0.2991819244253992,0.950576964946658,0.0185688405797101,0.1172919361793876,1.0,0.9058091286307054,0.82,1.0,0.1759047182775996,1.0,0.0093907466788822,0.0622995877233165,0.2950116913484021,0.9505662020905924,0.0135931128228364,0.1151855047454702,0.9869621903520208,0.9057895829010169,0.6122448979591837,0.985239852398524,0.1734249713631157,1.0,0.0068728522336769,0.061168384879725,0.2991819244253992,0.950576964946658,0.0163043478260869,0.1172919361793876,1.0,0.9058091286307054,0.72,1.0,0.1759047182775996,1.0,0.0082455336692624,0.0622995877233165,4.62815260887146,0.25,22.362623929977417,7.206299781799316
6ioqv,0.1507177033492823,0.9602484472049688,0.2005420054200542,0.2147806004618937,1.0,0.923536439665472,0.981060606060606,1.0,0.0815006468305304,1.0,0.1116860715825786,0.1203104786545925,0.1412609736632083,0.96023198011599,0.1921735761332816,0.2110939907550077,0.9414893617021276,0.9235059760956176,0.9429657794676806,0.9856115107913668,0.0763589301121656,1.0,0.1069887834339948,0.1182053494391717,0.1507177033492823,0.9602484472049688,0.1966705381339527,0.2147806004618937,1.0,0.923536439665472,0.9621212121212122,1.0,0.0815006468305304,1.0,0.1095299698145752,0.1203104786545925,1.5301895141601562,0.09,43.49206590652466,6.441406488418579
6iple,0.0956202317038711,0.9602211204194449,0.031657029379125,0.0476245654692931,1.0,0.9234858865442588,0.9963235294117648,1.0,0.0502106949967357,1.0,0.016084040595881,0.0243931390586978,0.0947267280845532,0.9602188532998974,0.0299082890355745,0.0467029783288909,0.991715976331361,0.9234816926112694,0.9446494464944648,0.9829268292682928,0.049738841405508,1.0,0.0151946818613485,0.0239197530864197,0.0956202317038711,0.9602211204194449,0.0306056889200397,0.0476245654692931,1.0,0.9234858865442588,0.9632352941176472,1.0,0.0502106949967357,1.0,0.0155498842661285,0.0243931390586978,4.646517038345337,1.61,28.77167320251465,8.885736465454102
6iq8g,0.150599520383693,0.9575366277626024,0.2461398728428701,0.2344322344322344,1.0,0.918532634587899,0.9890510948905108,1.0,0.0814315352697095,1.0,0.1405601659751037,0.1327800829875518,0.1440230436869899,0.9575155279503106,0.2381818181818182,0.2245646196150321,0.9615384615384616,0.9184938036224976,0.9597069597069596,0.9607843137254902,0.0778412039439543,1.0,0.1359626362221069,0.1271406331084587,0.150599520383693,0.9575366277626024,0.2425068119891008,0.2344322344322344,1.0,0.918532634587899,0.9744525547445256,1.0,0.0814315352697095,1.0,0.1384854771784232,0.1327800829875518,1.467566728591919,0.08,25.218401670455933,9.71557092666626
6iqa9,0.0682105263157894,0.9640680815297332,0.1448692152917505,0.2113060428849902,1.0,0.930628803245436,0.9424083769633508,1.0,0.0353095030514385,1.0,0.07846556233653,0.1181342632955536,0.067425200168563,0.9640529745638008,0.0894079742247281,0.2083495903238392,1.0,0.9306006493506492,0.5842105263157895,0.9888888888888888,0.0348887919755778,1.0,0.0484081988661142,0.116441343218491,0.0682105263157894,0.9640680815297332,0.1014084507042253,0.2113060428849902,1.0,0.930628803245436,0.6596858638743456,1.0,0.0353095030514385,1.0,0.054925893635571,0.1181342632955536,0.7608382701873779,0.08,20.23475193977356,3.8404483795166016
6irrh,0.1621621621621622,0.9604083947816222,0.0887387387387387,0.050656228413539,1.0,0.9238323876036664,0.9516908212560388,1.0,0.088235294117647,1.0,0.0465390975667375,0.0259862981337113,0.1548148952339594,0.960403902881779,0.0792971389952692,0.0495163519115614,0.955764075067024,0.9238240750845792,0.8523002421307506,0.9817351598173516,0.0842291789722386,1.0,0.0415829887773183,0.0253987005316007,0.1621621621621622,0.9604083947816222,0.0846846846846846,0.050656228413539,1.0,0.9238323876036664,0.9082125603864736,1.0,0.088235294117647,1.0,0.044412945901252,0.0259862981337113,5.825981140136719,0.52,41.97010827064514,21.525328874588013
6is2a,0.1225774391253933,0.9585183305848026,0.0548649807115302,0.0505675954592363,1.0,0.920341047503045,0.9667673716012084,1.0,0.0652902770425269,1.0,0.0282336333156873,0.0259396506087877,0.1189529489728297,0.9585148221761745,0.0495584326502615,0.0493720970239119,0.9715832205683356,0.920334578528504,0.8757575757575757,0.9795221843003412,0.063354804553075,1.0,0.0255007500220594,0.0253242742433601,0.1225774391253933,0.9585183305848026,0.0533219031290184,0.0505675954592363,1.0,0.920341047503045,0.9395770392749244,1.0,0.0652902770425269,1.0,0.0274395623786836,0.0259396506087877,4.591200113296509,1.01,36.04775905609131,51.65230631828308
6iub3,0.1970605526161081,0.9610177989471046,0.0863488894434739,0.0660865178458822,1.0,0.9249607914103029,0.9971181556195964,1.0,0.1092995956697534,1.0,0.045128472675101,0.0341724272857701,0.1935787369163824,0.9610129121223516,0.0838741887169246,0.0635801690425129,0.983273596176822,0.9249517374517374,0.9710982658959536,0.9655172413793104,0.1073571614923036,1.0,0.0438298982520219,0.0328724236890164,0.1970605526161081,0.9610177989471046,0.0860993261791864,0.0643208475217555,1.0,0.9249607914103029,0.9942363112391932,0.9732824427480916,0.1092995956697534,1.0,0.0449980435633233,0.0332594235033259,4.504432201385498,0.46,33.44596529006958,4.9310302734375
6iutj,0.4446650124069479,0.9581167838581474,0.223728813559322,0.3548556430446195,1.0,0.919600938967136,0.9753694581280788,1.0,0.2858966177409062,1.0,0.1263560944479898,0.2156987874920229,0.4361649279682067,0.958091159375956,0.2081447963800904,0.3457698370993168,0.9821029082774048,0.919553728714034,0.9108910891089108,0.9762611275964392,0.2803320561941251,1.0,0.1174968071519795,0.2100893997445721,0.4446650124069479,0.9581167838581474,0.2135593220338982,0.3548556430446195,1.0,0.919600938967136,0.9310344827586208,1.0,0.2858966177409062,1.0,0.1206126356094448,0.2156987874920229,2.792099714279175,0.05,18.80282521247864,10.219668865203856
6iuzs,0.3585999570538973,0.9685757729346174,0.224286045971674,0.1513905683192261,1.0,0.9390663390663392,0.9958762886597938,1.0,0.2184720041862899,1.0,0.1263736263736263,0.0818942961800104,0.3527389903329753,0.9685678073510774,0.2164924506387921,0.1485603677715944,0.9844124700239808,0.9390513639714918,0.962809917355372,0.9839743589743588,0.2148652185291808,1.0,0.1219576027218005,0.0803454593038471,0.3585999570538973,0.9685757729346174,0.2201068028790341,0.1513905683192261,1.0,0.9390663390663392,0.977319587628866,1.0,0.2184720041862899,1.0,0.1240188383045525,0.0818942961800104,4.535835027694702,0.13,47.5709547996521,11.08552098274231
6iw4y,0.1785349233390119,0.965214251324025,0.0543227840426821,0.0993126333254325,1.0,0.9327672443875772,0.9824561403508772,1.0,0.0980172091283202,1.0,0.0279336575632871,0.0522509041027559,0.1722140179484266,0.965210063801613,0.0497271073377804,0.0972024656235182,0.9656050955414012,0.932759422987436,0.9030837004405288,0.9808612440191388,0.0945372910950361,1.0,0.025567473185333,0.051134946370666,0.172174900624645,0.965214251324025,0.0533527343276342,0.0993126333254325,0.9643765903307888,0.9327672443875772,0.9649122807017544,1.0,0.0945255019329093,1.0,0.027434842249657,0.0522509041027559,5.04840612411499,0.52,25.48532462120056,7.370374917984009
6iw5f,0.3137968693119767,0.9586092715231788,0.1245980707395498,0.1856639247943595,1.0,0.920508744038156,0.9011627906976744,1.0,0.1860967184801381,1.0,0.0669257340241796,0.1023316062176165,0.2972677595628415,0.958592132505176,0.0683829444891391,0.1811054488435907,0.9488372093023256,0.9204771371769384,0.4970760233918128,0.9788135593220338,0.1762419006479481,1.0,0.0367170626349892,0.0997840172786177,0.3137968693119767,0.9586092715231788,0.0755627009646302,0.1856639247943595,1.0,0.920508744038156,0.5465116279069767,1.0,0.1860967184801381,1.0,0.040587219343696,0.1023316062176165,2.7835233211517334,0.12,18.13079595565796,5.320633888244629
6iwu0,0.3932419196865817,0.9573971403559964,0.2269043760129659,0.1731625835189309,1.0,0.9182759585782256,0.997624703087886,1.0,0.2447424565681194,1.0,0.1280097531240475,0.0947881743370923,0.3900048995590396,0.9573847051955632,0.2205405405405405,0.1710306406685236,0.9925187032418952,0.9182530795072787,0.9714285714285714,0.9903225806451612,0.2426829268292683,1.0,0.124390243902439,0.0935975609756097,0.3932419196865817,0.9573971403559964,0.1777417612101566,0.1731625835189309,1.0,0.9182759585782256,0.7814726840855107,1.0,0.2447424565681194,1.0,0.1002743066138372,0.0947881743370923,4.546226263046265,0.15,45.6376383304596,3.8668389320373535
6ixaw,0.6056661562021439,0.9624735729386892,0.3356070941336971,0.2515602496399424,1.0,0.9276617422312786,0.9761904761904762,1.0,0.4343767160900604,1.0,0.2026359143327842,0.14387699066447,0.5869731800766284,0.9624537281861448,0.323167956304051,0.245074483421432,0.9696202531645568,0.9276248725790012,0.9416445623342176,0.9770114942528736,0.4208791208791209,1.0,0.195054945054945,0.1401098901098901,0.6056661562021439,0.9624735729386892,0.330150068212824,0.2515602496399424,1.0,0.9276617422312786,0.9603174603174603,1.0,0.4343767160900604,1.0,0.1993410214168039,0.14387699066447,4.263859272003174,0.08,33.46759510040283,5.6011717319488525
6ixvp,0.458131067961165,0.964509394572025,0.1848019978594363,0.2836879432624113,1.0,0.9314516129032258,0.9885496183206108,1.0,0.2971271153089335,1.0,0.1019283746556473,0.1652892561983471,0.448087431693989,0.9644959179798748,0.1777936451267404,0.2798242649543764,0.9787798408488064,0.9314264759809314,0.9540229885057472,0.9880668257756564,0.2905511811023622,1.0,0.0980314960629921,0.1629921259842519,0.458131067961165,0.964509394572025,0.1798073492686407,0.2836879432624113,1.0,0.9314516129032258,0.9618320610687024,1.0,0.2971271153089335,1.0,0.0991735537190082,0.1652892561983471,4.266193628311157,0.11,25.5295352935791,10.46564769744873
6iyj4,0.0912723692592807,0.9660569820612028,0.0276414981452674,0.0373965342702316,1.0,0.9343425752679028,0.9829787234042552,1.0,0.0478184355846835,1.0,0.0140178408884034,0.0190545542812063,0.091167101071532,0.9660549920853608,0.0248922929631402,0.036686320052409,1.0,0.934338852347471,0.8888888888888888,0.9840255591054312,0.0477606505643888,1.0,0.012622891127564,0.0186915887850467,0.0912723692592807,0.9660569820612028,0.0268038769893502,0.0372774370273328,1.0,0.9343425752679028,0.9531914893617022,0.9968152866242038,0.0478184355846835,1.0,0.013593057831179,0.0189938709873171,4.815808057785034,1.44,25.99962067604065,51.4244589805603
6iylt,0.181457610312345,0.9529747986489996,0.1528406234288587,0.2407673860911271,1.0,0.9101736972704716,0.9806451612903224,1.0,0.0997818974918211,1.0,0.0828789531079607,0.1368593238822246,0.1727047146401985,0.952950350922797,0.1419224962254655,0.2371579452712434,0.956043956043956,0.91012909632572,0.9155844155844156,0.988,0.0949263502454991,1.0,0.0769230769230769,0.1347517730496454,0.1685671789786812,0.9529747986489996,0.1458019105077928,0.2407673860911271,0.9289617486338798,0.9101736972704716,0.935483870967742,1.0,0.0926935659760087,1.0,0.0790621592148309,0.1368593238822246,1.2304840087890625,0.07,15.499475717544556,3.633054494857788
6iz0r,0.0263329909421981,0.9621705285200528,0.0531885524983896,0.0632273435352332,1.0,0.9270988683217826,0.9665551839464884,1.0,0.013342165026495,1.0,0.0273467070401211,0.0326457229371688,0.0248435602876622,0.9621670839972684,0.045651173492867,0.0625057281642379,0.95,0.9270924723635724,0.8322147651006712,0.9912790697674418,0.0125863537427841,1.0,0.0234692911895523,0.0322702753856345,0.0263329909421981,0.9621705285200528,0.0506119444188828,0.0632273435352332,1.0,0.9270988683217826,0.919732441471572,1.0,0.013342165026495,1.0,0.0260219530658591,0.0326457229371688,1.3080096244812012,0.76,32.641655921936035,34.81368708610535
6j0ke,0.4383408071748879,0.9785739374780472,0.460352422907489,0.4365881032547699,1.0,0.9580467675378268,0.9881796690307328,1.0,0.280689160086145,1.0,0.3000717875089734,0.2792534099066762,0.4298540965207632,0.9785588752196837,0.454244762954796,0.4269662921348314,0.982051282051282,0.958017894012388,0.976303317535545,0.979381443298969,0.2751436781609195,1.0,0.2959770114942529,0.2729885057471264,0.4383408071748879,0.9785739374780472,0.4592511013215858,0.4365881032547699,1.0,0.9580467675378268,0.9858156028368794,1.0,0.280689160086145,1.0,0.299353912419239,0.2792534099066762,2.594459295272827,0.04,48.31960463523865,8.995798110961914
6j0ra,0.2057354829504922,0.9591945694455036,0.0780487804878048,0.089334548769371,1.0,0.9215887439542724,0.9411764705882352,1.0,0.1146628498727735,1.0,0.0407124681933842,0.0467557251908396,0.2055087769373483,0.9591883438858798,0.0625190606892345,0.0869300911854103,1.0,0.9215772500732924,0.7564575645756457,0.9761092150170648,0.1145220295848576,1.0,0.0326069667567997,0.0454906950850962,0.2057354829504922,0.9591945694455036,0.0673780487804878,0.089334548769371,1.0,0.9215887439542724,0.8125,1.0,0.1146628498727735,1.0,0.0351463104325699,0.0467557251908396,4.309736967086792,0.33,33.808114528656006,6.4369542598724365
6j16i,0.2694746376811594,0.951681195516812,0.0574186991869918,0.1338217338217338,1.0,0.907816583511523,0.982608695652174,1.0,0.1557183983250458,1.0,0.0295734101020675,0.0717089767076681,0.2519256909832351,0.9516691579471848,0.0549059481443823,0.12900073295871,0.936026936026936,0.9077946768060836,0.9473684210526316,0.967032967032967,0.1455497382198952,1.0,0.0282722513089005,0.069109947643979,0.2676630434782608,0.951681195516812,0.0543699186991869,0.1338217338217338,0.9932773109243698,0.907816583511523,0.9304347826086956,1.0,0.1546715519497513,1.0,0.0280031405391258,0.0717089767076681,3.9938926696777344,0.22,16.62527847290039,7.780617713928223
6j274,0.4566088117489986,0.95616211745244,0.2921100917431192,0.2056655025223127,1.0,0.9160063391442156,0.9636803874092008,1.0,0.2958477508650519,1.0,0.1721453287197231,0.1146193771626297,0.4308617234468937,0.95614398014067,0.2732280572897539,0.1957281553398058,0.944363103953148,0.9159730479587792,0.9029126213592232,0.9545454545454546,0.2790999567286888,1.0,0.1609692773691043,0.1090437040242319,0.4566088117489986,0.95616211745244,0.2899082568807339,0.2056655025223127,1.0,0.9160063391442156,0.9564164648910412,1.0,0.2958477508650519,1.0,0.1708477508650519,0.1146193771626297,4.267926692962647,0.1,43.26242017745972,10.445651292800903
6j2op,0.0358844967760022,0.9594631607778692,0.0535367545076282,0.1115902964959568,1.0,0.922084759147144,0.946078431372549,1.0,0.0182700542392235,1.0,0.0275478161575792,0.0590922066799885,0.0356141334828939,0.9594576085467744,0.048834628190899,0.1102723105958479,1.0,0.9220745030933264,0.8669950738916257,0.9903147699757868,0.0181299072091363,1.0,0.0251249107780157,0.0583868665239114,0.0358844967760022,0.9594631607778692,0.0515950069348127,0.1115902964959568,1.0,0.922084759147144,0.9117647058823528,1.0,0.0182700542392235,1.0,0.0265486725663716,0.0590922066799885,1.3390061855316162,0.42,25.595030307769772,7.402811288833618
6j4f3,0.3633512544802867,0.9530393947299765,0.1264338516441498,0.1385987261146496,1.0,0.9102915524545228,0.9185185185185184,1.0,0.2220093074185601,1.0,0.0678894059676977,0.0744593484807008,0.3581353653070372,0.953027139874739,0.107115531752104,0.1351006882487891,0.9864197530864196,0.910269192422732,0.7806691449814126,0.977859778597786,0.2187842278203724,1.0,0.0575027382256297,0.0725629791894852,0.3633512544802867,0.9530393947299765,0.1167473872036706,0.1304458598726114,1.0,0.9102915524545228,0.8481481481481481,0.9411764705882352,0.2220093074185601,1.0,0.062688201478237,0.0700793868053654,4.418380737304688,0.2,28.514651775360107,3.5140957832336426
6j4n0,0.5433403805496829,0.9596100278551531,0.2046332046332046,0.34375,1.0,0.92235609103079,0.9034090909090908,1.0,0.3730043541364296,1.0,0.1153846153846153,0.2075471698113207,0.5343915343915344,0.959581881533101,0.1778350515463917,0.3345367027677496,0.9844054580896686,0.9223040857334226,0.7885714285714286,0.975438596491228,0.3667392883079157,1.0,0.1002178649237472,0.2018881626724764,0.5433403805496829,0.9596100278551531,0.1943371943371943,0.34375,1.0,0.92235609103079,0.8579545454545454,1.0,0.3730043541364296,1.0,0.1095791001451378,0.2075471698113207,3.1324987411499023,0.07,18.689574241638184,20.52843427658081
6j4t5,0.1317567567567567,0.9588209796272216,0.3101361573373676,0.303680981595092,1.0,0.9208992506244796,0.949074074074074,1.0,0.0705244122965642,1.0,0.1853526220614828,0.1790235081374321,0.1235194585448392,0.9587852494577006,0.2848484848484848,0.2918586789554531,0.948051948051948,0.9208333333333332,0.8744186046511628,0.964467005076142,0.0660633484162896,1.0,0.1701357466063348,0.171945701357466,0.1317567567567567,0.9588209796272216,0.2950075642965204,0.303680981595092,1.0,0.9208992506244796,0.9027777777777778,1.0,0.0705244122965642,1.0,0.1763110307414105,0.1790235081374321,0.9627017974853516,0.05,21.422951459884644,9.595547437667848
6j657,0.2151360544217687,0.961080586080586,0.0927632572896208,0.1322853329378615,1.0,0.9250771264874394,0.953416149068323,1.0,0.1205335874225821,1.0,0.0487533746228362,0.0708273781165634,0.21321236178055,0.9610746450923524,0.0852350007556294,0.1302477377243732,0.992084432717678,0.9250661181310608,0.8785046728971962,0.9865168539325844,0.1194409148665819,1.0,0.0447903430749682,0.0697268106734434,0.2151360544217687,0.961080586080586,0.0891373319232512,0.1322853329378615,1.0,0.9250771264874394,0.9161490683229814,1.0,0.1205335874225821,1.0,0.0468477052564713,0.0708273781165634,4.717925786972046,0.37,33.63031721115112,9.37711763381958
6j76f,0.3257397224404295,0.9639680385949044,0.1945305892303355,0.2462973121228743,1.0,0.930442374854482,0.9857142857142858,1.0,0.1945573975602127,1.0,0.1079136690647482,0.1404441664060056,0.3149069950222687,0.963957170864123,0.1816643159379407,0.2425905598243688,0.9677938808373592,0.9304221251819506,0.9226361031518624,0.9866071428571428,0.1880475594493116,1.0,0.1007509386733416,0.1382978723404255,0.3257397224404295,0.9639680385949044,0.1894558782069354,0.2462973121228743,1.0,0.930442374854482,0.96,1.0,0.1945573975602127,1.0,0.1050985298717547,0.1404441664060056,3.616575956344605,0.11,33.80950403213501,6.080692291259766
6j7au,0.3392504930966469,0.9600912200684152,0.2607508532423208,0.4163009404388714,1.0,0.9232456140350878,0.9455445544554456,1.0,0.2042755344418052,1.0,0.1512272367379255,0.2628661916072842,0.3291639236339697,0.9600608596424496,0.2296650717703349,0.4067796610169492,0.9727626459143968,0.9231894659839064,0.835820895522388,0.9788519637462236,0.1980982567353407,1.0,0.1331220285261489,0.2567353407290015,0.3392504930966469,0.9600912200684152,0.2430034129692833,0.4163009404388714,1.0,0.9232456140350878,0.8811881188118812,1.0,0.2042755344418052,1.0,0.1409342834520981,0.2628661916072842,2.0343735218048096,0.06,18.6016263961792,9.41982650756836
6j83f,0.1237693389592124,0.9579892280071812,0.2231075697211155,0.3561306223043746,1.0,0.9193659545141282,0.9767441860465116,1.0,0.0659670164917541,1.0,0.1259370314842578,0.2166416791604198,0.1098591549295774,0.9579590370104204,0.1994680851063829,0.3466995681677977,0.896551724137931,0.9193103448275862,0.8771929824561403,0.9756944444444444,0.0585146286571642,1.0,0.1125281320330082,0.2108027006751688,0.1223628691983122,0.9579892280071812,0.2098273572377158,0.3561306223043746,0.9886363636363636,0.9193659545141282,0.9186046511627908,1.0,0.0652173913043478,1.0,0.1184407796101949,0.2166416791604198,0.8768696784973145,0.06,16.85339379310608,4.588255882263184
6j8mp,0.4235616438356164,0.958506915514081,0.2655027092113185,0.1962997804954531,0.9987080103359172,0.92032,0.9887892376681614,1.0,0.2687760778859527,1.0,0.1533379694019471,0.1088317107093184,0.4221491228070175,0.9584930821803632,0.2506024096385542,0.1920301223721368,0.9961190168175936,0.9202944942381562,0.9348314606741572,0.9807692307692308,0.2678260869565217,1.0,0.144695652173913,0.1064347826086956,0.4235616438356164,0.958506915514081,0.2125225767609873,0.1962997804954531,0.9987080103359172,0.92032,0.7914798206278026,1.0,0.2687760778859527,1.0,0.1227399165507649,0.1088317107093184,4.565463066101074,0.13,41.34224009513855,3.658020496368408
6j9b8,0.3609865470852018,0.9636171895597152,0.2082822837539818,0.205694648993618,1.0,0.9297888577969984,0.9976525821596244,1.0,0.2202462380300957,1.0,0.1162790697674418,0.1146374829001368,0.3584567070435173,0.9636075949367088,0.2015199803873498,0.2013752455795678,0.9937810945273632,0.9297709923664124,0.9670588235294116,0.9808612440191388,0.2186644772851669,1.0,0.11247947454844,0.1122058018609742,0.3609865470852018,0.9636171895597152,0.2077922077922078,0.205694648993618,1.0,0.9297888577969984,0.9953051643192488,1.0,0.2202462380300957,1.0,0.1160054719562243,0.1146374829001368,4.446404218673706,0.19,42.52427959442139,16.89035964012146
6j9eo,0.1241970021413276,0.968134094676736,0.3401704007573367,0.2851549755301794,1.0,0.938236344162799,0.9963031423290204,1.0,0.0662100456621004,1.0,0.2050989345509893,0.1662861491628615,0.1199999999999999,0.9681223512069282,0.3309125355225765,0.2814234410708456,0.9710982658959536,0.9382142857142856,0.9703703703703704,0.9885321100917432,0.0639512752188808,1.0,0.1994670727065093,0.1640654739246288,0.1241970021413276,0.968134094676736,0.330703692016409,0.2851549755301794,1.0,0.938236344162799,0.9685767097966728,1.0,0.0662100456621004,1.0,0.1993911719939117,0.1662861491628615,1.472059965133667,0.1,48.909021615982056,7.617061138153076
6j9t4,0.490381252186079,0.9555014390081912,0.1646859083191851,0.2001668056713928,1.0,0.9147944044086476,0.9797979797979798,1.0,0.32483781278962,1.0,0.0898980537534754,0.1112140871177015,0.4837241862093103,0.9554817275747508,0.1503823279524214,0.1961602671118531,0.9871428571428572,0.9147582697201018,0.8984771573604061,0.9832635983263598,0.3203523412146499,1.0,0.082058414464534,0.1089476124246638,0.490381252186079,0.9555014390081912,0.1553480475382003,0.1734778982485404,1.0,0.9147944044086476,0.9242424242424242,0.8666666666666667,0.32483781278962,1.0,0.0848007414272474,0.0963855421686747,4.491284608840942,0.1,18.445441007614136,3.499173641204834
6j9uz,0.1992128368150166,0.9615260265114776,0.1527950310559006,0.2443919716646989,1.0,0.9259028642590288,1.0,1.0,0.1106254203093476,1.0,0.0827168796234028,0.1392064559515803,0.1860042411390488,0.9615135834411384,0.1423244251087631,0.2362669816893089,0.9359756097560976,0.9258797882279663,0.9346938775510204,0.9685230024213076,0.1032626976118399,1.0,0.0770265724857046,0.134544231416078,0.1992128368150166,0.9615260265114776,0.1484472049689441,0.2402597402597402,1.0,0.9259028642590288,0.9715447154471544,0.9830917874396136,0.1106254203093476,1.0,0.0803631472763954,0.1368527236045729,2.4011175632476807,0.15,24.92946839332581,5.076712369918823
6jae1,0.2373940205265506,0.9662426614481407,0.1299479577353729,0.1382560879811468,1.0,0.934690014197823,0.9903846153846154,1.0,0.1346835443037974,1.0,0.0695358649789029,0.0742616033755274,0.2350840648712989,0.9662371554395696,0.1246253352263764,0.137042275656137,0.9912170639899625,0.9346797096875986,0.9518072289156626,0.9931662870159452,0.1333558406482106,1.0,0.0666779203241053,0.0735989196488858,0.2373940205265506,0.9662426614481407,0.1296325500709667,0.1322859387274155,1.0,0.934690014197823,0.9879807692307692,0.9568181818181818,0.1346835443037974,1.0,0.0693670886075949,0.0710548523206751,4.660711765289307,0.29,41.783337116241455,5.03877329826355
6jakd,0.2350757810083514,0.9603635445594546,N/A,0.0995836802664446,1.0,0.9237493929091792,N/A,1.0,0.1331931300385559,1.0,N/A,0.0524009814230634,0.2332920792079208,0.960356872317145,N/A,0.0956188572380476,0.9934123847167324,0.9237370466321244,N/A,0.9630872483221476,0.1321647677475898,1.0,N/A,0.0503067484662576,0.2350757810083514,0.9603635445594546,N/A,0.0892589508742714,1.0,0.9237493929091792,N/A,0.8963210702341137,0.1331931300385559,1.0,N/A,0.0469681037504381,4.650389671325684,0.34,N/A,6.662995338439941
6jbwv,0.2199356913183279,0.966818023052742,0.2864197530864197,0.4690265486725664,1.0,0.9357674104124408,0.9830508474576272,1.0,0.1235549132947976,1.0,0.1676300578034682,0.3063583815028902,0.2086284610431423,0.9667948269835722,0.2756489493201483,0.4584717607973422,0.9529411764705882,0.935723951285521,0.948936170212766,0.9787234042553192,0.1171366594360086,1.0,0.1612436731742588,0.2993492407809111,0.2199356913183279,0.966818023052742,0.2629629629629629,0.4690265486725664,1.0,0.9357674104124408,0.902542372881356,1.0,0.1235549132947976,1.0,0.1539017341040462,0.3063583815028902,1.284703493118286,0.05,22.359994649887085,6.3654608726501465
6jcfv,0.1935746238308255,0.9571213100624866,0.3304608467590858,0.1233629066328686,1.0,0.9177685950413224,0.984375,1.0,0.1071589374155785,1.0,0.1985592075641603,0.0657361548851868,0.1847781847781847,0.9571028238844578,0.3134608173978253,0.1175475687103594,0.9578059071729956,0.9177346010748244,0.9351230425055927,0.9586206896551724,0.1022522522522522,1.0,0.1882882882882882,0.0626126126126126,0.1935746238308255,0.9571213100624866,0.3214687148744848,0.1233629066328686,1.0,0.9177685950413224,0.9575892857142856,1.0,0.1071589374155785,1.0,0.1931562359297613,0.0657361548851868,1.898926019668579,0.11,38.65075993537903,11.310230255126951
6jd6d,0.0828279686933084,0.9605775723263906,0.0311851418232132,0.0458579881656804,1.0,0.9241455126923844,0.9865319865319864,1.0,0.0432032010381745,1.0,0.0158429761003568,0.0234670704012112,0.0810740759939868,0.9605755246208186,0.0254404172654212,0.0449117615978019,0.9799498746867168,0.9241417220528708,0.8074324324324325,0.9815242494226328,0.0422862704807224,1.0,0.0129238090088141,0.022981668739523,0.0828279686933084,0.9605775723263906,0.028098557820233,0.0458579881656804,1.0,0.9241455126923844,0.8888888888888888,1.0,0.0432032010381745,1.0,0.014274899967557,0.0234670704012112,5.045953750610352,2.05,30.027146577835083,10.00035810470581
6jeby,0.4885450758702767,0.9676190476190476,0.1902733404330848,0.1857142857142857,1.0,0.9372693726937268,0.967509025270758,1.0,0.3232283464566929,1.0,0.105511811023622,0.1023622047244094,0.4834772253646918,0.9676067073170732,0.1790408525754884,0.178699070764832,0.9902439024390244,0.9372462163159836,0.9130434782608696,0.9652509652509652,0.3198109491925955,1.0,0.0992516738873572,0.0984639621898385,0.4885450758702767,0.9676190476190476,0.1774937877174298,0.1857142857142857,1.0,0.9372693726937268,0.9025270758122744,1.0,0.3232283464566929,1.0,0.0984251968503937,0.1023622047244094,4.431298494338989,0.09,27.19240522384644,5.950335741043091
6jf3d,0.1078786943436993,0.9645568624365682,0.0548727301562128,0.0631911532385466,1.0,0.9315401565230604,0.9857549857549858,1.0,0.0570146818923327,1.0,0.0282218597063621,0.032626427406199,0.1077409894265647,0.9645540737243794,0.0504401617891981,0.0619371148680676,1.0,0.9315349544072948,0.9085714285714286,0.9824561403508772,0.0569377600130516,1.0,0.025940125621992,0.0319765070560404,0.1078786943436993,0.9645568624365682,0.0521766711600983,0.0631911532385466,1.0,0.9315401565230604,0.9373219373219374,1.0,0.0570146818923327,1.0,0.0268352365415986,0.032626427406199,4.635843515396118,0.99,34.897786140441895,12.719037294387816
6jfiw,0.2646289965815403,0.9687920969914684,0.0925517849272807,0.0987001542189909,1.0,0.9394731112562597,0.9417040358744396,1.0,0.1524913093858632,1.0,0.048667439165701,0.0519119351100811,0.2635284650975659,0.9687850887042444,0.0749559082892416,0.0960987436632135,0.9969558599695586,0.9394599303135888,0.7657657657657657,0.9775784753363228,0.1518312471024571,1.0,0.0394065832174316,0.0505331478905887,0.2646289965815403,0.9687920969914684,0.0841780520052886,0.0987001542189909,1.0,0.9394731112562597,0.8565022421524664,1.0,0.1524913093858632,1.0,0.0442641946697566,0.0519119351100811,4.63113808631897,0.18,22.7704553604126,32.878716468811035
6jg51,0.8100874935666496,0.9625312239800168,0.3119533527696793,0.3877266387726638,1.0,0.92776886035313,0.9907407407407408,1.0,0.6807958477508651,1.0,0.185121107266436,0.2404844290657439,0.8068006182380216,0.9625,0.291970802919708,0.3756983240223464,0.9961832061068704,0.927710843373494,0.9302325581395348,0.9711191335740073,0.6779220779220779,1.0,0.1731601731601731,0.2329004329004329,0.8100874935666496,0.9625312239800168,0.3032069970845481,0.3877266387726638,1.0,0.92776886035313,0.9629629629629628,1.0,0.6807958477508651,1.0,0.1799307958477508,0.2404844290657439,4.2314453125,0.05,18.647238969802856,7.144094705581665
6jggv,0.5180972078593589,0.9633613445378152,0.2351500306184936,0.2950624628197501,1.0,0.929312581063554,0.96,1.0,0.3496161898115841,1.0,0.1339846475924633,0.1730635031402651,0.4896480331262939,0.9633366969391188,0.2109135499693439,0.2751637879690291,0.946,0.9292667099286178,0.864321608040201,0.9352226720647774,0.3303072625698324,1.0,0.1201117318435754,0.1613128491620111,0.5180972078593589,0.9633613445378152,0.2143294549908144,0.2950624628197501,1.0,0.929312581063554,0.875,1.0,0.3496161898115841,1.0,0.1221214235868806,0.1730635031402651,3.8512797355651855,0.06,18.61630415916443,4.933871984481812
6jhqi,0.3345323741007194,0.9592541436464088,0.18359375,0.4071100917431192,1.0,0.9216987392169874,0.9591836734693876,1.0,0.2008639308855291,1.0,0.101511879049676,0.2555795536357091,0.3181272509003601,0.95922598479613,0.1668839634941329,0.3983926521239954,0.9532374100719424,0.9216467463479416,0.8767123287671232,0.980225988700565,0.1909221902017291,1.0,0.0922190201729106,0.25,0.3345323741007194,0.9592541436464088,0.171875,0.4071100917431192,1.0,0.9216987392169874,0.8979591836734694,1.0,0.2008639308855291,1.0,0.0950323974082073,0.2555795536357091,1.8223333358764648,0.04,13.594807147979736,5.125513315200806
6jhsx,0.2677725118483412,0.9561805101373446,0.0638338054768649,0.1020029673590504,1.0,0.9160401002506264,0.949438202247191,1.0,0.1545827633378933,1.0,0.0330271643541137,0.0537424272034395,0.2631222485607856,0.9561723203438932,0.0540336293217457,0.0987012987012986,0.9835443037974684,0.916025067144136,0.807909604519774,0.9708029197080292,0.1518764659890539,1.0,0.0279515246286161,0.0519937451133698,0.2677725118483412,0.9561805101373446,0.0604343720491029,0.0986646884272997,1.0,0.9160401002506264,0.898876404494382,0.9672727272727272,0.1545827633378933,1.0,0.0312683212820011,0.0519835841313269,4.572438955307007,0.32,19.65364098548889,8.576693534851074
6ji4d,0.2986222364626723,0.9609120521172638,N/A,0.1815068493150685,1.0,0.9247648902821316,N/A,1.0,0.175517890772128,1.0,N/A,0.0998116760828625,0.2802180185957038,0.9608979000724112,N/A,0.1761480466072652,0.9397849462365592,0.924738675958188,N/A,0.9734848484848484,0.1646571213262999,1.0,N/A,0.0968349660889223,0.2896507529637936,0.9609120521172638,N/A,0.1815068493150685,0.9699570815450644,0.9247648902821316,N/A,1.0,0.1702448210922787,1.0,N/A,0.0998116760828625,3.0996694564819336,0.11,N/A,7.284286260604858
6ji7u,0.5416666666666666,0.9601567602873938,0.3866374589266155,0.3295454545454545,1.0,0.9233668341708544,0.9915730337078652,1.0,0.3714285714285714,1.0,0.2401360544217687,0.1972789115646258,0.5342601787487586,0.9601307189542484,0.3695175438596491,0.3219567690557452,0.9871559633027523,0.923318667504714,0.9492957746478872,0.9792387543252596,0.3662355343771273,1.0,0.2294077603812117,0.192648059904697,0.5416666666666666,0.9601567602873938,0.3723986856516977,0.3295454545454545,1.0,0.9233668341708544,0.9550561797752808,1.0,0.3714285714285714,1.0,0.2312925170068027,0.1972789115646258,2.977425098419189,0.06,30.1695077419281,9.017964601516724
6jirc,0.3979721166032953,0.9656226126814362,0.2265734265734265,0.3552374756018218,1.0,0.9335302806499262,0.9759036144578314,1.0,0.2484177215189873,1.0,0.1281645569620253,0.2159810126582278,0.3934010152284263,0.9655963302752292,0.2156862745098039,0.3439739413680782,0.9904153354632588,0.933481152993348,0.9333333333333332,0.9705882352941176,0.2454473475851148,1.0,0.121931908155186,0.2090261282660332,0.3979721166032953,0.9656226126814362,0.2181818181818181,0.3552374756018218,1.0,0.9335302806499262,0.9397590361445785,1.0,0.2484177215189873,1.0,0.1234177215189873,0.2159810126582278,2.0922348499298096,0.03,13.92874550819397,5.832630157470703
6jjob,0.4415807560137457,0.9647225669207586,0.2477477477477477,0.0972027972027971,1.0,0.9318493150684932,0.9948320413436692,1.0,0.2833517089305402,1.0,0.141492098493201,0.0510841602352076,0.4361031518624641,0.9647100549742864,0.2376046361880231,0.0958712386284114,0.9883116883116884,0.9318259677971908,0.955958549222798,0.9927536231884058,0.2797794117647059,1.0,0.1356617647058823,0.0503676470588235,0.4415807560137457,0.9647225669207586,0.2451737451737451,0.0972027972027971,1.0,0.9318493150684932,0.9844961240310076,1.0,0.2833517089305402,1.0,0.1400220507166482,0.0510841602352076,4.395896434783936,0.1,37.45076298713684,1.663564682006836
6jk60,0.1050049067713444,0.9635728542914171,0.1489107014603782,0.1481659074562455,1.0,0.9297063071738084,0.9873015873015872,1.0,0.0554117037804246,1.0,0.0805282237182806,0.0800103573278094,0.1011291114383897,0.9635637634140256,0.142754491017964,0.1443991364835692,0.9671361502347418,0.9296893811702384,0.9490445859872612,0.9772727272727272,0.0533540533540533,1.0,0.0771820771820771,0.0779590779590779,0.1050049067713444,0.9635728542914171,0.1484318889154895,0.1481659074562455,1.0,0.9297063071738084,0.984126984126984,1.0,0.0554117037804246,1.0,0.080269290523045,0.0800103573278094,1.5230576992034912,0.17,36.41096615791321,10.113956689834597
6jki9,0.130835734870317,0.9667130365659776,0.058641667497756,0.0861611094718206,1.0,0.935570727954611,0.9865771812080536,1.0,0.0699969164353993,1.0,0.0302189330866481,0.0450200431699044,0.1295157571099154,0.9667097287091324,0.0564588528678304,0.0842105263157894,0.9911764705882352,0.9355645316407,0.9528619528619529,0.9794050343249427,0.0692845394736842,1.0,0.0290912828947368,0.0439967105263157,0.130835734870317,0.9667130365659776,0.058242744589608,0.0861611094718206,1.0,0.935570727954611,0.9798657718120806,1.0,0.0699969164353993,1.0,0.0300133621132696,0.0450200431699044,4.90521502494812,0.63,32.478421449661255,12.069111585617064
6jkti,0.4790065050266114,0.964741185296324,0.2061281337047354,0.3244299674267101,1.0,0.9318840579710144,0.9866666666666668,1.0,0.3149300155520995,1.0,0.1150855365474339,0.1936236391912908,0.4677323860272351,0.9647147147147148,0.1952580195258019,0.314416177429876,0.9777227722772276,0.93183466279913,0.9395973154362416,0.9717741935483872,0.3073929961089494,1.0,0.1089494163424124,0.1875486381322957,0.4790065050266114,0.964741185296324,0.201949860724234,0.3022801302931596,1.0,0.9318840579710144,0.9666666666666668,0.931726907630522,0.3149300155520995,1.0,0.1127527216174183,0.1804043545878693,2.3540430068969727,0.04,12.297031164169312,4.384573459625244
6jl2z,0.4597432905484248,0.9525527692585244,N/A,0.1917808219178082,1.0,0.9094040647605924,N/A,1.0,0.2984848484848484,1.0,N/A,0.106060606060606,0.4489200233508464,0.9525356433856704,N/A,0.185743660041124,0.97712833545108,0.9093728463128876,N/A,0.971326164874552,0.2913982569154983,1.0,N/A,0.1026904130352406,0.4597432905484248,0.9525527692585244,N/A,0.1917808219178082,1.0,0.9094040647605924,N/A,1.0,0.2984848484848484,1.0,N/A,0.106060606060606,4.820484399795532,0.15,N/A,7.246219396591186
6jlku,0.1676222245387261,0.9661957895894026,0.0366625930452172,0.0947322783438109,1.0,0.9346022968949383,0.7783018867924528,1.0,0.0914779838434406,1.0,0.0187734668335419,0.0497212424621686,0.1655718903138359,0.9661920730031334,0.0113345927325258,0.0938855160450997,0.9887920298879204,0.9345953419121557,0.2417061611374407,0.993119266055046,0.0903504779244424,1.0,0.0058033682294037,0.0492717341829767,0.1674137391848222,0.9661957895894026,0.0217753582935229,0.0947322783438109,0.9987562189054726,0.9346022968949383,0.4622641509433962,1.0,0.0913642052565707,1.0,0.0111503015132552,0.0497212424621686,4.451982021331787,0.57,21.097362518310547,11.752054929733276
6jltd,0.207973164752935,0.9582614694722318,0.0856631318000275,0.1224655312246553,1.0,0.9198675496688742,0.9841772151898734,1.0,0.1160547156227501,1.0,0.0447804175665946,0.0652267818574514,0.2059620596205962,0.958255709652936,0.081278413004546,0.1206057328285559,0.991304347826087,0.9198569346933368,0.9365079365079364,0.986725663716814,0.1149193548387096,1.0,0.0424827188940092,0.0642281105990783,0.207973164752935,0.9582614694722318,0.0793279162649772,0.1224655312246553,1.0,0.9198675496688742,0.9113924050632912,1.0,0.1160547156227501,1.0,0.0414686825053995,0.0652267818574514,4.176553726196289,0.41,33.11016297340393,10.279933214187622
6jn1f,0.3354811889420079,0.9595015576323987,0.0909740414384377,0.1531365313653136,1.0,0.9221556886227544,0.9794871794871794,1.0,0.2015484515484515,1.0,0.0477022977022977,0.0829170829170829,0.3343730505302558,0.9594918504314476,0.0862520848224922,0.15089986155976,0.9975186104218362,0.9221377562773556,0.9329896907216496,0.9879154078549848,0.2008493629777666,1.0,0.0452160879340494,0.0816887334499125,0.3354811889420079,0.9595015576323987,0.0904977375565611,0.1531365313653136,1.0,0.9221556886227544,0.9743589743589745,1.0,0.2015484515484515,1.0,0.0474525474525474,0.0829170829170829,4.723125219345093,0.19,20.227662086486816,5.263330459594727
6jnil,0.1370916079436258,0.9683649683649684,0.1358730158730158,0.2680166765932102,1.0,0.9386701097482246,0.8842975206611571,1.0,0.0735900962861072,1.0,0.0735900962861072,0.15474552957359,0.1257216164207825,0.9683438853715428,0.1182453909726637,0.2587954680977937,0.9245283018867924,0.9386304909560724,0.775,0.96875,0.0674466620784583,1.0,0.0640055058499655,0.1493461803165863,0.1370916079436258,0.9683649683649684,0.1257142857142857,0.2680166765932102,1.0,0.9386701097482246,0.8181818181818182,1.0,0.0735900962861072,1.0,0.0680880330123796,0.15474552957359,0.909104585647583,0.06,11.057785749435425,3.732990741729736
6jp6c,0.0826161790017211,0.9623150847640644,N/A,0.1082572702186372,1.0,0.9273673257023932,N/A,1.0,0.0430879712746858,1.0,N/A,0.0572262118491921,0.0792079207920792,0.9623069445944488,N/A,0.1053302187300913,0.9633507853403142,0.9273522064945878,N/A,0.9763779527559056,0.0413019079685746,1.0,N/A,0.0556677890011223,0.0826161790017211,0.9623150847640644,N/A,0.1082572702186372,1.0,0.9273673257023932,N/A,1.0,0.0430879712746858,1.0,N/A,0.0572262118491921,1.458894968032837,0.24,N/A,11.820483922958374
6jplj,0.4237623762376237,0.9580467675378268,0.1512437810945273,0.1743119266055045,1.0,0.9194719471947196,0.9956331877729258,1.0,0.2688442211055276,1.0,0.08183776022972,0.0954773869346733,0.4228700820832153,0.958032335741314,0.1387321606372386,0.1711475409836065,0.998663101604278,0.9194453615054472,0.9166666666666666,0.9849056603773584,0.2682226211849192,1.0,0.0750448833034111,0.0937163375224416,0.4237623762376237,0.9580467675378268,0.1432835820895522,0.1743119266055045,1.0,0.9194719471947196,0.9432314410480348,1.0,0.2688442211055276,1.0,0.0775305096913137,0.0954773869346733,4.841827869415283,0.12,23.30571794509888,5.3261425495147705
6jr2l,0.1678082191780822,0.9547888161808448,0.2250413678985107,0.2907348242811501,1.0,0.9134889015367104,0.9807692307692308,1.0,0.0915887850467289,1.0,0.1271028037383177,0.1700934579439252,0.1599999999999999,0.9547619047619048,0.2098288238542242,0.2825159914712153,0.958904109589041,0.9134396355353076,0.9178743961352656,0.9742647058823528,0.0872817955112219,1.0,0.1184538653366583,0.1652119700748129,0.1678082191780822,0.9547888161808448,0.2118036403750689,0.2726304579339723,1.0,0.9134889015367104,0.9230769230769232,0.9377289377289376,0.0915887850467289,1.0,0.119626168224299,0.1595015576323987,1.2047061920166016,0.08,19.00610399246216,6.7307305335998535
6jr7g,0.2973841211564938,0.972987149226331,0.1530108588351431,0.2973841211564938,1.0,0.9473953013278856,0.9064327485380116,1.0,0.1746630727762803,1.0,0.0835579514824797,0.1746630727762803,0.2903077629765732,0.972972972972973,0.0879446640316205,0.2875516766192008,0.978328173374613,0.9473684210526316,0.5235294117647059,0.9690402476780186,0.1704422869471413,1.0,0.0480043149946062,0.168824163969795,0.2973841211564938,0.972987149226331,0.1145113524185587,0.2973841211564938,1.0,0.9473953013278856,0.6783625730994152,1.0,0.1746630727762803,1.0,0.0625336927223719,0.1746630727762803,2.118260622024536,0.06,16.125056266784668,7.749876022338867
6jr9k,0.2946946946946946,0.9598828036961912,0.1179328621908127,0.1818569903948772,1.0,0.922860238353196,0.9925650557620818,1.0,0.1728105189011505,1.0,0.0626907724818032,0.100023479690068,0.2896054476266773,0.9598737601442742,0.1126822801590808,0.1776638906683749,0.9836734693877552,0.9228435197225836,0.9514925373134328,0.9788235294117648,0.169798027242837,1.0,0.0598872710192578,0.0976984499765147,0.2902902902902903,0.9598828036961912,0.1174911660777385,0.1818569903948772,0.9850543478260868,0.922860238353196,0.9888475836431226,1.0,0.1702277529936605,1.0,0.0624559755811223,0.100023479690068,4.489706516265869,0.21,27.80920124053955,8.83887791633606
6jrdp,0.0996835443037974,0.9608,0.2736389684813753,0.3759296822177146,1.0,0.924557351809084,0.9794871794871794,1.0,0.0524562864279766,1.0,0.1590341382181515,0.231473771856786,0.0919175911251981,0.9607686148919136,0.2582496413199426,0.3669600541638457,0.935483870967742,0.9244992295839752,0.9278350515463918,0.9783393501805054,0.0483333333333333,1.0,0.15,0.2258333333333333,0.0981012658227848,0.9608,0.2664756446991404,0.3759296822177146,0.984126984126984,0.924557351809084,0.953846153846154,1.0,0.0516236469608659,1.0,0.1548709408825978,0.231473771856786,0.7488434314727783,0.05,15.922394275665283,5.019256353378296
6jrlv,0.0662857142857142,0.9609541388612808,0.2002649006622516,0.1568627450980392,1.0,0.9248428532385896,0.9667519181585678,1.0,0.0342789598108747,1.0,0.1117021276595744,0.0851063829787234,0.0651801029159519,0.9609430478625196,0.1775775245163,0.1553133514986376,0.991304347826087,0.9248223072717332,0.8589743589743589,0.9930313588850174,0.0336979012710611,1.0,0.0990245344368903,0.0842447531776529,0.0662857142857142,0.9609541388612808,0.1880794701986755,0.1568627450980392,1.0,0.9248428532385896,0.907928388746803,1.0,0.0342789598108747,1.0,0.1049054373522458,0.0851063829787234,1.164405107498169,0.17,39.34665417671204,5.043362140655518
6jrn9,0.3502398903358465,0.9578193394349382,0.2875354107648725,0.317371548409647,1.0,0.919053073692249,0.973621103117506,1.0,0.2122974657249688,1.0,0.1686746987951807,0.188616535105941,0.3381344307270233,0.9578025477707006,0.260099220411056,0.3133962924099335,0.9666666666666668,0.919022154316272,0.8822115384615384,0.9889624724061812,0.2049044056525353,1.0,0.1525353283458021,0.1862011637572735,0.3502398903358465,0.9578193394349382,0.2620396600566572,0.317371548409647,1.0,0.919053073692249,0.8872901678657075,1.0,0.2122974657249688,1.0,0.1537183215621105,0.188616535105941,2.976954698562622,0.09,37.16856026649475,7.718507051467895
6jrru,0.1456825856246985,0.9651016821491338,0.1833568406205923,0.284694332887104,1.0,0.9325570111596312,0.951219512195122,1.0,0.0785639958376691,1.0,0.1014568158168574,0.1659729448491155,0.1419604056011588,0.965084149711128,0.1665882352941176,0.2778025904421617,0.98,0.9325242718446602,0.8676470588235294,0.9779874213836478,0.0765226444560124,1.0,0.0921395106715252,0.1618948464341489,0.1456825856246985,0.9651016821491338,0.1767748001880583,0.284694332887104,1.0,0.9325570111596312,0.9170731707317074,1.0,0.0785639958376691,1.0,0.0978147762747138,0.1659729448491155,1.4412195682525637,0.08,20.64022994041443,6.477295160293579
6js0j,0.2012320328542094,0.9559839941797016,0.2147197839297771,0.3346007604562737,1.0,0.9156794425087108,0.9520958083832336,1.0,0.1118721461187214,1.0,0.1210045662100456,0.2009132420091324,0.1905414667580534,0.9559519475791772,0.1974306964164976,0.3248730964467005,0.952054794520548,0.915620641562064,0.8795180722891566,0.973384030418251,0.1058644325971058,1.0,0.1111957349581111,0.1949733434881949,0.2012320328542094,0.9559839941797016,0.2039162727886563,0.3346007604562737,1.0,0.9156794425087108,0.9041916167664672,1.0,0.1118721461187214,1.0,0.1149162861491628,0.2009132420091324,1.1581313610076904,0.05,14.249088525772097,6.675690412521362
6jsqc,0.0784627702161729,0.9603841536614646,0.1095244333813703,0.0784627702161729,1.0,0.9237875288683602,0.9653579676674364,1.0,0.0408333333333333,1.0,0.0580555555555555,0.0408333333333333,0.0782167645488521,0.9603788687299892,0.0974970515004586,0.0782167645488521,1.0,0.9237777492621584,0.8611111111111112,1.0,0.0407000972357271,1.0,0.0516738435893874,0.0407000972357271,0.0784627702161729,0.9603841536614646,0.1000917070614437,0.0784627702161729,1.0,0.9237875288683602,0.8822170900692841,1.0,0.0408333333333333,1.0,0.0530555555555555,0.0408333333333333,1.8798294067382808,0.47,40.61419057846069,4.320168256759644
6jsz8,0.0116652085156022,0.9628583533399236,0.0104834012813046,0.0917996081724041,1.0,0.9283769063180828,0.72,1.0,0.005866823115283,1.0,0.0052801408037547,0.0481079495453212,0.0105048147067405,0.9628478598672128,0.0011655011655011,0.0884906188742649,0.9473684210526316,0.9283573958049578,0.0833333333333333,0.9693251533742332,0.005281690140845,1.0,0.0005868544600938,0.0463615023474178,0.0116652085156022,0.9628583533399236,0.0075713453698311,0.0917996081724041,1.0,0.9283769063180828,0.52,1.0,0.005866823115283,1.0,0.0038134350249339,0.0481079495453212,0.5277774333953857,0.16,5.773732662200928,4.890205383300781
6jszc,0.0649203806652218,0.9619879616834908,0.0377358490566037,0.0312514978670373,1.0,0.926759927797834,0.992462311557789,1.0,0.0335492038759312,1.0,0.019233578419438,0.0158737887714856,0.0625706747078778,0.9619861810516456,0.0343954521568814,0.0305833852643689,0.9651162790697676,0.926756622591272,0.906801007556675,0.9815384615384616,0.0323334631865991,1.0,0.0175301908843007,0.0155336969224776,0.0649203806652218,0.9619879616834908,0.0363983759254836,0.0312514978670373,1.0,0.926759927797834,0.957286432160804,1.0,0.0335492038759312,1.0,0.0185518819691288,0.0158737887714856,4.78074312210083,2.31,39.25175285339356,53.65802240371704
6jtbs,0.4266666666666667,0.9522272433828276,0.133459835547122,0.2456140350877192,1.0,0.9088108441158348,0.9952830188679244,1.0,0.2711864406779661,1.0,0.0715254237288135,0.14,0.4188900747065102,0.952211817888279,0.1234177215189873,0.2398095804819993,0.9824780976220276,0.9087827426810478,0.924170616113744,0.9781553398058253,0.2661919294676161,1.0,0.0661241098677517,0.136656493726687,0.4266666666666667,0.9522272433828276,0.1258697027197976,0.2456140350877192,1.0,0.9088108441158348,0.9386792452830188,1.0,0.2711864406779661,1.0,0.067457627118644,0.14,4.60341477394104,0.13,21.658133506774902,5.750503301620483
6jtue,0.2350041084634346,0.9566224280751758,0.0485683218557448,0.0964197093229351,1.0,0.9168516305275738,0.9054054054054054,1.0,0.1331471135940409,1.0,0.0249534450651769,0.0506517690875232,0.2304783823771165,0.9566146993318486,0.0409717186366932,0.0939716312056737,0.9817927170868348,0.9168374316939892,0.7687074829931972,0.977859778597786,0.1305643509033339,1.0,0.0210467498603091,0.0493574222387781,0.2350041084634346,0.9566224280751758,0.0427691192461036,0.0964197093229351,1.0,0.9168516305275738,0.7972972972972973,1.0,0.1331471135940409,1.0,0.021973929236499,0.0506517690875232,4.41795825958252,0.29,15.686906576156616,4.379866600036621
6ju1a,0.1748949579831933,0.9573002754820936,0.2242038216560509,0.1901041666666666,1.0,0.9180977542932628,0.9777777777777776,1.0,0.0958273381294964,1.0,0.1266187050359712,0.1050359712230215,0.1681555438780872,0.9572885092311932,0.2156512872801427,0.1855132881709223,0.963855421686747,0.9180761099365752,0.9420935412026726,0.978021978021978,0.0921128382268278,1.0,0.121761658031088,0.102475532527346,0.1748949579831933,0.9573002754820936,0.2180891719745223,0.1901041666666666,1.0,0.9180977542932628,0.9511111111111112,1.0,0.0958273381294964,1.0,0.1231654676258992,0.1050359712230215,2.168598175048828,0.16,42.66994094848633,11.63576316833496
6juj6,0.101707779886148,0.9564053537284896,0.1431206196975285,0.2084527220630372,1.0,0.916452913155002,0.923809523809524,1.0,0.0535785685725709,1.0,0.0775689724110355,0.1163534586165533,0.0941891378655526,0.956388676358072,0.1026208933185677,0.2014336917562724,0.9323308270676692,0.9164222873900292,0.6650717703349283,0.9689655172413794,0.0496,1.0,0.0556,0.1124,0.101707779886148,0.9564053537284896,0.0914791589819255,0.2084527220630372,1.0,0.916452913155002,0.5904761904761905,1.0,0.0535785685725709,1.0,0.0495801679328268,0.1163534586165533,1.0676913261413574,0.1,20.41597008705139,6.022258996963501
6juow,0.564798286326312,0.9396914446002804,0.1475034356390288,0.2391590013140604,1.0,0.8862433862433863,0.930635838150289,1.0,0.3935323383084577,1.0,0.0800995024875621,0.135820895522388,0.54162200785995,0.9396632366697848,0.1247134342044933,0.2332310390179746,0.959493670886076,0.886193206881341,0.7906976744186046,0.9779411764705882,0.3773021403683425,1.0,0.0676953708312593,0.1324041811846689,0.564798286326312,0.9396914446002804,0.119102153000458,0.2391590013140604,1.0,0.8862433862433863,0.7514450867052023,1.0,0.3935323383084577,1.0,0.0646766169154228,0.135820895522388,4.791459798812866,0.11,16.497390747070312,8.7229323387146
6juv6,0.2139023081052067,0.9642132715155028,0.151330376940133,0.0953062392673153,1.0,0.930899426493216,0.9732620320855616,1.0,0.1197595792637115,1.0,0.0820435762584523,0.050037565740045,0.2104697986577181,0.9642080857846688,0.1352924868311616,0.0927569424563412,0.984924623115578,0.9308897593732512,0.8714285714285714,0.9759036144578314,0.1178238653441538,1.0,0.0733393447550345,0.0486925157799819,0.2139023081052067,0.9642132715155028,0.1330376940133037,0.0944476244991413,1.0,0.930899426493216,0.8556149732620321,0.990990990990991,0.1197595792637115,1.0,0.0721262208865514,0.0495867768595041,4.591863632202148,0.43,53.11720395088196,11.799844980239868
6juve,0.2027353177795655,0.9596219931271478,0.2119521912350598,0.4667124227865477,1.0,0.9223781998348471,0.9637681159420288,1.0,0.1128021486123545,1.0,0.1190689346463742,0.3043867502238138,0.1917808219178082,0.9595872742906276,0.1915403032721468,0.4577319587628866,0.952,0.9223140495867768,0.8759124087591241,0.9823008849557522,0.1066308243727598,1.0,0.1075268817204301,0.2983870967741935,0.2027353177795655,0.9596219931271478,0.1784860557768924,0.4667124227865477,1.0,0.9223781998348471,0.8115942028985508,1.0,0.1128021486123545,1.0,0.1002685765443151,0.3043867502238138,1.0539288520812988,0.05,12.204618692398071,9.177273750305176
6jv9h,0.1842456608811749,0.9594356261022928,N/A,0.1914893617021276,1.0,0.9220338983050848,N/A,1.0,0.1014705882352941,1.0,N/A,0.1058823529411764,0.1696726786907147,0.9594213126323218,N/A,0.1862940785096473,0.9236363636363636,0.9220074601559852,N/A,0.975609756097561,0.0934166973151894,1.0,N/A,0.102979036410445,0.1842456608811749,0.9594356261022928,N/A,0.1914893617021276,1.0,0.9220338983050848,N/A,1.0,0.1014705882352941,1.0,N/A,0.1058823529411764,1.9353687763214111,0.13,N/A,5.177416563034058
6jvc4,0.1688009313154831,0.9550698239222828,0.1504373177842565,0.285558583106267,1.0,0.9140034863451482,0.908450704225352,1.0,0.0921805467260012,1.0,0.0820089001907183,0.1665607120152574,0.1561771561771561,0.9550425273390036,0.1249270286047869,0.2749590834697217,0.9305555555555556,0.913953488372093,0.7588652482269503,0.9655172413793104,0.0852417302798982,1.0,0.0680661577608142,0.1603053435114503,0.1688009313154831,0.9550698239222828,0.1434402332361516,0.285558583106267,1.0,0.9140034863451482,0.8661971830985915,1.0,0.0921805467260012,1.0,0.0781945327399872,0.1665607120152574,1.208019495010376,0.06,13.762604236602783,4.268059253692627
6jvmc,0.28954802259887,0.9664804469273744,0.2879322512350035,0.4055299539170506,1.0,0.9351351351351352,0.9902912621359224,1.0,0.1692815854665565,1.0,0.1684558216350123,0.2543352601156069,0.2772277227722772,0.9664536741214058,0.2685512367491166,0.3968358602504944,0.9607843137254902,0.9350850077279752,0.926829268292683,0.980456026058632,0.1619834710743801,1.0,0.1570247933884297,0.2487603305785124,0.28954802259887,0.9664804469273744,0.2427664079040225,0.4055299539170506,1.0,0.9351351351351352,0.8349514563106796,1.0,0.1692815854665565,1.0,0.1420313790255986,0.2543352601156069,1.3179423809051514,0.05,17.760936498641968,5.757054328918457
6jx2o,0.4924192485168094,0.9559038662486936,N/A,0.1870788743559255,1.0,0.9155324259407526,N/A,1.0,0.3266287713161346,1.0,N/A,0.1031919545255793,0.4901055408970976,0.9558854275559272,N/A,0.1832606108687028,0.9959785522788204,0.9154985983179816,N/A,0.9829787234042552,0.3250218722659667,1.0,N/A,0.1010498687664042,0.4924192485168094,0.9559038662486936,N/A,0.1870788743559255,1.0,0.9155324259407526,N/A,1.0,0.3266287713161346,1.0,N/A,0.1031919545255793,4.530896663665772,0.13,N/A,6.124338626861572
6jx81,0.424487594390507,0.9638673486223396,0.1078998073217726,0.1588402143082256,1.0,0.9302547770700637,0.8704663212435233,1.0,0.2694282779869907,1.0,0.0575145498117083,0.0862718247175624,0.4198596869940636,0.963855421686747,0.0475578406169665,0.1570482497634815,0.989821882951654,0.9302325581395348,0.3854166666666667,0.9920318725099602,0.2664383561643835,1.0,0.0253424657534246,0.0852739726027397,0.40722761596548,0.9638673486223396,0.0674373795761079,0.1588402143082256,0.9593392630241424,0.9302547770700637,0.5440414507772021,1.0,0.2584731256419034,1.0,0.0359465936323177,0.0862718247175624,4.570152997970581,0.11,19.085569381713867,7.476867914199829
6jyiz,0.131981981981982,0.9472361809045228,0.1344424460431654,0.1024937085335163,1.0,0.8997613365155132,0.9933554817275748,1.0,0.0706534844465879,1.0,0.0721003134796238,0.0540149505666747,0.1252816584046868,0.9472241261137764,0.1250562303193882,0.097962920576791,0.952054794520548,0.8997395833333334,0.9266666666666666,0.9596412556053812,0.0670525808007718,1.0,0.0670525808007718,0.0516160154365653,0.131981981981982,0.9472361809045228,0.1339928057553956,0.1024937085335163,1.0,0.8997613365155132,0.9900332225913622,1.0,0.0706534844465879,1.0,0.0718591753074511,0.0540149505666747,2.185065746307373,0.25,32.34906315803528,4.249622821807861
6jz9z,0.1723594324750394,0.9573355353702176,0.2342885872297637,0.3679023932426091,1.0,0.9181626187961984,0.932,1.0,0.0943070730304772,1.0,0.1339850488786659,0.2254169062679701,0.1578116780641767,0.9573120352519968,0.2174131857070961,0.353217472992015,0.9202453987730062,0.9181193872160592,0.8674698795180723,0.9616368286445012,0.0863060989643268,1.0,0.1242807825086306,0.2163406214039125,0.1723594324750394,0.9573355353702176,0.2272498743086978,0.3679023932426091,1.0,0.9181626187961984,0.904,1.0,0.0943070730304772,1.0,0.1299597469810235,0.2254169062679701,1.3665306568145752,0.06,23.442326307296756,9.778541564941406
6jzgc,0.2852737085582112,0.9682194166303876,0.293353705118411,0.4226950354609929,1.0,0.938396624472574,0.9746192893401016,1.0,0.1663669064748201,1.0,0.1726618705035971,0.2679856115107913,0.277992277992278,0.9681917211328976,0.269319051262433,0.4161931818181817,0.9782608695652174,0.9383445945945946,0.8979591836734694,0.9865319865319864,0.162016201620162,1.0,0.1584158415841584,0.2637263726372637,0.2852737085582112,0.9682194166303876,0.2765469824293353,0.4226950354609929,1.0,0.938396624472574,0.9187817258883249,1.0,0.1663669064748201,1.0,0.1627697841726618,0.2679856115107913,1.3895397186279297,0.05,17.187568187713623,7.448286533355713
6k078,0.110825344867898,0.964545780112212,0.0902433262461611,0.1648875766522825,1.0,0.9315194835139498,0.9896373056994818,1.0,0.0586633663366336,1.0,0.0472772277227722,0.0898514851485148,0.1057309941520467,0.964537313432836,0.0822500590876861,0.1599636446262213,0.9576271186440678,0.9315036900369004,0.90625,0.9723756906077348,0.0559544441693488,1.0,0.0430799702896756,0.0871502847239415,0.110825344867898,0.964545780112212,0.0888258918025041,0.1630706336588689,1.0,0.9315194835139498,0.9740932642487048,0.9889807162534436,0.0586633663366336,1.0,0.0465346534653465,0.0888613861386138,1.6823039054870603,0.21,20.18475604057312,7.204919338226318
6k1er,0.2369555522521183,0.9607128392061564,0.0999840281105254,0.0880219248750604,1.0,0.9243959469992206,0.945619335347432,1.0,0.1344013490725126,1.0,0.0527824620573355,0.0460370994940978,0.2352416356877323,0.960706473304707,0.0674229110081482,0.0838574423480083,0.993718592964824,0.924384159650764,0.6393939393939394,0.9558823529411764,0.1334120425029516,1.0,0.035587788834542,0.0438522516444594,0.2369555522521183,0.9607128392061564,0.0731512537933237,0.0880219248750604,1.0,0.9243959469992206,0.6918429003021148,1.0,0.1344013490725126,1.0,0.0386172006745362,0.0460370994940978,4.548340797424316,0.32,33.300368547439575,3.761630535125733
6k27g,0.3762620044324057,0.9610843900306076,0.103299856527977,0.2259887005649717,1.0,0.9250841750841752,0.9574468085106383,1.0,0.2317258113436457,1.0,0.0545950864422202,0.1273885350318471,0.3729982754372998,0.9610730427175974,0.0935974734424346,0.2196500672947509,0.9921363040629096,0.9250631490317148,0.8716577540106952,0.973747016706444,0.2296723300970873,1.0,0.0494538834951456,0.1237864077669902,0.3762620044324057,0.9610843900306076,0.0797704447632711,0.2259887005649717,1.0,0.9250841750841752,0.7393617021276596,1.0,0.2317258113436457,1.0,0.0421595389748256,0.1273885350318471,4.493641376495361,0.14,21.5155827999115,16.548452138900757
6k2wl,0.095592799503414,0.9608518634512996,0.2015142690739662,0.4481537683358624,1.0,0.924653405666064,0.9453551912568308,1.0,0.0501955671447196,1.0,0.1127770534550195,0.2887874837027379,0.0907395898073337,0.9608273268567848,0.1830903790087463,0.440506329113924,0.9605263157894736,0.9246079613992764,0.8626373626373627,0.9841628959276018,0.0476190476190476,1.0,0.1024135681669928,0.2837573385518591,0.095592799503414,0.9608518634512996,0.1852067559697146,0.4481537683358624,1.0,0.924653405666064,0.8688524590163934,1.0,0.0501955671447196,1.0,0.1036505867014341,0.2887874837027379,0.9740161895751952,0.06,17.355026960372925,6.87180495262146
6k33f,0.1538461538461538,0.967609676096761,0.0920840064620355,0.2184197282335178,1.0,0.937251787132645,0.9827586206896552,1.0,0.0833333333333333,1.0,0.0483050847457627,0.1225988700564971,0.1445343073310722,0.9676008202323992,0.0872844827586206,0.2124874118831822,0.9421768707482994,0.9372351694915254,0.9364161849710982,0.97459584295612,0.0782706979372704,1.0,0.0457756428369595,0.1192427239333144,0.1538461538461538,0.967609676096761,0.0910070005385029,0.2184197282335178,1.0,0.937251787132645,0.971264367816092,1.0,0.0833333333333333,1.0,0.0477401129943502,0.1225988700564971,2.1345293521881104,0.14,17.49262309074402,7.725523471832275
6k48y,0.1801209571391006,0.9610497812955634,0.0826880530973451,0.0920744314266023,1.0,0.9250200481154772,0.9614147909967846,1.0,0.09897413668545,1.0,0.043201849443722,0.0482589221210807,0.16964755391899,0.9610443719186168,0.0738589211618257,0.0893423411002343,0.9429824561403508,0.925010025397674,0.8612903225806452,0.972972972972973,0.0932080924855491,1.0,0.0385838150289017,0.0468208092485549,0.1790691559295293,0.9610497812955634,0.0766039823008849,0.0920744314266023,0.994160583941606,0.9250200481154772,0.8906752411575563,1.0,0.0983961855223233,1.0,0.040023118046525,0.0482589221210807,4.673041105270386,0.43,29.81535816192627,7.1601643562316895
6k5p4,0.5253634894991922,0.9696197153176122,0.2167641325536062,0.3189686924493554,1.0,0.9410309278350516,0.9823321554770318,1.0,0.3562664329535495,1.0,0.1218229623137598,0.1897458369851007,0.5244099579696088,0.9696068012752392,0.2083495903238392,0.3162550681901953,0.998768472906404,0.941006600660066,0.946808510638298,0.9930555555555556,0.3555458132398071,1.0,0.1170539237176677,0.188075405523893,0.5253634894991922,0.9696197153176122,0.2144249512670565,0.3189686924493554,1.0,0.9410309278350516,0.9717314487632508,1.0,0.3562664329535495,1.0,0.1205083260297984,0.1897458369851007,4.39897084236145,0.08,25.51449680328369,6.486343383789063
6k5q1,0.4,0.958852867830424,0.0714285714285714,0.1755634638196916,1.0,0.9209580838323354,0.9827586206896552,1.0,0.25,1.0,0.0370611183355006,0.0962288686605981,0.3939630497007546,0.9588400374181478,0.0652037617554859,0.172700296735905,0.9856770833333334,0.9209344115004492,0.9043478260869564,0.9864406779661016,0.2461788617886179,1.0,0.0338211382113821,0.0946341463414634,0.4,0.958852867830424,0.0682957393483709,0.1755634638196916,1.0,0.9209580838323354,0.9396551724137931,1.0,0.25,1.0,0.0354356306892067,0.0962288686605981,4.518972635269165,0.15,13.304603099822998,7.829417943954468
6k5uo,0.0397262112468125,0.9632267595230556,0.0117611826522555,N/A,0.9986504723346828,0.929062134242532,0.9953917050691244,N/A,0.0202661992660349,1.0,0.005915539245221,N/A,0.039674657074598,0.963225789432031,0.0112172942361621,N/A,0.9986486486486488,0.9290603292537084,0.9537037037037036,N/A,0.0202393668008654,1.0,0.005641826198888,N/A,0.0397262112468125,0.9632267595230556,0.0115978328931964,N/A,0.9986504723346828,0.929062134242532,0.9815668202764976,N/A,0.0202661992660349,1.0,0.0058333789779262,N/A,5.076939344406128,6.11,23.331609964370728,N/A
6k67i,0.1423707830393067,0.9593989769820972,0.2872613280136791,0.1423707830393067,1.0,0.9219662058371736,0.9921259842519684,1.0,0.076641119626791,1.0,0.1679440186604465,0.076641119626791,0.1418395788169712,0.9593859929645028,0.2765896777872825,0.1418395788169712,1.0,0.9219422249539028,0.9566074950690336,1.0,0.0763333333333333,1.0,0.1616666666666666,0.0763333333333333,0.1423707830393067,0.9593989769820972,0.2735822171558849,0.1423707830393067,1.0,0.9219662058371736,0.9448818897637796,1.0,0.076641119626791,1.0,0.1599466844385205,0.076641119626791,1.5353150367736816,0.15,47.867499351501465,3.8069162368774414
6k6y1,0.1331143573342553,0.9621775738406024,0.0604484304932735,0.0688483547925608,1.0,0.9271119505494504,0.96011396011396,1.0,0.07130289841652,1.0,0.0312065932030743,0.03565144920826,0.1326186565228667,0.9621742036088216,0.0557947613921779,0.0683240922911822,0.9973992197659298,0.9271056924529922,0.8885714285714286,0.9947916666666666,0.0710316725319503,1.0,0.0288016299314687,0.0353769216521578,0.1331143573342553,0.9621775738406024,0.0597309417040358,0.0688483547925608,1.0,0.9271119505494504,0.9487179487179488,1.0,0.07130289841652,1.0,0.0308361885359755,0.03565144920826,4.733023166656494,0.83,35.20772767066956,7.4834325313568115
6k70v,0.032484076433121,0.959763865154575,0.1097226455348979,0.181336473358846,1.0,0.9226403823178017,0.9375,1.0,0.0165101974749109,1.0,0.0582712852055681,0.0997086435739721,0.0305927342256214,0.9597513597513596,0.0969807868252516,0.1737849779086892,0.96,0.9226172691962952,0.8324607329842932,0.9609120521172638,0.0155440414507772,1.0,0.0514896373056994,0.0955310880829015,0.032484076433121,0.959763865154575,0.1066747942700396,0.1571975272299087,1.0,0.9226403823178017,0.9114583333333334,0.8668831168831169,0.0165101974749109,1.0,0.0566526383943023,0.0864357397215927,0.8029453754425049,0.14,19.963701725006104,6.38327693939209
6k8e6,0.4039315155358275,0.9577625570776256,0.1458026509572901,0.1533382245047689,1.0,0.91894852135816,0.9949748743718592,1.0,0.2530790623758442,1.0,0.0786650774731823,0.0830353595550258,0.3991116751269035,0.9577464788732396,0.1319086219602063,0.1505139500734214,0.9889937106918238,0.918918918918919,0.904040404040404,0.9855769230769232,0.25,1.0,0.0711446740858505,0.0814785373608903,0.4039315155358275,0.9577625570776256,0.1281296023564065,0.1533382245047689,1.0,0.91894852135816,0.8743718592964824,1.0,0.2530790623758442,1.0,0.069129916567342,0.0830353595550258,4.793166637420654,0.11,20.42934894561768,27.927465438842773
6k8mv,0.4888373441577268,0.9533565026522772,0.1540091840339102,0.2162902121834359,1.0,0.9108703250611674,0.9688888888888888,1.0,0.3234842670759785,1.0,0.0836531082118188,0.1212586339217191,0.4856396866840731,0.9533394327538884,0.1272534464475079,0.2089041095890411,0.994061757719715,0.9108391608391608,0.8035714285714286,0.9682539682539684,0.3213051823416507,1.0,0.0690978886756238,0.1170825335892514,0.4888373441577268,0.9533565026522772,0.1306958671847403,0.2162902121834359,1.0,0.9108703250611674,0.8222222222222222,1.0,0.3234842670759785,1.0,0.0709900230237912,0.1212586339217191,4.853602170944214,0.12,21.51755690574646,7.760088205337524
6k8u1,0.0496886435128715,0.9614228298363872,0.0530565167243368,0.052064631956912,1.0,0.9257114997867024,0.9951923076923076,1.0,0.0254772876892692,1.0,0.0272547728768926,0.0267281105990783,0.04776886035313,0.96142038801152,0.0511407331453473,0.0507887649095806,0.9637305699481864,0.9257069722086788,0.9614457831325302,0.9777777777777776,0.0244914082559747,1.0,0.0262690104681019,0.0260714991111988,0.0496886435128715,0.9614228298363872,0.0530565167243368,0.052064631956912,1.0,0.9257114997867024,0.9951923076923076,1.0,0.0254772876892692,1.0,0.0272547728768926,0.0267281105990783,2.876905918121338,1.39,42.32740020751953,23.615554809570312
6k9hh,0.4507042253521126,0.960698689956332,0.2341818181818181,0.3659689399054693,1.0,0.9243697478991596,0.9757575757575756,1.0,0.2909090909090909,1.0,0.1330578512396694,0.2239669421487603,0.4435897435897435,0.9606674612634089,0.2272396212672979,0.3597025016903313,0.9857549857549858,0.9243119266055044,0.951219512195122,0.9851851851851852,0.2861869313482216,1.0,0.1290322580645161,0.2200165425971877,0.4494238156209987,0.960698689956332,0.2269090909090909,0.3659689399054693,0.9971590909090908,0.9243697478991596,0.9454545454545454,1.0,0.2900826446280992,1.0,0.1289256198347107,0.2239669421487603,2.6515467166900635,0.04,14.832773208618164,8.604294776916504
6k9v5,0.2389140271493212,0.9552483023807576,0.1227900996464159,0.1005368472425573,1.0,0.9143304620203602,0.9947916666666666,1.0,0.1356628982528263,1.0,0.0654333675916409,0.052929085303186,0.2338563669281834,0.9552409786433188,0.1167202572347266,0.0986167615947925,0.9797724399494312,0.9143170426065164,0.9477806788511748,0.9837662337662336,0.1327736851122151,1.0,0.0621894808977214,0.0519102278567757,0.2334841628959276,0.9552483023807576,0.1224686595949855,0.0878477306002928,0.9772727272727272,0.9143304620203602,0.9921875,0.8737864077669902,0.132579650565262,1.0,0.0652620760534429,0.0462487153134635,4.606901168823242,0.35,39.80343008041382,7.720815896987915
6kasl,0.1437820079234708,0.9645995480793372,0.0638790931989924,0.0544865302815475,1.0,0.9316197866149368,0.990625,1.0,0.0774596564289432,1.0,0.0330036439354502,0.0280062467464862,0.1436165072001546,0.9645959925676694,0.0612717928045953,0.0530794165316045,1.0,0.931613153555146,0.9529780564263324,0.9776119402985076,0.0773635985006247,1.0,0.0316534777176176,0.027280299875052,0.1437820079234708,0.9645995480793372,0.0636775818639798,0.0544865302815475,1.0,0.9316197866149368,0.9875,1.0,0.0774596564289432,1.0,0.0328995314940135,0.0280062467464862,4.567644834518433,0.67,31.94114398956299,6.109835624694824
6kcwp,0.2691389755828896,0.9675697865353036,0.128520428401428,0.1125125125125125,1.0,0.9371769383697812,0.9878048780487804,1.0,0.1554942723801442,1.0,0.068731438268986,0.0596096733135341,0.2640955004591369,0.9675631287210018,0.1234126984126984,0.1093530943320648,0.98224043715847,0.9371644462119706,0.9510703363914372,0.975,0.1525567579036707,1.0,0.0659876936134097,0.0579248886059834,0.2673031026252983,0.9675697865353036,0.1281237604125347,0.1117117117117117,0.9931787175989086,0.9371769383697812,0.9847560975609756,0.99288256227758,0.154433602036487,1.0,0.0685193042002545,0.0591854051760712,4.156115770339966,0.23,33.72791838645935,10.25148868560791
6kdnl,0.5737704918032787,0.969982847341338,0.5785536159600998,0.5234986945169712,1.0,0.9417152373022482,0.9809725158562368,1.0,0.4022988505747126,1.0,0.4102564102564102,0.3545534924845269,0.5681818181818182,0.9699570815450644,0.5580524344569289,0.5176470588235295,0.9911894273127754,0.9416666666666668,0.9470338983050848,0.99,0.3982300884955752,1.0,0.395575221238938,0.3504424778761062,0.5737704918032787,0.969982847341338,0.5610972568578553,0.5234986945169712,1.0,0.9417152373022482,0.9513742071881608,1.0,0.4022988505747126,1.0,0.3978779840848806,0.3545534924845269,2.733436346054077,0.05,40.55502796173096,9.77789068222046
6kdxz,0.1349483920498166,0.9593260497564828,N/A,0.0376952073236402,1.0,0.9218315203642804,N/A,1.0,0.0723563849249908,1.0,N/A,0.0192096597145993,0.1332650797713505,0.9593224801439292,N/A,0.0366247755834829,0.9886075949367088,0.9218249283184348,N/A,0.9760765550239234,0.0714481749153782,1.0,N/A,0.0186625194401244,0.1349483920498166,0.9593260497564828,N/A,0.0376952073236402,1.0,0.9218315203642804,N/A,1.0,0.0723563849249908,1.0,N/A,0.0192096597145993,4.898820638656616,0.84,N/A,7.459351301193237
6kexm,0.3020963984948934,0.9603729603729604,0.0840913685061653,0.1078274760383386,1.0,0.9237668161434978,0.9952153110047848,1.0,0.1779231743351625,1.0,0.0439003799071338,0.0569860700717602,0.2986198243412798,0.960364926507856,0.0788675429726997,0.1054734318817419,0.9893111638954868,0.9237519500780031,0.9375,0.9814126394052044,0.1758496938990922,1.0,0.0411652944901836,0.0557314756174794,0.3020963984948934,0.9603729603729604,0.0671113806347281,0.1078274760383386,1.0,0.9237668161434978,0.7942583732057417,1.0,0.1779231743351625,1.0,0.0350358801181933,0.0569860700717602,4.4956231117248535,0.28,23.008378982543945,16.135231018066406
6kfea,0.2027637866460028,0.9592610463913972,0.0609688195991091,0.1120736329182458,1.0,0.921711484964896,0.9690265486725664,0.9627906976744186,0.112819775797643,1.0,0.0314745616556481,0.0594998562805403,0.1991990698876114,0.9592554291623578,0.0568086883876357,0.0834010289737341,0.9834183673469388,0.9217011128775836,0.9066666666666666,0.717948717948718,0.1108236308753773,1.0,0.0293229840448469,0.0442719563030041,0.1965646390288002,0.9592610463913972,0.0601336302895322,0.0933946940985381,0.9694267515923568,0.921711484964896,0.9557522123893806,0.8023255813953488,0.109370508766887,1.0,0.0310434032768036,0.0495832135671169,4.306785821914673,0.49,24.131090879440308,25.702315092086792
6kfv5,0.2217074784910654,0.9731981166244114,0.1637107776261937,0.2275725593667546,1.0,0.9477954144620812,0.979591836734694,1.0,0.1246743580200967,1.0,0.0893189430591738,0.1283959806475623,0.2139072847682119,0.9731884057971014,0.1569965870307167,0.2204620462046204,0.9670658682634732,0.9477769936485532,0.9426229508196722,0.9709302325581396,0.120253164556962,1.0,0.0856291883842144,0.1243484735666418,0.2217074784910654,0.9731981166244114,0.1350613915416098,0.2275725593667546,1.0,0.9477954144620812,0.8081632653061225,1.0,0.1246743580200967,1.0,0.0736881280238183,0.1283959806475623,2.396962881088257,0.09,24.905269861221317,8.48535966873169
6khxp,0.0948170554359839,0.9597936935880904,0.0300661455201443,0.0319673116211993,1.0,0.9226955149876044,0.984251968503937,1.0,0.0497679531021006,1.0,0.0152662432828529,0.0162432828529555,0.0945953807667694,0.9597913369673524,0.0286264132788068,0.0311298076923076,0.9987714987714988,0.9226911590691383,0.9407114624505928,0.9773584905660376,0.049648854961832,1.0,0.0145343511450381,0.0158167938931297,0.0948170554359839,0.9597936935880904,0.0300661455201443,0.0319673116211993,1.0,0.9226955149876044,0.984251968503937,1.0,0.0497679531021006,1.0,0.0152662432828529,0.0162432828529555,4.743106365203857,1.5,27.02583599090576,32.86395835876465
6khxu,0.106457242582897,0.9576345984112974,0.1312741312741313,0.1072830353249019,1.0,0.9187129551227772,0.9503105590062112,1.0,0.056221198156682,1.0,0.0705069124423963,0.0566820276497695,0.1030567685589519,0.9576158940397352,0.1185057964791756,0.1021388040157136,0.975206611570248,0.9186785260482846,0.8625,0.9590163934426228,0.0544029506685108,1.0,0.0636237897648686,0.0539419087136929,0.106457242582897,0.9576345984112974,0.1295581295581295,0.1072830353249019,1.0,0.9187129551227772,0.937888198757764,1.0,0.056221198156682,1.0,0.0695852534562212,0.0566820276497695,1.1007623672485352,0.09,16.31493902206421,4.611242294311523
6kite,0.7016306743058617,0.9671700590938936,0.1900674432863274,0.3136805953062392,1.0,0.936427209154482,0.981012658227848,1.0,0.5403937542430414,1.0,0.1052274270196877,0.1860149355057705,0.6934274371415968,0.9671484888304864,0.1817065684468999,0.3048710601719198,0.9886792452830188,0.9363867684478372,0.9426751592356688,0.9743589743589745,0.5339673913043478,1.0,0.1005434782608695,0.1807065217391304,0.7016306743058617,0.9671700590938936,0.1729000613120785,0.3136805953062392,1.0,0.936427209154482,0.8924050632911392,1.0,0.5403937542430414,1.0,0.0957230142566191,0.1860149355057705,5.0420520305633545,0.05,15.45378279685974,7.653737783432007
6kk57,0.1996996996996997,0.9588164734106358,0.3595206391478029,0.3242487770789658,1.0,0.9208909370199692,0.8910891089108911,1.0,0.1109257714762301,1.0,0.2251876563803169,0.1934945788156797,0.1924812030075188,0.9587835134053622,0.3013333333333333,0.3163051084674597,0.9696969696969696,0.9208301306687164,0.7483443708609272,0.9783549783549784,0.1068447412353923,1.0,0.1886477462437395,0.1886477462437395,0.1996996996996997,0.9588164734106358,0.307589880159787,0.3242487770789658,1.0,0.9208909370199692,0.7623762376237624,1.0,0.1109257714762301,1.0,0.1926605504587156,0.1934945788156797,1.1615538597106934,0.05,26.79695463180542,4.782357454299927
6kk5e,0.0696303132851356,0.9598449889095684,0.0370852648575446,0.037224336583077,1.0,0.922790332859454,0.9493333333333334,1.0,0.0360709732256693,1.0,0.01891202719932,0.0189651508712282,0.0692272191169683,0.9598429412814564,0.0287544928895139,0.0366025340215861,0.995575221238938,0.922786547700755,0.7379679144385026,0.9859550561797752,0.0358603835732879,1.0,0.014662912394411,0.0186473994581097,0.0696303132851356,0.9598449889095684,0.0281264649200479,0.037224336583077,1.0,0.922790332859454,0.72,1.0,0.0360709732256693,1.0,0.0143433914152146,0.0189651508712282,4.568936109542847,2.04,41.08787345886231,25.062612533569336
6kkpw,0.2305844675740592,0.9573316006064544,0.3513211760327502,0.3333333333333333,1.0,0.9181553801412546,0.989517819706499,1.0,0.1303167420814479,1.0,0.2135746606334841,0.2,0.2179487179487179,0.9573131094257856,0.3411545623836126,0.3260377358490566,0.9477351916376306,0.9181213632585205,0.96218487394958,0.979591836734694,0.1231326392032594,1.0,0.2073336351290176,0.1955636034404708,0.2305844675740592,0.9573316006064544,0.3483438779307778,0.3333333333333333,1.0,0.9181553801412546,0.981132075471698,1.0,0.1303167420814479,1.0,0.2117647058823529,0.2,1.9818615913391116,0.08,41.28212308883667,9.520276308059692
6klyw,0.1786703601108033,0.9572919194370298,0.0637411130178965,0.1019966321866731,1.0,0.9180823830579474,0.9701492537313432,1.0,0.0980988593155893,1.0,0.0329531051964512,0.0537389100126742,0.1690140845070422,0.9572867370464748,0.0559097596861206,0.0991337824831569,0.9469598965071152,0.9180728499941812,0.8539325842696629,0.9739952718676124,0.0927874255292179,1.0,0.0289010013943465,0.0522246165546964,0.1786703601108033,0.9572919194370298,0.0581024760970826,0.1019966321866731,1.0,0.9180823830579474,0.8843283582089553,1.0,0.0980988593155893,1.0,0.0300380228136882,0.0537389100126742,4.579986095428467,0.48,27.112438917160038,14.920630693435667
6kmdm,0.2363387978142076,0.9527675276752768,0.2962475312705727,N/A,1.0,0.9097956307258632,0.986842105263158,N/A,0.1340046475600309,1.0,0.17428350116189,N/A,0.2270861833105335,0.9527326440177252,0.2742254449571522,N/A,0.9651162790697676,0.9097320169252467,0.9162995594713657,N/A,0.1286821705426356,1.0,0.1612403100775193,N/A,0.2363387978142076,0.9527675276752768,0.2896642527978933,N/A,1.0,0.9097956307258632,0.9649122807017544,N/A,0.1340046475600309,1.0,0.1704105344694035,N/A,1.3542141914367676,0.06,19.1262788772583,N/A
6kmpi,0.1803111161576019,0.9620025211597336,0.0781399808245445,0.0651937703730532,1.0,0.9267869535045108,0.9848942598187312,1.0,0.0990889804068388,1.0,0.0406838886808935,0.0336952452265069,0.1783077796706416,0.9619979588161132,0.07504195636538,0.0632773819587006,0.9899117276166456,0.9267784846732215,0.9484848484848484,0.9739776951672864,0.0979780329505741,1.0,0.0390664003994008,0.0327009485771343,0.1803111161576019,0.9620025211597336,0.0781399808245445,0.0651937703730532,1.0,0.9267869535045108,0.9848942598187312,1.0,0.0990889804068388,1.0,0.0406838886808935,0.0336952452265069,4.859122037887573,0.47,31.524582862854004,14.598124027252195
6knd2,0.5089171974522293,0.9627801768455686,0.1424699961285327,0.2555886736214605,1.0,0.9282315622521808,0.7603305785123967,1.0,0.3413071337035455,1.0,0.0785988893635198,0.1465185818026484,0.508604206500956,0.9627648631968732,0.0410693529639674,0.2498135719612229,1.0,0.9282030940103134,0.2199170124481327,0.97953216374269,0.341025641025641,1.0,0.0226495726495726,0.1431623931623931,0.5089171974522293,0.9627801768455686,0.0720092915214866,0.2451564828614009,1.0,0.9282315622521808,0.384297520661157,0.9591836734693876,0.3413071337035455,1.0,0.0397266125587355,0.1405382315249893,4.471542835235596,0.11,22.75434422492981,5.1210877895355225
6knmk,0.1947643979057591,0.9588431590656286,0.3628612032212222,0.2664655605832076,1.0,0.9209401709401708,0.9896640826873384,1.0,0.1078886310904872,1.0,0.2221577726218097,0.1537122969837587,0.1897274633123689,0.9588202559821926,0.3499288762446657,0.2596879718168092,0.9783783783783784,0.92089791555318,0.955958549222798,0.9772727272727272,0.1050493325594892,1.0,0.2141613464886825,0.1497388276262333,0.1947643979057591,0.9588431590656286,0.3098057792515395,0.2664655605832076,1.0,0.9209401709401708,0.8449612403100775,1.0,0.1078886310904872,1.0,0.1896751740139211,0.1537122969837587,1.3679602146148682,0.06,32.876248836517334,3.320064067840576
6knq3,0.1297526762643041,0.9582642474773794,0.0452130228963385,0.0637503589547238,0.9736842105263158,0.9198726693951796,0.9873417721518988,1.0,0.0695076132094126,1.0,0.0231362467866323,0.0329246588886691,0.1102086025475355,0.95826029279386,0.0429026959126485,0.0624222115844901,0.8280166435506241,0.9198653811169728,0.940677966101695,0.9819277108433736,0.0590329279145654,1.0,0.0219519430436072,0.0322357361811529,0.1064968623108157,0.9582642474773794,0.0450198048497729,0.0637503589547238,0.7991689750692521,0.9198726693951796,0.9831223628691984,1.0,0.0570496341704567,1.0,0.0230373739371168,0.0329246588886691,4.963540315628052,0.76,25.85134339332581,52.18785452842712
6kp9x,0.1569688768606224,0.9666430092264016,0.2151238591916557,0.3195558297347316,1.0,0.9354395604395604,0.9593023255813954,1.0,0.0851688693098384,1.0,0.1211453744493392,0.1901615271659324,0.1463414634146341,0.9666193181818182,0.1971279373368146,0.3113032736256948,0.9391304347826088,0.9353951890034364,0.8830409356725146,0.9767441860465116,0.0793534166054371,1.0,0.1109478324761205,0.1851579720793534,0.1569688768606224,0.9666430092264016,0.2059973924380704,0.3195558297347316,1.0,0.9354395604395604,0.9186046511627908,1.0,0.0851688693098384,1.0,0.1160058737151248,0.1901615271659324,1.1764345169067385,0.04,14.605360269546509,4.472966909408569
6kpoq,0.2853628536285362,0.962232521447589,0.1147036181678214,0.1202080523983818,1.0,0.927213987077157,0.94006309148265,1.0,0.1664275466284074,1.0,0.0610780897724943,0.0639475302316048,0.2815960625769028,0.9622250715060656,0.1024258760107816,0.1171709385238003,0.9876695437731196,0.9272001520623456,0.8417721518987342,0.977491961414791,0.1642066420664206,1.0,0.054530545305453,0.062320623206232,0.2853628536285362,0.962232521447589,0.1108545034642032,0.1202080523983818,1.0,0.927213987077157,0.9085173501577288,1.0,0.1664275466284074,1.0,0.0590284894445583,0.0639475302316048,4.455302476882935,0.27,31.781869411468502,5.9245805740356445
6kpvm,0.0709939148073022,0.9632818435046848,0.3202815662120545,0.3764404609475032,1.0,0.9291646311675624,0.981132075471698,1.0,0.0368033648790746,1.0,0.1913774973711882,0.2318611987381703,0.0700507614213198,0.963263237902204,0.304711580801409,0.3699273814609141,1.0,0.929130009775171,0.9351351351351352,0.9840909090909092,0.0362966859547606,1.0,0.1820094687006838,0.2277748553392951,0.0709939148073022,0.9632818435046848,0.3106027276726793,0.3764404609475032,1.0,0.9291646311675624,0.9514824797843666,1.0,0.0368033648790746,1.0,0.1855941114616193,0.2318611987381703,0.7822399139404297,0.07,31.61631941795349,8.818229913711548
6kqfk,0.320242914979757,0.9642110155705322,0.0816797415782187,0.1365371659555356,1.0,0.9308952210006732,0.9567567567567568,1.0,0.1906483489997589,1.0,0.0426608821402747,0.0732706676307544,0.3122721749696233,0.9642026964202696,0.0706371191135734,0.1334531565940238,0.9759493670886076,0.9308797127468582,0.8315217391304348,0.9801980198019802,0.1858727097396335,1.0,0.0368852459016393,0.0716007714561234,0.320242914979757,0.9642110155705322,0.0756806645131518,0.1365371659555356,1.0,0.9308952210006732,0.8864864864864865,1.0,0.1906483489997589,1.0,0.039527597011328,0.0732706676307544,4.147857904434204,0.22,22.248833417892456,3.335714817047119
6kqfv,0.1964263401224541,0.9627159341025812,0.1309693283292351,0.1127092050209205,1.0,0.9281121399176956,0.992156862745098,1.0,0.1089095191907995,1.0,0.0701122350006928,0.0597201053069142,0.1942257217847769,0.9627109599092788,0.1266019417475728,0.1101229400993983,0.9898089171974522,0.9281028938906752,0.9607072691552064,0.9790697674418604,0.1076773835920177,1.0,0.0677660753880266,0.0583425720620842,0.1964263401224541,0.9627159341025812,0.1307104956645528,0.1127092050209205,1.0,0.9281121399176956,0.9901960784313726,1.0,0.1089095191907995,1.0,0.0699736732714424,0.0597201053069142,4.643775701522827,0.43,46.66702461242676,11.827689170837402
6kt07,0.1201117318435754,0.9580071174377224,0.140431390546122,0.2320490367775832,1.0,0.9193989071038252,0.95625,1.0,0.0638930163447251,1.0,0.075780089153046,0.1312530955918771,0.1118359739049394,0.9579871825302636,0.1194304088194763,0.2252410166520596,0.9375,0.9193621867881548,0.8176100628930818,0.9734848484848484,0.0594648166501486,1.0,0.064420218037661,0.1273538156590684,0.1145251396648044,0.9580071174377224,0.1184029371271225,0.2162872154115586,0.9534883720930232,0.9193989071038252,0.80625,0.9320754716981132,0.0609212481426448,1.0,0.0638930163447251,0.1223377909856364,1.227921485900879,0.1,15.716212511062622,7.521102666854858
6ktgw,0.1446684301742223,0.9635243960208432,0.0050995390801216,0.078957310162448,1.0,0.9296160877513712,0.9629629629629628,1.0,0.0779744346116027,1.0,0.0025565388397246,0.0411012782694198,0.1439649667001186,0.9635209399279894,0.0007846983815595,0.0763272246363121,0.9962121212121212,0.9296096535332298,0.1538461538461538,0.9688249400479616,0.0775887501229226,1.0,0.0003933523453633,0.0397285868816992,0.1446684301742223,0.9635243960208432,0.0041188584877905,0.078957310162448,1.0,0.9296160877513712,0.7777777777777778,1.0,0.0779744346116027,1.0,0.0020648967551622,0.0411012782694198,4.491113901138306,0.72,5.754249811172485,13.304449081420898
6kusz,0.2301552749963721,0.9635774670143004,0.0949258391881342,0.131453960471886,1.0,0.929714895563348,0.990228013029316,1.0,0.130042636930141,1.0,0.0498524106264349,0.0703509347326992,0.2186093772681085,0.9635717107862504,0.0896454786818678,0.127816091954023,0.9507575757575758,0.9297041781030804,0.937908496732026,0.9742990654205608,0.1235033623093324,1.0,0.0470723306544202,0.0683942922748892,0.2301552749963721,0.9635774670143004,0.0927400468384074,0.131453960471886,1.0,0.929714895563348,0.96742671009772,1.0,0.130042636930141,1.0,0.048704493276484,0.0703509347326992,4.896492958068848,0.33,30.74066710472107,42.6851761341095
6kv0b,0.1528013582342954,0.9569041336851364,0.1968569065343259,0.419753086419753,1.0,0.9173693086003372,0.9834710743801652,1.0,0.0827205882352941,1.0,0.109375,0.265625,0.1445578231292517,0.9568661971830986,0.1855840927920464,0.4058181818181818,0.9550561797752808,0.9172995780590716,0.9333333333333332,0.96875,0.078196872125115,1.0,0.1030358785648574,0.2566697332106715,0.1528013582342954,0.9569041336851364,0.1918941273779983,0.419753086419753,1.0,0.9173693086003372,0.9586776859504132,1.0,0.0827205882352941,1.0,0.1066176470588235,0.265625,0.9091408252716064,0.04,10.625301837921144,5.423447608947754
6kvku,0.3743396226415095,0.969833408374606,0.340752110514198,0.4032616753150481,1.0,0.9414335664335663,0.9823008849557522,1.0,0.2302692664809656,1.0,0.2061281337047353,0.2525533890436397,0.3718820861678004,0.9698062190175756,0.3136049192928516,0.3949517446176688,0.9959514170040484,0.9413823272090988,0.9066666666666666,0.981549815498155,0.2286245353159851,1.0,0.1895910780669145,0.2472118959107806,0.3743396226415095,0.969833408374606,0.3254029163468917,0.4032616753150481,1.0,0.9414335664335663,0.9380530973451328,1.0,0.2302692664809656,1.0,0.1968430826369545,0.2525533890436397,1.5724313259124756,0.06,20.15925621986389,5.878808259963989
8wuma,0.0792492179353493,0.9753772835583796,0.1856581532416503,0.1653386454183266,1.0,0.951937984496124,0.9742268041237112,1.0,0.0412595005428881,1.0,0.1026058631921824,0.0901194353963083,0.0741127348643006,0.975364238410596,0.1701081612586037,0.1585244267198405,0.9466666666666668,0.9519131334022752,0.8963730569948186,0.9636363636363636,0.0385659967409016,1.0,0.0939706681151548,0.0863661053775122,0.0792492179353493,0.9753772835583796,0.1787819253438113,0.1653386454183266,1.0,0.951937984496124,0.9381443298969072,1.0,0.0412595005428881,1.0,0.0988056460369164,0.0901194353963083,0.994253635406494,0.07,18.25337171554565,3.1552765369415283
8yyfu,0.4257791864764924,0.9834983498349836,0.1877649909145972,0.4249471458773783,1.0,0.9675324675324676,0.9627329192546584,1.0,0.2704697986577181,1.0,0.1040268456375839,0.2697986577181208,0.4188260179799048,0.9834874504623512,0.1212856276531231,0.4137566137566137,0.9850746268656716,0.967511371020143,0.625,0.9750623441396508,0.2659503022162525,1.0,0.0671591672263264,0.2625923438549362,0.4257791864764924,0.9834983498349836,0.1574803149606299,0.4249471458773783,1.0,0.9675324675324676,0.8074534161490683,1.0,0.2704697986577181,1.0,0.087248322147651,0.2697986577181208,2.5118680000305176,0.03,16.365281581878662,4.978987693786621
8zfdu,0.3021304067140091,0.9758812615955472,0.1770401106500691,0.3755404570722668,1.0,0.9528985507246376,0.9770992366412212,1.0,0.1779467680608365,1.0,0.097338403041825,0.2311787072243346,0.2921784098254686,0.9758633494244338,0.1662049861495844,0.3685837971552257,0.9699570815450644,0.95286439448876,0.9230769230769232,0.9834983498349836,0.1719939117199391,1.0,0.091324200913242,0.2267884322678843,0.3021304067140091,0.9758812615955472,0.1687413554633471,0.3755404570722668,1.0,0.9528985507246376,0.931297709923664,1.0,0.1779467680608365,1.0,0.0927756653992395,0.2311787072243346,1.6773321628570557,0.04,11.792399644851685,4.407736301422119
a5t1e,0.1709090909090909,0.980506822612086,0.1705989110707803,0.4149159663865546,1.0,0.9617590822179732,0.9791666666666666,1.0,0.0934393638170974,1.0,0.0934393638170974,0.2617627567925779,0.1638349514563107,0.9804941482444732,0.1586917019987886,0.4121976866456361,0.9642857142857144,0.9617346938775512,0.916083916083916,0.9949238578680204,0.0895225464190981,1.0,0.0868700265251989,0.259946949602122,0.1709090909090909,0.980506822612086,0.1633393829401089,0.4149159663865546,1.0,0.9617590822179732,0.9375,1.0,0.0934393638170974,1.0,0.0894632206759443,0.2617627567925779,1.2312195301055908,0.05,13.731690645217896,20.67214298248291
c9gr7,0.492343934040047,0.96932979931844,0.1673758865248227,0.4852071005917159,1.0,0.940484937545922,0.9076923076923076,1.0,0.3265625,1.0,0.0921875,0.3203125,0.4787735849056604,0.969306555513452,0.1477272727272727,0.4763033175355451,0.973621103117506,0.9404411764705882,0.8062015503875969,0.982885085574572,0.3174354964816263,1.0,0.0813135261923377,0.3143080531665363,0.492343934040047,0.96932979931844,0.1602836879432624,0.4852071005917159,1.0,0.940484937545922,0.8692307692307693,1.0,0.3265625,1.0,0.08828125,0.3203125,2.762899160385132,0.04,12.215604543685911,9.374202728271484
fsjxx,0.6867211001289213,0.9594976452119308,0.3289617486338798,0.2753950338600451,1.0,0.9221484610742304,0.9966887417218544,1.0,0.5229057591623036,1.0,0.1969895287958115,0.1596858638743455,0.6838709677419355,0.9594721960414704,0.3194748358862144,0.2598870056497174,0.9962406015037594,0.9221014492753624,0.9700996677740864,0.9465020576131687,0.5206286836935167,1.0,0.1912246234446627,0.1506221349050425,0.6867211001289213,0.9594976452119308,0.3027322404371584,0.2753950338600451,1.0,0.9221484610742304,0.9172185430463576,1.0,0.5229057591623036,1.0,0.181282722513089,0.1596858638743455,4.492841005325317,0.04,25.563887357711792,4.230337858200073
fzeh5,0.237989652623799,0.9640113222806308,0.243580337490829,0.3455933379597501,1.0,0.9305230288836848,0.9707602339181286,1.0,0.1350671140939597,1.0,0.1392617449664429,0.2088926174496644,0.229459659511473,0.9639821934439498,0.2292432035268185,0.3307852675469075,0.96875,0.93046875,0.9176470588235294,0.9596774193548387,0.1301427371956339,1.0,0.1309823677581864,0.1998320738874895,0.237989652623799,0.9640113222806308,0.2333088774761555,0.3455933379597501,1.0,0.9305230288836848,0.9298245614035088,1.0,0.1350671140939597,1.0,0.1333892617449664,0.2088926174496644,1.2453234195709229,0.04,14.021551847457886,7.223635911941528
