conversation_id,rouge1_precision,rouge1_recall,rouge1_f1,rouge2_precision,rouge2_recall,rouge2_f1,rougeL_precision,rougeL_recall,rougeL_f1,summary_time_seconds
ckrjw,1.0,0.41935483870967744,0.5909090909090909,0.983739837398374,0.41156462585034015,0.580335731414868,1.0,0.41935483870967744,0.5909090909090909,51.262134075164795
cksef,1.0,0.28558052434456926,0.4442825928623452,0.9835526315789473,0.2802249297094658,0.43617797228300503,1.0,0.28558052434456926,0.4442825928623452,76.19591856002808
ckz62,1.0,0.14498933901918976,0.25325884543761634,0.9701492537313433,0.1388888888888889,0.24299065420560745,1.0,0.14498933901918976,0.25325884543761634,119.21115064620972
cl2ea,1.0,0.3037974683544304,0.46601941747572817,0.9832635983263598,0.29784537389100124,0.45719844357976647,1.0,0.3037974683544304,0.46601941747572817,90.71046948432922
cl8at,1.0,0.20577617328519857,0.3413173652694611,0.9559471365638766,0.1960252935862692,0.3253373313343328,1.0,0.20577617328519857,0.3413173652694611,152.00508451461792
clcgf,1.0,0.13246753246753246,0.23394495412844035,0.9645669291338582,0.12733887733887733,0.2249770431588613,1.0,0.13246753246753246,0.23394495412844035,133.44816374778748
clhma,1.0,0.17883211678832117,0.30340557275541796,0.9713114754098361,0.1731190650109569,0.29386236825790446,1.0,0.17883211678832117,0.30340557275541796,170.9627423286438
clicr,1.0,0.20809248554913296,0.34449760765550236,0.9859154929577465,0.2028985507246377,0.33653846153846156,1.0,0.20809248554913296,0.34449760765550236,33.876291275024414
clm0x,1.0,0.26834170854271355,0.42313787638668776,0.9849624060150376,0.2635814889336016,0.4158730158730159,1.0,0.26834170854271355,0.42313787638668776,57.8415892124176
clm8e,1.0,0.24053452115812918,0.3877917414721724,0.9813084112149533,0.234375,0.37837837837837834,1.0,0.24053452115812918,0.3877917414721724,44.73886322975159
clmej,1.0,0.09925558312655088,0.18058690744920994,0.9707112970711297,0.09598676044683492,0.1746987951807229,1.0,0.09925558312655088,0.18058690744920994,141.31922602653503
clms8,1.0,0.1286549707602339,0.22797927461139894,1.0,0.12609970674486803,0.22395833333333334,1.0,0.1286549707602339,0.22797927461139894,45.832377195358276
cltp4,1.0,0.26024590163934425,0.4130081300813008,0.9841269841269841,0.2546201232032854,0.40456769983686786,1.0,0.26024590163934425,0.4130081300813008,20.634592056274414
clxn3,1.0,0.42987249544626593,0.6012738853503186,0.9744680851063829,0.41788321167883213,0.5849297573435505,1.0,0.42987249544626593,0.6012738853503186,25.45644497871399
cly7c,1.0,0.2828507795100223,0.4409722222222222,0.9841897233201581,0.27759197324414714,0.43304347826086953,1.0,0.2828507795100223,0.4409722222222222,53.47998666763306
clzhs,1.0,0.49760765550239233,0.6645367412140575,0.9855072463768116,0.4892086330935252,0.6538461538461539,1.0,0.49760765550239233,0.6645367412140575,59.46844983100891
cm2w3,1.0,0.15508021390374332,0.26851851851851855,0.9642857142857143,0.14516129032258066,0.25233644859813087,1.0,0.15508021390374332,0.26851851851851855,24.97071599960327
cm7dp,1.0,0.6781326781326781,0.8081991215226939,0.9963636363636363,0.6748768472906403,0.8046989720998532,1.0,0.6781326781326781,0.8081991215226939,47.578527212142944
cmat3,1.0,0.18401937046004843,0.310838445807771,0.9691629955947136,0.1777059773828756,0.3003412969283277,1.0,0.18401937046004843,0.310838445807771,133.72623991966248
cmb29,1.0,0.2035685320356853,0.33827493261455527,0.976,0.19805194805194806,0.3292847503373819,1.0,0.2035685320356853,0.33827493261455527,41.00494718551636
cmbkj,1.0,0.14910025706940874,0.25950782997762867,1.0,0.14690721649484537,0.2561797752808989,1.0,0.14910025706940874,0.25950782997762867,66.84433555603027
cmgap,1.0,0.1995172968624296,0.33266264252179745,0.9676113360323887,0.19243156199677938,0.3210208193418401,1.0,0.1995172968624296,0.33266264252179745,114.96960139274597
cml25,1.0,0.11290322580645161,0.2028985507246377,0.95,0.10270270270270271,0.18536585365853658,1.0,0.11290322580645161,0.2028985507246377,72.47846364974976
cmmqc,1.0,0.20502431118314424,0.34028244788164086,0.9722222222222222,0.19870235198702352,0.3299663299663299,1.0,0.20502431118314424,0.34028244788164086,102.0751166343689
cmr65,1.0,0.7850467289719626,0.8795811518324607,0.9879518072289156,0.7735849056603774,0.8677248677248678,1.0,0.7850467289719626,0.8795811518324607,13.541499376296997
cmu5s,1.0,0.18754688672168043,0.3158559696778269,0.9759036144578314,0.18243243243243243,0.3074003795066414,1.0,0.18754688672168043,0.3158559696778269,68.46559882164001
cmur1,1.0,0.1258741258741259,0.22360248447204972,0.9428571428571428,0.11578947368421053,0.20625000000000002,1.0,0.1258741258741259,0.22360248447204972,40.881072759628296
cn0io,1.0,0.391304347826087,0.5625,0.967741935483871,0.375,0.5405405405405406,1.0,0.391304347826087,0.5625,45.26210808753967
cn36l,1.0,0.23448275862068965,0.37988826815642457,1.0,0.22916666666666666,0.37288135593220334,1.0,0.23448275862068965,0.37988826815642457,34.938642501831055
cn4vs,1.0,0.3252032520325203,0.49079754601226994,0.9790794979079498,0.3175033921302578,0.47950819672131156,1.0,0.3252032520325203,0.49079754601226994,35.08084464073181
cn5om,1.0,0.1794871794871795,0.30434782608695654,0.9629629629629629,0.16774193548387098,0.2857142857142857,1.0,0.1794871794871795,0.30434782608695654,58.19316577911377
cnakl,1.0,0.4307931570762053,0.6021739130434782,0.9891304347826086,0.4252336448598131,0.5947712418300654,1.0,0.4307931570762053,0.6021739130434782,65.47556829452515
cnbyl,1.0,0.27049180327868855,0.42580645161290326,0.9847715736040609,0.265389876880985,0.41810344827586216,1.0,0.27049180327868855,0.42580645161290326,58.849934101104736
cnd1y,1.0,0.20015948963317384,0.33355481727574754,0.98,0.19553072625698323,0.3260146373918829,1.0,0.20015948963317384,0.33355481727574754,105.92554593086243
cnd3k,1.0,0.12018255578093306,0.2145767315527388,0.9703389830508474,0.11618467782851344,0.20752152242863614,1.0,0.12018255578093306,0.2145767315527388,117.65596795082092
cngmr,1.0,0.1795774647887324,0.3044776119402985,0.98,0.17314487632508835,0.2942942942942943,1.0,0.1795774647887324,0.3044776119402985,89.6633563041687
cni11,1.0,0.3219858156028369,0.48712446351931327,0.9557522123893806,0.3068181818181818,0.4645161290322581,1.0,0.3219858156028369,0.48712446351931327,87.55276989936829
cnixv,1.0,0.8923076923076924,0.9430894308943091,0.9826086956521739,0.875968992248062,0.9262295081967213,1.0,0.8923076923076924,0.9430894308943091,20.07528305053711
cnji3,1.0,0.14427860696517414,0.2521739130434783,0.9642857142857143,0.135,0.23684210526315794,1.0,0.14427860696517414,0.2521739130434783,37.1765398979187
cnm0a,1.0,0.0768976897689769,0.14281336193686792,0.9655172413793104,0.07395179927368768,0.13738117141980988,1.0,0.0768976897689769,0.14281336193686792,111.73811793327332
cnme0,1.0,0.16753585397653195,0.28699050809603577,0.96875,0.16177429876060012,0.2772498602571269,1.0,0.16753585397653195,0.28699050809603577,137.9428346157074
cnp2m,1.0,0.22592592592592592,0.3685800604229607,0.9560439560439561,0.21508034610630408,0.35116044399596363,1.0,0.22592592592592592,0.3685800604229607,47.630436420440674
cnvn5,1.0,0.164,0.28178694158075607,0.975,0.1566265060240964,0.26989619377162627,1.0,0.164,0.28178694158075607,28.29914617538452
cnzj1,1.0,0.1583487369069624,0.2734042553191489,0.98046875,0.15474722564734894,0.2673056443024494,0.8638132295719845,0.1367837338262477,0.23617021276595748,119.35128426551819
co5nb,1.0,0.12398921832884097,0.22062350119904078,0.9777777777777777,0.11891891891891893,0.21204819277108433,1.0,0.12398921832884097,0.22062350119904078,46.369688749313354
co6ou,1.0,0.1073469387755102,0.19388131220051605,0.9770992366412213,0.10453246222948143,0.1888601991884913,1.0,0.1073469387755102,0.19388131220051605,130.05158829689026
cod6c,1.0,0.4714285714285714,0.6407766990291262,0.9846153846153847,0.460431654676259,0.6274509803921569,1.0,0.4714285714285714,0.6407766990291262,23.6432101726532
cojcu,1.0,0.3730834752981261,0.543424317617866,0.9770642201834863,0.363481228668942,0.5298507462686567,0.9634703196347032,0.3594548551959114,0.5235732009925559,25.598299980163574
coot0,1.0,0.3381818181818182,0.5054347826086957,0.9856115107913669,0.3325242718446602,0.49727767695099817,1.0,0.3381818181818182,0.5054347826086957,69.03404092788696
coud9,1.0,0.19186046511627908,0.3219512195121952,0.9634146341463414,0.1839348079161816,0.3088954056695992,1.0,0.19186046511627908,0.3219512195121952,78.9336187839508
cox98,1.0,0.4919678714859438,0.6594885598923285,0.9713114754098361,0.4768611670020121,0.6396761133603238,1.0,0.4919678714859438,0.6594885598923285,45.19562840461731
coy1c,1.0,0.22767857142857142,0.3709090909090909,0.96,0.21524663677130046,0.3516483516483517,1.0,0.22767857142857142,0.3709090909090909,59.169135093688965
cp48p,1.0,0.5350877192982456,0.6971428571428571,0.9833333333333333,0.5221238938053098,0.6820809248554913,1.0,0.5350877192982456,0.6971428571428571,47.767279386520386
cp77e,1.0,0.3832236842105263,0.5541022592152199,0.9827586206896551,0.3756177924217463,0.5435041716328964,1.0,0.3832236842105263,0.5541022592152199,36.480550050735474
cp7bz,1.0,0.25149700598802394,0.4019138755980861,0.9840637450199203,0.24675324675324675,0.39456869009584666,1.0,0.25149700598802394,0.4019138755980861,35.76056098937988
cp8og,1.0,0.2962962962962963,0.45714285714285713,0.9497907949790795,0.28059332509270707,0.433206106870229,1.0,0.2962962962962963,0.45714285714285713,125.76882791519165
cpbj4,1.0,0.20105124835742444,0.3347921225382932,0.9868421052631579,0.19736842105263158,0.32894736842105265,1.0,0.20105124835742444,0.3347921225382932,33.01849627494812
cpdv3,1.0,0.38461538461538464,0.5555555555555556,0.9748953974895398,0.3739967897271268,0.5406032482598608,1.0,0.38461538461538464,0.5555555555555556,32.0550582408905
cpn3r,1.0,0.42386831275720166,0.5953757225433527,0.9901960784313726,0.41735537190082644,0.5872093023255814,1.0,0.42386831275720166,0.5953757225433527,12.022261619567871
cpqyt,1.0,0.24181360201511334,0.3894523326572008,0.9578947368421052,0.2297979797979798,0.37067209775967414,1.0,0.24181360201511334,0.3894523326572008,45.38218569755554
cq2a6,1.0,0.09494949494949495,0.17343173431734318,0.9565217391304348,0.08906882591093117,0.16296296296296295,1.0,0.09494949494949495,0.17343173431734318,66.3348650932312
cq81a,1.0,0.4393305439330544,0.6104651162790697,0.9808612440191388,0.429769392033543,0.597667638483965,1.0,0.4393305439330544,0.6104651162790697,72.20633721351624
cqasg,1.0,0.1038961038961039,0.18823529411764706,1.0,0.09803921568627451,0.17857142857142855,1.0,0.1038961038961039,0.18823529411764706,58.025649309158325
cqbbo,1.0,0.1270718232044199,0.22549019607843138,1.0,0.12222222222222222,0.21782178217821782,1.0,0.1270718232044199,0.22549019607843138,37.79719114303589
cqbml,1.0,0.1524426133019423,0.26455566905005107,0.9728682170542635,0.14782096584216725,0.2566462167689162,1.0,0.1524426133019423,0.26455566905005107,135.0400619506836
cqe7y,1.0,0.3065134099616858,0.469208211143695,0.9790794979079498,0.29923273657289,0.4583741429970617,1.0,0.3065134099616858,0.469208211143695,71.94026589393616
cqefn,1.0,0.078,0.14471243042671614,0.9656652360515021,0.07502500833611203,0.1392326732673267,1.0,0.078,0.14471243042671614,137.8943841457367
cqfqi,1.0,0.5681818181818182,0.7246376811594203,0.9864864864864865,0.5572519083969466,0.7121951219512196,1.0,0.5681818181818182,0.7246376811594203,40.314977169036865
cqily,1.0,0.12522686025408347,0.22258064516129028,0.9781818181818182,0.12210621879255561,0.21711057304277642,1.0,0.12522686025408347,0.22258064516129028,167.89277839660645
cqjd9,1.0,0.2975609756097561,0.45864661654135336,0.9833333333333333,0.28921568627450983,0.44696969696969696,1.0,0.2975609756097561,0.45864661654135336,21.63067364692688
cql7g,1.0,0.10909090909090909,0.19672131147540983,0.9512195121951219,0.1015625,0.18352941176470589,1.0,0.10909090909090909,0.19672131147540983,35.11542272567749
cqnd3,1.0,0.42780748663101603,0.599250936329588,0.9832635983263598,0.41964285714285715,0.588235294117647,1.0,0.42780748663101603,0.599250936329588,49.1549916267395
cqo13,1.0,0.09895833333333333,0.18009478672985782,1.0,0.09660574412532637,0.1761904761904762,1.0,0.09895833333333333,0.18009478672985782,105.9866840839386
cqovk,1.0,0.15425531914893617,0.2672811059907834,0.9285714285714286,0.13903743315508021,0.2418604651162791,1.0,0.15425531914893617,0.2672811059907834,93.20118021965027
cqrdq,1.0,0.14022319262493935,0.24595744680851064,0.9722222222222222,0.13592233009708737,0.23850085178875638,1.0,0.14022319262493935,0.24595744680851064,126.16489243507385
cqu31,1.0,0.3775933609958506,0.5481927710843374,1.0,0.375,0.5454545454545454,1.0,0.3775933609958506,0.5481927710843374,30.533597946166992
cqu8z,1.0,0.20666666666666667,0.3425414364640884,1.0,0.20134228187919462,0.33519553072625696,1.0,0.20666666666666667,0.3425414364640884,27.765880823135376
cqv2n,1.0,0.21200750469043153,0.34984520123839014,0.9732142857142857,0.20488721804511278,0.3385093167701863,1.0,0.21200750469043153,0.34984520123839014,82.26462411880493
cqwo8,1.0,0.3902439024390244,0.5614035087719299,0.9790209790209791,0.3804347826086957,0.5479452054794521,1.0,0.3902439024390244,0.5614035087719299,52.75934958457947
cqwxa,1.0,0.5211538461538462,0.6852085967130216,0.9814814814814815,0.5105973025048169,0.6717363751584283,1.0,0.5211538461538462,0.6852085967130216,40.047523498535156
cqyw6,1.0,0.6304347826086957,0.7733333333333333,1.0,0.6277372262773723,0.7713004484304933,1.0,0.6304347826086957,0.7733333333333333,17.293412923812866
cqzx5,1.0,0.18960244648318042,0.31876606683804626,0.9676113360323887,0.18286151491966335,0.30759330759330755,1.0,0.18960244648318042,0.31876606683804626,45.10109996795654
cr06h,1.0,0.10849056603773585,0.19574468085106386,1.0,0.10638297872340426,0.1923076923076923,1.0,0.10849056603773585,0.19574468085106386,34.57263135910034
cr1hg,1.0,0.38727272727272727,0.5583224115334208,0.9716981132075472,0.37522768670309653,0.5413929040735874,1.0,0.38727272727272727,0.5583224115334208,60.38888168334961
cr1il,1.0,0.38088235294117645,0.5516506922257721,0.9651162790697675,0.36671575846833576,0.5314834578441836,1.0,0.38088235294117645,0.5516506922257721,64.23563265800476
cr2k8,1.0,0.27076923076923076,0.42615012106537525,0.9885057471264368,0.2654320987654321,0.4184914841849149,1.0,0.27076923076923076,0.42615012106537525,40.107649087905884
cr7xc,1.0,0.12794612794612795,0.22686567164179103,0.972972972972973,0.12162162162162163,0.2162162162162162,1.0,0.12794612794612795,0.22686567164179103,39.170960903167725
cr9vy,1.0,0.3390728476821192,0.506429277942631,0.9725490196078431,0.32891246684350134,0.491575817641229,1.0,0.3390728476821192,0.506429277942631,83.2830638885498
cra8o,1.0,0.2949640287769784,0.45555555555555555,0.9753086419753086,0.2851985559566787,0.441340782122905,1.0,0.2949640287769784,0.45555555555555555,44.990981340408325
crelk,1.0,0.19667590027700832,0.32870370370370366,0.9571428571428572,0.18611111111111112,0.3116279069767442,1.0,0.19667590027700832,0.32870370370370366,51.78989219665527
crfxu,1.0,0.4485776805251641,0.6193353474320242,0.9852941176470589,0.4407894736842105,0.609090909090909,1.0,0.4485776805251641,0.6193353474320242,50.88436484336853
crgq1,1.0,0.18385650224215247,0.3106060606060606,0.975,0.17567567567567569,0.29770992366412213,1.0,0.18385650224215247,0.3106060606060606,19.330509662628174
crln4,1.0,0.5289079229122056,0.6918767507002801,0.975609756097561,0.5150214592274678,0.6741573033707865,1.0,0.5289079229122056,0.6918767507002801,37.7144341468811
crmxn,1.0,0.3215686274509804,0.48664688427299707,0.9673469387755103,0.3102094240837696,0.46977205153617446,0.9390243902439024,0.30196078431372547,0.45697329376854595,93.94002151489258
crpjl,1.0,0.8544061302681992,0.921487603305785,0.9819819819819819,0.8384615384615385,0.9045643153526972,1.0,0.8544061302681992,0.921487603305785,65.59918355941772
crtrv,1.0,0.11466666666666667,0.20574162679425836,0.9761904761904762,0.10962566844919786,0.1971153846153846,1.0,0.11466666666666667,0.20574162679425836,42.781399965286255
cs04n,1.0,0.1393939393939394,0.2446808510638298,0.9264705882352942,0.12753036437246965,0.22419928825622779,1.0,0.1393939393939394,0.2446808510638298,58.44770050048828
cs33k,1.0,0.21065778517901748,0.34800550206327374,0.9801587301587301,0.20583333333333334,0.3402203856749311,1.0,0.21065778517901748,0.34800550206327374,75.03716015815735
csa4d,1.0,0.5175097276264592,0.6820512820512822,0.9811320754716981,0.50682261208577,0.6683804627249357,1.0,0.5175097276264592,0.6820512820512822,26.021312475204468
cseoq,1.0,0.44630071599045346,0.6171617161716171,0.978494623655914,0.4354066985645933,0.6026490066225165,1.0,0.44630071599045346,0.6171617161716171,45.025970697402954
csg5y,1.0,0.20751761942051683,0.3437094682230869,0.9734848484848485,0.20141065830721003,0.3337662337662337,1.0,0.20751761942051683,0.3437094682230869,120.97506213188171
csgcz,1.0,0.2024793388429752,0.3367697594501718,0.9791666666666666,0.1950207468879668,0.32525951557093424,1.0,0.2024793388429752,0.3367697594501718,22.547611474990845
csolf,1.0,0.3657142857142857,0.5355648535564854,0.9921568627450981,0.36194563662374823,0.530398322851153,1.0,0.3657142857142857,0.5355648535564854,29.407377243041992
cspo3,1.0,0.25499524262607043,0.4063684609552692,0.9812734082397003,0.24952380952380954,0.39787395596051633,1.0,0.25499524262607043,0.4063684609552692,60.95236301422119
cspp5,1.0,0.1291390728476821,0.22873900293255134,1.0,0.12624584717607973,0.22418879056047197,1.0,0.1291390728476821,0.22873900293255134,38.40168046951294
css88,1.0,0.2689173457508731,0.42385321100917434,0.9826086956521739,0.2634032634032634,0.4154411764705883,1.0,0.2689173457508731,0.42385321100917434,58.58074736595154
csvlp,1.0,0.3808724832214765,0.551640340218712,0.9823008849557522,0.373109243697479,0.5408038976857491,1.0,0.3808724832214765,0.551640340218712,56.726478099823
ct0bk,1.0,0.12054794520547946,0.215158924205379,0.9534883720930233,0.11263736263736264,0.2014742014742015,1.0,0.12054794520547946,0.215158924205379,74.58997845649719
ct16o,1.0,0.44844124700239807,0.6192052980132451,0.9623655913978495,0.43028846153846156,0.5946843853820597,1.0,0.44844124700239807,0.6192052980132451,45.831056118011475
ct5qb,1.0,0.10702341137123746,0.1933534743202417,1.0,0.1040268456375839,0.1884498480243161,1.0,0.10702341137123746,0.1933534743202417,48.06699085235596
ct9f6,1.0,0.36398467432950193,0.5337078651685394,0.9629629629629629,0.3493282149712092,0.5126760563380282,1.0,0.36398467432950193,0.5337078651685394,29.795591592788696
ctb7b,1.0,0.43766233766233764,0.6088527551942186,0.9910714285714286,0.43302990897269183,0.6027149321266968,1.0,0.43766233766233764,0.6088527551942186,93.32468605041504
cteoi,1.0,0.21973929236499068,0.3603053435114504,0.9702127659574468,0.2124883504193849,0.3486238532110092,1.0,0.21973929236499068,0.3603053435114504,41.004392862319946
ctf62,1.0,0.22379032258064516,0.36573311367380557,0.9636363636363636,0.21414141414141413,0.35041322314049583,1.0,0.22379032258064516,0.36573311367380557,72.82236552238464
ctffc,1.0,0.3983739837398374,0.5697674418604651,0.9692307692307692,0.384928716904277,0.5510204081632654,1.0,0.3983739837398374,0.5697674418604651,46.12470030784607
ctfyd,1.0,0.1499429874572406,0.26078334159643035,0.9885496183206107,0.1477467199087279,0.25707196029776674,1.0,0.1499429874572406,0.26078334159643035,110.32452273368835
cth6g,1.0,0.26765799256505574,0.42228739002932547,1.0,0.26492537313432835,0.4188790560471976,1.0,0.26765799256505574,0.42228739002932547,52.846014976501465
cti7d,1.0,0.14912280701754385,0.2595419847328244,0.9681818181818181,0.14382174206617152,0.2504409171075838,1.0,0.14912280701754385,0.2595419847328244,75.89663553237915
ctk6u,1.0,0.23833167825223436,0.38492381716118684,0.9623430962343096,0.2286282306163022,0.3694779116465864,1.0,0.23833167825223436,0.38492381716118684,68.30727887153625
ctkqk,1.0,0.15504885993485343,0.2684715172024817,0.9831223628691983,0.15189048239895697,0.26312817617165446,1.0,0.15504885993485343,0.2684715172024817,147.67905521392822
ctnxq,1.0,0.14285714285714285,0.25,0.9607843137254902,0.1361111111111111,0.23844282238442818,1.0,0.14285714285714285,0.25,144.94717383384705
ctpsd,1.0,0.15402298850574714,0.2669322709163347,0.9696969696969697,0.14746543778801843,0.256,1.0,0.15402298850574714,0.2669322709163347,59.29201698303223
cttti,1.0,0.21689059500959693,0.35646687697160884,0.9777777777777777,0.21133525456292027,0.34755134281200634,1.0,0.21689059500959693,0.35646687697160884,66.11185193061829
ctw1r,1.0,0.12582781456953643,0.2235294117647059,0.9444444444444444,0.11333333333333333,0.20238095238095238,1.0,0.12582781456953643,0.2235294117647059,37.71751046180725
ctz97,1.0,0.2346368715083799,0.38009049773755654,1.0,0.2303370786516854,0.37442922374429227,1.0,0.2346368715083799,0.38009049773755654,45.45570421218872
cu0ic,1.0,0.34610303830911493,0.5142296368989205,0.9770114942528736,0.3373015873015873,0.5014749262536874,1.0,0.34610303830911493,0.5142296368989205,61.479519844055176
cu41u,1.0,0.13829787234042554,0.24299065420560748,0.9656652360515021,0.13305736250739209,0.2338877338877339,1.0,0.13829787234042554,0.24299065420560748,193.30626678466797
cu5ye,1.0,0.1538918597742127,0.266735324407827,0.9844961240310077,0.15101070154577884,0.2618556701030928,1.0,0.1538918597742127,0.266735324407827,169.29004430770874
cu7fb,1.0,0.12870275791624106,0.22805429864253393,0.9721115537848606,0.12468063362289218,0.22101449275362317,1.0,0.12870275791624106,0.22805429864253393,314.47858214378357
cu82c,1.0,0.08205320344698389,0.15166204986149584,0.9587155963302753,0.07833583208395802,0.1448371448371448,1.0,0.08205320344698389,0.15166204986149584,180.9903528690338
cu9c1,1.0,0.2727272727272727,0.42857142857142855,0.9832635983263598,0.267349260523322,0.4203935599284436,1.0,0.2727272727272727,0.42857142857142855,95.6695122718811
cubvt,1.0,0.12174348697394789,0.21706118803037067,0.9793388429752066,0.11879699248120301,0.21189092534644616,1.0,0.12174348697394789,0.21706118803037067,104.54040026664734
cud3o,1.0,0.5124760076775432,0.6776649746192893,0.9887218045112782,0.5057692307692307,0.6692111959287531,1.0,0.5124760076775432,0.6776649746192893,64.39491009712219
cudcl,1.0,0.24517906336088155,0.39380530973451333,0.9659090909090909,0.23480662983425415,0.37777777777777777,1.0,0.24517906336088155,0.39380530973451333,31.214143753051758
cuehj,1.0,0.1355347461803844,0.23871527777777776,0.9635036496350365,0.1301775147928994,0.22936576889661167,1.0,0.1355347461803844,0.23871527777777776,102.83080053329468
cughd,1.0,0.11143695014662756,0.20052770448548815,0.972972972972973,0.10588235294117647,0.1909814323607427,1.0,0.11143695014662756,0.20052770448548815,66.93726468086243
cugmv,1.0,0.0747716894977169,0.13913967073818376,0.9731800766283525,0.07250927776191836,0.13496280552603615,1.0,0.0747716894977169,0.13913967073818376,69.49754118919373
cuinz,1.0,0.15519399249061328,0.26868905742145177,0.9676113360323887,0.14965560425798372,0.2592190889370933,1.0,0.15519399249061328,0.26868905742145177,152.86918997764587
cumue,1.0,0.2416289592760181,0.3892128279883382,0.981203007518797,0.23641304347826086,0.381021897810219,1.0,0.2416289592760181,0.3892128279883382,77.0204381942749
cuns0,1.0,0.06978155339805825,0.130459444129325,0.9868995633187773,0.06858877086494689,0.1282633371169126,1.0,0.06978155339805825,0.130459444129325,94.86681199073792
cusyc,1.0,0.33879093198992444,0.5061147695202257,0.9738805970149254,0.3291298865069357,0.49198868991517436,1.0,0.33879093198992444,0.5061147695202257,34.281858921051025
cuufz,1.0,0.1157556270096463,0.207492795389049,0.9428571428571428,0.1064516129032258,0.19130434782608696,1.0,0.1157556270096463,0.207492795389049,43.53710436820984
cuvs1,1.0,0.3302752293577982,0.496551724137931,0.9790209790209791,0.3218390804597701,0.4844290657439446,1.0,0.3302752293577982,0.496551724137931,72.24119329452515
cv8z2,1.0,0.28113879003558717,0.4388888888888889,0.9788135593220338,0.27434679334916867,0.4285714285714286,1.0,0.28113879003558717,0.4388888888888889,98.30864119529724
cv95x,1.0,0.6361256544502618,0.7776000000000001,0.9958677685950413,0.6325459317585301,0.7736757624398074,1.0,0.6361256544502618,0.7776000000000001,38.717275619506836
cvi0h,1.0,0.796875,0.8869565217391304,0.9702970297029703,0.7716535433070866,0.8596491228070176,1.0,0.796875,0.8869565217391304,37.89100909233093
cvngw,1.0,0.2945326278659612,0.45504087193460485,0.9698795180722891,0.284452296819788,0.43989071038251376,1.0,0.2945326278659612,0.45504087193460485,38.636091232299805
cvpra,1.0,0.7755102040816326,0.8735632183908045,0.9911504424778761,0.7671232876712328,0.8648648648648648,1.0,0.7755102040816326,0.8735632183908045,10.772831916809082
cvvkm,1.0,0.23842364532019705,0.3850437549721559,0.975103734439834,0.23175542406311636,0.37450199203187245,1.0,0.23842364532019705,0.3850437549721559,64.39791560173035
cvvmw,1.0,0.13333333333333333,0.23529411764705882,0.9714285714285714,0.12639405204460966,0.22368421052631576,1.0,0.13333333333333333,0.23529411764705882,44.68603014945984
ny2o2,1.0,0.25210084033613445,0.40268456375838924,0.9661016949152542,0.24050632911392406,0.38513513513513514,1.0,0.25210084033613445,0.40268456375838924,31.21031665802002
ny2xk,1.0,0.18699186991869918,0.3150684931506849,1.0,0.18032786885245902,0.3055555555555556,1.0,0.18699186991869918,0.3150684931506849,32.94419193267822
ny3if,1.0,0.43389830508474575,0.6052009456264775,0.984251968503937,0.42517006802721086,0.5938242280285035,1.0,0.43389830508474575,0.6052009456264775,27.48519730567932
ny53b,1.0,0.5959183673469388,0.7468030690537085,0.9793103448275862,0.5819672131147541,0.730077120822622,1.0,0.5959183673469388,0.7468030690537085,21.961459398269653
ny5bd,1.0,0.1732283464566929,0.2953020134228188,0.9523809523809523,0.15873015873015872,0.27210884353741494,1.0,0.1732283464566929,0.2953020134228188,22.856017351150513
ny5fz,1.0,0.10946745562130178,0.19733333333333333,0.9444444444444444,0.10089020771513353,0.18230563002680966,1.0,0.10946745562130178,0.19733333333333333,37.91262674331665
ny60y,1.0,0.21140142517814728,0.34901960784313724,0.9717514124293786,0.20451843043995244,0.3379174852652259,1.0,0.21140142517814728,0.34901960784313724,45.92676758766174
ny6fz,1.0,0.14410480349344978,0.2519083969465649,0.9693877551020408,0.13848396501457727,0.2423469387755102,1.0,0.14410480349344978,0.2519083969465649,55.47148585319519
ny7ew,1.0,0.10866222450025628,0.19602404068423487,0.957345971563981,0.10358974358974359,0.18695048588616378,1.0,0.10866222450025628,0.19602404068423487,172.9821584224701
ny8vd,1.0,0.1308016877637131,0.23134328358208958,0.9666666666666667,0.1228813559322034,0.2180451127819549,1.0,0.1308016877637131,0.23134328358208958,48.38300395011902
nya3t,1.0,0.43,0.6013986013986015,0.9766355140186916,0.4188376753507014,0.5862552594670407,1.0,0.43,0.6013986013986015,33.958744049072266
nya4b,1.0,0.12448132780082988,0.22140221402214022,0.9310344827586207,0.1125,0.20074349442379183,1.0,0.12448132780082988,0.22140221402214022,109.65814256668091
nybk8,1.0,0.28784403669724773,0.4470169189670526,0.984,0.28243398392652125,0.4388938447814451,1.0,0.28784403669724773,0.4470169189670526,55.95053029060364
nycav,1.0,0.28440366972477066,0.44285714285714284,1.0,0.2777777777777778,0.4347826086956522,1.0,0.28440366972477066,0.44285714285714284,24.893362998962402
nycbv,1.0,0.21149425287356322,0.349146110056926,0.989010989010989,0.2073732718894009,0.34285714285714286,1.0,0.21149425287356322,0.349146110056926,121.63153338432312
nycvv,1.0,0.2297447280799112,0.37364620938628157,0.970873786407767,0.2222222222222222,0.36166365280289325,1.0,0.2297447280799112,0.37364620938628157,43.64763164520264
nyd1c,1.0,0.3217391304347826,0.4868421052631579,0.9722222222222222,0.30701754385964913,0.4666666666666667,1.0,0.3217391304347826,0.4868421052631579,20.825116634368896
nyd49,1.0,0.48223350253807107,0.6506849315068494,0.9787234042553191,0.46938775510204084,0.6344827586206897,1.0,0.48223350253807107,0.6506849315068494,27.16122055053711
nye95,1.0,0.1220472440944882,0.21754385964912282,1.0,0.11857707509881422,0.21201413427561838,1.0,0.1220472440944882,0.21754385964912282,28.0277156829834
nye9v,1.0,0.1452258433390509,0.25361957064403395,0.9565217391304348,0.13844393592677345,0.24187906046976512,1.0,0.1452258433390509,0.25361957064403395,125.6446578502655
nyeak,1.0,0.15789473684210525,0.2727272727272727,0.975609756097561,0.1509433962264151,0.26143790849673204,1.0,0.15789473684210525,0.2727272727272727,46.68324589729309
nyedm,1.0,0.06469648562300319,0.1215303825956489,0.9669421487603306,0.06231691078561918,0.11708781586189644,0.9547325102880658,0.0617678381256656,0.11602900725181296,219.4729962348938
nyf4x,1.0,0.05152336895836657,0.09799757281553399,0.9751552795031055,0.05009572431397575,0.0952959028831563,1.0,0.05152336895836657,0.09799757281553399,243.15793466567993
nyfbp,1.0,0.5103626943005182,0.6758147512864494,0.9744897959183674,0.4961038961038961,0.657487091222031,1.0,0.5103626943005182,0.6758147512864494,62.57097029685974
nyfhl,1.0,0.1968503937007874,0.3289473684210526,1.0,0.19047619047619047,0.32,1.0,0.1968503937007874,0.3289473684210526,38.4604549407959
nyfwc,1.0,0.24162679425837322,0.3892100192678228,0.9800995024875622,0.23592814371257484,0.3803088803088803,1.0,0.24162679425837322,0.3892100192678228,36.907761573791504
nyh0c,1.0,0.1737704918032787,0.2960893854748603,0.9807692307692307,0.16776315789473684,0.28651685393258425,1.0,0.1737704918032787,0.2960893854748603,37.55514049530029
nyh6g,1.0,0.08550305368048859,0.15753627480011845,0.9735849056603774,0.08295819935691319,0.1528888888888889,1.0,0.08550305368048859,0.15753627480011845,90.73065304756165
nyhhb,1.0,0.37575757575757573,0.5462555066079295,0.9838056680161943,0.36874051593323215,0.5364238410596027,1.0,0.37575757575757573,0.5462555066079295,44.922969818115234
nyhp7,1.0,0.10723860589812333,0.1937046004842615,1.0,0.10483870967741936,0.18978102189781024,1.0,0.10723860589812333,0.1937046004842615,62.28499794006348
nyhpz,1.0,0.25513196480938416,0.40654205607476634,0.9730769230769231,0.24755381604696672,0.39469578783151327,1.0,0.25513196480938416,0.40654205607476634,193.3067147731781
nyi4y,1.0,0.34868421052631576,0.5170731707317073,0.9615384615384616,0.33112582781456956,0.49261083743842365,1.0,0.34868421052631576,0.5170731707317073,26.375384092330933
nyigt,1.0,0.5175097276264592,0.6820512820512822,0.9696969696969697,0.5,0.6597938144329897,1.0,0.5175097276264592,0.6820512820512822,49.08268141746521
nyj1o,1.0,0.38544891640866874,0.5564245810055866,0.9798387096774194,0.3767441860465116,0.5442329227323628,1.0,0.38544891640866874,0.5564245810055866,111.54784297943115
nyj3e,1.0,0.11805555555555555,0.21118012422360247,0.9393939393939394,0.10801393728222997,0.19375,1.0,0.11805555555555555,0.21118012422360247,39.762760400772095
nyj90,1.0,0.05357881671493587,0.10170822697820538,0.9728682170542635,0.05193461618042624,0.09860538204674918,0.9420849420849421,0.050475796441870086,0.09581778912232476,151.07681798934937
nyk5o,1.0,0.32909379968203495,0.49521531100478466,0.9660194174757282,0.31687898089171973,0.4772182254196643,1.0,0.32909379968203495,0.49521531100478466,103.66272258758545
nykuk,1.0,0.19252187748607796,0.3228819212808539,0.950207468879668,0.1823248407643312,0.3059452237808951,1.0,0.19252187748607796,0.3228819212808539,68.1864013671875
nylbo,1.0,0.0898021308980213,0.164804469273743,0.9702127659574468,0.08679101636848116,0.15932914046121593,1.0,0.0898021308980213,0.164804469273743,259.8457610607147
nym3q,1.0,0.08294930875576037,0.15319148936170213,0.9656652360515021,0.0797872340425532,0.1473960039305601,1.0,0.08294930875576037,0.15319148936170213,276.6947753429413
nymb8,1.0,0.050439514441188785,0.09603506674636382,0.975,0.048984718442537156,0.09328283834961133,1.0,0.050439514441188785,0.09603506674636382,206.11555576324463
nymk4,1.0,0.06053580628541989,0.11416079669662374,0.9743589743589743,0.05874774542643649,0.11081409477521263,1.0,0.06053580628541989,0.11416079669662374,393.912428855896
nyn39,1.0,0.39850746268656717,0.5699039487726787,0.9849624060150376,0.39162929745889385,0.560427807486631,1.0,0.39850746268656717,0.5699039487726787,146.04738664627075
nynnf,1.0,0.263724434876211,0.4173764906303237,0.9713114754098361,0.25538793103448276,0.4044368600682594,1.0,0.263724434876211,0.4173764906303237,28.31732988357544
nynsm,1.0,0.1032258064516129,0.1871345029239766,1.0,0.09740259740259741,0.1775147928994083,1.0,0.1032258064516129,0.1871345029239766,36.83466362953186
nynsr,1.0,0.22527472527472528,0.36771300448430494,0.975,0.2154696132596685,0.3529411764705882,1.0,0.22527472527472528,0.36771300448430494,32.534271240234375
nynti,1.0,0.10114503816793893,0.18370883882149047,0.9807692307692307,0.09751434034416825,0.1773913043478261,1.0,0.10114503816793893,0.18370883882149047,40.20392942428589
nyo3x,1.0,0.2530612244897959,0.40390879478827363,0.9919028340080972,0.25025536261491316,0.39967373572593795,1.0,0.2530612244897959,0.40390879478827363,37.43505573272705
nyoc8,1.0,0.06986143187066975,0.13059902860226658,0.970954356846473,0.06757146982385215,0.1263498920086393,1.0,0.06986143187066975,0.13059902860226658,149.26199388504028
nyp3m,1.0,0.14457831325301204,0.25263157894736843,1.0,0.1393939393939394,0.2446808510638298,1.0,0.14457831325301204,0.25263157894736843,27.889136791229248
nypcs,1.0,0.3645833333333333,0.5343511450381679,0.9710144927536232,0.3507853403141361,0.5153846153846154,1.0,0.3645833333333333,0.5343511450381679,29.655839204788208
nypvn,1.0,0.11196911196911197,0.2013888888888889,0.9285714285714286,0.10077519379844961,0.18181818181818182,1.0,0.11196911196911197,0.2013888888888889,79.02458214759827
nyqcq,1.0,0.4144736842105263,0.586046511627907,0.9840637450199203,0.40691927512355847,0.5757575757575757,1.0,0.4144736842105263,0.586046511627907,42.75531530380249
nyqrt,1.0,0.2846153846153846,0.44311377245508987,0.9444444444444444,0.26356589147286824,0.4121212121212121,1.0,0.2846153846153846,0.44311377245508987,22.367280960083008
nyqxi,1.0,0.24924012158054712,0.39902676399026765,0.9876543209876543,0.24390243902439024,0.3911980440097799,1.0,0.24924012158054712,0.39902676399026765,31.732176780700684
nyr6i,1.0,0.366412213740458,0.5363128491620112,0.9748953974895398,0.3562691131498471,0.5218365061590146,1.0,0.366412213740458,0.5363128491620112,53.58294630050659
nyrcv,1.0,0.136986301369863,0.24096385542168672,0.9473684210526315,0.12413793103448276,0.21951219512195125,1.0,0.136986301369863,0.24096385542168672,20.721101760864258
nyrgu,1.0,0.2925089179548157,0.45262189512419504,0.9877551020408163,0.28809523809523807,0.44608294930875575,1.0,0.2925089179548157,0.45262189512419504,70.20995020866394
nyrj5,1.0,0.14635364635364637,0.2553376906318083,0.9726027397260274,0.14192903548225888,0.2477104230266027,1.0,0.14635364635364637,0.2553376906318083,199.09270596504211
nyrjy,1.0,0.5590062111801242,0.7171314741035856,0.9887640449438202,0.55,0.7068273092369478,1.0,0.5590062111801242,0.7171314741035856,31.944867849349976
nyrtv,1.0,0.21115173674588666,0.3486792452830189,0.9565217391304348,0.2012808783165599,0.3325774754346183,1.0,0.21115173674588666,0.3486792452830189,109.91592860221863
nysat,1.0,0.3925619834710744,0.5637982195845697,0.9893617021276596,0.38589211618257263,0.5552238805970149,1.0,0.3925619834710744,0.5637982195845697,29.329444408416748
nysbq,1.0,0.18234442836468887,0.3084455324357405,0.9601593625498008,0.17451122375090514,0.2953431372549019,1.0,0.18234442836468887,0.3084455324357405,107.0074815750122
nysfd,1.0,0.38271604938271603,0.5535714285714286,0.9836065573770492,0.37267080745341613,0.5405405405405405,1.0,0.38271604938271603,0.5535714285714286,14.57556700706482
nyt2c,1.0,0.15833333333333333,0.2733812949640288,1.0,0.15481171548117154,0.26811594202898553,1.0,0.15833333333333333,0.2733812949640288,57.62022876739502
nyt8f,1.0,0.4713493530499076,0.6407035175879398,0.9881889763779528,0.4648148148148148,0.632241813602015,1.0,0.4713493530499076,0.6407035175879398,42.829935789108276
nytfq,1.0,0.3147502903600465,0.4787985865724382,0.9777777777777777,0.30697674418604654,0.46725663716814164,1.0,0.3147502903600465,0.4787985865724382,89.84914135932922
nytfy,1.0,0.16129032258064516,0.27777777777777773,0.9655172413793104,0.15135135135135136,0.26168224299065423,1.0,0.16129032258064516,0.27777777777777773,26.688364505767822
nytlc,1.0,0.12295081967213115,0.218978102189781,0.9545454545454546,0.11506849315068493,0.20537897310513448,1.0,0.12295081967213115,0.218978102189781,42.532883405685425
nytq0,1.0,0.1648700063411541,0.28307022318998365,0.972972972972973,0.1598984771573604,0.2746594005449592,1.0,0.1648700063411541,0.28307022318998365,109.08148956298828
nyufd,1.0,0.3038605230386052,0.4660936007640879,0.9670781893004116,0.29301745635910226,0.44976076555023925,1.0,0.3038605230386052,0.4660936007640879,79.1164779663086
nyurj,1.0,0.31880448318804483,0.48347497639282344,0.9921568627450981,0.31546134663341646,0.47871333964049195,1.0,0.31880448318804483,0.48347497639282344,53.683565855026245
nyv76,1.0,0.4267515923566879,0.5982142857142857,1.0,0.4230769230769231,0.5945945945945945,1.0,0.4267515923566879,0.5982142857142857,23.524770975112915
nyx78,1.0,0.2569832402234637,0.40888888888888886,1.0,0.25280898876404495,0.40358744394618834,1.0,0.2569832402234637,0.40888888888888886,27.013808488845825
nyxfp,1.0,0.1947565543071161,0.32601880877742945,0.9803921568627451,0.18796992481203006,0.31545741324921134,1.0,0.1947565543071161,0.32601880877742945,56.04078412055969
nyxqq,1.0,0.49572649572649574,0.6628571428571429,0.9824561403508771,0.4827586206896552,0.6473988439306358,1.0,0.49572649572649574,0.6628571428571429,41.91260361671448
nyy21,1.0,0.1561771561771562,0.2701612903225807,0.9848484848484849,0.15186915887850466,0.2631578947368421,1.0,0.1561771561771562,0.2701612903225807,45.588717222213745
nyy3p,1.0,0.3103015075376884,0.47363374880153397,0.9878048780487805,0.30566037735849055,0.46685878962536026,1.0,0.3103015075376884,0.47363374880153397,40.028464794158936
nyyci,1.0,0.4406779661016949,0.611764705882353,0.9607843137254902,0.4188034188034188,0.5833333333333334,1.0,0.4406779661016949,0.611764705882353,23.379377126693726
nyys7,1.0,0.1518987341772152,0.26373626373626374,0.9714285714285714,0.1440677966101695,0.2509225092250923,1.0,0.1518987341772152,0.26373626373626374,30.340152740478516
nyyvz,1.0,0.0947136563876652,0.17303822937625754,1.0,0.09271523178807947,0.1696969696969697,1.0,0.0947136563876652,0.17303822937625754,70.54751133918762
nyywo,1.0,0.15157353885677585,0.2632459564974903,0.9787234042553191,0.14781491002570693,0.25683975432719147,1.0,0.15157353885677585,0.2632459564974903,177.73130226135254
nyz05,1.0,0.445578231292517,0.6164705882352941,0.9655172413793104,0.4293015332197615,0.5943396226415094,1.0,0.445578231292517,0.6164705882352941,124.2152009010315
nyzvj,1.0,0.09959982214317474,0.18115649009300447,0.9551569506726457,0.0947508896797153,0.17239983812221774,1.0,0.09959982214317474,0.18115649009300447,115.3801417350769
nz05j,1.0,0.017777467930842165,0.03493389958216316,0.984251968503937,0.017430105277835877,0.03425361375625128,1.0,0.017777467930842165,0.03493389958216316,87.93837094306946
nz0fd,1.0,0.38953488372093026,0.5606694560669456,0.9848484848484849,0.38011695906432746,0.5485232067510548,1.0,0.38953488372093026,0.5606694560669456,31.801610708236694
nz0mb,1.0,0.1837837837837838,0.31050228310502287,0.9850746268656716,0.17886178861788618,0.3027522935779816,1.0,0.1837837837837838,0.31050228310502287,72.50677061080933
nz10n,1.0,0.5760869565217391,0.7310344827586206,0.9619047619047619,0.5519125683060109,0.7013888888888887,1.0,0.5760869565217391,0.7310344827586206,72.09351086616516
nz1e9,1.0,0.10032362459546926,0.18235294117647058,0.9666666666666667,0.09415584415584416,0.1715976331360947,1.0,0.10032362459546926,0.18235294117647058,41.83203887939453
nz24k,1.0,0.3901098901098901,0.5612648221343873,1.0,0.3867403314917127,0.5577689243027888,1.0,0.3901098901098901,0.5612648221343873,30.85698413848877
nz25e,1.0,0.14864864864864866,0.25882352941176473,1.0,0.14285714285714285,0.25,1.0,0.14864864864864866,0.25882352941176473,34.65848422050476
nz2hv,1.0,0.1581196581196581,0.2730627306273063,0.9722222222222222,0.15021459227467812,0.26022304832713755,1.0,0.1581196581196581,0.2730627306273063,30.28498673439026
nz2j8,1.0,0.10526315789473684,0.1904761904761905,0.9655172413793104,0.09859154929577464,0.17891373801916932,1.0,0.10526315789473684,0.1904761904761905,88.31640195846558
nz2mc,1.0,0.4880952380952381,0.6559999999999999,0.9918367346938776,0.4831013916500994,0.6497326203208557,1.0,0.4880952380952381,0.6559999999999999,81.72603130340576
nz2nz,1.0,0.03993524015110631,0.0768033212247016,0.9819004524886877,0.03904282115869018,0.07509949818307665,1.0,0.03993524015110631,0.0768033212247016,185.19800114631653
nz33n,1.0,0.45689655172413796,0.6272189349112427,1.0,0.45217391304347826,0.6227544910179641,1.0,0.45689655172413796,0.6272189349112427,13.120665550231934
nz35r,1.0,0.1187800963081862,0.21233859397417504,0.9819004524886877,0.11616702355460386,0.2077549066539014,1.0,0.1187800963081862,0.21233859397417504,186.50254130363464
nz3sk,1.0,0.20306513409961685,0.3375796178343949,0.9615384615384616,0.19230769230769232,0.32051282051282054,1.0,0.20306513409961685,0.3375796178343949,50.576690435409546
nz47p,1.0,0.6909975669099757,0.8172661870503597,0.9929328621908127,0.6853658536585366,0.8109668109668109,1.0,0.6909975669099757,0.8172661870503597,64.7239408493042
nz4b6,1.0,0.6363636363636364,0.7777777777777778,1.0,0.6344086021505376,0.7763157894736843,1.0,0.6363636363636364,0.7777777777777778,12.099266767501831
nz6f7,1.0,0.15789473684210525,0.2727272727272727,0.96875,0.14903846153846154,0.25833333333333336,1.0,0.15789473684210525,0.2727272727272727,38.101606369018555
nz6fd,1.0,0.4954128440366973,0.6625766871165644,1.0,0.49074074074074076,0.6583850931677019,1.0,0.4954128440366973,0.6625766871165644,30.522481203079224
nz6n0,1.0,0.15051020408163265,0.2616407982261641,0.9655172413793104,0.1432225063938619,0.2494432071269488,1.0,0.15051020408163265,0.2616407982261641,71.60407710075378
nz6qh,1.0,0.6268656716417911,0.7706422018348624,0.9879518072289156,0.6165413533834586,0.7592592592592593,1.0,0.6268656716417911,0.7706422018348624,20.87099027633667
nz6yv,1.0,0.09745762711864407,0.1776061776061776,1.0,0.09361702127659574,0.17120622568093385,1.0,0.09745762711864407,0.1776061776061776,41.31711030006409
nz7e5,1.0,0.25596816976127323,0.40760295670538543,0.9739583333333334,0.24833997343957503,0.3957671957671958,1.0,0.25596816976127323,0.40760295670538543,78.9313337802887
nz7kd,1.0,0.14917127071823205,0.25961538461538464,1.0,0.14444444444444443,0.2524271844660194,1.0,0.14917127071823205,0.25961538461538464,52.45958232879639
nz7n0,1.0,0.4954128440366973,0.6625766871165644,1.0,0.49074074074074076,0.6583850931677019,1.0,0.4954128440366973,0.6625766871165644,16.197296619415283
nz83a,1.0,0.6847290640394089,0.8128654970760235,0.9637681159420289,0.6584158415841584,0.7823529411764706,1.0,0.6847290640394089,0.8128654970760235,24.97283411026001
nz84t,1.0,0.15294117647058825,0.2653061224489796,1.0,0.14792899408284024,0.25773195876288657,1.0,0.15294117647058825,0.2653061224489796,69.3577151298523
nz8c1,1.0,0.14006514657980457,0.24571428571428572,0.9761904761904762,0.13398692810457516,0.23563218390804594,1.0,0.14006514657980457,0.24571428571428572,57.99118137359619
nz8du,1.0,0.12582781456953643,0.2235294117647059,1.0,0.12,0.21428571428571425,1.0,0.12582781456953643,0.2235294117647059,39.18253827095032
nz8tf,1.0,0.2706422018348624,0.42599277978339345,0.9655172413793104,0.25806451612903225,0.4072727272727273,1.0,0.2706422018348624,0.42599277978339345,108.03895688056946
nz927,1.0,0.5561797752808989,0.7148014440433214,0.9897959183673469,0.5480225988700564,0.7054545454545454,1.0,0.5561797752808989,0.7148014440433214,26.702861785888672
nz936,1.0,0.5862068965517241,0.7391304347826086,0.990909090909091,0.5797872340425532,0.7315436241610738,1.0,0.5862068965517241,0.7391304347826086,17.64989972114563
nz9bo,1.0,0.22713864306784662,0.3701923076923077,0.9736842105263158,0.21893491124260356,0.357487922705314,1.0,0.22713864306784662,0.3701923076923077,47.106056928634644
nz9j9,1.0,0.1485148514851485,0.25862068965517243,1.0,0.14427860696517414,0.2521739130434783,1.0,0.1485148514851485,0.25862068965517243,32.22369718551636
nz9mf,1.0,0.5052950075642966,0.6713567839195981,0.9819819819819819,0.4954545454545455,0.6586102719033233,1.0,0.5052950075642966,0.6713567839195981,74.20446801185608
nz9oi,1.0,0.6706586826347305,0.8028673835125447,0.9819819819819819,0.6566265060240963,0.7870036101083031,1.0,0.6706586826347305,0.8028673835125447,44.13518476486206
nzam4,1.0,0.14814814814814814,0.25806451612903225,0.9629629629629629,0.13829787234042554,0.2418604651162791,1.0,0.14814814814814814,0.25806451612903225,72.83991026878357
nzar2,1.0,0.15281501340482573,0.2651162790697675,0.9464285714285714,0.1424731182795699,0.24766355140186916,1.0,0.15281501340482573,0.2651162790697675,54.556063413619995
nzb1l,1.0,0.7935483870967742,0.8848920863309353,0.9836065573770492,0.7792207792207793,0.8695652173913043,1.0,0.7935483870967742,0.8848920863309353,21.48304843902588
nzb22,1.0,0.30833333333333335,0.4713375796178344,0.9722222222222222,0.29411764705882354,0.45161290322580644,1.0,0.30833333333333335,0.4713375796178344,14.36407732963562
nzbjo,1.0,0.0962962962962963,0.17567567567567569,1.0,0.09293680297397769,0.17006802721088435,1.0,0.0962962962962963,0.17567567567567569,46.629982709884644
nzbkm,1.0,0.11347517730496454,0.20382165605095542,0.967741935483871,0.10676156583629894,0.1923076923076923,1.0,0.11347517730496454,0.20382165605095542,25.84725522994995
nzbpe,1.0,0.27631578947368424,0.4329896907216495,1.0,0.271523178807947,0.4270833333333333,1.0,0.27631578947368424,0.4329896907216495,48.10084772109985
nzbw5,1.0,0.07964601769911504,0.1475409836065574,1.0,0.07142857142857142,0.13333333333333333,1.0,0.07964601769911504,0.1475409836065574,18.488131999969482
nzcb6,1.0,0.47,0.6394557823129251,0.9822064056939501,0.4607679465776294,0.6272727272727273,1.0,0.47,0.6394557823129251,41.61552166938782
nzcec,1.0,0.37583892617449666,0.5463414634146342,1.0,0.3716216216216216,0.541871921182266,1.0,0.37583892617449666,0.5463414634146342,24.959731340408325
nzcg6,1.0,0.3770491803278688,0.5476190476190476,0.9705882352941176,0.3626373626373626,0.528,1.0,0.3770491803278688,0.5476190476190476,21.38811492919922
nzcm4,1.0,0.6538461538461539,0.7906976744186047,0.9915254237288136,0.6464088397790055,0.782608695652174,1.0,0.6538461538461539,0.7906976744186047,48.55887484550476
nzcqq,1.0,0.2926829268292683,0.45283018867924524,1.0,0.28688524590163933,0.4458598726114649,1.0,0.2926829268292683,0.45283018867924524,19.57490634918213
nzd75,1.0,0.09671993271656855,0.1763803680981595,0.9650655021834061,0.09297433740008414,0.1696085955487337,1.0,0.09671993271656855,0.1763803680981595,127.74456143379211
nzdoe,1.0,0.20647773279352227,0.3422818791946309,0.98,0.1991869918699187,0.3310810810810811,1.0,0.20647773279352227,0.3422818791946309,50.2320499420166
nzdw2,1.0,0.16666666666666666,0.2857142857142857,1.0,0.16167664670658682,0.27835051546391754,1.0,0.16666666666666666,0.2857142857142857,45.67502427101135
nzdw9,1.0,0.11392405063291139,0.20454545454545456,1.0,0.10828025477707007,0.19540229885057472,1.0,0.11392405063291139,0.20454545454545456,37.20830225944519
nzeam,1.0,0.12037037037037036,0.21487603305785122,1.0,0.11627906976744186,0.20833333333333334,1.0,0.12037037037037036,0.21487603305785122,35.76895070075989
nzecd,1.0,0.5838150289017341,0.7372262773722628,0.9751243781094527,0.5681159420289855,0.717948717948718,1.0,0.5838150289017341,0.7372262773722628,33.43650245666504
nzegi,1.0,0.1284796573875803,0.22770398481973433,0.9491525423728814,0.12017167381974249,0.21333333333333332,1.0,0.1284796573875803,0.22770398481973433,67.24965643882751
nzejf,1.0,0.162294081757169,0.27926509186351706,0.9811320754716981,0.15873015873015872,0.2732527588018917,1.0,0.162294081757169,0.27926509186351706,148.11879897117615
nzeup,1.0,0.4828897338403042,0.6512820512820513,0.9841897233201581,0.4742857142857143,0.6401028277634961,1.0,0.4828897338403042,0.6512820512820513,56.44952464103699
nzf74,1.0,0.3168771526980482,0.4812554489973845,0.9781818181818182,0.30919540229885056,0.46986899563318785,1.0,0.3168771526980482,0.4812554489973845,92.84976553916931
nzfli,1.0,0.350253807106599,0.518796992481203,0.9781818181818182,0.3418043202033037,0.5065913370998116,1.0,0.350253807106599,0.518796992481203,60.14778113365173
nzfrp,1.0,0.1513157894736842,0.26285714285714284,0.9555555555555556,0.1419141914191419,0.24712643678160917,1.0,0.1513157894736842,0.26285714285714284,47.202587366104126
nzfsa,1.0,0.4395973154362416,0.6107226107226107,0.9808429118773946,0.43025210084033616,0.5981308411214953,1.0,0.4395973154362416,0.6107226107226107,59.34443235397339
nzfsl,1.0,0.09523809523809523,0.17391304347826084,0.8947368421052632,0.08133971291866028,0.14912280701754385,1.0,0.09523809523809523,0.17391304347826084,89.82548332214355
nzg66,1.0,0.41740674955595025,0.5889724310776941,0.9658119658119658,0.40213523131672596,0.5678391959798994,1.0,0.41740674955595025,0.5889724310776941,74.53061246871948
nzgzz,1.0,0.22424242424242424,0.3663366336633664,1.0,0.21951219512195122,0.36,1.0,0.22424242424242424,0.3663366336633664,91.25136542320251
nzh40,1.0,0.12727272727272726,0.22580645161290322,0.926829268292683,0.11550151975683891,0.20540540540540542,1.0,0.12727272727272726,0.22580645161290322,208.23555850982666
nzh6y,1.0,0.11899441340782123,0.21268097853220172,0.9669811320754716,0.11458915595304639,0.20489755122438777,1.0,0.11899441340782123,0.21268097853220172,182.754864692688
nzhj5,1.0,0.1390728476821192,0.24418604651162787,0.9838709677419355,0.13495575221238937,0.2373540856031128,1.0,0.1390728476821192,0.24418604651162787,81.14244103431702
nzhoy,1.0,0.3390804597701149,0.5064377682403434,0.9827586206896551,0.32947976878612717,0.49350649350649356,1.0,0.3390804597701149,0.5064377682403434,29.719881296157837
nzicc,1.0,0.15346534653465346,0.26609442060085836,0.9333333333333333,0.13930348258706468,0.24242424242424243,1.0,0.15346534653465346,0.26609442060085836,75.26273608207703
nzihx,1.0,0.33181818181818185,0.4982935153583618,0.9722222222222222,0.319634703196347,0.4810996563573883,1.0,0.33181818181818185,0.4982935153583618,55.49900531768799
nzis2,1.0,0.09339407744874716,0.17083333333333334,0.975,0.08904109589041095,0.1631799163179916,1.0,0.09339407744874716,0.17083333333333334,23.488962173461914
nzit3,1.0,0.22905027932960895,0.37272727272727274,0.95,0.21348314606741572,0.34862385321100914,1.0,0.22905027932960895,0.37272727272727274,92.65822887420654
nzj1h,1.0,0.7718120805369127,0.8712121212121211,0.9912280701754386,0.7635135135135135,0.8625954198473282,1.0,0.7718120805369127,0.8712121212121211,10.417710304260254
nzji8,1.0,0.3264058679706601,0.49216589861751153,0.9736842105263158,0.31701346389228885,0.47830101569713757,1.0,0.3264058679706601,0.49216589861751153,36.268430948257446
nzjrt,1.0,0.25,0.4,0.9824561403508771,0.24242424242424243,0.3888888888888889,1.0,0.25,0.4,51.309985637664795
nzjtx,1.0,0.413953488372093,0.5855263157894737,0.9886363636363636,0.40654205607476634,0.576158940397351,1.0,0.413953488372093,0.5855263157894737,23.403897762298584
nzjx6,1.0,0.4603174603174603,0.6304347826086957,1.0,0.456,0.6263736263736264,1.0,0.4603174603174603,0.6304347826086957,15.830267429351807
nzjzw,1.0,0.16666666666666666,0.2857142857142857,1.0,0.16279069767441862,0.28,1.0,0.16666666666666666,0.2857142857142857,25.274173974990845
nzk4c,1.0,0.4176470588235294,0.5892116182572614,0.9811320754716981,0.4086444007858546,0.5769764216366158,1.0,0.4176470588235294,0.5892116182572614,69.822345495224
nzk9x,1.0,0.0982367758186398,0.17889908256880732,0.9736842105263158,0.09343434343434344,0.1705069124423963,1.0,0.0982367758186398,0.17889908256880732,61.62954902648926
nzkdu,1.0,0.43167701863354035,0.6030368763557483,0.9711191335740073,0.41835147744945567,0.5847826086956522,1.0,0.43167701863354035,0.6030368763557483,39.819034576416016
nzkjv,1.0,0.8290598290598291,0.9065420560747663,0.9895833333333334,0.8189655172413793,0.8962264150943396,1.0,0.8290598290598291,0.9065420560747663,15.202231645584106
nzkms,1.0,0.4326530612244898,0.603988603988604,0.985781990521327,0.42535787321063395,0.5942857142857143,1.0,0.4326530612244898,0.603988603988604,23.13657832145691
nzl6u,1.0,0.6536312849162011,0.7905405405405406,1.0,0.651685393258427,0.7891156462585034,1.0,0.6536312849162011,0.7905405405405406,27.625667095184326
nzlkr,1.0,0.2717842323651452,0.4274061990212072,0.9846743295019157,0.26687435098650053,0.4199346405228759,1.0,0.2717842323651452,0.4274061990212072,110.67474365234375
nzm4u,1.0,0.07588739290085679,0.1410693970420933,0.9676113360323887,0.0731558004285277,0.13602731929425158,1.0,0.07588739290085679,0.1410693970420933,168.82593321800232
nzmjg,1.0,0.09009009009009009,0.1652892561983471,1.0,0.08181818181818182,0.15126050420168066,1.0,0.09009009009009009,0.1652892561983471,14.902166843414307
nzmoc,1.0,0.30484330484330485,0.46724890829694327,0.9716981132075472,0.29428571428571426,0.4517543859649123,1.0,0.30484330484330485,0.46724890829694327,28.559237957000732
nzmwy,1.0,0.1645021645021645,0.2825278810408922,0.972972972972973,0.1565217391304348,0.26966292134831465,1.0,0.1645021645021645,0.2825278810408922,29.582457065582275
nzn0l,1.0,0.16277472527472528,0.27997637330183106,0.9661016949152542,0.15670103092783505,0.2696629213483146,1.0,0.16277472527472528,0.27997637330183106,82.1619291305542
nznbr,1.0,0.5019305019305019,0.6683804627249358,0.9768339768339769,0.48936170212765956,0.6520618556701031,1.0,0.5019305019305019,0.6683804627249358,60.42601561546326
nznin,1.0,0.06103187919463087,0.11504249851749357,0.9896551724137931,0.06020558002936858,0.11350603124382046,1.0,0.06103187919463087,0.11504249851749357,59.076181173324585
nznpd,1.0,0.5636363636363636,0.7209302325581396,0.9891304347826086,0.5548780487804879,0.7109375000000001,1.0,0.5636363636363636,0.7209302325581396,25.606677293777466
nzo3f,1.0,0.8803418803418803,0.9363636363636364,1.0,0.8793103448275862,0.9357798165137614,1.0,0.8803418803418803,0.9363636363636364,15.502943754196167
nzo8c,1.0,0.15730337078651685,0.27184466019417475,0.9512195121951219,0.14661654135338345,0.25407166123778496,1.0,0.15730337078651685,0.27184466019417475,36.09180927276611
nzodz,1.0,0.10434782608695652,0.18897637795275588,1.0,0.09649122807017543,0.176,1.0,0.10434782608695652,0.18897637795275588,29.475600719451904
nzq1c,1.0,0.17002417405318293,0.290633608815427,0.9714285714285714,0.16451612903225807,0.2813793103448276,1.0,0.17002417405318293,0.290633608815427,52.13671040534973
nzq2f,1.0,0.18327526132404182,0.30977620730270905,0.9770992366412213,0.17852161785216178,0.30188679245283023,1.0,0.18327526132404182,0.30977620730270905,136.18127608299255
nzr0l,1.0,0.2396109637488948,0.38659058487874465,0.9888888888888889,0.23628318584070795,0.3814285714285714,1.0,0.2396109637488948,0.38659058487874465,56.45392179489136
nzr7g,1.0,0.20681818181818182,0.3427495291902072,0.9666666666666667,0.19817767653758542,0.3289224952741021,1.0,0.20681818181818182,0.3427495291902072,41.89037322998047
nzrd0,1.0,0.45692883895131087,0.6272493573264781,0.9794238683127572,0.44652908067542213,0.6134020618556701,1.0,0.45692883895131087,0.6272493573264781,29.221134901046753
nzruj,1.0,0.1078167115902965,0.194647201946472,1.0,0.10540540540540541,0.19070904645476774,1.0,0.1078167115902965,0.194647201946472,101.97867131233215
nzsh7,1.0,0.1575091575091575,0.2721518987341772,1.0,0.15441176470588236,0.26751592356687903,1.0,0.1575091575091575,0.2721518987341772,34.81320261955261
nzsz5,1.0,0.41496598639455784,0.5865384615384616,1.0,0.410958904109589,0.5825242718446603,1.0,0.41496598639455784,0.5865384615384616,34.572449684143066
nzt8z,1.0,0.24603174603174602,0.3949044585987261,0.979757085020243,0.24031777557100298,0.38596491228070173,1.0,0.24603174603174602,0.3949044585987261,130.90335774421692
nzuhm,1.0,0.48084291187739464,0.6494178525226391,0.98,0.47024952015355087,0.635538261997406,1.0,0.48084291187739464,0.6494178525226391,29.5682852268219
nzuvm,1.0,0.2661290322580645,0.4203821656050955,0.96875,0.25203252032520324,0.4,1.0,0.2661290322580645,0.4203821656050955,20.976590633392334
nzv7n,1.0,0.1859504132231405,0.313588850174216,0.9545454545454546,0.17427385892116182,0.29473684210526313,1.0,0.1859504132231405,0.313588850174216,39.716854095458984
nzvd8,1.0,0.16654854712969525,0.28554070473876064,0.9786324786324786,0.1624113475177305,0.2785888077858881,1.0,0.16654854712969525,0.28554070473876064,139.55621242523193
nzvrm,1.0,0.13411078717201166,0.23650385604113108,1.0,0.13157894736842105,0.23255813953488372,1.0,0.13411078717201166,0.23650385604113108,23.15842318534851
nzvxj,1.0,0.13930348258706468,0.2445414847161572,0.9629629629629629,0.13,0.2290748898678414,1.0,0.13930348258706468,0.2445414847161572,45.23258709907532
nzw3b,1.0,0.2965034965034965,0.45738942826321466,0.990521327014218,0.2927170868347339,0.45189189189189194,1.0,0.2965034965034965,0.45738942826321466,42.58175182342529
nzwhm,1.0,0.29219143576826195,0.4522417153996101,0.9913419913419913,0.28877679697351827,0.44726562499999994,1.0,0.29219143576826195,0.4522417153996101,50.09964561462402
nzxce,1.0,0.2,0.33333333333333337,1.0,0.1935483870967742,0.3243243243243243,1.0,0.2,0.33333333333333337,19.12680959701538
nzxu6,1.0,0.020842017507294707,0.04083299305839118,0.963855421686747,0.02001000500250125,0.039206076941925995,1.0,0.020842017507294707,0.04083299305839118,101.63059067726135
nzy2f,1.0,0.13978494623655913,0.24528301886792453,1.0,0.13513513513513514,0.2380952380952381,1.0,0.13978494623655913,0.24528301886792453,12.590038776397705
nzzog,1.0,0.14285714285714285,0.25,1.0,0.1375,0.2417582417582418,1.0,0.14285714285714285,0.25,25.522440671920776
nzzoy,1.0,0.09154929577464789,0.16774193548387095,1.0,0.0851063829787234,0.1568627450980392,1.0,0.09154929577464789,0.16774193548387095,30.316800355911255
o005h,1.0,0.11368015414258188,0.2041522491349481,0.9744680851063829,0.11036144578313253,0.19826839826839826,1.0,0.11368015414258188,0.2041522491349481,196.2391676902771
o01fu,1.0,0.20918785890073832,0.3459972862957938,0.968503937007874,0.2019704433497537,0.3342391304347826,1.0,0.20918785890073832,0.3459972862957938,51.58442234992981
o01j4,1.0,0.11618257261410789,0.20817843866171004,1.0,0.1125,0.20224719101123595,1.0,0.11618257261410789,0.20817843866171004,20.30539560317993
o01j7,1.0,0.167420814479638,0.28682170542635654,0.9722222222222222,0.1590909090909091,0.2734375,1.0,0.167420814479638,0.28682170542635654,31.37183904647827
o01mt,1.0,0.14976494291470785,0.26051401869158874,0.9684684684684685,0.14448924731182797,0.2514619883040936,1.0,0.14976494291470785,0.26051401869158874,204.49679946899414
o01yk,1.0,0.10426540284360189,0.18884120171673818,0.9534883720930233,0.09738717339667459,0.17672413793103448,1.0,0.10426540284360189,0.18884120171673818,42.61400747299194
o02ck,1.0,0.3898305084745763,0.5609756097560975,1.0,0.38461538461538464,0.5555555555555556,1.0,0.3898305084745763,0.5609756097560975,7.571986436843872
o02fp,1.0,0.27787934186471663,0.4349070100143062,0.9867549668874173,0.27289377289377287,0.4275466284074605,1.0,0.27787934186471663,0.4349070100143062,26.74405264854431
o03tz,1.0,0.19642857142857142,0.3283582089552239,1.0,0.1891891891891892,0.3181818181818182,1.0,0.19642857142857142,0.3283582089552239,34.06006217002869
o03yy,1.0,0.14285714285714285,0.25,1.0,0.13559322033898305,0.23880597014925373,1.0,0.14285714285714285,0.25,52.627111196517944
o04cn,1.0,0.64,0.7804878048780487,0.9825783972125436,0.6280623608017817,0.766304347826087,1.0,0.64,0.7804878048780487,41.042919635772705
o04dj,1.0,0.23694779116465864,0.3831168831168831,0.9829787234042553,0.2321608040201005,0.37560975609756103,1.0,0.23694779116465864,0.3831168831168831,52.319140672683716
o0651,1.0,0.08588957055214724,0.15819209039548024,1.0,0.08024691358024691,0.14857142857142858,1.0,0.08588957055214724,0.15819209039548024,29.304126977920532
o0673,1.0,0.3055555555555556,0.46808510638297873,1.0,0.29906542056074764,0.46043165467625896,1.0,0.3055555555555556,0.46808510638297873,16.675878524780273
o06cj,1.0,0.591304347826087,0.7431693989071038,0.9850746268656716,0.5789473684210527,0.729281767955801,1.0,0.591304347826087,0.7431693989071038,14.590927600860596
o06ix,1.0,0.2071917808219178,0.3432624113475178,0.9583333333333334,0.19725557461406518,0.3271692745376956,1.0,0.2071917808219178,0.3432624113475178,21.777586936950684
o06j0,1.0,0.2682926829268293,0.4230769230769231,1.0,0.26380368098159507,0.41747572815533973,1.0,0.2682926829268293,0.4230769230769231,31.597988605499268
o06nb,1.0,0.12883435582822086,0.2282608695652174,0.95,0.11728395061728394,0.20879120879120877,1.0,0.12883435582822086,0.2282608695652174,25.079326391220093
o06uz,1.0,0.2991128010139417,0.4604878048780488,0.9617021276595744,0.2868020304568528,0.44183773216031286,1.0,0.2991128010139417,0.4604878048780488,52.53377914428711
o07zg,1.0,0.10606060606060606,0.19178082191780824,1.0,0.09923664122137404,0.18055555555555555,1.0,0.10606060606060606,0.19178082191780824,20.012777090072632
o08m3,1.0,0.40148698884758366,0.5729442970822282,0.9767441860465116,0.39106145251396646,0.5585106382978723,1.0,0.40148698884758366,0.5729442970822282,68.94114947319031
o08yz,1.0,0.31601731601731603,0.48026315789473684,0.9722222222222222,0.30434782608695654,0.4635761589403974,1.0,0.31601731601731603,0.48026315789473684,34.45175576210022
o0927,1.0,0.1907949790794979,0.320449754040759,0.9823788546255506,0.18676716917922948,0.31386347642505275,1.0,0.1907949790794979,0.320449754040759,66.07272481918335
o095q,1.0,0.07712248865845756,0.14320096269554752,0.9831223628691983,0.07552674230145867,0.14027694160144488,1.0,0.07712248865845756,0.14320096269554752,158.0552694797516
o09da,1.0,0.6272401433691757,0.7709251101321586,0.9885057471264368,0.6187050359712231,0.7610619469026548,1.0,0.6272401433691757,0.7709251101321586,45.85584044456482
o09rh,1.0,0.19642857142857142,0.3283582089552239,1.0,0.1891891891891892,0.3181818181818182,1.0,0.19642857142857142,0.3283582089552239,31.89180898666382
o09u3,1.0,0.1480865224625624,0.2579710144927536,0.981203007518797,0.14483906770255273,0.2524177949709865,1.0,0.1480865224625624,0.2579710144927536,182.98180747032166
o0aaz,1.0,0.15748031496062992,0.272108843537415,1.0,0.15079365079365079,0.2620689655172414,1.0,0.15748031496062992,0.272108843537415,23.957996368408203
o0aph,1.0,0.13157894736842105,0.23255813953488372,0.984375,0.12778904665314403,0.22621184919210058,1.0,0.13157894736842105,0.23255813953488372,59.18440079689026
o0azm,1.0,0.20938628158844766,0.3462686567164179,0.9649122807017544,0.19927536231884058,0.3303303303303303,1.0,0.20938628158844766,0.3462686567164179,45.87679934501648
o0bbr,1.0,0.10256410256410256,0.18604651162790695,0.9565217391304348,0.0944206008583691,0.17187500000000003,1.0,0.10256410256410256,0.18604651162790695,39.20561218261719
o0brk,1.0,0.09056603773584905,0.16608996539792387,1.0,0.08712121212121213,0.16027874564459932,1.0,0.09056603773584905,0.16608996539792387,28.05535078048706
o0c1p,1.0,0.4330434782608696,0.6043689320388349,0.9798387096774194,0.42334494773519166,0.5912408759124087,1.0,0.4330434782608696,0.6043689320388349,52.006678104400635
o0c1y,1.0,0.32432432432432434,0.489795918367347,0.9626168224299065,0.3102409638554217,0.46924829157175396,1.0,0.32432432432432434,0.489795918367347,33.90446639060974
o0cbu,1.0,0.22337278106508876,0.3651753325272068,0.9733333333333334,0.2162962962962963,0.353939393939394,1.0,0.22337278106508876,0.3651753325272068,83.47441220283508
o0cf6,1.0,0.3163138231631382,0.4806054872280038,0.9920948616600791,0.31296758104738154,0.4758293838862559,1.0,0.3163138231631382,0.4806054872280038,52.39407920837402
o0cms,1.0,0.16233766233766234,0.27932960893854747,0.9591836734693877,0.15309446254071662,0.2640449438202247,1.0,0.16233766233766234,0.27932960893854747,42.24999928474426
o0d14,1.0,0.2579185520361991,0.4100719424460432,0.9823529411764705,0.25226586102719034,0.4014423076923077,1.0,0.2579185520361991,0.4100719424460432,72.68182873725891
o0d1k,1.0,0.14189189189189189,0.2485207100591716,0.95,0.1292517006802721,0.22754491017964074,1.0,0.14189189189189189,0.2485207100591716,24.71933937072754
o0d9k,1.0,0.3358208955223881,0.5027932960893855,0.9776119402985075,0.3266832917705736,0.48971962616822434,1.0,0.3358208955223881,0.5027932960893855,30.83989691734314
o0de9,1.0,0.1588785046728972,0.27419354838709675,0.9746835443037974,0.15430861723446893,0.2664359861591695,1.0,0.1588785046728972,0.27419354838709675,57.77734184265137
o0dgf,1.0,0.3625,0.5321100917431192,0.9824561403508771,0.3522012578616352,0.5185185185185185,1.0,0.3625,0.5321100917431192,28.290892362594604
o0dos,1.0,0.1900990099009901,0.3194675540765391,0.9789473684210527,0.18452380952380953,0.3105175292153589,1.0,0.1900990099009901,0.3194675540765391,63.237462520599365
o0dzh,1.0,0.08208955223880597,0.1517241379310345,1.0,0.07865168539325842,0.14583333333333334,1.0,0.08208955223880597,0.1517241379310345,20.245245695114136
o0dzw,1.0,0.15681818181818183,0.27111984282907664,0.9705882352941176,0.15034168564920272,0.2603550295857988,1.0,0.15681818181818183,0.27111984282907664,33.23343849182129
o0ecq,1.0,0.16541353383458646,0.2838709677419355,0.9767441860465116,0.15849056603773584,0.2727272727272727,1.0,0.16541353383458646,0.2838709677419355,24.611525058746338
o0ehc,1.0,0.3944636678200692,0.56575682382134,0.9691629955947136,0.38128249566724437,0.5472636815920399,1.0,0.3944636678200692,0.56575682382134,50.020257234573364
o0f6c,1.0,0.25566037735849056,0.40721262208865516,0.9814814814814815,0.2502360717658168,0.3987960872836719,1.0,0.25566037735849056,0.40721262208865516,138.8817481994629
o0fup,1.0,0.25821596244131456,0.41044776119402987,0.9444444444444444,0.24056603773584906,0.38345864661654133,1.0,0.25821596244131456,0.41044776119402987,25.323962450027466
o0gja,1.0,0.12179487179487179,0.21714285714285714,1.0,0.11612903225806452,0.20809248554913296,1.0,0.12179487179487179,0.21714285714285714,28.288196086883545
o0hj1,1.0,0.6131386861313869,0.7601809954751131,0.9920318725099602,0.6073170731707317,0.7534039334341905,1.0,0.6131386861313869,0.7601809954751131,36.40236568450928
o0hki,1.0,0.1440972222222222,0.25189681335356595,0.975609756097561,0.1391304347826087,0.24353120243531198,1.0,0.1440972222222222,0.25189681335356595,41.54595971107483
o0hvc,1.0,0.14163090128755365,0.2481203007518797,0.9375,0.12931034482758622,0.22727272727272727,1.0,0.14163090128755365,0.2481203007518797,31.812501430511475
o0i09,1.0,0.2906666666666667,0.4504132231404959,0.9769585253456221,0.28304405874499333,0.43892339544513453,1.0,0.2906666666666667,0.4504132231404959,86.88610172271729
o0i86,1.0,0.1958041958041958,0.32748538011695905,1.0,0.19014084507042253,0.31952662721893493,1.0,0.1958041958041958,0.32748538011695905,26.275179624557495
o0ioj,1.0,0.6338028169014085,0.7758620689655172,0.9925373134328358,0.6273584905660378,0.7687861271676301,1.0,0.6338028169014085,0.7758620689655172,17.24345588684082
o0jeb,1.0,0.12272727272727273,0.2186234817813765,1.0,0.1187214611872146,0.2122448979591837,1.0,0.12272727272727273,0.2186234817813765,31.5011727809906
o0jfp,1.0,0.25418060200668896,0.4053333333333333,0.9691629955947136,0.24553571428571427,0.39180765805877116,1.0,0.25418060200668896,0.4053333333333333,67.93542146682739
o0jlo,1.0,0.45,0.6206896551724138,0.9838709677419355,0.43884892086330934,0.6069651741293532,1.0,0.45,0.6206896551724138,20.31847333908081
o0jmr,1.0,0.22127659574468084,0.3623693379790941,0.9803921568627451,0.21367521367521367,0.3508771929824561,1.0,0.22127659574468084,0.3623693379790941,23.618004322052002
o0jyl,1.0,0.11440677966101695,0.20532319391634982,0.9615384615384616,0.10638297872340426,0.19157088122605365,1.0,0.11440677966101695,0.20532319391634982,34.162877559661865
o0k3m,1.0,0.1419141914191419,0.24855491329479767,1.0,0.1390728476821192,0.24418604651162787,1.0,0.1419141914191419,0.24855491329479767,31.36194086074829
o0kao,1.0,0.1297709923664122,0.2297297297297297,0.9696969696969697,0.12260536398467432,0.217687074829932,1.0,0.1297709923664122,0.2297297297297297,57.52529048919678
o0l8i,1.0,0.4109014675052411,0.5824665676077265,0.9743589743589743,0.39915966386554624,0.5663189269746647,1.0,0.4109014675052411,0.5824665676077265,42.430694580078125
o0ljd,1.0,0.09973753280839895,0.18138424821002386,0.972972972972973,0.09473684210526316,0.17266187050359713,1.0,0.09973753280839895,0.18138424821002386,27.63457751274109
o0m2u,1.0,0.10526315789473684,0.1904761904761905,1.0,0.09734513274336283,0.1774193548387097,1.0,0.10526315789473684,0.1904761904761905,32.94248938560486
o0m3z,1.0,0.227792436235708,0.37106017191977075,0.9612403100775194,0.21830985915492956,0.3558106169296987,1.0,0.227792436235708,0.37106017191977075,80.07938599586487
o0mr8,1.0,0.21813031161473087,0.3581395348837209,0.9736842105263158,0.21022727272727273,0.34579439252336447,1.0,0.21813031161473087,0.3581395348837209,84.32314491271973
o0muo,1.0,0.24778761061946902,0.3971631205673759,0.968609865470852,0.23920265780730898,0.38365896980461817,1.0,0.24778761061946902,0.3971631205673759,91.05169177055359
o0my1,1.0,0.12857142857142856,0.22784810126582278,1.0,0.1223021582733813,0.21794871794871798,1.0,0.12857142857142856,0.22784810126582278,33.55093812942505
o0n5j,1.0,0.29377431906614787,0.45413533834586467,0.9800664451827242,0.2872444011684518,0.4442771084337349,1.0,0.29377431906614787,0.45413533834586467,121.66123867034912
o0n5s,1.0,0.26666666666666666,0.4210526315789474,0.9711934156378601,0.25820568927789933,0.4079515989628349,1.0,0.26666666666666666,0.4210526315789474,207.5012230873108
o0nqj,1.0,0.10989010989010989,0.198019801980198,0.9655172413793104,0.10294117647058823,0.18604651162790697,1.0,0.10989010989010989,0.198019801980198,134.39585638046265
o0o0k,1.0,0.270392749244713,0.42568370986920334,0.9662921348314607,0.26021180030257185,0.4100119189511323,1.0,0.270392749244713,0.42568370986920334,30.09921884536743
o0ojf,1.0,0.23770491803278687,0.3841059602649007,0.9642857142857143,0.2231404958677686,0.3624161073825503,1.0,0.23770491803278687,0.3841059602649007,29.022435903549194
o0pjm,1.0,0.14583333333333334,0.2545454545454546,1.0,0.13986013986013987,0.245398773006135,1.0,0.14583333333333334,0.2545454545454546,37.46200776100159
o0prr,1.0,0.3848531684698609,0.5558035714285714,0.9556451612903226,0.3668730650154799,0.5302013422818791,1.0,0.3848531684698609,0.5558035714285714,108.39089703559875
o0psv,1.0,0.7015503875968992,0.8246013667425969,0.9888888888888889,0.6926070038910506,0.8146453089244852,1.0,0.7015503875968992,0.8246013667425969,32.546741008758545
o0q5z,1.0,0.07586837294332724,0.14103653355989806,0.9717741935483871,0.07345321548308442,0.1365826013034854,1.0,0.07586837294332724,0.14103653355989806,144.46416902542114
o0qc0,1.0,0.08904109589041095,0.16352201257861634,1.0,0.08275862068965517,0.15286624203821655,1.0,0.08904109589041095,0.16352201257861634,8.301888465881348
o0qi7,1.0,0.6153846153846154,0.761904761904762,0.9577464788732394,0.5862068965517241,0.7272727272727272,1.0,0.6153846153846154,0.761904761904762,12.415453672409058
o0qs7,1.0,0.08370044052863436,0.15447154471544716,0.9444444444444444,0.0752212389380531,0.13934426229508198,1.0,0.08370044052863436,0.15447154471544716,34.65895891189575
o0ree,1.0,0.11926605504587157,0.21311475409836067,0.96875,0.11397058823529412,0.20394736842105263,1.0,0.11926605504587157,0.21311475409836067,121.4781928062439
o0rff,1.0,0.40384615384615385,0.5753424657534247,0.9739130434782609,0.3922942206654991,0.5593008739076155,1.0,0.40384615384615385,0.5753424657534247,38.063695669174194
o0sdv,1.0,0.3898305084745763,0.5609756097560975,0.9777777777777777,0.37606837606837606,0.5432098765432098,1.0,0.3898305084745763,0.5609756097560975,7.836297512054443
o0sr0,1.0,0.11678486997635934,0.20914479254868754,0.975609756097561,0.11352885525070956,0.20338983050847456,1.0,0.11678486997635934,0.20914479254868754,130.82287073135376
o0t3o,1.0,0.16050244242847173,0.2766085387853277,0.9650655021834061,0.1543296089385475,0.2661047561709814,1.0,0.16050244242847173,0.2766085387853277,52.03324103355408
o0tmu,1.0,0.14184397163120568,0.24844720496894412,0.9473684210526315,0.12857142857142856,0.22641509433962265,1.0,0.14184397163120568,0.24844720496894412,25.83863663673401
o0tpd,1.0,0.18421052631578946,0.3111111111111111,1.0,0.17699115044247787,0.3007518796992481,1.0,0.18421052631578946,0.3111111111111111,29.578596115112305
o0ukj,1.0,0.3867069486404834,0.5577342047930284,0.9882352941176471,0.3812405446293495,0.5502183406113538,1.0,0.3867069486404834,0.5577342047930284,38.4412260055542
o0ul8,1.0,0.12112259970457903,0.2160737812911726,0.9755102040816327,0.11773399014778325,0.2101098901098901,1.0,0.12112259970457903,0.2160737812911726,92.72609162330627
o0ung,1.0,0.13664596273291926,0.24043715846994537,0.9523809523809523,0.125,0.22099447513812154,1.0,0.13664596273291926,0.24043715846994537,41.89922833442688
o0usl,1.0,0.1366906474820144,0.24050632911392406,0.9459459459459459,0.1263537906137184,0.22292993630573246,1.0,0.1366906474820144,0.24050632911392406,32.38945388793945
o0ute,1.0,0.1588785046728972,0.27419354838709675,1.0,0.1509433962264151,0.26229508196721313,1.0,0.1588785046728972,0.27419354838709675,47.56797218322754
o0uxq,1.0,0.3987730061349693,0.5701754385964912,0.9845360824742269,0.39139344262295084,0.560117302052786,1.0,0.3987730061349693,0.5701754385964912,29.745123863220215
o0v4x,1.0,0.22807017543859648,0.3714285714285714,1.0,0.22123893805309736,0.36231884057971014,1.0,0.22807017543859648,0.3714285714285714,14.567704677581787
o0vgd,1.0,0.13712374581939799,0.2411764705882353,1.0,0.1342281879194631,0.23668639053254437,1.0,0.13712374581939799,0.2411764705882353,44.40814185142517
o0vzb,1.0,0.2222222222222222,0.3636363636363636,0.9797979797979798,0.21603563474387527,0.354014598540146,1.0,0.2222222222222222,0.3636363636363636,24.63116693496704
o0w77,1.0,0.32565284178187404,0.49130938586326767,0.990521327014218,0.32153846153846155,0.4854819976771196,1.0,0.32565284178187404,0.49130938586326767,39.0925076007843
o0wd5,1.0,0.2826552462526767,0.4407345575959934,0.9809885931558935,0.2765273311897106,0.43143812709030094,1.0,0.2826552462526767,0.4407345575959934,40.90267872810364
o0x5g,1.0,0.20588235294117646,0.34146341463414637,0.9629629629629629,0.1925925925925926,0.3209876543209877,1.0,0.20588235294117646,0.34146341463414637,28.782796621322632
o0x8z,1.0,0.5743801652892562,0.7296587926509186,1.0,0.5726141078838174,0.7282321899736147,1.0,0.5743801652892562,0.7296587926509186,42.07854413986206
o0xft,1.0,0.5666666666666667,0.7234042553191489,0.9704641350210971,0.548926014319809,0.7012195121951219,1.0,0.5666666666666667,0.7234042553191489,81.37726020812988
o0xi1,1.0,0.30401234567901236,0.46627218934911246,0.9795918367346939,0.29675425038639874,0.4555160142348754,1.0,0.30401234567901236,0.46627218934911246,37.835328817367554
o0xix,1.0,0.1611842105263158,0.2776203966005666,0.9583333333333334,0.15181518151815182,0.2621082621082621,1.0,0.1611842105263158,0.2776203966005666,103.2533905506134
o0xqm,1.0,0.2855209742895805,0.44421052631578944,0.9761904761904762,0.2777777777777778,0.43248945147679324,1.0,0.2855209742895805,0.44421052631578944,38.9653685092926
o0xxv,1.0,0.15516372795969774,0.2686436982119494,0.9837133550488599,0.15221774193548387,0.2636403317328677,1.0,0.15516372795969774,0.2686436982119494,86.05174946784973
o0xyh,1.0,0.11239495798319328,0.20207743153918792,0.9716981132075472,0.10830704521556257,0.19489120151371805,1.0,0.11239495798319328,0.20207743153918792,56.99834609031677
o0y0z,1.0,0.051094890510948905,0.09722222222222222,0.9230769230769231,0.04395604395604396,0.08391608391608393,1.0,0.051094890510948905,0.09722222222222222,51.035945892333984
o0yre,1.0,0.10840108401084012,0.19559902200489,0.9743589743589743,0.10326086956521739,0.18673218673218672,1.0,0.10840108401084012,0.19559902200489,37.7642765045166
o0yxr,1.0,0.1423728813559322,0.24925816023738873,0.963855421686747,0.13582342954159593,0.23809523809523814,1.0,0.1423728813559322,0.24925816023738873,52.49683165550232
o0zfg,1.0,0.5,0.6666666666666666,0.9801324503311258,0.4884488448844885,0.6519823788546256,1.0,0.5,0.6666666666666666,47.66966414451599
o0zpp,1.0,0.09693877551020408,0.17674418604651163,0.9444444444444444,0.08717948717948718,0.1596244131455399,1.0,0.09693877551020408,0.17674418604651163,72.61337733268738
o110h,1.0,0.28699551569506726,0.445993031358885,0.9682539682539683,0.2747747747747748,0.4280701754385965,1.0,0.28699551569506726,0.445993031358885,22.125361680984497
o1114,1.0,0.07797641688855078,0.14467184191954835,0.9705882352941176,0.07534246575342465,0.1398305084745763,1.0,0.07797641688855078,0.14467184191954835,92.85218596458435
o11ua,1.0,0.17702702702702702,0.3008036739380023,0.9770114942528736,0.1724137931034483,0.29310344827586216,0.9847328244274809,0.17432432432432432,0.296211251435132,84.17243123054504
o12w0,1.0,0.10738255033557047,0.1939393939393939,1.0,0.10135135135135136,0.18404907975460125,1.0,0.10738255033557047,0.1939393939393939,66.7809271812439
o13qu,1.0,0.41458333333333336,0.5861561119293078,0.98989898989899,0.4091858037578288,0.5790251107828657,1.0,0.41458333333333336,0.5861561119293078,31.091488361358643
o13ra,1.0,0.6216216216216216,0.7666666666666667,0.9902912621359223,0.6144578313253012,0.7583643122676579,1.0,0.6216216216216216,0.7666666666666667,24.443142414093018
o13vn,1.0,0.13383838383838384,0.23608017817371937,1.0,0.13164556962025317,0.23266219239373603,1.0,0.13383838383838384,0.23608017817371937,35.68150353431702
o1460,1.0,0.28821656050955413,0.44746600741656367,0.9777777777777777,0.2807017543859649,0.436183395291202,1.0,0.28821656050955413,0.44746600741656367,41.17555904388428
o14mj,1.0,0.3211009174311927,0.4861111111111111,1.0,0.3148148148148148,0.4788732394366197,1.0,0.3211009174311927,0.4861111111111111,24.683414220809937
o14os,1.0,0.49193548387096775,0.6594594594594595,0.9876543209876543,0.48484848484848486,0.6504065040650406,1.0,0.49193548387096775,0.6594594594594595,31.124966382980347
o150k,1.0,0.3059250302297461,0.46851851851851856,0.9841269841269841,0.30024213075060535,0.4601113172541744,1.0,0.3059250302297461,0.46851851851851856,40.73066520690918
o154u,1.0,0.1346153846153846,0.23728813559322035,0.9259259259259259,0.12077294685990338,0.21367521367521367,1.0,0.1346153846153846,0.23728813559322035,56.71860146522522
o156c,1.0,0.21244444444444444,0.3504398826979472,0.9663865546218487,0.20462633451957296,0.33773861967694563,1.0,0.21244444444444444,0.3504398826979472,51.65924835205078
o15qv,1.0,0.1950354609929078,0.3264094955489615,0.9629629629629629,0.18505338078291814,0.31044776119402984,1.0,0.1950354609929078,0.3264094955489615,36.10408806800842
o16ag,1.0,0.12365591397849462,0.22009569377990432,1.0,0.11891891891891893,0.21256038647342995,1.0,0.12365591397849462,0.22009569377990432,32.38126564025879
o16ck,1.0,0.11170212765957446,0.20095693779904306,1.0,0.10695187165775401,0.1932367149758454,1.0,0.11170212765957446,0.20095693779904306,33.4399836063385
o16nk,1.0,0.08709677419354839,0.1602373887240356,1.0,0.08414239482200647,0.15522388059701492,1.0,0.08709677419354839,0.1602373887240356,62.54118728637695
o16pl,1.0,0.05263157894736842,0.1,0.9724770642201835,0.05096153846153846,0.09684787574234811,1.0,0.05263157894736842,0.1,120.78487372398376
o16rg,1.0,0.30663329161451813,0.46934865900383144,0.9836065573770492,0.3007518796992481,0.4606525911708253,1.0,0.30663329161451813,0.46934865900383144,57.34417772293091
o1744,1.0,0.13267813267813267,0.2342733188720173,0.9622641509433962,0.12561576354679804,0.22222222222222224,1.0,0.13267813267813267,0.2342733188720173,40.78932738304138
o175l,1.0,0.07828923523015585,0.14521008403361343,0.9767441860465116,0.07614213197969544,0.14127144298688193,0.9305555555555556,0.07285248278361725,0.1351260504201681,102.0545744895935
o17dr,1.0,0.09240246406570841,0.16917293233082706,0.9772727272727273,0.08847736625514403,0.1622641509433962,1.0,0.09240246406570841,0.16917293233082706,50.0740385055542
o18as,1.0,0.35279187817258884,0.5215759849906192,0.9855595667870036,0.3468869123252859,0.5131578947368421,1.0,0.35279187817258884,0.5215759849906192,98.29369735717773
o18fr,1.0,0.1342281879194631,0.23668639053254437,1.0,0.12837837837837837,0.22754491017964074,1.0,0.1342281879194631,0.23668639053254437,29.127033710479736
o18tt,1.0,0.8925619834710744,0.9432314410480349,0.9953488372093023,0.8879668049792531,0.9385964912280702,1.0,0.8925619834710744,0.9432314410480349,26.320680141448975
o18tu,1.0,0.15037593984962405,0.26143790849673204,0.9830508474576272,0.1457286432160804,0.2538293216630197,1.0,0.15037593984962405,0.26143790849673204,46.914278745651245
o18yr,1.0,0.3088235294117647,0.4719101123595506,0.9893617021276596,0.3044189852700491,0.4655819774718399,1.0,0.3088235294117647,0.4719101123595506,39.05757999420166
o193b,1.0,0.27058823529411763,0.42592592592592593,0.9777777777777777,0.2603550295857988,0.41121495327102797,1.0,0.27058823529411763,0.42592592592592593,34.2213568687439
o193k,1.0,0.1192457016084304,0.21308225966303274,0.9813084112149533,0.11653718091009989,0.20833333333333334,1.0,0.1192457016084304,0.21308225966303274,182.0155065059662
o1958,1.0,0.2366412213740458,0.38271604938271603,1.0,0.23076923076923078,0.375,1.0,0.2366412213740458,0.38271604938271603,36.62610173225403
o19s5,1.0,0.27058823529411763,0.42592592592592593,0.9777777777777777,0.2603550295857988,0.41121495327102797,1.0,0.27058823529411763,0.42592592592592593,22.43436598777771
o19st,1.0,0.816,0.8986784140969163,1.0,0.8145161290322581,0.8977777777777779,1.0,0.816,0.8986784140969163,12.564378499984741
o1a8a,1.0,0.5895691609977324,0.7417974322396576,0.9806949806949807,0.5772727272727273,0.7267525035765379,1.0,0.5895691609977324,0.7417974322396576,34.66129517555237
o1ah5,1.0,0.19047619047619047,0.32,1.0,0.18660287081339713,0.31451612903225806,1.0,0.19047619047619047,0.32,29.17476177215576
o1ail,1.0,0.16541353383458646,0.2838709677419355,0.9767441860465116,0.15849056603773584,0.2727272727272727,1.0,0.16541353383458646,0.2838709677419355,28.412328958511353
o1ak7,1.0,0.2673684210526316,0.4219269102990033,0.9644268774703557,0.2571127502634352,0.4059900166389352,1.0,0.2673684210526316,0.4219269102990033,31.40412449836731
o1amq,1.0,0.3643410852713178,0.5340909090909091,0.9658119658119658,0.35093167701863354,0.5148063781321184,1.0,0.3643410852713178,0.5340909090909091,88.19820094108582
o1bzr,1.0,0.0783478421929987,0.1453108897286156,0.9691943127962085,0.07576880326046684,0.14054982817869419,1.0,0.0783478421929987,0.1453108897286156,54.09493851661682
o1c36,1.0,0.7126436781609196,0.8322147651006712,0.991869918699187,0.7052023121387283,0.8243243243243242,1.0,0.7126436781609196,0.8322147651006712,31.675387859344482
o1cj4,1.0,0.6764705882352942,0.8070175438596492,0.989010989010989,0.6666666666666666,0.7964601769911505,1.0,0.6764705882352942,0.8070175438596492,13.244179725646973
o1dkj,1.0,0.08633093525179857,0.1589403973509934,0.9565217391304348,0.07942238267148015,0.14666666666666667,1.0,0.08633093525179857,0.1589403973509934,36.424585819244385
o1dtu,1.0,0.21143847487001732,0.3490701001430615,0.9752066115702479,0.2048611111111111,0.33859397417503584,1.0,0.21143847487001732,0.3490701001430615,33.34283709526062
o1dvx,1.0,0.3362573099415205,0.5032822757111598,0.982532751091703,0.3294289897510981,0.4934210526315789,1.0,0.3362573099415205,0.5032822757111598,57.923912525177
o1f2c,1.0,0.16619718309859155,0.28502415458937197,0.9655172413793104,0.15819209039548024,0.2718446601941748,1.0,0.16619718309859155,0.28502415458937197,31.227971076965332
o1fc2,1.0,0.26153846153846155,0.41463414634146345,1.0,0.2558139534883721,0.40740740740740744,1.0,0.26153846153846155,0.41463414634146345,24.742858409881592
o1fdq,1.0,0.43356643356643354,0.6048780487804878,0.9836065573770492,0.4225352112676056,0.5911330049261083,1.0,0.43356643356643354,0.6048780487804878,17.94904136657715
o1fnm,1.0,0.2960122699386503,0.45680473372781066,0.9479166666666666,0.27956989247311825,0.43179122182680896,1.0,0.2960122699386503,0.45680473372781066,57.87054252624512
o1fy0,1.0,0.46595744680851064,0.6357039187227866,0.9724770642201835,0.4520255863539446,0.6171761280931587,1.0,0.46595744680851064,0.6357039187227866,104.25752663612366
o1g67,1.0,0.38028169014084506,0.5510204081632654,0.9811320754716981,0.36879432624113473,0.5360824742268042,1.0,0.38028169014084506,0.5510204081632654,22.827150583267212
o1g7m,1.0,0.4871244635193133,0.6551226551226552,0.9867256637168141,0.47956989247311826,0.6454413892908827,1.0,0.4871244635193133,0.6551226551226552,36.83344125747681
o1h4u,1.0,0.20833333333333334,0.3448275862068966,0.96875,0.19935691318327975,0.33066666666666666,1.0,0.20833333333333334,0.3448275862068966,53.6177031993866
o1h58,1.0,0.15584415584415584,0.2696629213483146,0.9574468085106383,0.1465798045602606,0.2542372881355932,1.0,0.15584415584415584,0.2696629213483146,50.61065125465393
o1hha,1.0,0.1346938775510204,0.23741007194244604,1.0,0.13114754098360656,0.23188405797101452,1.0,0.1346938775510204,0.23741007194244604,21.014482498168945
o1him,1.0,0.19047619047619047,0.32,0.967741935483871,0.17964071856287425,0.303030303030303,1.0,0.19047619047619047,0.32,48.73015332221985
o1hqg,1.0,0.23769730733519034,0.38409602400600146,0.9647058823529412,0.22862453531598512,0.36964688204357626,1.0,0.23769730733519034,0.38409602400600146,43.52967810630798
o1i10,1.0,0.5982142857142857,0.7486033519553073,0.9924812030075187,0.5919282511210763,0.7415730337078652,1.0,0.5982142857142857,0.7486033519553073,25.941030025482178
o1i2c,1.0,0.4176470588235294,0.5892116182572614,0.9714285714285714,0.40236686390532544,0.5690376569037657,1.0,0.4176470588235294,0.5892116182572614,35.487565994262695
o1jbf,1.0,0.152317880794702,0.264367816091954,0.967032967032967,0.14593698175787728,0.2536023054755044,1.0,0.152317880794702,0.264367816091954,98.41017150878906
o1jg2,1.0,0.1368909512761021,0.24081632653061227,0.9482758620689655,0.12790697674418605,0.22540983606557377,1.0,0.1368909512761021,0.24081632653061227,78.34646344184875
o1jrg,1.0,0.08579088471849866,0.1580246913580247,1.0,0.08333333333333333,0.15384615384615385,1.0,0.08579088471849866,0.1580246913580247,48.570992946624756
o1jsq,1.0,0.15816326530612246,0.27312775330396477,1.0,0.15384615384615385,0.2666666666666667,1.0,0.15816326530612246,0.27312775330396477,34.02142667770386
o1k1p,1.0,0.15127092374457532,0.26278944534194937,0.9794238683127572,0.14764267990074442,0.25660377358490566,1.0,0.15127092374457532,0.26278944534194937,100.25776958465576
o1k68,1.0,0.40625,0.5777777777777777,0.9788732394366197,0.396011396011396,0.563894523326572,1.0,0.40625,0.5777777777777777,38.54782056808472
o1k9b,1.0,0.16018306636155608,0.27613412228796846,0.9855072463768116,0.1559633027522936,0.2693069306930693,1.0,0.16018306636155608,0.27613412228796846,60.209805488586426
o1kn3,1.0,0.1016949152542373,0.18461538461538463,0.9655172413793104,0.09523809523809523,0.17337461300309598,1.0,0.1016949152542373,0.18461538461538463,78.2398669719696
o1krr,1.0,0.3895131086142322,0.5606469002695418,0.9903381642512077,0.38461538461538464,0.5540540540540541,1.0,0.3895131086142322,0.5606469002695418,105.180091381073
o1l66,1.0,0.2231638418079096,0.3648960739030023,1.0,0.22096317280453256,0.3619489559164733,1.0,0.2231638418079096,0.3648960739030023,57.392388343811035
o1l9s,1.0,0.10600706713780919,0.19169329073482427,0.9655172413793104,0.09929078014184398,0.18006430868167203,1.0,0.10600706713780919,0.19169329073482427,76.12330460548401
o1lf5,1.0,0.3588235294117647,0.5281385281385281,1.0,0.35502958579881655,0.5240174672489083,1.0,0.3588235294117647,0.5281385281385281,36.739123582839966
o1ljf,1.0,0.05262041162741354,0.09997984277363434,0.9595141700404858,0.050297113752122244,0.0955837870538415,0.9475806451612904,0.049862083598557184,0.09473896391856482,224.02545380592346
o1lmn,1.0,0.2926829268292683,0.45283018867924524,0.9748953974895398,0.2844932844932845,0.44045368620037806,1.0,0.2926829268292683,0.45283018867924524,64.88109230995178
o1lxe,1.0,0.12834224598930483,0.2274881516587678,0.9574468085106383,0.12064343163538874,0.2142857142857143,1.0,0.12834224598930483,0.2274881516587678,55.03953266143799
o1m8p,1.0,0.16405228758169935,0.2818641212801797,0.948,0.15500327011118378,0.26644182124789206,1.0,0.16405228758169935,0.2818641212801797,48.01730155944824
o1m92,1.0,0.2961038961038961,0.45691382765531063,0.9823008849557522,0.2890625,0.4466800804828974,1.0,0.2961038961038961,0.45691382765531063,36.35848045349121
o1mhn,1.0,0.13056379821958458,0.23097112860892388,0.9767441860465116,0.125,0.22163588390501318,1.0,0.13056379821958458,0.23097112860892388,48.82529258728027
o1mmf,1.0,0.2698249227600412,0.4249797242497973,0.9731800766283525,0.2618556701030928,0.412672623883022,1.0,0.2698249227600412,0.4249797242497973,64.8361144065857
o1mz7,1.0,0.10380622837370242,0.18808777429467083,0.9655172413793104,0.09722222222222222,0.17665615141955834,1.0,0.10380622837370242,0.18808777429467083,67.17137694358826
o1n9i,1.0,0.10869565217391304,0.19607843137254902,1.0,0.10382513661202186,0.18811881188118815,1.0,0.10869565217391304,0.19607843137254902,11.718363523483276
o1nni,1.0,0.3732394366197183,0.5435897435897437,1.0,0.36879432624113473,0.5388601036269429,1.0,0.3732394366197183,0.5435897435897437,9.075685977935791
o1nrx,1.0,0.1477832512315271,0.25751072961373395,1.0,0.14356435643564355,0.2510822510822511,1.0,0.1477832512315271,0.25751072961373395,32.84079051017761
o1nyd,1.0,0.22327044025157233,0.36503856041131105,0.9716312056737588,0.215748031496063,0.35309278350515466,1.0,0.22327044025157233,0.36503856041131105,80.00231623649597
o1o8h,1.0,0.2589395807644883,0.4113614103819785,0.9760765550239234,0.2518518518518518,0.4003925417075564,1.0,0.2589395807644883,0.4113614103819785,116.47910141944885
o1p4u,1.0,0.2375,0.3838383838383838,1.0,0.23270440251572327,0.3775510204081633,1.0,0.2375,0.3838383838383838,29.94764256477356
o1pji,1.0,0.12694300518134716,0.2252873563218391,0.9791666666666666,0.12207792207792208,0.21709006928406466,1.0,0.12694300518134716,0.2252873563218391,53.24370002746582
o1ptu,1.0,0.576,0.730964467005076,0.9859154929577465,0.5645161290322581,0.7179487179487181,1.0,0.576,0.730964467005076,61.27348017692566
o1pwp,1.0,0.134375,0.2369146005509642,0.9761904761904762,0.12852664576802508,0.22714681440443216,1.0,0.134375,0.2369146005509642,21.098870754241943
o1pyt,1.0,0.29411764705882354,0.45454545454545453,1.0,0.288135593220339,0.4473684210526315,1.0,0.29411764705882354,0.45454545454545453,22.152788400650024
o1r7l,1.0,0.3985611510791367,0.5699588477366255,0.9746376811594203,0.38760806916426516,0.5546391752577319,1.0,0.3985611510791367,0.5699588477366255,83.20199155807495
o1rcr,1.0,0.8230088495575221,0.9029126213592232,0.9782608695652174,0.8035714285714286,0.8823529411764706,1.0,0.8230088495575221,0.9029126213592232,16.917064428329468
o1rus,1.0,0.30666666666666664,0.4693877551020408,0.9777777777777777,0.2953020134228188,0.45360824742268036,1.0,0.30666666666666664,0.4693877551020408,27.351452589035034
o1ryt,1.0,0.24675324675324675,0.3958333333333333,1.0,0.24347826086956523,0.39160839160839167,1.0,0.24675324675324675,0.3958333333333333,32.97614622116089
o1s17,1.0,0.07746478873239436,0.1437908496732026,1.0,0.07092198581560284,0.13245033112582782,1.0,0.07746478873239436,0.1437908496732026,35.17622518539429
o1s9f,1.0,0.2734375,0.4294478527607362,0.985663082437276,0.26881720430107525,0.42242703533026105,1.0,0.2734375,0.4294478527607362,40.60051226615906
o1sxb,1.0,0.4317343173431734,0.6030927835051546,0.9827586206896551,0.4222222222222222,0.5906735751295337,1.0,0.4317343173431734,0.6030927835051546,35.14492392539978
o1t5y,1.0,0.16666666666666666,0.2857142857142857,0.9565217391304348,0.15384615384615385,0.2650602409638554,1.0,0.16666666666666666,0.2857142857142857,17.111165761947632
o1tcq,1.0,0.08970099667774087,0.16463414634146342,0.9615384615384616,0.08333333333333333,0.15337423312883433,1.0,0.08970099667774087,0.16463414634146342,29.83141565322876
o1tg4,1.0,0.6264236902050114,0.7703081232492998,0.9927007299270073,0.6210045662100456,0.7640449438202246,1.0,0.6264236902050114,0.7703081232492998,27.99258804321289
o1tm7,1.0,0.30566037735849055,0.4682080924855491,0.9625,0.2916666666666667,0.44767441860465124,1.0,0.30566037735849055,0.4682080924855491,50.850122690200806
o1tpi,1.0,0.25870178739416744,0.41106128550074733,0.9708029197080292,0.2504708097928437,0.3982035928143713,1.0,0.25870178739416744,0.41106128550074733,43.476316928863525
o1u6y,1.0,0.03571428571428571,0.0689655172413793,0.9822064056939501,0.03495883470550982,0.0675146771037182,1.0,0.03571428571428571,0.0689655172413793,96.83254504203796
o1uil,1.0,0.21212121212121213,0.35,0.9512195121951219,0.19796954314720813,0.3277310924369748,1.0,0.21212121212121213,0.35,58.38371419906616
o1v6f,1.0,0.32340425531914896,0.4887459807073955,0.973568281938326,0.31392045454545453,0.4747583243823845,1.0,0.32340425531914896,0.4887459807073955,29.72150468826294
o1vox,1.0,0.6492146596858639,0.7873015873015873,0.9878542510121457,0.6404199475065617,0.7770700636942676,1.0,0.6492146596858639,0.7873015873015873,31.834970712661743
o1vvi,1.0,0.4389380530973451,0.6100861008610087,0.9838056680161943,0.4308510638297872,0.5992601726263871,1.0,0.4389380530973451,0.6100861008610087,49.68603444099426
o1vw5,1.0,0.3058064516129032,0.4683794466403162,0.9872881355932204,0.30103359173126615,0.4613861386138614,1.0,0.3058064516129032,0.4683794466403162,47.205237865448
o1wcn,1.0,0.09897610921501707,0.18012422360248448,0.9642857142857143,0.09246575342465753,0.16874999999999998,1.0,0.09897610921501707,0.18012422360248448,36.78108024597168
o1wi0,1.0,0.20521172638436483,0.3405405405405405,0.967741935483871,0.19607843137254902,0.32608695652173914,1.0,0.20521172638436483,0.3405405405405405,42.880929470062256
o1x7d,1.0,0.2919254658385093,0.4519230769230769,0.9782608695652174,0.28125,0.43689320388349523,1.0,0.2919254658385093,0.4519230769230769,20.337754011154175
o1xb8,1.0,0.1715686274509804,0.2928870292887029,1.0,0.16748768472906403,0.2869198312236287,1.0,0.1715686274509804,0.2928870292887029,22.878347396850586
o1xgc,1.0,0.125,0.2222222222222222,0.9705882352941176,0.11827956989247312,0.21086261980830673,1.0,0.125,0.2222222222222222,53.004443645477295
o1xpv,1.0,0.265625,0.41975308641975306,1.0,0.2617801047120419,0.4149377593360996,1.0,0.265625,0.41975308641975306,32.4472119808197
o1xqm,1.0,0.20863309352517986,0.34523809523809523,1.0,0.2028985507246377,0.3373493975903615,1.0,0.20863309352517986,0.34523809523809523,37.196244955062866
o1y3c,1.0,0.23853211009174313,0.38518518518518524,0.96,0.2222222222222222,0.3609022556390977,1.0,0.23853211009174313,0.38518518518518524,51.43084144592285
o1yt3,1.0,0.100418410041841,0.18250950570342203,1.0,0.09663865546218488,0.17624521072796934,1.0,0.100418410041841,0.18250950570342203,69.87906289100647
o1z4c,1.0,0.11290322580645161,0.2028985507246377,1.0,0.10810810810810811,0.1951219512195122,1.0,0.11290322580645161,0.2028985507246377,26.49368643760681
o1zhx,1.0,0.125,0.2222222222222222,1.0,0.12195121951219512,0.21739130434782605,1.0,0.125,0.2222222222222222,61.918377161026
o1zod,1.0,0.21488372093023256,0.3537519142419602,0.9565217391304348,0.2048417132216015,0.3374233128834356,1.0,0.21488372093023256,0.3537519142419602,131.14569282531738
o1zpk,1.0,0.1534090909090909,0.2660098522167488,0.9615384615384616,0.14285714285714285,0.2487562189054726,1.0,0.1534090909090909,0.2660098522167488,85.45589017868042
o1zx3,1.0,0.12422360248447205,0.22099447513812154,0.9473684210526315,0.1125,0.2011173184357542,1.0,0.12422360248447205,0.22099447513812154,26.14374613761902
o20an,1.0,0.48760330578512395,0.6555555555555556,0.9655172413793104,0.4666666666666667,0.6292134831460675,1.0,0.48760330578512395,0.6555555555555556,14.009054183959961
o20f5,1.0,0.125,0.2222222222222222,0.9814814814814815,0.12072892938496584,0.2150101419878296,1.0,0.125,0.2222222222222222,62.63281226158142
o20n3,1.0,0.11010558069381599,0.1983695652173913,0.9722222222222222,0.10574018126888217,0.19073569482288827,1.0,0.11010558069381599,0.1983695652173913,89.08825898170471
o20nq,1.0,0.13133208255159476,0.23217247097844115,0.9855072463768116,0.12781954887218044,0.22628951747088186,1.0,0.13133208255159476,0.23217247097844115,115.85369896888733
o20tf,1.0,0.37924151696606784,0.5499276410998553,0.9788359788359788,0.37,0.5370101596516691,1.0,0.37924151696606784,0.5499276410998553,45.30407762527466
o228y,1.0,0.33664596273291925,0.5037174721189591,0.9814814814814815,0.32960199004975127,0.49348230912476726,1.0,0.33664596273291925,0.5037174721189591,37.994464635849
o22gc,1.0,0.10245901639344263,0.18587360594795538,0.9591836734693877,0.09650924024640657,0.17537313432835822,1.0,0.10245901639344263,0.18587360594795538,56.49402093887329
o22so,1.0,0.12173913043478261,0.2170542635658915,1.0,0.11403508771929824,0.2047244094488189,1.0,0.12173913043478261,0.2170542635658915,28.062445878982544
o22u0,1.0,0.2892561983471074,0.44871794871794873,0.9705882352941176,0.275,0.42857142857142855,1.0,0.2892561983471074,0.44871794871794873,24.20791459083557
o22w5,1.0,0.18880114860014358,0.3176328502415459,0.9847328244274809,0.1853448275862069,0.3119709794437727,1.0,0.18880114860014358,0.3176328502415459,171.1838550567627
o24ca,1.0,0.17518248175182483,0.2981366459627329,1.0,0.16911764705882354,0.2893081761006289,1.0,0.17518248175182483,0.2981366459627329,61.732810258865356
o24q4,1.0,0.30813124108416545,0.47110141766630315,0.9767441860465116,0.3,0.4590163934426229,1.0,0.30813124108416545,0.47110141766630315,59.28582000732422
o252a,1.0,0.2127659574468085,0.3508771929824561,0.9685534591194969,0.20505992010652463,0.3384615384615385,1.0,0.2127659574468085,0.3508771929824561,80.7955412864685
o252g,1.0,0.12418300653594772,0.22093023255813954,0.9464285714285714,0.11572052401746726,0.20622568093385216,1.0,0.12418300653594772,0.22093023255813954,33.8448486328125
o25t2,1.0,0.15267175572519084,0.26490066225165565,1.0,0.14615384615384616,0.2550335570469799,1.0,0.15267175572519084,0.26490066225165565,23.351102590560913
o261e,1.0,0.30781758957654726,0.4707347447073475,0.9680851063829787,0.2969004893964111,0.45443196004993763,1.0,0.30781758957654726,0.4707347447073475,31.339776039123535
o26kc,1.0,0.336283185840708,0.5033112582781457,1.0,0.33035714285714285,0.4966442953020134,1.0,0.336283185840708,0.5033112582781457,12.708610534667969
o26ky,1.0,0.226890756302521,0.3698630136986301,1.0,0.22033898305084745,0.3611111111111111,1.0,0.226890756302521,0.3698630136986301,28.042001724243164
o275m,1.0,0.1016949152542373,0.18461538461538463,1.0,0.09787234042553192,0.17829457364341086,1.0,0.1016949152542373,0.18461538461538463,38.20745062828064
o277f,1.0,0.19032761310452417,0.3197903014416776,0.9794238683127572,0.18579234972677597,0.3123359580052494,1.0,0.19032761310452417,0.3197903014416776,61.82527804374695
o2789,1.0,0.9166666666666666,0.9565217391304348,0.9942857142857143,0.9109947643979057,0.9508196721311475,1.0,0.9166666666666666,0.9565217391304348,21.255226850509644
o27nd,1.0,0.2482758620689655,0.39779005524861877,1.0,0.24305555555555555,0.39106145251396646,1.0,0.2482758620689655,0.39779005524861877,19.0081570148468
o27r4,1.0,0.2804878048780488,0.43809523809523815,1.0,0.27607361963190186,0.4326923076923077,1.0,0.2804878048780488,0.43809523809523815,52.5317177772522
o27sf,1.0,0.6699029126213593,0.8023255813953488,0.9852941176470589,0.6568627450980392,0.7882352941176471,1.0,0.6699029126213593,0.8023255813953488,12.27330231666565
o287u,1.0,0.12281603288797534,0.2187643020594966,0.9705882352941176,0.11876606683804627,0.21163536417773707,1.0,0.12281603288797534,0.2187643020594966,189.11323237419128
o2889,1.0,0.3233082706766917,0.48863636363636365,0.9764705882352941,0.3132075471698113,0.4742857142857143,1.0,0.3233082706766917,0.48863636363636365,18.261518001556396
o28uc,1.0,0.328125,0.49411764705882355,1.0,0.32460732984293195,0.4901185770750988,1.0,0.328125,0.49411764705882355,27.114582061767578
o2935,1.0,0.36875,0.5388127853881279,0.9744680851063829,0.35837245696400627,0.5240274599542334,1.0,0.36875,0.5388127853881279,30.352263927459717
o29bd,1.0,0.09610983981693363,0.17536534446764093,1.0,0.09403669724770643,0.1719077568134172,1.0,0.09610983981693363,0.17536534446764093,90.86856293678284
o29xr,1.0,0.28161888701517707,0.43947368421052635,0.9578313253012049,0.2685810810810811,0.4195250659630607,1.0,0.28161888701517707,0.43947368421052635,50.539982080459595
o29zo,1.0,0.08969740634005764,0.16462809917355373,0.9717741935483871,0.08684684684684685,0.1594442606682104,1.0,0.08969740634005764,0.16462809917355373,184.09446549415588
o29zq,1.0,0.2900763358778626,0.4497041420118343,0.9733333333333334,0.2796934865900383,0.4345238095238095,1.0,0.2900763358778626,0.4497041420118343,79.05086326599121
o2awr,1.0,0.3354330708661417,0.5023584905660378,0.9811320754716981,0.3280757097791798,0.491725768321513,1.0,0.3354330708661417,0.5023584905660378,43.01555013656616
o2ayl,1.0,0.33112582781456956,0.49751243781094534,0.9795918367346939,0.32,0.4824120603015075,1.0,0.33112582781456956,0.49751243781094534,15.670868396759033
o2bm4,1.0,0.12792689891490577,0.22683544303797468,0.9641255605381166,0.12285714285714286,0.21794221996958946,1.0,0.12792689891490577,0.22683544303797468,149.07590579986572
o2d9b,1.0,0.11363636363636363,0.20408163265306123,1.0,0.10857142857142857,0.1958762886597938,1.0,0.11363636363636363,0.20408163265306123,75.95204424858093
o2dbb,1.0,0.2642857142857143,0.4180790960451978,0.9722222222222222,0.2517985611510791,0.4,1.0,0.2642857142857143,0.4180790960451978,38.40388894081116
o2dqb,1.0,0.3080357142857143,0.4709897610921501,0.9709090909090909,0.29832402234636873,0.45641025641025645,1.0,0.3080357142857143,0.4709897610921501,79.92707967758179
o2e3i,1.0,0.34911242603550297,0.5175438596491229,0.9827586206896551,0.3392857142857143,0.504424778761062,1.0,0.34911242603550297,0.5175438596491229,26.13191318511963
o2ekm,1.0,0.20240963855421687,0.3366733466933868,0.9880239520958084,0.19903498190591074,0.33132530120481934,1.0,0.20240963855421687,0.3366733466933868,42.342599868774414
o2exj,1.0,0.11217948717948718,0.20172910662824206,0.9411764705882353,0.10289389067524116,0.18550724637681157,1.0,0.11217948717948718,0.20172910662824206,66.30256986618042
o2exq,1.0,0.4633333333333333,0.633257403189066,0.9637681159420289,0.44481605351170567,0.608695652173913,1.0,0.4633333333333333,0.633257403189066,39.08394169807434
o2fcd,1.0,0.0476580412708811,0.09098014694387994,0.9689655172413794,0.04602784602784603,0.08788115715402658,1.0,0.0476580412708811,0.09098014694387994,150.60479831695557
o2fmp,1.0,0.15126050420168066,0.26277372262773724,0.9411764705882353,0.13559322033898305,0.237037037037037,1.0,0.15126050420168066,0.26277372262773724,20.592487573623657
o2gdi,1.0,0.14538310412573674,0.2538593481989708,0.9863013698630136,0.14173228346456693,0.2478485370051635,1.0,0.14538310412573674,0.2538593481989708,71.6100013256073
o2gws,1.0,0.06273854961832061,0.1180695847362514,0.9656488549618321,0.06036745406824147,0.11363125982483718,1.0,0.06273854961832061,0.1180695847362514,199.03683376312256
o2gzf,1.0,0.34615384615384615,0.5142857142857142,0.9790940766550522,0.3381468110709988,0.5026833631484794,1.0,0.34615384615384615,0.5142857142857142,40.67710208892822
o2hlm,1.0,0.24612403100775193,0.39502332814930013,0.9841897233201581,0.24151309408341415,0.3878504672897196,1.0,0.24612403100775193,0.39502332814930013,62.74834108352661
o2ijn,1.0,0.3692722371967655,0.5393700787401575,0.9779411764705882,0.35945945945945945,0.525691699604743,1.0,0.3692722371967655,0.5393700787401575,35.25524926185608
o2iky,1.0,0.18181818181818182,0.3076923076923077,0.9743589743589743,0.1735159817351598,0.2945736434108527,1.0,0.18181818181818182,0.3076923076923077,41.6008038520813
o2ixx,1.0,0.38312829525483305,0.554002541296061,0.9861751152073732,0.3767605633802817,0.5452229299363057,1.0,0.38312829525483305,0.554002541296061,30.98303985595703
o2j4w,1.0,0.7063492063492064,0.827906976744186,1.0,0.704,0.8262910798122065,1.0,0.7063492063492064,0.827906976744186,22.376654863357544
o2j7p,1.0,0.09950248756218906,0.1809954751131222,0.9473684210526315,0.09,0.1643835616438356,1.0,0.09950248756218906,0.1809954751131222,51.452319383621216
o2jnb,1.0,0.08917197452229299,0.16374269005847952,1.0,0.08333333333333333,0.15384615384615385,1.0,0.08917197452229299,0.16374269005847952,51.87255311012268
o2jxn,1.0,0.26943556975505856,0.424496644295302,0.9801587301587301,0.26332622601279315,0.415126050420168,1.0,0.26943556975505856,0.424496644295302,48.39633536338806
o2k05,1.0,0.14156206415620642,0.24801466096518018,0.9702970297029703,0.13677599441730634,0.23975535168195716,1.0,0.14156206415620642,0.24801466096518018,113.96740889549255
o2k8r,1.0,0.11171662125340599,0.20098039215686275,0.975,0.10655737704918032,0.1921182266009852,1.0,0.11171662125340599,0.20098039215686275,33.804925203323364
o2kbr,1.0,0.26327433628318586,0.41681260945709286,0.9831223628691983,0.25802879291251385,0.4087719298245614,1.0,0.26327433628318586,0.41681260945709286,70.59205961227417
o2ke3,1.0,0.4126984126984127,0.5842696629213483,1.0,0.408,0.5795454545454546,1.0,0.4126984126984127,0.5842696629213483,51.36688160896301
o2kpo,1.0,0.239450441609421,0.386381631037213,0.9670781893004116,0.23084479371316308,0.37272006344171293,1.0,0.239450441609421,0.386381631037213,137.18351554870605
o2kt1,1.0,0.10580204778156997,0.19135802469135804,0.9666666666666667,0.09931506849315068,0.18012422360248448,1.0,0.10580204778156997,0.19135802469135804,32.09840512275696
o2lgd,1.0,0.30392156862745096,0.46616541353383456,0.9836065573770492,0.2955665024630542,0.4545454545454546,1.0,0.30392156862745096,0.46616541353383456,31.720783710479736
o2lh7,1.0,0.11779704232534421,0.21076642335766424,0.9652173913043478,0.11326530612244898,0.2027397260273973,1.0,0.11779704232534421,0.21076642335766424,88.8297529220581
o2li1,1.0,0.05626255860683188,0.10653138871274571,0.9721115537848606,0.05448861098704779,0.10319306407274267,1.0,0.05626255860683188,0.10653138871274571,124.27866911888123
o2lqn,1.0,0.16862745098039217,0.28859060402684567,0.9761904761904762,0.16141732283464566,0.277027027027027,1.0,0.16862745098039217,0.28859060402684567,38.37828969955444
o2mi5,1.0,0.21800529567519858,0.35797101449275365,0.9878048780487805,0.2146643109540636,0.35268505079825835,1.0,0.21800529567519858,0.35797101449275365,43.265114545822144
o2mln,1.0,0.09740259740259741,0.1775147928994083,1.0,0.0915032679738562,0.16766467065868265,1.0,0.09740259740259741,0.1775147928994083,24.18450665473938
o2moh,1.0,0.17279174725983237,0.29466739967014843,0.9700374531835206,0.16709677419354838,0.2850853054485415,1.0,0.17279174725983237,0.29466739967014843,66.28101754188538
o2n27,1.0,0.14028776978417265,0.24605678233438483,0.961038961038961,0.13333333333333333,0.2341772151898734,1.0,0.14028776978417265,0.24605678233438483,41.62447905540466
o2neb,1.0,0.3615023474178404,0.5310344827586206,0.9739130434782609,0.3510971786833856,0.5161290322580646,1.0,0.3615023474178404,0.5310344827586206,62.7912962436676
o2ng3,1.0,0.011697602474864656,0.023124701385570948,0.970954356846473,0.011311451636293324,0.022362385321100915,0.9793388429752066,0.011455916473317866,0.02264691829909221,165.1204149723053
o2o9r,1.0,0.29894179894179895,0.46028513238289204,0.9866666666666667,0.29403973509933773,0.4530612244897959,1.0,0.29894179894179895,0.46028513238289204,76.08948802947998
o2okt,1.0,0.4563894523326572,0.6267409470752089,0.9821428571428571,0.44715447154471544,0.6145251396648045,1.0,0.4563894523326572,0.6267409470752089,39.55042576789856
o2or7,1.0,0.08456659619450317,0.15594541910331383,0.9743589743589743,0.08050847457627118,0.1487279843444227,1.0,0.08456659619450317,0.15594541910331383,62.98528242111206
o2oyv,1.0,0.15920398009950248,0.27467811158798283,1.0,0.155,0.2683982683982684,1.0,0.15920398009950248,0.27467811158798283,32.53348731994629
o2p7c,1.0,0.4430379746835443,0.6140350877192983,0.989247311827957,0.43740095087163233,0.6065934065934067,1.0,0.4430379746835443,0.6140350877192983,78.27909398078918
o2pnf,1.0,0.07586206896551724,0.14102564102564102,1.0,0.06944444444444445,0.12987012987012989,1.0,0.07586206896551724,0.14102564102564102,36.13264298439026
o2prl,1.0,0.17693836978131214,0.3006756756756757,0.9849624060150376,0.17374005305039789,0.29537767756482525,1.0,0.17693836978131214,0.3006756756756757,54.086357831954956
o2q0u,1.0,0.1711229946524064,0.2922374429223744,0.967741935483871,0.16129032258064516,0.27649769585253453,1.0,0.1711229946524064,0.2922374429223744,111.78368401527405
o2qb8,1.0,0.3404255319148936,0.5079365079365079,0.9685534591194969,0.3283582089552239,0.4904458598726114,1.0,0.3404255319148936,0.5079365079365079,54.14929795265198
o2qg9,1.0,0.1328976034858388,0.23461538461538461,0.9666666666666667,0.12663755458515283,0.2239382239382239,1.0,0.1328976034858388,0.23461538461538461,51.65732264518738
o2qzi,1.0,0.11716621253405994,0.2097560975609756,0.9523809523809523,0.1092896174863388,0.19607843137254902,1.0,0.11716621253405994,0.2097560975609756,55.60762858390808
o2r8q,1.0,0.04864544196163734,0.09277767301527438,0.963265306122449,0.04667721518987342,0.08903980381060178,1.0,0.04864544196163734,0.09277767301527438,119.1091639995575
o2rdg,1.0,0.08367911479944674,0.15443522654754308,0.970954356846473,0.08094085091663784,0.14942528735632182,1.0,0.08367911479944674,0.15443522654754308,162.1972680091858
o2rxt,1.0,0.12883435582822086,0.2282608695652174,1.0,0.12345679012345678,0.21978021978021975,1.0,0.12883435582822086,0.2282608695652174,16.27351474761963
o2scm,1.0,0.10377358490566038,0.18803418803418803,1.0,0.0995260663507109,0.1810344827586207,1.0,0.10377358490566038,0.18803418803418803,30.437439918518066
o2sfi,1.0,0.3142857142857143,0.4782608695652174,1.0,0.3076923076923077,0.47058823529411764,1.0,0.3142857142857143,0.4782608695652174,27.259140729904175
o2shs,1.0,0.14429530201342283,0.2521994134897361,0.9761904761904762,0.13804713804713806,0.24188790560471976,1.0,0.14429530201342283,0.2521994134897361,63.04586362838745
o2sj4,1.0,0.17532467532467533,0.2983425414364641,0.9615384615384616,0.16339869281045752,0.27932960893854747,1.0,0.17532467532467533,0.2983425414364641,73.32218146324158
o2sjl,1.0,0.24279379157427938,0.3907225691347012,0.9770642201834863,0.23640399556048836,0.3806970509383378,1.0,0.24279379157427938,0.3907225691347012,43.94554352760315
o2slr,1.0,0.2191358024691358,0.3594936708860759,0.9857142857142858,0.21362229102167182,0.35114503816793896,1.0,0.2191358024691358,0.3594936708860759,37.31624436378479
o2sqn,1.0,0.19889502762430938,0.3317972350230415,1.0,0.19444444444444445,0.32558139534883723,1.0,0.19889502762430938,0.3317972350230415,33.751624584198
o2sz6,1.0,0.3071324599708879,0.4699331848552339,0.9857142857142858,0.30174927113702626,0.4620535714285715,1.0,0.3071324599708879,0.4699331848552339,56.890549421310425
o2tq2,1.0,0.0962962962962963,0.17567567567567569,1.0,0.08955223880597014,0.1643835616438356,1.0,0.0962962962962963,0.17567567567567569,33.14732050895691
o2tth,1.0,0.6916890080428955,0.8177496038034865,0.980544747081712,0.6774193548387096,0.8012718600953894,1.0,0.6916890080428955,0.8177496038034865,42.001214265823364
o2ugz,1.0,0.07075873827791987,0.13216560509554143,0.967741935483871,0.06822057987492894,0.12745618693574085,0.9196787148594378,0.06507530548451265,0.12154989384288749,122.65022850036621
o2umr,1.0,0.3195121951219512,0.4842883548983364,0.9731800766283525,0.31013431013431014,0.4703703703703704,1.0,0.3195121951219512,0.4842883548983364,162.00362420082092
o2urx,1.0,0.3333333333333333,0.5,0.9768518518518519,0.32461538461538464,0.48729792147806,1.0,0.3333333333333333,0.5,37.641889333724976
o2v2n,1.0,0.09523809523809523,0.17391304347826084,0.967741935483871,0.08955223880597014,0.16393442622950818,1.0,0.09523809523809523,0.17391304347826084,56.724807262420654
o2vnd,1.0,0.362962962962963,0.532608695652174,0.9754098360655737,0.35311572700296734,0.5185185185185185,1.0,0.362962962962963,0.532608695652174,37.72639012336731
o2vqd,1.0,0.1444043321299639,0.25236593059936907,0.9493670886075949,0.13562386980108498,0.23734177215189875,1.0,0.1444043321299639,0.25236593059936907,49.83536124229431
o2vqe,1.0,0.09022556390977443,0.16551724137931034,0.9565217391304348,0.0830188679245283,0.15277777777777776,1.0,0.09022556390977443,0.16551724137931034,32.464431047439575
o2wce,1.0,0.28205128205128205,0.44000000000000006,1.0,0.27586206896551724,0.4324324324324324,1.0,0.28205128205128205,0.44000000000000006,17.38722276687622
o2x5q,1.0,0.37866666666666665,0.5493230174081237,0.9787234042553191,0.3689839572192513,0.5359223300970873,1.0,0.37866666666666665,0.5493230174081237,50.3040874004364
o2x6y,1.0,0.40119760479041916,0.5726495726495727,0.9812734082397003,0.39280359820089955,0.5610278372591007,1.0,0.40119760479041916,0.5726495726495727,106.91673254966736
o2xxx,1.0,0.18444995864350702,0.31145251396648044,0.9774774774774775,0.17963576158940397,0.3034965034965035,1.0,0.18444995864350702,0.31145251396648044,98.13864779472351
o2ydk,1.0,0.37460815047021945,0.5450399087799316,0.9915966386554622,0.3704866562009419,0.5394285714285715,1.0,0.37460815047021945,0.5450399087799316,175.9995367527008
o2ynv,1.0,0.10880829015544041,0.19626168224299065,1.0,0.10649350649350649,0.19248826291079812,1.0,0.10880829015544041,0.19626168224299065,46.36928057670593
o2yrd,1.0,0.09358288770053476,0.17114914425427874,1.0,0.09115281501340483,0.16707616707616707,1.0,0.09358288770053476,0.17114914425427874,112.75066637992859
o2z6q,1.0,0.38877755511022044,0.5598845598845599,0.9637305699481865,0.37349397590361444,0.5383502170767004,1.0,0.38877755511022044,0.5598845598845599,31.393802881240845
o2zb0,1.0,0.4868995633187773,0.6549192364170338,0.9864864864864865,0.47921225382932164,0.6450662739322532,1.0,0.4868995633187773,0.6549192364170338,45.046083211898804
o2zho,1.0,0.14838709677419354,0.2584269662921348,1.0,0.14285714285714285,0.25,1.0,0.14838709677419354,0.2584269662921348,29.121145725250244
o2zmu,1.0,0.38863976083707025,0.5597416576964478,0.9768339768339769,0.3787425149700599,0.5458468176914779,1.0,0.38863976083707025,0.5597416576964478,136.2032196521759
o2zo6,1.0,0.3787878787878788,0.5494505494505494,1.0,0.37404580152671757,0.5444444444444444,1.0,0.3787878787878788,0.5494505494505494,36.02232003211975
o2zr2,1.0,0.22852233676975944,0.372027972027972,0.9811320754716981,0.2235597592433362,0.3641456582633053,1.0,0.22852233676975944,0.372027972027972,84.12295317649841
o303t,1.0,0.1320754716981132,0.23333333333333334,0.9705882352941176,0.125,0.22147651006711408,1.0,0.1320754716981132,0.23333333333333334,47.12538146972656
o30b0,1.0,0.3836477987421384,0.5545454545454546,0.9945054945054945,0.3802521008403361,0.5501519756838906,1.0,0.3836477987421384,0.5545454545454546,32.94913983345032
o30jp,1.0,0.21194029850746268,0.34975369458128075,0.9857142857142858,0.20658682634730538,0.34158415841584155,1.0,0.21194029850746268,0.34975369458128075,38.923887729644775
o310v,1.0,0.6748466257668712,0.8058608058608058,0.9908256880733946,0.6666666666666666,0.7970479704797048,1.0,0.6748466257668712,0.8058608058608058,24.23225164413452
o31bh,1.0,0.5,0.6666666666666666,0.9833333333333333,0.48760330578512395,0.6519337016574585,1.0,0.5,0.6666666666666666,38.357126235961914
o31he,1.0,0.096,0.1751824817518248,0.9714285714285714,0.09090909090909091,0.16625916870415647,1.0,0.096,0.1751824817518248,81.33788752555847
o31so,1.0,0.1339633129516398,0.23627450980392156,0.9666666666666667,0.12903225806451613,0.22767419038272815,1.0,0.1339633129516398,0.23627450980392156,131.82167410850525
o31w9,1.0,0.16417910447761194,0.28205128205128205,0.96875,0.155,0.2672413793103448,1.0,0.16417910447761194,0.28205128205128205,58.864941358566284
o32bp,1.0,0.02608962553713935,0.050852527669757695,0.9763779527559056,0.02537603601759951,0.049466440610352054,1.0,0.02608962553713935,0.050852527669757695,121.91986846923828
o32pi,1.0,0.2849740932642487,0.4435483870967742,0.9629629629629629,0.2708333333333333,0.4227642276422764,1.0,0.2849740932642487,0.4435483870967742,65.73897433280945
o32tv,1.0,0.21604938271604937,0.35532994923857864,1.0,0.2111801242236025,0.34871794871794876,1.0,0.21604938271604937,0.35532994923857864,30.63010025024414
o3377,1.0,0.24379719525350593,0.39202081526452737,0.9777777777777777,0.23758099352051837,0.3822762814943528,1.0,0.24379719525350593,0.39202081526452737,121.80370712280273
o3390,1.0,0.11904761904761904,0.21276595744680848,0.9795918367346939,0.11455847255369929,0.20512820512820515,1.0,0.11904761904761904,0.21276595744680848,79.25716853141785
o33ny,1.0,0.5401459854014599,0.7014218009478673,1.0,0.5367647058823529,0.6985645933014354,1.0,0.5401459854014599,0.7014218009478673,34.40026593208313
o33st,1.0,0.05976095617529881,0.11278195488721805,0.9832402234636871,0.058452341414812356,0.11034482758620691,1.0,0.05976095617529881,0.11278195488721805,77.19615077972412
o33x3,1.0,0.1791044776119403,0.30379746835443033,1.0,0.17293233082706766,0.2948717948717949,1.0,0.1791044776119403,0.30379746835443033,18.386236906051636
o33yo,1.0,0.37058823529411766,0.5407725321888412,1.0,0.3668639053254438,0.5367965367965367,1.0,0.37058823529411766,0.5407725321888412,34.65226411819458
o33zb,1.0,0.16666666666666666,0.2857142857142857,0.9523809523809523,0.15267175572519084,0.2631578947368421,1.0,0.16666666666666666,0.2857142857142857,20.36213183403015
o34d3,1.0,0.10687022900763359,0.19310344827586207,0.975609756097561,0.10204081632653061,0.1847575057736721,1.0,0.10687022900763359,0.19310344827586207,37.75361347198486
o34du,1.0,0.1565217391304348,0.27067669172932335,0.9411764705882353,0.14035087719298245,0.24427480916030533,1.0,0.1565217391304348,0.27067669172932335,47.638349771499634
o34hw,1.0,0.13291139240506328,0.23463687150837986,0.95,0.12101910828025478,0.21468926553672318,1.0,0.13291139240506328,0.23463687150837986,31.316712379455566
o34o1,1.0,0.4645669291338583,0.6344086021505376,0.9957446808510638,0.46153846153846156,0.6307277628032345,1.0,0.4645669291338583,0.6344086021505376,35.28265357017517
o354m,1.0,0.10052910052910052,0.18269230769230768,0.9444444444444444,0.09042553191489362,0.16504854368932037,1.0,0.10052910052910052,0.18269230769230768,21.68191432952881
o357s,1.0,0.07106598984771574,0.13270142180094788,0.9230769230769231,0.061224489795918366,0.11483253588516747,1.0,0.07106598984771574,0.13270142180094788,35.257612466812134
o35fg,1.0,0.34965034965034963,0.5181347150259067,1.0,0.34507042253521125,0.5130890052356021,1.0,0.34965034965034963,0.5181347150259067,32.650835275650024
o35ir,1.0,0.12790697674418605,0.2268041237113402,0.9375,0.11673151750972763,0.20761245674740483,1.0,0.12790697674418605,0.2268041237113402,51.407344579696655
o35lg,1.0,0.16080402010050251,0.27705627705627706,1.0,0.15656565656565657,0.27074235807860264,1.0,0.16080402010050251,0.27705627705627706,31.209624767303467
o35pe,1.0,0.19480519480519481,0.32608695652173914,1.0,0.19270833333333334,0.3231441048034935,1.0,0.19480519480519481,0.32608695652173914,34.80079507827759
o36h7,1.0,0.16205533596837945,0.27891156462585037,1.0,0.15873015873015872,0.27397260273972607,1.0,0.16205533596837945,0.27891156462585037,39.61098098754883
o36li,1.0,0.19427036705461057,0.3253373313343328,0.9675925925925926,0.18727598566308243,0.3138138138138138,1.0,0.19427036705461057,0.3253373313343328,100.33872294425964
o36mh,1.0,0.6216216216216216,0.7666666666666667,1.0,0.6181818181818182,0.7640449438202247,1.0,0.6216216216216216,0.7666666666666667,11.756470680236816
o36rj,1.0,0.49765258215962443,0.664576802507837,0.9619047619047619,0.47641509433962265,0.637223974763407,1.0,0.49765258215962443,0.664576802507837,21.304301738739014
o370y,1.0,0.19801980198019803,0.3305785123966942,0.9830508474576272,0.19205298013245034,0.32132963988919666,1.0,0.19801980198019803,0.3305785123966942,111.577805519104
o378y,1.0,0.18427518427518427,0.3112033195020747,0.9776785714285714,0.17950819672131146,0.3033240997229917,1.0,0.18427518427518427,0.3112033195020747,94.74474453926086
o37a4,1.0,0.8295454545454546,0.906832298136646,0.9862385321100917,0.8174904942965779,0.8939708939708939,1.0,0.8295454545454546,0.906832298136646,44.20958423614502
o37nf,1.0,0.1724137931034483,0.29411764705882354,0.9545454545454546,0.16153846153846155,0.2763157894736842,1.0,0.1724137931034483,0.29411764705882354,65.1282091140747
o37q3,1.0,0.4601990049751244,0.6303236797274276,0.9728260869565217,0.4463840399002494,0.611965811965812,1.0,0.4601990049751244,0.6303236797274276,37.85837912559509
o37r9,1.0,0.17579908675799086,0.29902912621359223,0.9869281045751634,0.17257142857142857,0.2937743190661478,1.0,0.17579908675799086,0.29902912621359223,93.93699097633362
o37wm,1.0,0.11261261261261261,0.20242914979757087,1.0,0.1085972850678733,0.19591836734693877,1.0,0.11261261261261261,0.20242914979757087,29.63962197303772
o388j,1.0,0.302915082382763,0.4649805447470817,0.9705882352941176,0.29314720812182743,0.4502923976608187,1.0,0.302915082382763,0.4649805447470817,48.06929159164429
o38a5,1.0,0.3677811550151976,0.5377777777777778,0.979253112033195,0.3592085235920852,0.5256124721603563,1.0,0.3677811550151976,0.5377777777777778,68.13893580436707
o38hb,1.0,0.08737864077669903,0.16071428571428573,1.0,0.08292682926829269,0.15315315315315314,1.0,0.08737864077669903,0.16071428571428573,43.6144483089447
o38yu,1.0,0.19457013574660634,0.32575757575757575,0.9761904761904762,0.18636363636363637,0.31297709923664124,1.0,0.19457013574660634,0.32575757575757575,35.1262412071228
o39jl,1.0,0.3191489361702128,0.48387096774193555,0.9772727272727273,0.30714285714285716,0.4673913043478261,1.0,0.3191489361702128,0.48387096774193555,45.70857238769531
o39ro,1.0,0.10810810810810811,0.1951219512195122,0.9333333333333333,0.09523809523809523,0.17283950617283952,1.0,0.10810810810810811,0.1951219512195122,25.12606716156006
o3an9,1.0,0.6425531914893617,0.7823834196891193,0.9866666666666667,0.6324786324786325,0.7708333333333334,1.0,0.6425531914893617,0.7823834196891193,64.98372602462769
o3asv,1.0,0.32867132867132864,0.4947368421052631,0.9782608695652174,0.31690140845070425,0.4787234042553191,1.0,0.32867132867132864,0.4947368421052631,33.84176754951477
o3b0h,1.0,0.23423423423423423,0.3795620437956204,0.96,0.21818181818181817,0.3555555555555555,1.0,0.23423423423423423,0.3795620437956204,25.53292989730835
o3b0k,1.0,0.10650887573964497,0.1925133689839572,1.0,0.10119047619047619,0.18378378378378377,1.0,0.10650887573964497,0.1925133689839572,54.06035280227661
o3b1l,1.0,0.1213235294117647,0.21639344262295082,0.96875,0.11439114391143912,0.20462046204620463,1.0,0.1213235294117647,0.21639344262295082,43.05074882507324
o3c5n,1.0,0.14222222222222222,0.2490272373540856,1.0,0.13839285714285715,0.24313725490196078,1.0,0.14222222222222222,0.2490272373540856,33.7690110206604
o3c6f,1.0,0.15934065934065933,0.27488151658767773,1.0,0.15469613259668508,0.26794258373205737,1.0,0.15934065934065933,0.27488151658767773,52.92079830169678
o3ce6,1.0,0.156312625250501,0.2703639514731369,0.961038961038961,0.14859437751004015,0.2573913043478261,1.0,0.156312625250501,0.2703639514731369,109.35547065734863
o3ckf,1.0,0.3150684931506849,0.4791666666666667,0.9777777777777777,0.30344827586206896,0.46315789473684205,1.0,0.3150684931506849,0.4791666666666667,20.539170742034912
o3co1,1.0,0.19954128440366972,0.3326959847036329,0.9651162790697675,0.19080459770114944,0.3186180422264876,1.0,0.19954128440366972,0.3326959847036329,66.90789556503296
o3cry,1.0,0.16610169491525423,0.2848837209302325,0.9791666666666666,0.1598639455782313,0.27485380116959063,1.0,0.16610169491525423,0.2848837209302325,51.24026894569397
o3d1n,1.0,0.09448818897637795,0.1726618705035971,1.0,0.0873015873015873,0.16058394160583941,1.0,0.09448818897637795,0.1726618705035971,20.87234902381897
o3d1q,1.0,0.3399715504978663,0.5074309978768579,0.9789915966386554,0.3319088319088319,0.49574468085106377,1.0,0.3399715504978663,0.5074309978768579,32.98117804527283
o3d5d,1.0,0.674074074074074,0.8053097345132744,1.0,0.6716417910447762,0.8035714285714287,1.0,0.674074074074074,0.8053097345132744,13.535311460494995
o3dd2,1.0,0.032097100472016186,0.062197830915980676,0.9789029535864979,0.031292149986512,0.06064566723304143,1.0,0.032097100472016186,0.062197830915980676,236.74157309532166
o3dhm,1.0,0.6193353474320241,0.7649253731343284,0.9803921568627451,0.6060606060606061,0.7490636704119851,1.0,0.6193353474320241,0.7649253731343284,73.51084160804749
o3eqz,1.0,0.12091503267973856,0.21574344023323616,0.9722222222222222,0.11475409836065574,0.20527859237536658,1.0,0.12091503267973856,0.21574344023323616,47.243841886520386
o3f1t,1.0,0.2952755905511811,0.45592705167173253,0.9776785714285714,0.28777923784494086,0.4446700507614213,1.0,0.2952755905511811,0.45592705167173253,38.8817822933197
o3fr7,1.0,0.31891891891891894,0.48360655737704916,0.9827586206896551,0.30978260869565216,0.47107438016528924,1.0,0.31891891891891894,0.48360655737704916,32.82411336898804
o3g5w,1.0,0.5401459854014599,0.7014218009478673,1.0,0.5367647058823529,0.6985645933014354,1.0,0.5401459854014599,0.7014218009478673,20.395436763763428
o3gcw,1.0,0.1,0.18181818181818182,1.0,0.09352517985611511,0.17105263157894735,1.0,0.1,0.18181818181818182,54.97132134437561
o3gjh,1.0,0.21872265966754156,0.3589375448671931,0.9678714859437751,0.21103327495621715,0.3465132997843278,1.0,0.21872265966754156,0.3589375448671931,191.74020910263062
o3grd,1.0,0.2363013698630137,0.38227146814404434,0.9852941176470589,0.23024054982817868,0.37325905292479106,1.0,0.2363013698630137,0.38227146814404434,38.034932136535645
o3h3o,1.0,0.042986425339366516,0.08242950108459869,0.9715447154471545,0.04160139251523064,0.07978634618594559,1.0,0.042986425339366516,0.08242950108459869,101.6742901802063
o3hle,1.0,0.21304347826086956,0.3512544802867384,0.958974358974359,0.20348204570184983,0.3357271095152603,1.0,0.21304347826086956,0.3512544802867384,68.66384434700012
o3ifx,1.0,0.21955555555555556,0.36005830903790087,0.9796747967479674,0.21441281138790036,0.3518248175182482,1.0,0.21955555555555556,0.36005830903790087,153.22200894355774
o3j3c,1.0,0.14383561643835616,0.25149700598802394,0.9516129032258065,0.13501144164759726,0.23647294589178358,1.0,0.14383561643835616,0.25149700598802394,56.983149766922
o3jd1,1.0,0.1993006993006993,0.33236151603498537,0.9691629955947136,0.19247594050743658,0.3211678832116789,1.0,0.1993006993006993,0.33236151603498537,109.81928730010986
o3k68,1.0,0.3235294117647059,0.48888888888888893,0.9817351598173516,0.3166421207658321,0.4788418708240535,1.0,0.3235294117647059,0.48888888888888893,40.9233672618866
o3kwb,1.0,0.14925373134328357,0.2597402597402597,0.9620253164556962,0.14205607476635515,0.24755700325732902,1.0,0.14925373134328357,0.2597402597402597,41.46046328544617
o3ky4,1.0,0.18181818181818182,0.3076923076923077,1.0,0.17766497461928935,0.3017241379310345,1.0,0.18181818181818182,0.3076923076923077,50.276506423950195
o3l4x,1.0,0.12030075187969924,0.21476510067114093,1.0,0.11363636363636363,0.20408163265306123,1.0,0.12030075187969924,0.21476510067114093,17.40285015106201
o3lqp,1.0,0.12658227848101267,0.22471910112359553,1.0,0.1228813559322034,0.21886792452830192,1.0,0.12658227848101267,0.22471910112359553,50.84706211090088
o3mdh,1.0,0.2728337236533958,0.4287028518859246,0.9698275862068966,0.2637749120750293,0.4147465437788018,1.0,0.2728337236533958,0.4287028518859246,54.521201610565186
o3mmp,1.0,0.624,0.7684729064039408,0.987012987012987,0.6129032258064516,0.7562189054726367,1.0,0.624,0.7684729064039408,14.970552444458008
o3mw4,1.0,0.2196969696969697,0.36024844720496896,1.0,0.21374045801526717,0.35220125786163525,1.0,0.2196969696969697,0.36024844720496896,20.501397132873535
o3n0f,1.0,0.5684210526315789,0.7248322147651006,0.9767441860465116,0.554089709762533,0.7070707070707071,1.0,0.5684210526315789,0.7248322147651006,58.764294385910034
o3n9k,1.0,0.43356643356643354,0.6048780487804878,1.0,0.4295774647887324,0.6009852216748768,1.0,0.43356643356643354,0.6048780487804878,9.248314619064331
o3pcr,1.0,0.14112903225806453,0.2473498233215548,0.9705882352941176,0.13360323886639677,0.2348754448398577,1.0,0.14112903225806453,0.2473498233215548,83.3871922492981
o3po5,1.0,0.5,0.6666666666666666,0.9798994974874372,0.48872180451127817,0.6521739130434783,1.0,0.5,0.6666666666666666,40.79597592353821
o3pxf,1.0,0.3902027027027027,0.5613608748481167,0.991304347826087,0.38578680203045684,0.5554202192448233,1.0,0.3902027027027027,0.5613608748481167,67.60058903694153
o3qdx,1.0,0.3853211009174312,0.5562913907284769,1.0,0.37962962962962965,0.5503355704697986,1.0,0.3853211009174312,0.5562913907284769,21.610313415527344
o3rb2,1.0,0.13498789346246973,0.23786666666666664,0.9864864864864865,0.13264688067837674,0.23384943940202882,1.0,0.13498789346246973,0.23786666666666664,103.49906611442566
o3rcd,1.0,0.8431372549019608,0.9148936170212766,0.9906542056074766,0.8346456692913385,0.9059829059829059,1.0,0.8431372549019608,0.9148936170212766,86.46992707252502
o3reu,1.0,0.10047846889952153,0.1826086956521739,0.95,0.09134615384615384,0.16666666666666669,1.0,0.10047846889952153,0.1826086956521739,24.72479557991028
o3ri7,1.0,0.27478042659974905,0.43110236220472437,0.981651376146789,0.26884422110552764,0.42209072978303747,1.0,0.27478042659974905,0.43110236220472437,57.15847826004028
o3rsh,1.0,0.027691979976568325,0.05389159498393616,0.9768339768339769,0.026949296974861526,0.052451539338654506,1.0,0.027691979976568325,0.05389159498393616,85.58424806594849
o3sy4,1.0,0.43359375,0.6049046321525886,0.9818181818181818,0.4235294117647059,0.5917808219178082,1.0,0.43359375,0.6049046321525886,18.088563442230225
o3t26,1.0,0.3010752688172043,0.4628099173553719,1.0,0.2972972972972973,0.4583333333333333,1.0,0.3010752688172043,0.4628099173553719,49.905253887176514
o3t37,1.0,0.11075660893345488,0.19942552318424292,0.9834710743801653,0.10852713178294573,0.19548254620123204,1.0,0.11075660893345488,0.19942552318424292,166.0623483657837
o3u3b,1.0,0.1962025316455696,0.328042328042328,0.9333333333333333,0.17834394904458598,0.2994652406417112,1.0,0.1962025316455696,0.328042328042328,49.189024686813354
o3uj0,1.0,0.41238938053097346,0.5839598997493735,0.9827586206896551,0.40425531914893614,0.5728643216080402,1.0,0.41238938053097346,0.5839598997493735,129.57539224624634
o3umw,1.0,0.43098159509202455,0.6023579849946409,0.9857142857142858,0.423963133640553,0.5929108485499464,1.0,0.43098159509202455,0.6023579849946409,110.39727425575256
o3v6m,1.0,0.20729684908789386,0.3434065934065934,0.9839357429718876,0.2033195020746888,0.33700137551581844,1.0,0.20729684908789386,0.3434065934065934,54.95823431015015
o3vh6,1.0,0.27546296296296297,0.4319419237749546,0.9873417721518988,0.2711471610660487,0.4254545454545455,1.0,0.27546296296296297,0.4319419237749546,70.15386652946472
o3vx9,1.0,0.44808743169398907,0.6188679245283019,0.9877551020408163,0.4416058394160584,0.6103404791929382,1.0,0.44808743169398907,0.6188679245283019,72.82368421554565
o3w68,1.0,0.241635687732342,0.38922155688622756,0.953125,0.22761194029850745,0.36746987951807225,1.0,0.241635687732342,0.38922155688622756,38.228718996047974
o3way,1.0,0.29411764705882354,0.45454545454545453,0.9829059829059829,0.2882205513784461,0.4457364341085271,1.0,0.29411764705882354,0.45454545454545453,53.94652247428894
o3wbs,1.0,0.22448979591836735,0.36666666666666664,0.9534883720930233,0.21025641025641026,0.3445378151260504,1.0,0.22448979591836735,0.36666666666666664,34.44119906425476
o3wjh,1.0,0.2571428571428571,0.40909090909090906,0.9615384615384616,0.2403846153846154,0.38461538461538464,1.0,0.2571428571428571,0.40909090909090906,22.89383292198181
o3wp2,1.0,0.17142857142857143,0.2926829268292683,0.9428571428571428,0.15789473684210525,0.2704918032786885,1.0,0.17142857142857143,0.2926829268292683,59.00942873954773
o3xpq,1.0,0.25153374233128833,0.4019607843137255,0.9755102040816327,0.24462640736949848,0.3911620294599018,1.0,0.25153374233128833,0.4019607843137255,57.724992990493774
o3xyx,1.0,0.18628912071535023,0.31407035175879394,0.9839357429718876,0.18269947800149142,0.3081761006289308,1.0,0.18628912071535023,0.31407035175879394,79.8873450756073
o3y38,1.0,0.5696969696969697,0.7258687258687259,0.989247311827957,0.5609756097560976,0.7159533073929962,1.0,0.5696969696969697,0.7258687258687259,26.521472692489624
o3y3i,1.0,0.5728643216080402,0.7284345047923323,0.9734513274336283,0.5555555555555556,0.707395498392283,1.0,0.5728643216080402,0.7284345047923323,26.11368465423584
o3y3v,1.0,0.5401459854014599,0.7014218009478673,1.0,0.5367647058823529,0.6985645933014354,1.0,0.5401459854014599,0.7014218009478673,29.453333139419556
o3yjv,1.0,0.37597911227154046,0.5464895635673623,0.972027972027972,0.36387434554973824,0.5295238095238095,1.0,0.37597911227154046,0.5464895635673623,61.48802828788757
o3ykm,1.0,0.37656903765690375,0.547112462006079,0.9720670391061452,0.36477987421383645,0.5304878048780488,1.0,0.37656903765690375,0.547112462006079,46.387094020843506
o3z2b,1.0,0.48737373737373735,0.6553480475382003,0.984375,0.47848101265822784,0.6439522998296423,1.0,0.48737373737373735,0.6553480475382003,32.56705594062805
o3zmb,1.0,0.07952103162419405,0.14732650739476677,0.9767441860465116,0.0773955773955774,0.14342629482071712,1.0,0.07952103162419405,0.14732650739476677,142.29990315437317
o401k,1.0,0.260595130748422,0.413447782546495,0.96875,0.2518050541516246,0.39971346704871064,1.0,0.260595130748422,0.413447782546495,104.2128005027771
o4036,1.0,0.6133333333333333,0.7603305785123966,0.9781659388646288,0.5989304812834224,0.7429519071310116,1.0,0.6133333333333333,0.7603305785123966,86.66470980644226
o40ah,1.0,0.11040339702760085,0.1988527724665392,0.9607843137254902,0.10425531914893617,0.18809980806142032,1.0,0.11040339702760085,0.1988527724665392,39.70144319534302
o40bn,1.0,0.14814814814814814,0.25806451612903225,0.9779735682819384,0.14434330299089726,0.25155807365439087,1.0,0.14814814814814814,0.25806451612903225,39.32710123062134
o40cy,1.0,0.24759871931696906,0.39692044482463645,0.974025974025974,0.2403846153846154,0.3856041131105398,1.0,0.24759871931696906,0.39692044482463645,67.11639976501465
o40eh,1.0,0.3855421686746988,0.5565217391304349,0.9606299212598425,0.3685800604229607,0.5327510917030568,1.0,0.3855421686746988,0.5565217391304349,93.65469336509705
o40mf,1.0,0.46846846846846846,0.6380368098159509,1.0,0.4636363636363636,0.6335403726708074,1.0,0.46846846846846846,0.6380368098159509,15.27677321434021
o40ss,1.0,0.12949640287769784,0.22929936305732482,1.0,0.12318840579710146,0.2193548387096774,1.0,0.12949640287769784,0.22929936305732482,52.13723540306091
o40y9,1.0,0.6221719457013575,0.7670850767085077,0.9854014598540146,0.6122448979591837,0.7552447552447552,1.0,0.6221719457013575,0.7670850767085077,134.74986481666565
o410y,1.0,0.5301204819277109,0.6929133858267718,0.9770114942528736,0.5151515151515151,0.6746031746031746,1.0,0.5301204819277109,0.6929133858267718,90.79738020896912
o415b,1.0,0.1592920353982301,0.2748091603053435,0.9714285714285714,0.1511111111111111,0.26153846153846155,1.0,0.1592920353982301,0.2748091603053435,49.51942992210388
o4206,1.0,0.1640625,0.28187919463087246,1.0,0.1607843137254902,0.27702702702702703,1.0,0.1640625,0.28187919463087246,97.42265129089355
o42vl,1.0,0.3360544217687075,0.5030549898167006,0.9715447154471545,0.32561307901907355,0.48775510204081635,1.0,0.3360544217687075,0.5030549898167006,76.09529495239258
o434i,1.0,0.08125,0.15028901734104047,1.0,0.07547169811320754,0.14035087719298245,1.0,0.08125,0.15028901734104047,33.17285346984863
o435n,1.0,0.426890756302521,0.5983510011778562,0.9802371541501976,0.4175084175084175,0.5855962219598583,1.0,0.426890756302521,0.5983510011778562,59.539066791534424
o43vs,1.0,0.26867219917012447,0.4235486508585446,0.9689922480620154,0.25960539979231567,0.4095004095004094,1.0,0.26867219917012447,0.4235486508585446,44.63999700546265
o43vu,1.0,0.684931506849315,0.8130081300813007,0.9839357429718876,0.6730769230769231,0.799347471451876,1.0,0.684931506849315,0.8130081300813007,124.72894549369812
o44le,1.0,0.13807531380753138,0.24264705882352938,0.96875,0.13025210084033614,0.22962962962962963,1.0,0.13807531380753138,0.24264705882352938,64.28987407684326
o44n9,1.0,0.05445101200071646,0.10327841005605572,0.9834983498349835,0.053385883195987104,0.10127442650807136,1.0,0.05445101200071646,0.10327841005605572,116.16301250457764
o44on,1.0,0.26344086021505375,0.41702127659574467,1.0,0.2594594594594595,0.41201716738197425,1.0,0.26344086021505375,0.41702127659574467,25.594281911849976
o451t,1.0,0.03339167900902114,0.06462540716612378,0.9595141700404858,0.031914893617021274,0.06177505538902645,1.0,0.03339167900902114,0.06462540716612378,191.44063448905945
o4523,1.0,0.3592233009708738,0.5285714285714286,0.9767441860465116,0.35,0.5153374233128833,1.0,0.3592233009708738,0.5285714285714286,49.074400901794434
o454e,1.0,0.21428571428571427,0.35294117647058826,0.9772727272727273,0.20574162679425836,0.3399209486166007,1.0,0.21428571428571427,0.35294117647058826,33.471924781799316
o45a9,1.0,0.13675213675213677,0.24060150375939854,1.0,0.12931034482758622,0.22900763358778625,1.0,0.13675213675213677,0.24060150375939854,30.814102172851562
o4606,1.0,0.09322033898305085,0.17054263565891473,0.96875,0.08781869688385269,0.161038961038961,1.0,0.09322033898305085,0.17054263565891473,40.359776735305786
o4612,1.0,0.5446428571428571,0.7052023121387282,0.9666666666666667,0.5225225225225225,0.6783625730994152,1.0,0.5446428571428571,0.7052023121387282,17.970699787139893
o46kd,1.0,0.786096256684492,0.8802395209580839,0.9931506849315068,0.7795698924731183,0.8734939759036144,1.0,0.786096256684492,0.8802395209580839,31.29679298400879
o46pb,1.0,0.3143203883495146,0.47830101569713757,0.9806201550387597,0.30741190765492105,0.46808510638297873,1.0,0.3143203883495146,0.47830101569713757,103.75037336349487
o46y6,1.0,0.2,0.33333333333333337,0.9703389830508474,0.19341216216216217,0.32253521126760565,1.0,0.2,0.33333333333333337,59.31979966163635
o473o,1.0,0.49318801089918257,0.6605839416058394,0.9777777777777777,0.4808743169398907,0.6446886446886446,1.0,0.49318801089918257,0.6605839416058394,39.27416181564331
o47m7,1.0,0.45076586433260396,0.6214177978883861,0.9804878048780488,0.4407894736842105,0.6081694402420574,1.0,0.45076586433260396,0.6214177978883861,95.32785511016846
o47mc,1.0,0.4603174603174603,0.6304347826086957,0.9649122807017544,0.44,0.6043956043956044,1.0,0.4603174603174603,0.6304347826086957,28.788578033447266
o4802,1.0,0.143646408839779,0.251207729468599,1.0,0.1388888888888889,0.24390243902439027,1.0,0.143646408839779,0.251207729468599,42.654120683670044
o48k7,1.0,0.09947643979057591,0.18095238095238095,0.9801980198019802,0.0972176759410802,0.1768910065515188,1.0,0.09947643979057591,0.18095238095238095,135.81169152259827
o494z,1.0,0.17391304347826086,0.29629629629629634,0.967741935483871,0.16393442622950818,0.28037383177570097,1.0,0.17391304347826086,0.29629629629629634,58.626768350601196
o49dr,1.0,0.028747433264887063,0.0558882235528942,0.9641255605381166,0.027595944037992554,0.053656101821811825,1.0,0.028747433264887063,0.0558882235528942,178.29324507713318
o49ox,1.0,0.19414893617021275,0.32516703786191536,0.9861111111111112,0.18933333333333333,0.3176733780760626,1.0,0.19414893617021275,0.32516703786191536,43.33817195892334
o49zc,1.0,0.5371352785145889,0.6988783433994823,0.9925742574257426,0.5325365205843293,0.693171996542783,1.0,0.5371352785145889,0.6988783433994823,52.47428274154663
o4a7m,1.0,0.11127379209370425,0.20026350461133072,0.9866666666666667,0.10850439882697947,0.19550858652575956,1.0,0.11127379209370425,0.20026350461133072,36.71061062812805
o4asu,1.0,0.2733812949640288,0.4293785310734463,1.0,0.26811594202898553,0.4228571428571429,1.0,0.2733812949640288,0.4293785310734463,24.69263482093811
o4bbt,1.0,0.12177121771217712,0.21710526315789475,0.96875,0.11481481481481481,0.20529801324503313,1.0,0.12177121771217712,0.21710526315789475,48.90059852600098
o4bij,1.0,0.16027088036117382,0.27626459143968873,0.9714285714285714,0.15384615384615385,0.265625,1.0,0.16027088036117382,0.27626459143968873,59.499701738357544
o4bir,1.0,0.20535714285714285,0.34074074074074073,0.9545454545454546,0.1891891891891892,0.3157894736842105,1.0,0.20535714285714285,0.34074074074074073,45.9783833026886
o4blt,1.0,0.13166144200626959,0.23268698060941825,0.9512195121951219,0.12264150943396226,0.2172701949860724,1.0,0.13166144200626959,0.23268698060941825,89.837806224823
o4bm3,1.0,0.28929384965831434,0.4487632508833922,1.0,0.2876712328767123,0.44680851063829785,1.0,0.28929384965831434,0.4487632508833922,65.89468193054199
o4c16,1.0,0.20261437908496732,0.33695652173913043,0.9666666666666667,0.19078947368421054,0.3186813186813187,1.0,0.20261437908496732,0.33695652173913043,40.08308219909668
o4cr7,1.0,0.08992805755395683,0.16501650165016502,1.0,0.08664259927797834,0.159468438538206,1.0,0.08992805755395683,0.16501650165016502,67.6049280166626
o4cul,1.0,0.28837209302325584,0.4476534296028881,0.9757085020242915,0.28055878928987193,0.43580470162748636,1.0,0.28837209302325584,0.4476534296028881,53.7501916885376
o4czo,1.0,0.3009845288326301,0.46270270270270275,0.9624413145539906,0.2887323943661972,0.44420368364030344,1.0,0.3009845288326301,0.46270270270270275,73.90394759178162
o4d9u,1.0,0.09487179487179487,0.1733021077283372,0.9722222222222222,0.08997429305912596,0.16470588235294117,1.0,0.09487179487179487,0.1733021077283372,70.78878378868103
o4df6,1.0,0.12416107382550336,0.22089552238805968,1.0,0.12121212121212122,0.21621621621621626,1.0,0.12416107382550336,0.22089552238805968,39.98757314682007
o4do0,1.0,0.5892116182572614,0.7415143603133159,0.9787234042553191,0.575,0.7244094488188976,1.0,0.5892116182572614,0.7415143603133159,16.505096673965454
o4e6o,1.0,0.627906976744186,0.7714285714285715,0.9875,0.6171875,0.7596153846153846,1.0,0.627906976744186,0.7714285714285715,22.259634733200073
o4ef7,1.0,0.39267015706806285,0.5639097744360902,0.9732142857142857,0.3811188811188811,0.5477386934673366,1.0,0.39267015706806285,0.5639097744360902,34.79838728904724
o4eqq,1.0,0.6498422712933754,0.7877629063097514,0.975609756097561,0.6329113924050633,0.7677543186180423,1.0,0.6498422712933754,0.7877629063097514,70.89952611923218
o4few,1.0,0.0881542699724518,0.1620253164556962,0.967741935483871,0.08287292817679558,0.15267175572519084,1.0,0.0881542699724518,0.1620253164556962,27.86325979232788
o4fg4,1.0,0.1414141414141414,0.24778761061946902,0.9629629629629629,0.1319796954314721,0.23214285714285715,1.0,0.1414141414141414,0.24778761061946902,31.778070211410522
o4fsh,1.0,0.16766467065868262,0.28717948717948716,0.9629629629629629,0.1566265060240964,0.2694300518134715,1.0,0.16766467065868262,0.28717948717948716,10.046942234039307
o4fv8,1.0,0.19649122807017544,0.32844574780058655,0.9818181818181818,0.19014084507042253,0.3185840707964601,1.0,0.19649122807017544,0.32844574780058655,22.277539014816284
o4g3x,1.0,0.237928007023705,0.3843971631205674,0.9740740740740741,0.23110720562390158,0.3735795454545454,1.0,0.237928007023705,0.3843971631205674,145.67653512954712
o4g88,1.0,0.24299065420560748,0.39097744360902253,1.0,0.23943661971830985,0.38636363636363635,1.0,0.24299065420560748,0.39097744360902253,23.229478120803833
o4gjo,1.0,0.23511904761904762,0.38072289156626504,0.9743589743589743,0.22686567164179106,0.36803874092009686,1.0,0.23511904761904762,0.38072289156626504,42.771183252334595
o4gp7,1.0,0.2605042016806723,0.4133333333333334,0.9782608695652174,0.25280898876404495,0.4017857142857143,1.0,0.2605042016806723,0.4133333333333334,80.56214666366577
o4gtm,1.0,0.11780104712041885,0.21077283372365338,0.9545454545454546,0.11023622047244094,0.1976470588235294,1.0,0.11780104712041885,0.21077283372365338,71.96974849700928
o4gv5,1.0,0.27167630057803466,0.42727272727272725,0.9782608695652174,0.2616279069767442,0.41284403669724773,1.0,0.27167630057803466,0.42727272727272725,57.809229612350464
o4h5k,1.0,0.1523809523809524,0.26446280991735543,1.0,0.14423076923076922,0.25210084033613445,1.0,0.1523809523809524,0.26446280991735543,21.344342470169067
o4he3,1.0,0.6178010471204188,0.7637540453074434,1.0,0.6157894736842106,0.7622149837133552,1.0,0.6178010471204188,0.7637540453074434,14.586524963378906
o4hfg,1.0,0.6834862385321101,0.8119891008174387,0.9864864864864865,0.6728110599078341,0.8,1.0,0.6834862385321101,0.8119891008174387,16.452301502227783
o4hlv,1.0,0.6810344827586207,0.8102564102564103,0.9871794871794872,0.6695652173913044,0.7979274611398963,1.0,0.6810344827586207,0.8102564102564103,35.511632680892944
o4hnj,1.0,0.10317460317460317,0.1870503597122302,1.0,0.099601593625498,0.18115942028985507,1.0,0.10317460317460317,0.1870503597122302,32.12546157836914
o4huw,1.0,0.11000452693526483,0.19820554649265906,0.9710743801652892,0.10643115942028986,0.19183673469387755,1.0,0.11000452693526483,0.19820554649265906,174.8559627532959
o4ide,1.0,0.5070921985815603,0.6729411764705883,0.9929577464788732,0.501779359430605,0.6666666666666667,1.0,0.5070921985815603,0.6729411764705883,18.592304944992065
o4iq7,1.0,0.7044198895027625,0.826580226904376,0.9881889763779528,0.6952908587257618,0.816260162601626,1.0,0.7044198895027625,0.826580226904376,55.97709918022156
o4iu6,1.0,0.17894736842105263,0.30357142857142855,0.9552238805970149,0.16886543535620052,0.2869955156950672,1.0,0.17894736842105263,0.30357142857142855,72.58872485160828
o4j7g,1.0,0.216,0.35526315789473684,1.0,0.20967741935483872,0.3466666666666667,1.0,0.216,0.35526315789473684,17.94175672531128
o4j9g,1.0,0.43040293040293043,0.6017925736235595,0.9700854700854701,0.41651376146788993,0.582798459563543,1.0,0.43040293040293043,0.6017925736235595,85.58771467208862
o4jmz,1.0,0.28,0.43750000000000006,1.0,0.27419354838709675,0.430379746835443,1.0,0.28,0.43750000000000006,28.203250408172607
o4jqr,1.0,0.10344827586206896,0.1875,1.0,0.10062893081761007,0.18285714285714286,1.0,0.10344827586206896,0.1875,35.04742431640625
o4jt1,1.0,0.10038610038610038,0.18245614035087718,1.0,0.09689922480620156,0.17667844522968199,1.0,0.10038610038610038,0.18245614035087718,71.70262360572815
o4kcd,1.0,0.5968379446640316,0.7475247524752475,0.98,0.5833333333333334,0.7313432835820894,1.0,0.5968379446640316,0.7475247524752475,47.98487567901611
o4kvx,1.0,0.24677716390423574,0.39586410635155095,0.9473684210526315,0.23247232472324722,0.3733333333333333,1.0,0.24677716390423574,0.39586410635155095,86.74627947807312
o4l79,1.0,0.3828125,0.5536723163841808,1.0,0.3779527559055118,0.5485714285714286,1.0,0.3828125,0.5536723163841808,34.16048288345337
o4l8v,1.0,0.5714285714285714,0.7272727272727273,0.9850746268656716,0.559322033898305,0.7135135135135133,1.0,0.5714285714285714,0.7272727272727273,24.989360809326172
o4l9g,1.0,0.21858339680121858,0.35875,0.9790209790209791,0.21341463414634146,0.3504380475594493,1.0,0.21858339680121858,0.35875,182.83061718940735
o4lxr,1.0,0.23692003948667326,0.3830806065442937,0.9748953974895398,0.23023715415019763,0.37250199840127907,1.0,0.23692003948667326,0.3830806065442937,61.29202938079834
o4m2i,1.0,0.18345323741007194,0.3100303951367781,0.98,0.17689530685920576,0.2996941896024465,1.0,0.18345323741007194,0.3100303951367781,36.86208486557007
o4mwj,1.0,0.44970414201183434,0.6204081632653061,0.9779735682819384,0.43873517786561267,0.6057298772169167,1.0,0.44970414201183434,0.6204081632653061,46.64977955818176
o4mzb,1.0,0.38271604938271603,0.5535714285714286,0.9838056680161943,0.3755795981452859,0.5436241610738255,1.0,0.38271604938271603,0.5535714285714286,53.40217328071594
o4n0k,1.0,0.10643015521064302,0.19238476953907815,0.9361702127659575,0.09777777777777778,0.17706237424547286,1.0,0.10643015521064302,0.19238476953907815,79.31812310218811
o4nm6,1.0,0.1857451403887689,0.3132969034608379,0.9882352941176471,0.18181818181818182,0.3071297989031078,1.0,0.1857451403887689,0.3132969034608379,47.45760130882263
o4nng,1.0,0.12371134020618557,0.22018348623853212,0.9787234042553191,0.11886304909560723,0.2119815668202765,1.0,0.12371134020618557,0.22018348623853212,58.20015907287598
o5gxy,1.0,0.2584573748308525,0.410752688172043,0.9842105263157894,0.25338753387533874,0.40301724137931033,1.0,0.2584573748308525,0.410752688172043,96.97139573097229
o5h1a,1.0,0.15671641791044777,0.27096774193548384,1.0,0.15037593984962405,0.26143790849673204,1.0,0.15671641791044777,0.27096774193548384,22.33752679824829
o5h5a,1.0,0.6317991631799164,0.7743589743589745,0.9933333333333333,0.6260504201680672,0.768041237113402,1.0,0.6317991631799164,0.7743589743589745,17.041656494140625
o5hec,1.0,0.17012448132780084,0.2907801418439716,0.975,0.1625,0.2785714285714286,1.0,0.17012448132780084,0.2907801418439716,46.45590353012085
o5hsy,1.0,0.5685840707964602,0.7249647390691115,0.97265625,0.5521064301552107,0.7043847241867043,1.0,0.5685840707964602,0.7249647390691115,91.90759682655334
o5hzt,1.0,0.3001245330012453,0.4616858237547893,0.9708333333333333,0.29052369077306733,0.4472168905950096,1.0,0.3001245330012453,0.4616858237547893,97.06898260116577
o5i13,1.0,0.1761786600496278,0.29957805907172996,0.9714285714285714,0.1691542288557214,0.288135593220339,1.0,0.1761786600496278,0.29957805907172996,45.81131291389465
o5i5j,1.0,0.3014705882352941,0.46327683615819204,0.975,0.28888888888888886,0.4457142857142857,1.0,0.3014705882352941,0.46327683615819204,33.762064933776855
o5i95,1.0,0.2564102564102564,0.4081632653061224,0.9655172413793104,0.2413793103448276,0.3862068965517242,1.0,0.2564102564102564,0.4081632653061224,20.584680557250977
o5ife,1.0,0.09536082474226804,0.17411764705882352,0.9722222222222222,0.09043927648578812,0.16548463356973997,1.0,0.09536082474226804,0.17411764705882352,60.99104881286621
o5ijb,1.0,0.27602905569007263,0.43263757115749524,0.973568281938326,0.2678787878787879,0.4201520912547529,1.0,0.27602905569007263,0.43263757115749524,47.40634632110596
o5ijn,1.0,0.19827586206896552,0.33093525179856115,1.0,0.19480519480519481,0.32608695652173914,1.0,0.19827586206896552,0.33093525179856115,73.93490624427795
o5iw3,1.0,0.35597826086956524,0.5250501002004009,0.9769230769230769,0.3460490463215259,0.5110663983903421,1.0,0.35597826086956524,0.5250501002004009,37.110302686691284
o5jdg,1.0,0.28732747804265996,0.44639376218323584,0.9780701754385965,0.28015075376884424,0.435546875,1.0,0.28732747804265996,0.44639376218323584,196.4466471672058
o5ju1,1.0,0.1891891891891892,0.3181818181818182,0.9818181818181818,0.18305084745762712,0.3085714285714286,1.0,0.1891891891891892,0.3181818181818182,32.90796113014221
o5kaa,1.0,0.321285140562249,0.48632218844984804,0.9748427672955975,0.3118712273641851,0.4725609756097561,1.0,0.321285140562249,0.48632218844984804,43.081223011016846
o5kao,1.0,0.09624537281861449,0.17559093101784853,0.9558011049723757,0.09153439153439154,0.1670690487687108,1.0,0.09624537281861449,0.17559093101784853,116.21328353881836
o5ker,1.0,0.11666666666666667,0.208955223880597,1.0,0.11173184357541899,0.20100502512562812,1.0,0.11666666666666667,0.208955223880597,48.50729942321777
o5kkk,1.0,0.23346693386773548,0.3785540211210398,0.9741379310344828,0.22668004012036108,0.36777868185516677,1.0,0.23346693386773548,0.3785540211210398,138.2210991382599
o5kn3,1.0,0.3368010403120936,0.5038910505836576,0.9922480620155039,0.3333333333333333,0.49902534113060426,1.0,0.3368010403120936,0.5038910505836576,51.068206787109375
o5ko9,1.0,0.3508522727272727,0.519453207150368,0.975609756097561,0.3413940256045519,0.5057955742887249,1.0,0.3508522727272727,0.519453207150368,80.38216209411621
o5ld1,1.0,0.1827956989247312,0.3090909090909091,0.98,0.17625899280575538,0.29878048780487804,1.0,0.1827956989247312,0.3090909090909091,46.95019483566284
o5ljb,1.0,0.07607067984426474,0.14138602838853326,0.9802371541501976,0.07429598562013182,0.13812308549150654,1.0,0.07607067984426474,0.14138602838853326,162.98991680145264
o5lk8,1.0,0.2883087400681044,0.44757709251101324,0.9881422924901185,0.2840909090909091,0.441306266548985,1.0,0.2883087400681044,0.44757709251101324,51.049097537994385
o5lkj,1.0,0.099644128113879,0.18122977346278318,1.0,0.09642857142857143,0.1758957654723127,1.0,0.099644128113879,0.18122977346278318,30.309674978256226
o5lr2,1.0,0.362962962962963,0.532608695652174,0.9791666666666666,0.35074626865671643,0.5164835164835165,1.0,0.362962962962963,0.532608695652174,28.346761465072632
o5lu4,1.0,0.15053763440860216,0.2616822429906542,1.0,0.14594594594594595,0.25471698113207547,1.0,0.15053763440860216,0.2616822429906542,19.77508544921875
o5lys,1.0,0.07702523240371846,0.14303329223181258,0.9696969696969697,0.07439388907339754,0.13818630475015425,1.0,0.07702523240371846,0.14303329223181258,112.14237952232361
o5m0w,1.0,0.23921568627450981,0.3860759493670886,0.9833333333333333,0.23228346456692914,0.37579617834394907,1.0,0.23921568627450981,0.3860759493670886,49.72410750389099
o5m78,1.0,0.3693181818181818,0.5394190871369294,0.953125,0.3485714285714286,0.5104602510460251,1.0,0.3693181818181818,0.5394190871369294,32.33577799797058
o5m8b,1.0,0.17397167902899527,0.29638139000574376,0.9649805447470817,0.16734143049932523,0.2852213916043703,1.0,0.17397167902899527,0.29638139000574376,53.1510226726532
o5mfk,1.0,0.15544041450777202,0.2690582959641255,0.9655172413793104,0.14583333333333334,0.2533936651583711,1.0,0.15544041450777202,0.2690582959641255,71.30756664276123
o5mi2,1.0,0.14450867052023122,0.25252525252525254,1.0,0.13953488372093023,0.24489795918367346,1.0,0.14450867052023122,0.25252525252525254,52.46414566040039
o5mua,1.0,0.5298507462686567,0.6926829268292682,0.9857142857142858,0.518796992481203,0.6798029556650247,1.0,0.5298507462686567,0.6926829268292682,19.015788078308105
o5myn,1.0,0.10461397898583828,0.18941273779983459,0.9605263157894737,0.10009140767824497,0.18129139072847683,1.0,0.10461397898583828,0.18941273779983459,132.7194640636444
o5myx,1.0,0.1012396694214876,0.18386491557223264,0.9583333333333334,0.09523809523809523,0.17325800376647832,1.0,0.1012396694214876,0.18386491557223264,59.584235191345215
o5nai,1.0,0.28257686676427524,0.4406392694063927,0.984375,0.27712609970674484,0.4324942791762013,1.0,0.28257686676427524,0.4406392694063927,41.69904685020447
o5njv,1.0,0.14666666666666667,0.2558139534883721,1.0,0.14093959731543623,0.24705882352941178,1.0,0.14666666666666667,0.2558139534883721,37.604413747787476
o5noy,1.0,0.34328358208955223,0.5111111111111112,0.9736842105263158,0.3323353293413174,0.49553571428571425,1.0,0.34328358208955223,0.5111111111111112,36.05805063247681
o5nwe,1.0,0.3953871499176277,0.5667060212514758,0.9748953974895398,0.3844884488448845,0.5514792899408284,1.0,0.3953871499176277,0.5667060212514758,36.34188175201416
o5ny4,1.0,0.3981651376146789,0.5695538057742783,0.9768518518518519,0.38786764705882354,0.5552631578947368,1.0,0.3981651376146789,0.5695538057742783,135.61675667762756
o5oab,1.0,0.10490693739424704,0.18989280245022971,0.9757085020242915,0.10198899703766398,0.1846743295019157,1.0,0.10490693739424704,0.18989280245022971,114.23849201202393
o5onn,1.0,0.2016597510373444,0.3356353591160221,0.9628099173553719,0.19352159468438537,0.322268326417704,1.0,0.2016597510373444,0.3356353591160221,123.31600952148438
o5pcx,1.0,0.13095238095238096,0.23157894736842108,0.9804560260586319,0.12803062526584433,0.22648607975921745,1.0,0.13095238095238096,0.23157894736842108,183.55661129951477
o5phi,1.0,0.3337696335078534,0.5004906771344455,0.984251968503937,0.32765399737876805,0.49164208456243863,1.0,0.3337696335078534,0.5004906771344455,48.16976881027222
o5pke,1.0,0.11515151515151516,0.20652173913043478,1.0,0.11246200607902736,0.20218579234972678,1.0,0.11515151515151516,0.20652173913043478,63.690815448760986
o5px6,1.0,0.07053291536050156,0.13177159590043921,0.9772727272727273,0.06750392464678179,0.12628487518355358,1.0,0.07053291536050156,0.13177159590043921,74.16669940948486
o5q6v,1.0,0.5470459518599562,0.7072135785007072,0.9839357429718876,0.5372807017543859,0.6950354609929078,1.0,0.5470459518599562,0.7072135785007072,39.506712436676025
o5q78,1.0,0.1495601173020528,0.2602040816326531,0.98,0.14411764705882352,0.2512820512820513,1.0,0.1495601173020528,0.2602040816326531,61.94891166687012
o5r7v,1.0,0.27140549273021003,0.4269377382465057,0.9461077844311377,0.255663430420712,0.40254777070063696,1.0,0.27140549273021003,0.4269377382465057,37.087180376052856
o5r9s,1.0,0.09788566953797964,0.1783166904422254,0.9759036144578314,0.09518213866039953,0.17344753747323338,1.0,0.09788566953797964,0.1783166904422254,135.95365834236145
o5rmo,1.0,0.11976047904191617,0.21390374331550802,0.9487179487179487,0.1111111111111111,0.1989247311827957,1.0,0.11976047904191617,0.21390374331550802,38.301318407058716
o5rz8,1.0,0.1361573373676248,0.2396804260985353,0.9775280898876404,0.1318181818181818,0.2323097463284379,1.0,0.1361573373676248,0.2396804260985353,44.98347616195679
o5s52,1.0,0.4690721649484536,0.6385964912280702,0.9723756906077348,0.45478036175710596,0.6197183098591549,1.0,0.4690721649484536,0.6385964912280702,30.437955856323242
o5sef,1.0,0.2300469483568075,0.37404580152671757,1.0,0.22641509433962265,0.36923076923076925,1.0,0.2300469483568075,0.37404580152671757,25.516931772232056
o5sel,1.0,0.20348837209302326,0.33816425120772947,0.9710144927536232,0.19533527696793002,0.3252427184466019,1.0,0.20348837209302326,0.33816425120772947,33.285778522491455
o5sz6,1.0,0.28989037758830694,0.449480642115203,0.9746835443037974,0.2817073170731707,0.4370860927152318,1.0,0.28989037758830694,0.449480642115203,55.68539881706238
o5to3,1.0,0.1729490022172949,0.29489603024574673,0.9785407725321889,0.16863905325443787,0.28769716088328073,1.0,0.1729490022172949,0.29489603024574673,87.58897519111633
o5to5,1.0,0.8348623853211009,0.9099999999999999,0.9888888888888889,0.8240740740740741,0.8989898989898991,1.0,0.8348623853211009,0.9099999999999999,12.585632085800171
o5tty,1.0,0.1926605504587156,0.3230769230769231,0.975609756097561,0.18433179723502305,0.31007751937984496,1.0,0.1926605504587156,0.3230769230769231,44.12000918388367
o5v6t,1.0,0.21608040201005024,0.35537190082644626,1.0,0.21212121212121213,0.35,1.0,0.21608040201005024,0.35537190082644626,36.690096855163574
o5v8g,1.0,0.21782178217821782,0.35772357723577236,0.9767441860465116,0.208955223880597,0.3442622950819672,1.0,0.21782178217821782,0.35772357723577236,28.349661588668823
o5vae,1.0,0.413953488372093,0.5855263157894737,0.9849624060150376,0.40683229813664595,0.5758241758241758,1.0,0.413953488372093,0.5855263157894737,40.9531569480896
o5vgo,1.0,0.15484268969771744,0.2681623931623931,0.972,0.15,0.25989304812834224,1.0,0.15484268969771744,0.2681623931623931,153.98829340934753
o5vmp,1.0,0.14215686274509803,0.24892703862660945,0.9642857142857143,0.1330049261083744,0.23376623376623373,1.0,0.14215686274509803,0.24892703862660945,23.587815046310425
o5vmq,1.0,0.4388888888888889,0.61003861003861,0.9808917197452229,0.42896935933147634,0.5968992248062016,1.0,0.4388888888888889,0.61003861003861,24.864609003067017
o5vs2,1.0,0.22064516129032258,0.36152219873150104,0.9764705882352941,0.2144702842377261,0.3516949152542373,1.0,0.22064516129032258,0.36152219873150104,185.857257604599
o5vz5,1.0,0.20512820512820512,0.3404255319148936,1.0,0.2,0.33333333333333337,1.0,0.20512820512820512,0.3404255319148936,33.054502725601196
o5w78,1.0,0.08823529411764706,0.1621621621621622,0.9594594594594594,0.08362779740871613,0.15384615384615385,1.0,0.08823529411764706,0.1621621621621622,86.11948370933533
o5w85,1.0,0.10714285714285714,0.19354838709677416,0.9565217391304348,0.09865470852017937,0.17886178861788615,1.0,0.10714285714285714,0.19354838709677416,60.19308829307556
o5we4,1.0,0.14457831325301204,0.25263157894736843,0.9130434782608695,0.12727272727272726,0.2234042553191489,1.0,0.14457831325301204,0.25263157894736843,48.1652991771698
o5wl4,1.0,0.11597472924187725,0.2078447230084917,0.96484375,0.11151241534988714,0.19991906110886282,1.0,0.11597472924187725,0.2078447230084917,156.71424674987793
o5x84,1.0,0.18543046357615894,0.3128491620111732,1.0,0.18,0.3050847457627119,1.0,0.18543046357615894,0.3128491620111732,29.931445121765137
o5y0t,1.0,0.363013698630137,0.5326633165829147,0.9807692307692307,0.35172413793103446,0.5177664974619289,1.0,0.363013698630137,0.5326633165829147,22.91097354888916
o5ykl,1.0,0.5982142857142857,0.7486033519553073,1.0,0.5945945945945946,0.7457627118644068,1.0,0.5982142857142857,0.7486033519553073,42.22366118431091
o5z6t,1.0,0.5572519083969466,0.715686274509804,1.0,0.5538461538461539,0.712871287128713,1.0,0.5572519083969466,0.715686274509804,79.74572396278381
o5zb3,1.0,0.0407098121085595,0.07823470411233702,0.9742765273311897,0.039540649876027664,0.07599699021820919,1.0,0.0407098121085595,0.07823470411233702,212.8587679862976
o5zqm,1.0,0.2013888888888889,0.3352601156069364,1.0,0.1958041958041958,0.32748538011695905,1.0,0.2013888888888889,0.3352601156069364,19.95381999015808
o5zv6,1.0,0.20967741935483872,0.3466666666666667,0.9954545454545455,0.20797720797720798,0.34406912804399054,1.0,0.20967741935483872,0.3466666666666667,111.44964146614075
o5zw6,1.0,0.15336134453781514,0.2659380692167578,0.9722222222222222,0.14736842105263157,0.25594149908592323,1.0,0.15336134453781514,0.2659380692167578,60.22885274887085
o5zzt,1.0,0.11895910780669144,0.21262458471760798,1.0,0.11567164179104478,0.20735785953177258,1.0,0.11895910780669144,0.21262458471760798,40.79117012023926
o608e,1.0,0.1419753086419753,0.24864864864864863,0.9545454545454546,0.13043478260869565,0.22950819672131148,1.0,0.1419753086419753,0.24864864864864863,41.26122212409973
o608q,1.0,0.46476190476190476,0.6345903771131339,0.9835390946502057,0.45610687022900764,0.6232073011734028,1.0,0.46476190476190476,0.6345903771131339,65.64372873306274
o60br,1.0,0.17088607594936708,0.29189189189189185,1.0,0.16560509554140126,0.28415300546448086,1.0,0.17088607594936708,0.29189189189189185,49.39871335029602
o60hz,1.0,0.19246861924686193,0.32280701754385965,1.0,0.18907563025210083,0.31802120141342755,1.0,0.19246861924686193,0.32280701754385965,48.89200687408447
o60j5,1.0,0.328125,0.49411764705882355,0.975609756097561,0.31496062992125984,0.4761904761904762,1.0,0.328125,0.49411764705882355,33.13433003425598
o6107,1.0,0.3972602739726027,0.5686274509803921,0.9826839826839827,0.3893653516295026,0.5577395577395577,1.0,0.3972602739726027,0.5686274509803921,47.67503833770752
o614s,1.0,0.4715447154471545,0.6408839779005524,0.9824561403508771,0.45901639344262296,0.6256983240223464,1.0,0.4715447154471545,0.6408839779005524,10.327125072479248
o61p9,1.0,0.11982464685825621,0.21400608960417572,0.9795918367346939,0.11695906432748537,0.20896821941663038,1.0,0.11982464685825621,0.21400608960417572,174.1239516735077
o622k,1.0,0.427536231884058,0.5989847715736041,0.9827586206896551,0.41605839416058393,0.5846153846153846,1.0,0.427536231884058,0.5989847715736041,9.425464153289795
o629f,1.0,0.22556390977443608,0.3680981595092025,0.9655172413793104,0.21212121212121213,0.3478260869565218,1.0,0.22556390977443608,0.3680981595092025,33.46721053123474
o62hb,1.0,0.21422594142259413,0.3528600964851826,0.9764705882352941,0.20854271356783918,0.34368530020703936,1.0,0.21422594142259413,0.3528600964851826,151.1950843334198
o62x7,1.0,0.3018867924528302,0.463768115942029,0.9811320754716981,0.2948960302457467,0.45348837209302323,1.0,0.3018867924528302,0.463768115942029,61.07023334503174
o63gq,1.0,0.4123957091775924,0.5839662447257384,0.9884057971014493,0.40692124105011934,0.5765004226542689,1.0,0.4123957091775924,0.5839662447257384,87.93208003044128
o63iz,1.0,0.35805991440798857,0.5273109243697479,0.988,0.35285714285714287,0.5200000000000001,1.0,0.35805991440798857,0.5273109243697479,68.97000050544739
