conversation_id,rouge1_precision,rouge1_recall,rouge1_f1,rouge2_precision,rouge2_recall,rouge2_f1,rougeL_precision,rougeL_recall,rougeL_f1,summary_time_seconds
ckrjw,1.0,0.5297113752122241,0.6925638179800222,0.9839228295819936,0.5204081632653061,0.6807563959955506,1.0,0.5297113752122241,0.6925638179800222,6.4935455322265625
cksef,1.0,0.300561797752809,0.46220302375809935,0.9875,0.29615745079662603,0.4556596971881759,1.0,0.300561797752809,0.46220302375809935,3.941537618637085
ckz62,1.0,0.47761194029850745,0.6464646464646464,0.9910313901345291,0.4722222222222222,0.6396526772793053,1.0,0.47761194029850745,0.6464646464646464,3.556284189224243
cl2ea,1.0,0.37721518987341773,0.5477941176470589,0.9797979797979798,0.3688212927756654,0.5359116022099447,1.0,0.37721518987341773,0.5477941176470589,2.9571425914764404
cl8at,1.0,0.3916967509025271,0.562905317769131,0.9976905311778291,0.3902439024390244,0.561038961038961,1.0,0.3916967509025271,0.562905317769131,5.0061023235321045
clcgf,1.0,0.13454545454545455,0.2371794871794872,0.9728682170542635,0.13045738045738045,0.23006416131989,1.0,0.13454545454545455,0.2371794871794872,10.003405809402466
clhma,1.0,0.32116788321167883,0.4861878453038674,0.9840546697038725,0.3155588020452885,0.47787610619469023,1.0,0.32116788321167883,0.4861878453038674,21.312928915023804
clicr,1.0,0.4508670520231214,0.6215139442231076,0.9935483870967742,0.4463768115942029,0.616,1.0,0.4508670520231214,0.6215139442231076,2.3478875160217285
clm0x,1.0,0.24321608040201004,0.39126919967663704,0.970954356846473,0.23541247484909456,0.3789473684210526,1.0,0.24321608040201004,0.39126919967663704,2.767577648162842
clm8e,1.0,0.47438752783964366,0.6435045317220544,0.9858490566037735,0.46651785714285715,0.6333333333333333,1.0,0.47438752783964366,0.6435045317220544,5.366161108016968
clmej,1.0,0.174110835401158,0.29658330398027477,0.969047619047619,0.1683905668183699,0.2869228057807543,1.0,0.174110835401158,0.29658330398027477,21.112406730651855
clms8,1.0,0.7660818713450293,0.8675496688741722,0.9846743295019157,0.7536656891495601,0.8538205980066446,1.0,0.7660818713450293,0.8675496688741722,2.811687707901001
cltp4,1.0,0.3442622950819672,0.5121951219512195,0.9880239520958084,0.33880903490759756,0.5045871559633028,1.0,0.3442622950819672,0.5121951219512195,1.5494415760040283
clxn3,1.0,0.4262295081967213,0.5977011494252873,0.9871244635193133,0.4197080291970803,0.5889884763124199,1.0,0.4262295081967213,0.5977011494252873,3.6061391830444336
cly7c,1.0,0.26169265033407574,0.4148278905560459,0.9786324786324786,0.2552954292084727,0.4049513704686119,1.0,0.26169265033407574,0.4148278905560459,2.7421767711639404
clzhs,1.0,0.4043062200956938,0.575809199318569,0.9761904761904762,0.3932853717026379,0.5606837606837607,1.0,0.4043062200956938,0.575809199318569,2.3569397926330566
cm2w3,1.0,0.4117647058823529,0.5833333333333334,0.9736842105263158,0.3978494623655914,0.564885496183206,1.0,0.4117647058823529,0.5833333333333334,1.0655286312103271
cm7dp,1.0,0.6240786240786241,0.7685325264750378,0.9920948616600791,0.6182266009852216,0.7617602427921093,1.0,0.6240786240786241,0.7685325264750378,3.1881823539733887
cmat3,1.0,0.23083131557707828,0.37508196721311476,0.9754385964912281,0.2245557350565428,0.36506894287590286,1.0,0.23083131557707828,0.37508196721311476,2.6077730655670166
cmb29,1.0,0.2222222222222222,0.3636363636363636,0.978021978021978,0.21672077922077923,0.3548172757475083,1.0,0.2222222222222222,0.3636363636363636,11.33332633972168
cmbkj,1.0,0.4704370179948586,0.6398601398601399,0.9725274725274725,0.45618556701030927,0.6210526315789473,1.0,0.4704370179948586,0.6398601398601399,3.2087478637695312
cmgap,1.0,0.333869670152856,0.5006031363088058,0.9903381642512077,0.33011272141706927,0.4951690821256039,1.0,0.333869670152856,0.5006031363088058,7.6396729946136475
cml25,1.0,0.7741935483870968,0.8727272727272727,0.993006993006993,0.7675675675675676,0.8658536585365854,1.0,0.7741935483870968,0.8727272727272727,1.763667106628418
cmmqc,1.0,0.2755267423014587,0.43202033036848797,0.9941002949852508,0.2733171127331711,0.4287531806615776,1.0,0.2755267423014587,0.43202033036848797,2.5104541778564453
cmr65,1.0,0.7850467289719626,0.8795811518324607,0.9879518072289156,0.7735849056603774,0.8677248677248678,1.0,0.7850467289719626,0.8795811518324607,1.1766936779022217
cmu5s,1.0,0.18829707426856715,0.31691919191919193,0.98,0.18393393393393392,0.30973451327433627,1.0,0.18829707426856715,0.31691919191919193,2.0745835304260254
cmur1,1.0,0.47202797202797203,0.6413301662707839,0.9776119402985075,0.45964912280701753,0.6252983293556086,1.0,0.47202797202797203,0.6413301662707839,1.941547155380249
cn0io,1.0,0.7888198757763976,0.8819444444444444,1.0,0.7875,0.881118881118881,1.0,0.7888198757763976,0.8819444444444444,0.9380598068237305
cn36l,1.0,0.696551724137931,0.8211382113821138,0.98,0.6805555555555556,0.8032786885245902,1.0,0.696551724137931,0.8211382113821138,0.8594868183135986
cn4vs,1.0,0.33062330623306235,0.4969450101832994,0.9753086419753086,0.32157394843962006,0.4836734693877551,1.0,0.33062330623306235,0.4969450101832994,4.9207751750946045
cn5om,1.0,0.8461538461538461,0.9166666666666666,0.9923664122137404,0.8387096774193549,0.9090909090909091,1.0,0.8461538461538461,0.9166666666666666,2.0157151222229004
cnakl,1.0,0.42923794712286156,0.6006528835690969,0.9818181818181818,0.4205607476635514,0.5888767720828789,1.0,0.42923794712286156,0.6006528835690969,2.323291778564453
cnbyl,1.0,0.26366120218579236,0.41729729729729725,0.9739583333333334,0.2558139534883721,0.40520043336944744,1.0,0.26366120218579236,0.41729729729729725,1.9428672790527344
cnd1y,1.0,0.29106858054226475,0.4508956145768993,0.9862637362637363,0.286512370311253,0.4440321583178726,1.0,0.29106858054226475,0.4508956145768993,2.822868824005127
cnd3k,1.0,0.21602434077079108,0.35529608006672225,0.9811764705882353,0.2115677321156773,0.34808013355592654,1.0,0.21602434077079108,0.35529608006672225,18.384770393371582
cngmr,1.0,0.4295774647887324,0.6009852216748768,0.9752066115702479,0.4169611307420495,0.5841584158415842,1.0,0.4295774647887324,0.6009852216748768,1.687084674835205
cni11,1.0,0.27375886524822696,0.4298440979955456,0.9635416666666666,0.2627840909090909,0.41294642857142855,1.0,0.27375886524822696,0.4298440979955456,3.0785088539123535
cnixv,1.0,0.2230769230769231,0.36477987421383645,1.0,0.21705426356589147,0.356687898089172,1.0,0.2230769230769231,0.36477987421383645,0.7025513648986816
cnji3,1.0,0.22885572139303484,0.3724696356275304,0.9777777777777777,0.22,0.35918367346938773,1.0,0.22885572139303484,0.3724696356275304,0.7937719821929932
cnm0a,1.0,0.09438943894389439,0.17249698431845598,0.9894736842105263,0.0931000330141961,0.17018708509354255,1.0,0.09438943894389439,0.17249698431845598,12.851700067520142
cnme0,1.0,0.17209908735332463,0.2936596218020022,0.9695817490494296,0.16634050880626222,0.28396436525612473,1.0,0.17209908735332463,0.2936596218020022,3.251909017562866
cnp2m,1.0,0.40370370370370373,0.575197889182058,0.9877300613496932,0.3980222496909765,0.5674008810572687,1.0,0.40370370370370373,0.575197889182058,3.869939088821411
cnvn5,1.0,0.58,0.7341772151898733,0.9861111111111112,0.570281124497992,0.7226463104325699,1.0,0.58,0.7341772151898733,1.5179779529571533
cnzj1,1.0,0.20948860135551448,0.3464085583290881,0.9882005899705014,0.2065351418002466,0.3416624171341152,1.0,0.20948860135551448,0.3464085583290881,23.472429513931274
co5nb,1.0,0.628032345013477,0.771523178807947,0.9870689655172413,0.6189189189189189,0.760797342192691,1.0,0.628032345013477,0.771523178807947,34.01159596443176
co6ou,1.0,0.1673469387755102,0.2867132867132867,0.9902200488997555,0.16537362188648427,0.2834149755073478,1.0,0.1673469387755102,0.2867132867132867,13.062813997268677
cod6c,1.0,0.39285714285714285,0.5641025641025641,0.9814814814814815,0.381294964028777,0.5492227979274612,1.0,0.39285714285714285,0.5641025641025641,0.972836971282959
cojcu,1.0,0.3475298126064736,0.515802781289507,0.9704433497536946,0.3361774744027304,0.49936628643852976,1.0,0.3475298126064736,0.515802781289507,3.795064926147461
coot0,1.0,0.4678787878787879,0.6374896779521058,0.9844155844155844,0.45995145631067963,0.6269644334160462,1.0,0.4678787878787879,0.6374896779521058,3.675814390182495
coud9,1.0,0.48372093023255813,0.652037617554859,0.9879518072289156,0.47729918509895225,0.6436420722135008,1.0,0.48372093023255813,0.652037617554859,5.284425258636475
cox98,1.0,0.28313253012048195,0.44131455399061037,0.9714285714285714,0.27364185110663986,0.4270015698587127,1.0,0.28313253012048195,0.44131455399061037,1.5696988105773926
coy1c,1.0,0.8928571428571429,0.9433962264150945,0.9949748743718593,0.8878923766816144,0.9383886255924171,1.0,0.8928571428571429,0.9433962264150945,2.61965012550354
cp48p,1.0,0.7807017543859649,0.8768472906403941,0.9886363636363636,0.7699115044247787,0.8656716417910447,1.0,0.7807017543859649,0.8768472906403941,1.3168644905090332
cp77e,1.0,0.44243421052631576,0.61345496009122,0.9850746268656716,0.43492586490939045,0.6034285714285714,1.0,0.44243421052631576,0.61345496009122,2.930941104888916
cp7bz,1.0,0.31037924151696605,0.47372429550647366,0.9774193548387097,0.3026973026973027,0.4622425629290618,1.0,0.31037924151696605,0.47372429550647366,3.1207053661346436
cp8og,1.0,0.3395061728395062,0.5069124423963134,0.9854014598540146,0.3337453646477132,0.4986149584487535,1.0,0.3395061728395062,0.5069124423963134,2.9636406898498535
cpbj4,1.0,0.35348226018396844,0.5223300970873787,0.9850746268656716,0.3473684210526316,0.5136186770428016,1.0,0.35348226018396844,0.5223300970873787,4.5685203075408936
cpdv3,1.0,0.3573717948717949,0.5265643447461629,0.9774774774774775,0.34831460674157305,0.5136094674556213,1.0,0.3573717948717949,0.5265643447461629,2.96994686126709
cpn3r,1.0,0.5761316872427984,0.7310704960835509,0.9928057553956835,0.5702479338842975,0.7244094488188976,1.0,0.5761316872427984,0.7310704960835509,1.3871488571166992
cpqyt,1.0,0.5365239294710328,0.6983606557377049,0.9811320754716981,0.5252525252525253,0.6842105263157896,1.0,0.5365239294710328,0.6983606557377049,2.1759819984436035
cq2a6,1.0,0.4767676767676768,0.6456908344733242,0.9787234042553191,0.46558704453441296,0.6310013717421125,1.0,0.4767676767676768,0.6456908344733242,2.5379295349121094
cq81a,1.0,0.399581589958159,0.571001494768311,0.9894736842105263,0.3941299790356394,0.5637181409295352,1.0,0.399581589958159,0.571001494768311,1.9669747352600098
cqasg,1.0,0.512987012987013,0.6781115879828326,0.9615384615384616,0.49019607843137253,0.6493506493506493,1.0,0.512987012987013,0.6781115879828326,1.4466626644134521
cqbbo,1.0,0.7734806629834254,0.8722741433021807,0.9928057553956835,0.7666666666666667,0.8652037617554861,1.0,0.7734806629834254,0.8722741433021807,1.3952314853668213
cqbml,1.0,0.1547969393761036,0.26809378185524974,0.9580152671755725,0.14782096584216725,0.2561224489795918,1.0,0.1547969393761036,0.26809378185524974,9.687753200531006
cqe7y,1.0,0.3895274584929757,0.5606617647058824,0.9901315789473685,0.38491048593350385,0.5543278084714549,1.0,0.3895274584929757,0.5606617647058824,5.774816036224365
cqefn,0.9977426636568849,0.14733333333333334,0.25675283183270403,0.9683257918552036,0.1427142380793598,0.24876489392618426,0.9977426636568849,0.14733333333333334,0.25675283183270403,17.47246265411377
cqfqi,1.0,0.696969696969697,0.8214285714285715,0.989010989010989,0.6870229007633588,0.8108108108108107,1.0,0.696969696969697,0.8214285714285715,1.325118064880371
cqily,1.0,0.19056261343012704,0.3201219512195122,0.9809069212410502,0.18656377666817975,0.3135011441647597,1.0,0.19056261343012704,0.3201219512195122,14.265346765518188
cqjd9,1.0,0.5853658536585366,0.7384615384615384,0.9831932773109243,0.5735294117647058,0.7244582043343654,1.0,0.5853658536585366,0.7384615384615384,1.766495943069458
cql7g,1.0,0.5714285714285714,0.7272727272727273,0.9771689497716894,0.5572916666666666,0.7097844112769486,1.0,0.5714285714285714,0.7272727272727273,2.472888708114624
cqnd3,1.0,0.3137254901960784,0.47761194029850745,0.9771428571428571,0.3053571428571429,0.4653061224489797,1.0,0.3137254901960784,0.47761194029850745,2.5176870822906494
cqo13,1.0,0.21614583333333334,0.3554603854389722,0.9634146341463414,0.206266318537859,0.33978494623655914,1.0,0.21614583333333334,0.3554603854389722,1.3154304027557373
cqovk,1.0,0.6117021276595744,0.759075907590759,0.9736842105263158,0.5935828877005348,0.7375415282392026,1.0,0.6117021276595744,0.759075907590759,1.9458043575286865
cqrdq,1.0,0.1217855409995148,0.21712802768166092,0.952,0.11553398058252427,0.20606060606060608,1.0,0.1217855409995148,0.21712802768166092,10.334414005279541
cqu31,1.0,0.36099585062240663,0.5304878048780488,0.9651162790697675,0.3458333333333333,0.50920245398773,1.0,0.36099585062240663,0.5304878048780488,1.3924400806427002
cqu8z,1.0,0.4,0.5714285714285715,1.0,0.3959731543624161,0.5673076923076923,1.0,0.4,0.5714285714285715,0.9197769165039062
cqv2n,1.0,0.5178236397748592,0.6823238566131026,0.9963636363636363,0.5150375939849624,0.6790582403965304,1.0,0.5178236397748592,0.6823238566131026,3.2940826416015625
cqwo8,1.0,0.6476964769647696,0.7861842105263157,0.9831932773109243,0.6358695652173914,0.7722772277227724,1.0,0.6476964769647696,0.7861842105263157,2.8732969760894775
cqwxa,1.0,0.4653846153846154,0.6351706036745406,0.979253112033195,0.45472061657032753,0.6210526315789473,1.0,0.4653846153846154,0.6351706036745406,2.8262195587158203
cqyw6,1.0,0.2971014492753623,0.45810055865921784,1.0,0.291970802919708,0.45197740112994345,1.0,0.2971014492753623,0.45810055865921784,1.062985897064209
cqzx5,1.0,0.1712538226299694,0.2924281984334204,0.9641255605381166,0.16449885233358838,0.281045751633987,1.0,0.1712538226299694,0.2924281984334204,2.3013174533843994
cr06h,1.0,0.44575471698113206,0.6166394779771615,0.973404255319149,0.4326241134751773,0.5990180032733224,1.0,0.44575471698113206,0.6166394779771615,1.6159052848815918
cr1hg,1.0,0.5218181818181818,0.6857825567502986,0.9895104895104895,0.5154826958105647,0.6778443113772455,1.0,0.5218181818181818,0.6857825567502986,3.6880993843078613
cr1il,1.0,0.6397058823529411,0.780269058295964,0.9976958525345622,0.6377025036818851,0.7780772686433063,1.0,0.6397058823529411,0.780269058295964,4.521148920059204
cr2k8,1.0,0.7230769230769231,0.8392857142857142,0.9914529914529915,0.7160493827160493,0.8315412186379928,1.0,0.7230769230769231,0.8392857142857142,1.625915765762329
cr7xc,1.0,0.24579124579124578,0.3945945945945946,0.9583333333333334,0.23310810810810811,0.37500000000000006,1.0,0.24579124579124578,0.3945945945945946,1.8033850193023682
cr9vy,1.0,0.34172185430463575,0.5093780848963475,0.980544747081712,0.33421750663129973,0.49851632047477745,1.0,0.34172185430463575,0.5093780848963475,2.6244359016418457
cra8o,1.0,0.737410071942446,0.8488612836438924,0.9901960784313726,0.7292418772563177,0.8399168399168399,1.0,0.737410071942446,0.8488612836438924,3.858428955078125
crelk,1.0,0.45706371191135736,0.6273764258555133,0.9878048780487805,0.45,0.6183206106870229,1.0,0.45706371191135736,0.6273764258555133,2.4503214359283447
crfxu,1.0,0.5164113785557987,0.6810966810966811,0.9957446808510638,0.5131578947368421,0.6772793053545587,1.0,0.5164113785557987,0.6810966810966811,2.242013931274414
crgq1,1.0,0.726457399103139,0.8415584415584416,1.0,0.7252252252252253,0.8407310704960836,1.0,0.726457399103139,0.8415584415584416,1.7078797817230225
crln4,1.0,0.3426124197002141,0.5103668261562998,0.9622641509433962,0.3283261802575107,0.4895999999999999,1.0,0.3426124197002141,0.5103668261562998,4.017304182052612
crmxn,1.0,0.47843137254901963,0.6472148541114058,0.9945205479452055,0.47513089005235604,0.6430469441984057,1.0,0.47843137254901963,0.6472148541114058,3.4153833389282227
crpjl,1.0,0.47126436781609193,0.640625,0.9836065573770492,0.46153846153846156,0.6282722513089006,1.0,0.47126436781609193,0.640625,31.8270423412323
crtrv,1.0,0.4693333333333333,0.6388384754990926,0.9885714285714285,0.4625668449197861,0.6302367941712205,1.0,0.4693333333333333,0.6388384754990926,1.7024784088134766
cs04n,1.0,0.4808080808080808,0.6493860845839018,0.9873417721518988,0.47368421052631576,0.6402188782489739,1.0,0.4808080808080808,0.6493860845839018,2.4479119777679443
cs33k,1.0,0.2373022481265612,0.3835800807537012,0.9788732394366197,0.23166666666666666,0.3746630727762803,1.0,0.2373022481265612,0.3835800807537012,2.9638679027557373
csa4d,1.0,0.4260700389105058,0.597544338335607,0.981651376146789,0.4171539961013645,0.5854993160054719,1.0,0.4260700389105058,0.597544338335607,1.999305009841919
cseoq,1.0,0.6801909307875895,0.8096590909090909,0.9929577464788732,0.6746411483253588,0.8034188034188035,1.0,0.6801909307875895,0.8096590909090909,3.29641056060791
csg5y,1.0,0.27721221613155833,0.43408951563458,0.9858356940509915,0.2727272727272727,0.427255985267035,1.0,0.27721221613155833,0.43408951563458,3.0955915451049805
csgcz,1.0,0.5247933884297521,0.6883468834688347,0.9920634920634921,0.5186721991701245,0.6811989100817439,1.0,0.5247933884297521,0.6883468834688347,1.3141565322875977
csolf,1.0,0.4057142857142857,0.5772357723577236,0.9893992932862191,0.4005722460658083,0.570264765784114,1.0,0.4057142857142857,0.5772357723577236,2.597853422164917
cspo3,1.0,0.42721217887725976,0.5986666666666667,0.9866071428571429,0.42095238095238097,0.5901201602136182,1.0,0.42721217887725976,0.5986666666666667,3.7538797855377197
cspp5,1.0,0.5860927152317881,0.7390396659707724,0.9943181818181818,0.5813953488372093,0.7337526205450734,1.0,0.5860927152317881,0.7390396659707724,1.982574462890625
css88,1.0,0.38649592549476136,0.5575146935348447,0.9969788519637462,0.38461538461538464,0.5550883095037847,1.0,0.38649592549476136,0.5575146935348447,4.184192657470703
csvlp,1.0,0.29194630872483224,0.451948051948052,0.9826589595375722,0.2857142857142857,0.44270833333333326,1.0,0.29194630872483224,0.451948051948052,1.7287232875823975
ct0bk,1.0,0.5287671232876713,0.6917562724014337,0.9791666666666666,0.5164835164835165,0.6762589928057554,1.0,0.5287671232876713,0.6917562724014337,3.4201245307922363
ct16o,1.0,0.49640287769784175,0.6634615384615384,0.9805825242718447,0.4855769230769231,0.6495176848874598,1.0,0.49640287769784175,0.6634615384615384,2.4951820373535156
ct5qb,1.0,0.568561872909699,0.7249466950959488,0.9881656804733728,0.5604026845637584,0.7152034261241971,1.0,0.568561872909699,0.7249466950959488,1.9661431312561035
ct9f6,1.0,0.5,0.6666666666666666,0.9807692307692307,0.4894433781190019,0.6530089628681178,1.0,0.5,0.6666666666666666,3.434478759765625
ctb7b,1.0,0.42597402597402595,0.5974499089253188,0.9877675840978594,0.42002600780234073,0.5894160583941606,1.0,0.42597402597402595,0.5974499089253188,4.205991744995117
cteoi,1.0,0.25512104283054005,0.4065281899109793,0.9853479853479854,0.2506989748369059,0.399702823179792,1.0,0.25512104283054005,0.4065281899109793,2.67352294921875
ctf62,1.0,0.5645161290322581,0.7216494845360826,0.985663082437276,0.5555555555555556,0.710594315245478,1.0,0.5645161290322581,0.7216494845360826,2.818821668624878
ctffc,1.0,0.49796747967479676,0.6648575305291723,0.9754098360655737,0.4847250509164969,0.6476190476190475,1.0,0.49796747967479676,0.6648575305291723,2.879554271697998
ctfyd,1.0,0.17217787913340935,0.2937743190661478,0.9800664451827242,0.16828294352538506,0.28724440116845185,1.0,0.17217787913340935,0.2937743190661478,15.49128246307373
cth6g,1.0,0.6319702602230484,0.7744874715261959,0.9881656804733728,0.6231343283582089,0.7643020594965675,1.0,0.6319702602230484,0.7744874715261959,1.95542311668396
cti7d,1.0,0.31039136302294196,0.47373841400617916,0.9912854030501089,0.30722484807562456,0.46907216494845366,1.0,0.31039136302294196,0.47373841400617916,4.079865455627441
ctk6u,1.0,0.2224428997020854,0.36393176279447603,0.9596412556053812,0.21272365805168986,0.3482506102522376,1.0,0.2224428997020854,0.36393176279447603,9.493739366531372
ctkqk,1.0,0.1771986970684039,0.3010514665190924,0.977859778597786,0.1727509778357236,0.2936288088642659,1.0,0.1771986970684039,0.3010514665190924,3.633901357650757
ctnxq,1.0,0.3536754507628294,0.5225409836065573,0.968503937007874,0.3416666666666667,0.5051334702258727,1.0,0.3536754507628294,0.5225409836065573,2.374239206314087
ctpsd,1.0,0.47586206896551725,0.6448598130841121,0.9854368932038835,0.46774193548387094,0.6343749999999999,1.0,0.47586206896551725,0.6448598130841121,3.0590035915374756
cttti,1.0,0.2504798464491363,0.4006139677666923,0.9807692307692307,0.24495677233429394,0.3920061491160646,1.0,0.2504798464491363,0.4006139677666923,3.302304744720459
ctw1r,1.0,0.33774834437086093,0.504950495049505,0.98,0.32666666666666666,0.49,1.0,0.33774834437086093,0.504950495049505,0.5842189788818359
ctz97,1.0,0.33519553072625696,0.502092050209205,1.0,0.33146067415730335,0.49789029535864976,1.0,0.33519553072625696,0.502092050209205,1.1478893756866455
cu0ic,1.0,0.3381770145310436,0.5054294175715696,0.9803921568627451,0.3306878306878307,0.4945598417408506,1.0,0.3381770145310436,0.5054294175715696,2.6219253540039062
cu41u,1.0,0.2033096926713948,0.3379174852652259,0.9854227405247813,0.19988172678888233,0.33235004916420846,1.0,0.2033096926713948,0.3379174852652259,8.495732069015503
cu5ye,1.0,0.23707664884135474,0.38328530259365995,0.9899497487437185,0.2342449464922711,0.37884615384615383,1.0,0.23707664884135474,0.38328530259365995,20.182098388671875
cu7fb,1.0,0.21910112359550563,0.35944700460829493,0.9813084112149533,0.21461420541645376,0.35220125786163525,1.0,0.21910112359550563,0.35944700460829493,13.141579151153564
cu82c,1.0,0.0977894342450356,0.1781569965870307,0.9730769230769231,0.09482758620689655,0.17281420765027325,1.0,0.0977894342450356,0.1781569965870307,11.4098801612854
cu9c1,1.0,0.25227272727272726,0.4029038112522686,0.9864253393665159,0.24800910125142206,0.39636363636363636,1.0,0.25227272727272726,0.4029038112522686,2.0720057487487793
cubvt,1.0,0.21643286573146292,0.3558484349258649,0.9976798143851509,0.21553884711779447,0.3544929925803792,1.0,0.21643286573146292,0.3558484349258649,14.13148808479309
cud3o,1.0,0.5547024952015355,0.7135802469135801,0.9895833333333334,0.5480769230769231,0.7054455445544555,1.0,0.5547024952015355,0.7135802469135801,2.262897253036499
cudcl,1.0,0.41046831955922863,0.58203125,0.972972972972973,0.39779005524861877,0.5647058823529412,1.0,0.41046831955922863,0.58203125,1.6560757160186768
cuehj,1.0,0.20206998521439132,0.33620336203362033,0.9926650366748166,0.20019723865877712,0.33319655313910546,1.0,0.20206998521439132,0.33620336203362033,17.42489457130432
cughd,1.0,0.40175953079178883,0.5732217573221756,0.9779411764705882,0.3911764705882353,0.5588235294117646,1.0,0.40175953079178883,0.5732217573221756,1.6852757930755615
cugmv,1.0,0.1035958904109589,0.18774243599689683,0.9834254143646409,0.10162717670568085,0.18421733505821475,1.0,0.1035958904109589,0.18774243599689683,11.720263004302979
cuinz,1.0,0.16958698372966208,0.28999464954521137,0.9814814814814815,0.1659361302442079,0.28387787895018746,1.0,0.16958698372966208,0.28999464954521137,9.376607894897461
cumue,1.0,0.32036199095022627,0.48526387936943116,0.9830028328611898,0.31431159420289856,0.4763212079615649,1.0,0.32036199095022627,0.48526387936943116,3.488947629928589
cuns0,1.0,0.07949029126213593,0.14727374929735806,0.9770114942528736,0.07738998482549317,0.14341957255343082,1.0,0.07949029126213593,0.14727374929735806,10.318273067474365
cusyc,1.0,0.33879093198992444,0.5061147695202257,0.9850746268656716,0.3329129886506936,0.49764373232799247,1.0,0.33879093198992444,0.5061147695202257,2.517127752304077
cuufz,1.0,0.6463022508038585,0.78515625,0.98,0.632258064516129,0.7686274509803921,1.0,0.6463022508038585,0.78515625,3.93087100982666
cuvs1,1.0,0.5963302752293578,0.7471264367816092,0.9845559845559846,0.5862068965517241,0.7348703170028817,1.0,0.5963302752293578,0.7471264367816092,2.641087532043457
cv8z2,1.0,0.27164887307236063,0.4272388059701493,0.9824561403508771,0.2660332541567696,0.41869158878504675,1.0,0.27164887307236063,0.4272388059701493,3.2962052822113037
cv95x,1.0,0.6910994764397905,0.8173374613003095,0.9923954372623575,0.6850393700787402,0.8105590062111802,1.0,0.6910994764397905,0.8173374613003095,3.001425266265869
cvi0h,1.0,0.703125,0.8256880733944955,0.9887640449438202,0.6929133858267716,0.8148148148148149,1.0,0.703125,0.8256880733944955,0.9207918643951416
cvngw,1.0,0.31216931216931215,0.47580645161290325,0.9715909090909091,0.30212014134275617,0.46091644204851745,1.0,0.31216931216931215,0.47580645161290325,3.254415512084961
cvpra,1.0,0.5102040816326531,0.6756756756756758,0.972972972972973,0.4931506849315068,0.6545454545454545,1.0,0.5102040816326531,0.6756756756756758,1.1002717018127441
cvvkm,1.0,0.17832512315270935,0.3026755852842809,0.9777777777777777,0.17357001972386588,0.29480737018425457,1.0,0.17832512315270935,0.3026755852842809,2.27571439743042
cvvmw,1.0,0.9074074074074074,0.9514563106796117,0.9918032786885246,0.8996282527881041,0.9434697855750487,1.0,0.9074074074074074,0.9514563106796117,2.9506349563598633
ny2o2,1.0,0.5798319327731093,0.7340425531914894,0.9927007299270073,0.5738396624472574,0.7272727272727273,1.0,0.5798319327731093,0.7340425531914894,1.677074909210205
ny2xk,1.0,0.926829268292683,0.9620253164556963,1.0,0.9262295081967213,0.9617021276595745,1.0,0.926829268292683,0.9620253164556963,1.6223394870758057
ny3if,1.0,0.2745762711864407,0.4308510638297873,0.9875,0.2687074829931973,0.4224598930481284,1.0,0.2745762711864407,0.4308510638297873,2.2646656036376953
ny53b,1.0,0.5510204081632653,0.7105263157894737,0.9850746268656716,0.5409836065573771,0.6984126984126985,1.0,0.5510204081632653,0.7105263157894737,1.7855849266052246
ny5bd,1.0,0.5984251968503937,0.748768472906404,1.0,0.5952380952380952,0.7462686567164178,1.0,0.5984251968503937,0.748768472906404,0.7217776775360107
ny5fz,1.0,0.636094674556213,0.7775768535262206,0.9953271028037384,0.6320474777448071,0.7731397459165155,1.0,0.636094674556213,0.7775768535262206,2.6498961448669434
ny60y,1.0,0.35391923990498814,0.5228070175438596,0.9730639730639731,0.3436385255648038,0.507908611599297,1.0,0.35391923990498814,0.5228070175438596,3.395077705383301
ny6fz,1.0,0.28966521106259097,0.4492099322799097,0.9848484848484849,0.28425655976676384,0.4411764705882353,1.0,0.28966521106259097,0.4492099322799097,2.1115310192108154
ny7ew,1.0,0.14197847257816504,0.24865350089766608,0.9710144927536232,0.13743589743589743,0.2407906558849955,1.0,0.14197847257816504,0.24865350089766608,9.67426609992981
ny8vd,1.0,0.6751054852320675,0.8060453400503779,0.9874213836477987,0.6652542372881356,0.7949367088607595,1.0,0.6751054852320675,0.8060453400503779,3.0023715496063232
nya3t,1.0,0.524,0.6876640419947507,0.9885057471264368,0.5170340681362725,0.6789473684210526,1.0,0.524,0.6876640419947507,2.6893203258514404
nya4b,1.0,0.5062240663900415,0.6721763085399449,0.9752066115702479,0.49166666666666664,0.6537396121883656,1.0,0.5062240663900415,0.6721763085399449,1.0219275951385498
nybk8,1.0,0.43463302752293576,0.6059152677857713,0.9920634920634921,0.4305396096440873,0.600480384307446,1.0,0.43463302752293576,0.6059152677857713,4.092480897903442
nycav,1.0,0.7706422018348624,0.8704663212435233,1.0,0.7685185185185185,0.869109947643979,1.0,0.7706422018348624,0.8704663212435233,1.8290557861328125
nycbv,1.0,0.5885057471264368,0.7409551374819102,0.984313725490196,0.5783410138248848,0.7285921625544267,1.0,0.5885057471264368,0.7409551374819102,3.287754774093628
nycvv,1.0,0.31076581576026635,0.47417442845046565,0.956989247311828,0.2966666666666667,0.45292620865139954,1.0,0.31076581576026635,0.47417442845046565,4.278052091598511
nyd1c,1.0,0.782608695652174,0.878048780487805,0.9887640449438202,0.7719298245614035,0.8669950738916256,1.0,0.782608695652174,0.878048780487805,1.0023884773254395
nyd49,1.0,0.7563451776649747,0.861271676300578,0.9932432432432432,0.75,0.8546511627906977,1.0,0.7563451776649747,0.861271676300578,6.454959869384766
nye95,1.0,0.5708661417322834,0.7268170426065164,0.9861111111111112,0.5612648221343873,0.7153652392947103,1.0,0.5708661417322834,0.7268170426065164,1.8758418560028076
nye9v,1.0,0.15723270440251572,0.2717391304347826,0.9744525547445255,0.15274599542334097,0.26409495548961426,1.0,0.15723270440251572,0.2717391304347826,6.4023895263671875
nyeak,1.0,0.48872180451127817,0.6565656565656565,0.9689922480620154,0.4716981132075472,0.6345177664974618,1.0,0.48872180451127817,0.6565656565656565,1.1345973014831543
nyedm,1.0,0.06735889243876464,0.1262160139685707,0.9841269841269841,0.06604527296937417,0.12378337908659844,1.0,0.06735889243876464,0.1262160139685707,8.54374885559082
nyf4x,1.0,0.06651778593077046,0.1247382590487586,0.9831730769230769,0.0652520740268028,0.12238180730101736,1.0,0.06651778593077046,0.1247382590487586,16.0778067111969
nyfbp,1.0,0.6373056994818653,0.7784810126582279,0.9877551020408163,0.6285714285714286,0.7682539682539683,1.0,0.6373056994818653,0.7784810126582279,3.544541120529175
nyfhl,1.0,0.4094488188976378,0.5810055865921788,0.9607843137254902,0.3888888888888889,0.5536723163841808,1.0,0.4094488188976378,0.5810055865921788,0.8189260959625244
nyfwc,1.0,0.31100478468899523,0.4744525547445256,0.9768339768339769,0.3029940119760479,0.4625228519195613,1.0,0.31100478468899523,0.4744525547445256,10.12378978729248
nyh0c,1.0,0.23278688524590163,0.37765957446808507,0.9714285714285714,0.2236842105263158,0.36363636363636365,1.0,0.23278688524590163,0.37765957446808507,1.3653149604797363
nyh6g,1.0,0.08389585342333655,0.15480427046263348,0.9615384615384616,0.08038585209003216,0.1483679525222552,1.0,0.08389585342333655,0.15480427046263348,11.745023727416992
nyhhb,1.0,0.353030303030303,0.5218365061590146,0.9827586206896551,0.34597875569044007,0.5117845117845118,1.0,0.353030303030303,0.5218365061590146,3.4729435443878174
nyhp7,1.0,0.5924932975871313,0.744107744107744,0.990909090909091,0.5860215053763441,0.7364864864864865,1.0,0.5924932975871313,0.744107744107744,3.38279390335083
nyhpz,1.0,0.25513196480938416,0.40654205607476634,0.9730769230769231,0.24755381604696672,0.39469578783151327,1.0,0.25513196480938416,0.40654205607476634,3.1661856174468994
nyi4y,1.0,0.42105263157894735,0.5925925925925926,1.0,0.41721854304635764,0.5887850467289719,1.0,0.42105263157894735,0.5925925925925926,1.0078470706939697
nyigt,1.0,0.47470817120622566,0.6437994722955145,0.9752066115702479,0.4609375,0.6259946949602122,1.0,0.47470817120622566,0.6437994722955145,1.6394915580749512
nyj1o,1.0,0.5975232198142415,0.748062015503876,0.9948051948051948,0.5937984496124031,0.7436893203883496,1.0,0.5975232198142415,0.748062015503876,3.5623714923858643
nyj3e,1.0,0.7777777777777778,0.8750000000000001,0.9955156950672646,0.7735191637630662,0.8705882352941176,1.0,0.7777777777777778,0.8750000000000001,2.1224162578582764
nyj90,1.0,0.08585022755482002,0.1581253572108973,0.9710144927536232,0.08317815021725636,0.15323041738136076,1.0,0.08585022755482002,0.1581253572108973,21.3507399559021
nyk5o,1.0,0.2988871224165342,0.46022031823745413,0.9786096256684492,0.2914012738853503,0.44907975460122695,1.0,0.2988871224165342,0.46022031823745413,1.6688919067382812
nykuk,1.0,0.2092283214001591,0.34605263157894733,0.9770992366412213,0.20382165605095542,0.3372859025032938,1.0,0.2092283214001591,0.34605263157894733,3.157503366470337
nylbo,1.0,0.13622526636225266,0.23978566644340252,0.9803921568627451,0.13323182337266845,0.23458445040214476,1.0,0.13622526636225266,0.23978566644340252,12.121508598327637
nym3q,1.0,0.12974122651542006,0.229683087543144,0.9753424657534246,0.12624113475177304,0.2235478806907378,1.0,0.12974122651542006,0.229683087543144,3.50972318649292
nymb8,0.9976689976689976,0.0895772289660946,0.16439408488573076,0.9789719626168224,0.08771195310864559,0.16099903938520652,0.9976689976689976,0.0895772289660946,0.16439408488573076,24.659146547317505
nymk4,1.0,0.08423493044822257,0.15538132573057734,0.9846625766871165,0.08271064158721979,0.1526028048490611,1.0,0.08423493044822257,0.15538132573057734,13.464010000228882
nyn39,1.0,0.3701492537313433,0.5403050108932461,0.9838056680161943,0.3632286995515695,0.5305676855895196,1.0,0.3701492537313433,0.5403050108932461,2.7563669681549072
nynnf,1.0,0.25834230355220666,0.4106073567151411,0.9707112970711297,0.25,0.39760068551842337,1.0,0.25834230355220666,0.4106073567151411,3.844554901123047
nynsm,1.0,0.43870967741935485,0.6098654708520179,0.9850746268656716,0.42857142857142855,0.5972850678733032,1.0,0.43870967741935485,0.6098654708520179,1.0551629066467285
nynsr,1.0,0.15934065934065933,0.27488151658767773,0.9642857142857143,0.14917127071823205,0.25837320574162675,1.0,0.15934065934065933,0.27488151658767773,0.6935625076293945
nynti,1.0,0.36450381679389315,0.5342657342657343,0.9842105263157894,0.3575525812619503,0.5245441795231416,1.0,0.36450381679389315,0.5342657342657343,2.6608452796936035
nyo3x,1.0,0.45,0.6206896551724138,0.9954545454545455,0.4473953013278856,0.6173361522198731,1.0,0.45,0.6206896551724138,6.135861396789551
nyoc8,1.0,0.08285219399538106,0.1530258597707278,0.9790209790209791,0.08085475021657522,0.14937316617764737,1.0,0.08285219399538106,0.1530258597707278,10.947746515274048
nyp3m,1.0,0.6686746987951807,0.8014440433212997,1.0,0.6666666666666666,0.8,1.0,0.6686746987951807,0.8014440433212997,1.3969757556915283
nypcs,1.0,0.4375,0.6086956521739131,0.9879518072289156,0.4293193717277487,0.5985401459854015,1.0,0.4375,0.6086956521739131,1.107409954071045
nypvn,1.0,0.7644787644787645,0.8665207877461707,0.9847715736040609,0.751937984496124,0.8527472527472527,1.0,0.7644787644787645,0.8665207877461707,3.0471057891845703
nyqcq,1.0,0.45723684210526316,0.6275395033860045,0.9855595667870036,0.4497528830313015,0.6176470588235294,1.0,0.45723684210526316,0.6275395033860045,2.295711040496826
nyqrt,1.0,0.5461538461538461,0.7064676616915423,0.9714285714285714,0.5271317829457365,0.6834170854271356,1.0,0.5461538461538461,0.7064676616915423,1.3238298892974854
nyqxi,1.0,0.3738601823708207,0.5442477876106194,0.9836065573770492,0.36585365853658536,0.5333333333333333,1.0,0.3738601823708207,0.5442477876106194,2.064617872238159
nyr6i,1.0,0.32213740458015266,0.48729792147806006,0.9761904761904762,0.31345565749235477,0.47453703703703703,1.0,0.32213740458015266,0.48729792147806006,2.6506118774414062
nyrcv,1.0,0.3972602739726027,0.5686274509803921,1.0,0.3931034482758621,0.5643564356435643,1.0,0.3972602739726027,0.5686274509803921,0.8875782489776611
nyrgu,1.0,0.32461355529131986,0.49012567324955114,0.9889705882352942,0.3202380952380952,0.48381294964028776,1.0,0.32461355529131986,0.49012567324955114,1.9746899604797363
nyrj5,1.0,0.11388611388611389,0.20448430493273545,0.9559471365638766,0.10844577711144428,0.19479353680430878,1.0,0.11388611388611389,0.20448430493273545,9.890407085418701
nyrjy,1.0,0.422360248447205,0.5938864628820961,0.9850746268656716,0.4125,0.5814977973568282,1.0,0.422360248447205,0.5938864628820961,1.1376163959503174
nyrtv,1.0,0.40676416819012795,0.5782975958414555,0.9954954954954955,0.40439158279963405,0.5751463890696161,1.0,0.40676416819012795,0.5782975958414555,3.299319267272949
nysat,1.0,0.3347107438016529,0.501547987616099,1.0,0.33195020746887965,0.4984423676012461,1.0,0.3347107438016529,0.501547987616099,1.6006381511688232
nysbq,1.0,0.2539797395079595,0.4050778995960762,0.9828571428571429,0.2490948587979725,0.39745811669555176,1.0,0.2539797395079595,0.4050778995960762,7.338266372680664
nysfd,1.0,0.3950617283950617,0.5663716814159292,0.9841269841269841,0.38509316770186336,0.5535714285714286,1.0,0.3950617283950617,0.5663716814159292,0.7949392795562744
nyt2c,1.0,0.55,0.7096774193548387,1.0,0.5481171548117155,0.7081081081081082,1.0,0.55,0.7096774193548387,1.8572542667388916
nyt8f,1.0,0.45286506469500926,0.623409669211196,0.9836065573770492,0.4444444444444444,0.6122448979591837,1.0,0.45286506469500926,0.623409669211196,5.923311233520508
nytfq,1.0,0.29732868757259,0.4583706356311549,0.9803921568627451,0.29069767441860467,0.4484304932735426,1.0,0.29732868757259,0.4583706356311549,2.7230613231658936
nytfy,1.0,0.6290322580645161,0.7722772277227723,0.9827586206896551,0.6162162162162163,0.7574750830564784,1.0,0.6290322580645161,0.7722772277227723,1.1683077812194824
nytlc,1.0,0.1284153005464481,0.22760290556900725,0.9565217391304348,0.12054794520547946,0.21411192214111924,1.0,0.1284153005464481,0.22760290556900725,0.9718804359436035
nytq0,1.0,0.24286620164870007,0.39081632653061227,0.9842931937172775,0.23857868020304568,0.3840653728294177,1.0,0.24286620164870007,0.39081632653061227,11.919734716415405
nyufd,1.0,0.5080946450809465,0.6738232865400495,0.9901719901719902,0.5024937655860349,0.6666666666666666,1.0,0.5080946450809465,0.6738232865400495,3.3307249546051025
nyurj,1.0,0.33748443337484435,0.5046554934823091,0.9888888888888889,0.3329177057356609,0.498134328358209,1.0,0.33748443337484435,0.5046554934823091,2.985882043838501
nyv76,1.0,0.33121019108280253,0.49760765550239233,1.0,0.3269230769230769,0.4927536231884058,1.0,0.33121019108280253,0.49760765550239233,1.209054708480835
nyx78,1.0,0.5307262569832403,0.6934306569343066,0.9893617021276596,0.5224719101123596,0.6838235294117647,1.0,0.5307262569832403,0.6934306569343066,1.0797996520996094
nyxfp,1.0,0.8239700374531835,0.9034907597535934,0.9954337899543378,0.8195488721804511,0.8989690721649485,1.0,0.8239700374531835,0.9034907597535934,2.565329074859619
nyxqq,1.0,0.8547008547008547,0.9216589861751151,1.0,0.853448275862069,0.9209302325581395,1.0,0.8547008547008547,0.9216589861751151,1.1755118370056152
nyy21,1.0,0.4731934731934732,0.6424050632911392,0.9801980198019802,0.46261682242990654,0.6285714285714286,1.0,0.4731934731934732,0.6424050632911392,2.789463520050049
nyy3p,1.0,0.2675879396984925,0.4222001982160555,0.9811320754716981,0.26163522012578616,0.4131082423038729,1.0,0.2675879396984925,0.4222001982160555,2.0646867752075195
nyyci,1.0,0.5338983050847458,0.696132596685083,0.9838709677419355,0.5213675213675214,0.6815642458100559,1.0,0.5338983050847458,0.696132596685083,1.336655616760254
nyys7,1.0,0.47257383966244726,0.6418338108882522,0.972972972972973,0.4576271186440678,0.622478386167147,1.0,0.47257383966244726,0.6418338108882522,1.3666222095489502
nyyvz,1.0,0.34140969162995594,0.509031198686371,0.9805194805194806,0.3333333333333333,0.4975288303130148,1.0,0.34140969162995594,0.509031198686371,1.7385993003845215
nyywo,1.0,0.18561335902376364,0.3131094257854821,0.9826388888888888,0.18187660668380462,0.306941431670282,1.0,0.18561335902376364,0.3131094257854821,10.281355142593384
nyz05,1.0,0.2925170068027211,0.4526315789473684,0.9590643274853801,0.27938671209540034,0.43271767810026385,1.0,0.2925170068027211,0.4526315789473684,1.862025499343872
nyzvj,1.0,0.19341929746554024,0.3241430700447094,0.9861751152073732,0.1903914590747331,0.3191648023862789,1.0,0.19341929746554024,0.3241430700447094,26.050522565841675
nz05j,1.0,0.030047406581148912,0.058341793570219964,0.9906976744186047,0.029700899393432335,0.05767278142557368,1.0,0.030047406581148912,0.058341793570219964,9.472095251083374
nz0fd,1.0,0.6511627906976745,0.7887323943661972,0.990990990990991,0.6432748538011696,0.7801418439716311,1.0,0.6511627906976745,0.7887323943661972,1.2004923820495605
nz0mb,1.0,0.5621621621621622,0.7197231833910035,0.9903381642512077,0.5555555555555556,0.7118055555555556,1.0,0.5621621621621622,0.7197231833910035,2.6672489643096924
nz10n,1.0,0.34782608695652173,0.5161290322580645,0.9841269841269841,0.33879781420765026,0.5040650406504065,1.0,0.34782608695652173,0.5161290322580645,1.3773691654205322
nz1e9,1.0,0.42718446601941745,0.5986394557823129,1.0,0.4253246753246753,0.5968109339407744,1.0,0.42718446601941745,0.5986394557823129,2.6652073860168457
nz24k,1.0,0.46153846153846156,0.631578947368421,1.0,0.4585635359116022,0.6287878787878788,1.0,0.46153846153846156,0.631578947368421,0.9538490772247314
nz25e,1.0,0.9797297297297297,0.9897610921501706,1.0,0.9795918367346939,0.9896907216494846,1.0,0.9797297297297297,0.9897610921501706,1.4753117561340332
nz2hv,1.0,0.31196581196581197,0.4755700325732899,0.9861111111111112,0.30472103004291845,0.4655737704918033,1.0,0.31196581196581197,0.4755700325732899,0.9096341133117676
nz2j8,1.0,0.5157894736842106,0.6805555555555556,0.9726027397260274,0.5,0.6604651162790698,1.0,0.5157894736842106,0.6805555555555556,2.12430477142334
nz2mc,1.0,0.503968253968254,0.6701846965699209,0.9841897233201581,0.49502982107355864,0.6587301587301587,1.0,0.503968253968254,0.6701846965699209,4.207366228103638
nz2nz,1.0,0.07375427235114229,0.1373764449656559,0.9926650366748166,0.07304785894206549,0.13608178314060665,1.0,0.07375427235114229,0.1373764449656559,9.492249727249146
nz33n,1.0,0.7327586206896551,0.8457711442786069,0.9761904761904762,0.7130434782608696,0.8241206030150754,1.0,0.7327586206896551,0.8457711442786069,1.139521837234497
nz35r,1.0,0.2065275548421616,0.34235033259423503,0.9766233766233766,0.2012847965738758,0.3337771859742565,1.0,0.2065275548421616,0.34235033259423503,13.61370849609375
nz3sk,1.0,0.7777777777777778,0.8750000000000001,0.995049504950495,0.7730769230769231,0.8701298701298702,1.0,0.7777777777777778,0.8750000000000001,2.6084020137786865
nz47p,1.0,0.5523114355231143,0.7115987460815046,0.9911504424778761,0.5463414634146342,0.7044025157232705,1.0,0.5523114355231143,0.7115987460815046,2.246314764022827
nz4b6,1.0,0.1711229946524064,0.2922374429223744,1.0,0.16666666666666666,0.2857142857142857,1.0,0.1711229946524064,0.2922374429223744,1.0203847885131836
nz6f7,1.0,0.5933014354066986,0.7447447447447447,0.959349593495935,0.5673076923076923,0.7129909365558913,1.0,0.5933014354066986,0.7447447447447447,1.4341633319854736
nz6fd,1.0,0.6972477064220184,0.8216216216216217,1.0,0.6944444444444444,0.819672131147541,1.0,0.6972477064220184,0.8216216216216217,1.7458064556121826
nz6n0,1.0,0.5790816326530612,0.7334410339256866,0.995575221238938,0.5754475703324808,0.7293354943273906,1.0,0.5790816326530612,0.7334410339256866,1.7047770023345947
nz6qh,1.0,0.6268656716417911,0.7706422018348624,0.9879518072289156,0.6165413533834586,0.7592592592592593,1.0,0.6268656716417911,0.7706422018348624,0.8807129859924316
nz6yv,1.0,0.6059322033898306,0.7546174142480212,0.9788732394366197,0.5914893617021276,0.7374005305039787,1.0,0.6059322033898306,0.7546174142480212,1.5033152103424072
nz7e5,1.0,0.25596816976127323,0.40760295670538543,0.9739583333333334,0.24833997343957503,0.3957671957671958,1.0,0.25596816976127323,0.40760295670538543,1.8383064270019531
nz7kd,1.0,0.6740331491712708,0.8052805280528054,0.9917355371900827,0.6666666666666666,0.7973421926910299,1.0,0.6740331491712708,0.8052805280528054,1.4376883506774902
nz7n0,1.0,0.6972477064220184,0.8216216216216217,1.0,0.6944444444444444,0.819672131147541,1.0,0.6972477064220184,0.8216216216216217,1.021963357925415
nz83a,1.0,0.5221674876847291,0.6860841423948221,0.9809523809523809,0.5099009900990099,0.6710097719869706,1.0,0.5221674876847291,0.6860841423948221,1.797950029373169
nz84t,1.0,0.43529411764705883,0.6065573770491803,0.9863013698630136,0.4260355029585799,0.5950413223140496,1.0,0.43529411764705883,0.6065573770491803,1.2927274703979492
nz8c1,1.0,0.46905537459283386,0.6385809312638581,0.986013986013986,0.46078431372549017,0.6280623608017817,1.0,0.46905537459283386,0.6385809312638581,1.56538987159729
nz8du,1.0,0.39072847682119205,0.5619047619047619,1.0,0.38666666666666666,0.5576923076923077,1.0,0.39072847682119205,0.5619047619047619,1.2208781242370605
nz8tf,1.0,0.6330275229357798,0.7752808988764045,0.9854014598540146,0.6221198156682027,0.7627118644067797,1.0,0.6330275229357798,0.7752808988764045,1.663884162902832
nz927,1.0,0.39325842696629215,0.564516129032258,0.9855072463768116,0.384180790960452,0.5528455284552847,1.0,0.39325842696629215,0.564516129032258,0.9969043731689453
nz936,1.0,0.5862068965517241,0.7391304347826086,0.990909090909091,0.5797872340425532,0.7315436241610738,1.0,0.5862068965517241,0.7391304347826086,1.7854254245758057
nz9bo,1.0,0.6135693215339233,0.7605118829981719,0.9951690821256038,0.6094674556213018,0.7559633027522936,1.0,0.6135693215339233,0.7605118829981719,2.0466415882110596
nz9j9,1.0,0.6782178217821783,0.8082595870206489,0.9779411764705882,0.6616915422885572,0.7893175074183977,1.0,0.6782178217821783,0.8082595870206489,1.9264206886291504
nz9mf,1.0,0.37367624810892586,0.5440528634361232,0.9878048780487805,0.36818181818181817,0.5364238410596026,1.0,0.37367624810892586,0.5440528634361232,2.5727925300598145
nz9oi,1.0,0.6107784431137725,0.758364312267658,1.0,0.608433734939759,0.7565543071161048,1.0,0.6107784431137725,0.758364312267658,1.2673208713531494
nzam4,1.0,0.582010582010582,0.7357859531772576,1.0,0.5797872340425532,0.734006734006734,1.0,0.582010582010582,0.7357859531772576,1.857757806777954
nzar2,1.0,0.4075067024128686,0.579047619047619,1.0,0.40591397849462363,0.5774378585086042,1.0,0.4075067024128686,0.579047619047619,1.5636470317840576
nzb1l,1.0,0.6709677419354839,0.8030888030888031,0.9902912621359223,0.6623376623376623,0.7937743190661478,1.0,0.6709677419354839,0.8030888030888031,1.1736867427825928
nzb22,1.0,0.6416666666666667,0.7817258883248732,0.9868421052631579,0.6302521008403361,0.769230769230769,1.0,0.6416666666666667,0.7817258883248732,1.0199778079986572
nzbjo,1.0,0.34444444444444444,0.512396694214876,0.967391304347826,0.3308550185873606,0.4930747922437673,1.0,0.34444444444444444,0.512396694214876,2.6627135276794434
nzbkm,1.0,0.6134751773049646,0.7604395604395604,0.9825581395348837,0.6014234875444839,0.7461368653421634,1.0,0.6134751773049646,0.7604395604395604,1.6902680397033691
nzbpe,1.0,0.6907894736842105,0.8171206225680934,0.9903846153846154,0.6821192052980133,0.807843137254902,1.0,0.6907894736842105,0.8171206225680934,1.5144786834716797
nzbw5,1.0,0.3274336283185841,0.49333333333333335,1.0,0.32142857142857145,0.4864864864864865,1.0,0.3274336283185841,0.49333333333333335,0.7877256870269775
nzcb6,1.0,0.4816666666666667,0.6501687289088864,0.9965277777777778,0.4791318864774624,0.6471251409244645,1.0,0.4816666666666667,0.6501687289088864,2.004859447479248
nzcec,1.0,0.7114093959731543,0.8313725490196078,0.9904761904761905,0.7027027027027027,0.8221343873517788,1.0,0.7114093959731543,0.8313725490196078,1.269172191619873
nzcg6,1.0,0.6721311475409836,0.8039215686274509,0.9918032786885246,0.6648351648351648,0.7960526315789473,1.0,0.6721311475409836,0.8039215686274509,1.5637876987457275
nzcm4,1.0,0.7967032967032966,0.8868501529051988,1.0,0.7955801104972375,0.8861538461538462,1.0,0.7967032967032966,0.8868501529051988,1.4199657440185547
nzcqq,1.0,0.8699186991869918,0.9304347826086956,0.9905660377358491,0.860655737704918,0.9210526315789475,1.0,0.8699186991869918,0.9304347826086956,1.178037405014038
nzd75,1.0,0.17157275021026072,0.2928930366116296,0.9828009828009828,0.16827934371055953,0.28735632183908044,1.0,0.17157275021026072,0.2928930366116296,11.570069789886475
nzdoe,1.0,0.5060728744939271,0.6720430107526881,0.9838709677419355,0.4959349593495935,0.6594594594594595,1.0,0.5060728744939271,0.6720430107526881,1.671834945678711
nzdw2,1.0,0.6071428571428571,0.7555555555555554,0.9900990099009901,0.5988023952095808,0.7462686567164178,1.0,0.6071428571428571,0.7555555555555554,1.4810843467712402
nzdw9,1.0,0.6962025316455697,0.8208955223880596,0.9908256880733946,0.6878980891719745,0.8120300751879699,1.0,0.6962025316455697,0.8208955223880596,1.1446256637573242
nzeam,1.0,0.7268518518518519,0.8418230563002681,0.9935897435897436,0.7209302325581395,0.8355795148247979,1.0,0.7268518518518519,0.8418230563002681,9.974371910095215
nzecd,1.0,0.5028901734104047,0.6692307692307693,0.9826589595375722,0.4927536231884058,0.6563706563706564,1.0,0.5028901734104047,0.6692307692307693,1.9011344909667969
nzegi,1.0,0.49464668094218417,0.66189111747851,0.9782608695652174,0.48283261802575106,0.6465517241379309,1.0,0.49464668094218417,0.66189111747851,4.678392171859741
nzejf,1.0,0.18730933496034166,0.31551901336073995,0.9836601307189542,0.18376068376068377,0.3096707818930041,1.0,0.18730933496034166,0.31551901336073995,9.300445079803467
nzeup,1.0,0.4448669201520912,0.6157894736842106,0.9785407725321889,0.4342857142857143,0.6015831134564643,1.0,0.4448669201520912,0.6157894736842106,3.1721742153167725
nzf74,1.0,0.3455797933409874,0.5136518771331058,0.9766666666666667,0.3367816091954023,0.5008547008547009,1.0,0.3455797933409874,0.5136518771331058,3.4004812240600586
nzfli,1.0,0.3477157360406091,0.5160075329566854,0.978021978021978,0.3392630241423126,0.5037735849056604,1.0,0.3477157360406091,0.5160075329566854,3.819272756576538
nzfrp,1.0,0.7171052631578947,0.8352490421455938,0.9769585253456221,0.6996699669966997,0.8153846153846154,1.0,0.7171052631578947,0.8352490421455938,1.9105017185211182
nzfsa,1.0,0.6459731543624161,0.7849133537206932,0.9895833333333334,0.6386554621848739,0.7763023493360571,1.0,0.6459731543624161,0.7849133537206932,3.2182512283325195
nzfsl,1.0,0.3142857142857143,0.4782608695652174,1.0,0.31100478468899523,0.4744525547445256,1.0,0.3142857142857143,0.4782608695652174,0.9851408004760742
nzg66,1.0,0.5577264653641207,0.7160775370581528,0.9776357827476039,0.5444839857651246,0.6994285714285714,1.0,0.5577264653641207,0.7160775370581528,2.6361124515533447
nzgzz,1.0,0.4121212121212121,0.5836909871244635,0.9850746268656716,0.4024390243902439,0.5714285714285714,1.0,0.4121212121212121,0.5836909871244635,0.9773135185241699
nzh40,1.0,0.8878787878787879,0.9406099518459069,0.9931506849315068,0.8814589665653495,0.9339774557165861,1.0,0.8878787878787879,0.9406099518459069,4.567347764968872
nzh6y,1.0,0.24134078212290502,0.38883888388838883,0.9814385150812065,0.2364449413079933,0.3810810810810811,1.0,0.24134078212290502,0.38883888388838883,16.807274341583252
nzhj5,1.0,0.6490066225165563,0.7871485943775101,0.9897610921501706,0.6415929203539823,0.7785234899328859,1.0,0.6490066225165563,0.7871485943775101,2.5909602642059326
nzhoy,1.0,0.41379310344827586,0.5853658536585366,1.0,0.41040462427745666,0.5819672131147542,1.0,0.41379310344827586,0.5853658536585366,0.7197549343109131
nzicc,1.0,0.8465346534653465,0.9168900804289545,0.9882352941176471,0.835820895522388,0.9056603773584906,1.0,0.8465346534653465,0.9168900804289545,1.6758081912994385
nzihx,1.0,0.5181818181818182,0.6826347305389222,0.9911504424778761,0.5114155251141552,0.6746987951807228,1.0,0.5181818181818182,0.6826347305389222,1.3025846481323242
nzis2,1.0,0.5193621867881549,0.6836581709145428,0.9823788546255506,0.5091324200913242,0.6706766917293233,1.0,0.5193621867881549,0.6836581709145428,1.9784655570983887
nzit3,1.0,0.7374301675977654,0.8488745980707396,0.9847328244274809,0.7247191011235955,0.8349514563106797,1.0,0.7374301675977654,0.8488745980707396,1.5959880352020264
nzj1h,1.0,0.7718120805369127,0.8712121212121211,0.9912280701754386,0.7635135135135135,0.8625954198473282,1.0,0.7718120805369127,0.8712121212121211,1.1643872261047363
nzji8,1.0,0.34596577017114916,0.5140781108083561,0.9858156028368794,0.3402692778457772,0.5059144676979072,1.0,0.34596577017114916,0.5140781108083561,3.133925199508667
nzjrt,1.0,0.3448275862068966,0.5128205128205129,1.0,0.341991341991342,0.5096774193548387,1.0,0.3448275862068966,0.5128205128205129,0.9630625247955322
nzjtx,1.0,0.5674418604651162,0.7240356083086054,0.9917355371900827,0.5607476635514018,0.7164179104477613,1.0,0.5674418604651162,0.7240356083086054,1.3612146377563477
nzjx6,1.0,0.7222222222222222,0.8387096774193548,0.9888888888888889,0.712,0.827906976744186,1.0,0.7222222222222222,0.8387096774193548,1.115222692489624
nzjzw,1.0,0.4583333333333333,0.6285714285714286,0.9795918367346939,0.44651162790697674,0.6134185303514377,1.0,0.4583333333333333,0.6285714285714286,1.3094193935394287
nzk4c,1.0,0.4372549019607843,0.6084583901773534,0.9819819819819819,0.42829076620825146,0.5964432284541724,1.0,0.4372549019607843,0.6084583901773534,1.842085361480713
nzk9x,1.0,0.5642317380352645,0.7214170692431563,0.9775784753363229,0.5505050505050505,0.7043618739903069,1.0,0.5642317380352645,0.7214170692431563,2.7335329055786133
nzkdu,1.0,0.44565217391304346,0.6165413533834586,0.986013986013986,0.4385692068429238,0.6071044133476857,1.0,0.44565217391304346,0.6165413533834586,3.961963176727295
nzkjv,1.0,0.6068376068376068,0.7553191489361701,0.9571428571428572,0.5775862068965517,0.7204301075268817,1.0,0.6068376068376068,0.7553191489361701,0.8413605690002441
nzkms,1.0,0.17551020408163265,0.2986111111111111,0.9882352941176471,0.17177914110429449,0.29268292682926833,1.0,0.17551020408163265,0.2986111111111111,1.2385249137878418
nzl6u,1.0,0.40782122905027934,0.5793650793650793,0.9722222222222222,0.39325842696629215,0.56,1.0,0.40782122905027934,0.5793650793650793,0.8814489841461182
nzlkr,1.0,0.36618257261410786,0.5360668185269551,0.9886363636363636,0.3613707165109034,0.529277566539924,1.0,0.36618257261410786,0.5360668185269551,3.3739876747131348
nzm4u,1.0,0.12943696450428396,0.22920617718775402,0.9786729857819905,0.12641567187021732,0.22390891840607208,1.0,0.12943696450428396,0.22920617718775402,13.570764303207397
nzmjg,1.0,0.5135135135135135,0.6785714285714285,1.0,0.509090909090909,0.6746987951807228,1.0,0.5135135135135135,0.6785714285714285,0.9577014446258545
nzmoc,1.0,0.34472934472934474,0.5127118644067797,0.9666666666666667,0.3314285714285714,0.4936170212765957,1.0,0.34472934472934474,0.5127118644067797,2.7106540203094482
nzmwy,1.0,0.4025974025974026,0.5740740740740741,0.967391304347826,0.3869565217391304,0.5527950310559007,1.0,0.4025974025974026,0.5740740740740741,0.8438465595245361
nzn0l,1.0,0.21153846153846154,0.34920634920634924,0.9869706840390879,0.20824742268041238,0.3439273552780931,1.0,0.21153846153846154,0.34920634920634924,3.3967864513397217
nznbr,1.0,0.4189189189189189,0.5904761904761905,0.9768518518518519,0.4081237911025145,0.5757162346521145,1.0,0.4189189189189189,0.5904761904761905,3.6145358085632324
nznin,1.0,0.09333053691275167,0.17072702858239017,0.9954954954954955,0.09272078875603104,0.16964114373440797,1.0,0.09333053691275167,0.17072702858239017,8.697933912277222
nznpd,1.0,0.36363636363636365,0.5333333333333333,0.9830508474576272,0.35365853658536583,0.5201793721973095,1.0,0.36363636363636365,0.5333333333333333,0.8260746002197266
nzo3f,1.0,0.358974358974359,0.5283018867924528,1.0,0.35344827586206895,0.5222929936305732,1.0,0.358974358974359,0.5283018867924528,1.5625412464141846
nzo8c,1.0,0.7490636704119851,0.8565310492505354,0.9899497487437185,0.7406015037593985,0.8473118279569892,1.0,0.7490636704119851,0.8565310492505354,2.0832669734954834
nzodz,1.0,0.8434782608695652,0.9150943396226415,0.9895833333333334,0.8333333333333334,0.9047619047619048,1.0,0.8434782608695652,0.9150943396226415,2.1914446353912354
nzq1c,1.0,0.26752618855761484,0.42212333121424034,0.9758308157099698,0.26048387096774195,0.4112030553787397,1.0,0.26752618855761484,0.42212333121424034,3.0080924034118652
nzq2f,1.0,0.29965156794425085,0.46112600536193027,0.9836829836829837,0.29428172942817293,0.4530327428878153,1.0,0.29965156794425085,0.46112600536193027,4.37031888961792
nzr0l,1.0,0.29354553492484525,0.4538619275461381,0.9879154078549849,0.28938053097345134,0.4476386036960986,1.0,0.29354553492484525,0.4538619275461381,3.1085002422332764
nzr7g,1.0,0.4727272727272727,0.6419753086419753,0.9951690821256038,0.46924829157175396,0.6377708978328173,1.0,0.4727272727272727,0.6419753086419753,2.2564384937286377
nzrd0,1.0,0.47752808988764045,0.6463878326996197,0.984251968503937,0.46904315196998125,0.6353240152477765,1.0,0.47752808988764045,0.6463878326996197,6.090917110443115
nzruj,1.0,0.5471698113207547,0.7073170731707317,0.9900990099009901,0.5405405405405406,0.6993006993006993,1.0,0.5471698113207547,0.7073170731707317,2.6361279487609863
nzsh7,1.0,0.2564102564102564,0.4081632653061224,1.0,0.2536764705882353,0.4046920821114369,1.0,0.2564102564102564,0.4081632653061224,0.7196617126464844
nzsz5,1.0,0.6326530612244898,0.775,1.0,0.6301369863013698,0.773109243697479,1.0,0.6326530612244898,0.775,1.2002596855163574
nzt8z,1.0,0.26091269841269843,0.41384736428009444,0.9694656488549618,0.2522343594836147,0.40031520882584715,1.0,0.26091269841269843,0.41384736428009444,3.765286445617676
nzuhm,1.0,0.5325670498084292,0.6950000000000001,0.9891696750902527,0.525911708253359,0.68671679197995,1.0,0.5325670498084292,0.6950000000000001,3.026721477508545
nzuvm,1.0,0.3548387096774194,0.5238095238095238,0.9767441860465116,0.34146341463414637,0.5060240963855421,1.0,0.3548387096774194,0.5238095238095238,0.9532356262207031
nzv7n,1.0,0.5702479338842975,0.7263157894736841,0.9927007299270073,0.5643153526970954,0.7195767195767196,1.0,0.5702479338842975,0.7263157894736841,2.3993585109710693
nzvd8,1.0,0.2905740609496811,0.4503020318506315,0.9828850855745721,0.2851063829787234,0.4420010995052227,1.0,0.2905740609496811,0.4503020318506315,7.313359975814819
nzvrm,1.0,0.6122448979591837,0.759493670886076,0.9904306220095693,0.6052631578947368,0.7513611615245008,1.0,0.6122448979591837,0.759493670886076,1.4797892570495605
nzvxj,1.0,0.7761194029850746,0.8739495798319328,0.9935483870967742,0.77,0.8676056338028169,1.0,0.7761194029850746,0.8739495798319328,3.284776449203491
nzw3b,1.0,0.37622377622377623,0.5467479674796748,0.9738805970149254,0.36554621848739494,0.5315682281059063,1.0,0.37622377622377623,0.5467479674796748,2.648578405380249
nzwhm,1.0,0.2858942065491184,0.4446620959843291,0.9867256637168141,0.2812105926860025,0.437684003925417,1.0,0.2858942065491184,0.4446620959843291,1.791025161743164
nzxce,1.0,0.616,0.7623762376237623,0.9736842105263158,0.5967741935483871,0.74,1.0,0.616,0.7623762376237623,0.9306602478027344
nzxu6,1.0,0.026677782409337224,0.05196914332115307,0.9937304075235109,0.026429881607470403,0.05149029481036303,1.0,0.026677782409337224,0.05196914332115307,10.256101369857788
nzy2f,1.0,0.5698924731182796,0.7260273972602741,0.9904761904761905,0.5621621621621622,0.7172413793103449,1.0,0.5698924731182796,0.7260273972602741,10.590856075286865
nzzog,1.0,0.6211180124223602,0.7662835249042146,0.98989898989899,0.6125,0.7567567567567568,1.0,0.6211180124223602,0.7662835249042146,1.1544413566589355
nzzoy,1.0,0.7746478873239436,0.873015873015873,0.9908256880733946,0.7659574468085106,0.864,1.0,0.7746478873239436,0.873015873015873,1.1840019226074219
o005h,1.0,0.19219653179190752,0.32242424242424245,0.9773869346733668,0.18746987951807229,0.31459765467044076,1.0,0.19219653179190752,0.32242424242424245,19.35671305656433
o01fu,1.0,0.2682526661197703,0.42302716688227676,0.9754601226993865,0.26108374384236455,0.41191709844559593,1.0,0.2682526661197703,0.42302716688227676,5.507373332977295
o01j4,1.0,0.7012448132780082,0.824390243902439,0.9880952380952381,0.6916666666666667,0.8137254901960784,1.0,0.7012448132780082,0.824390243902439,1.661348581314087
o01j7,1.0,0.4253393665158371,0.5968253968253968,0.989247311827957,0.41818181818181815,0.5878594249201277,1.0,0.4253393665158371,0.5968253968253968,1.2106785774230957
o01mt,1.0,0.22229684351914036,0.3637362637362637,0.9727272727272728,0.2157258064516129,0.3531353135313532,1.0,0.22229684351914036,0.3637362637362637,10.049623489379883
o01yk,1.0,0.509478672985782,0.675039246467818,0.9719626168224299,0.49406175771971494,0.6551181102362205,1.0,0.509478672985782,0.675039246467818,3.0160727500915527
o02ck,1.0,0.3898305084745763,0.5609756097560975,1.0,0.38461538461538464,0.5555555555555556,1.0,0.3898305084745763,0.5609756097560975,0.7992494106292725
o02fp,1.0,0.4826325411334552,0.6510480887792849,0.9923954372623575,0.47802197802197804,0.6452410383189123,1.0,0.4826325411334552,0.6510480887792849,2.7234742641448975
o03tz,1.0,0.5892857142857143,0.7415730337078651,0.9692307692307692,0.5675675675675675,0.7159090909090908,1.0,0.5892857142857143,0.7415730337078651,1.2004742622375488
o03yy,1.0,0.7983193277310925,0.8878504672897196,0.9893617021276596,0.788135593220339,0.8773584905660378,1.0,0.7983193277310925,0.8878504672897196,1.7244455814361572
o04cn,1.0,0.5466666666666666,0.7068965517241379,1.0,0.5456570155902004,0.7060518731988472,1.0,0.5466666666666666,0.7068965517241379,1.6724812984466553
o04dj,1.0,0.4267068273092369,0.5981703026038001,0.9929245283018868,0.42311557788944726,0.5933756166314306,1.0,0.4267068273092369,0.5981703026038001,3.760352849960327
o0651,1.0,0.6871165644171779,0.8145454545454546,0.9819819819819819,0.6728395061728395,0.7985347985347985,1.0,0.6871165644171779,0.8145454545454546,1.1304271221160889
o0673,1.0,0.2962962962962963,0.45714285714285713,0.967741935483871,0.2803738317757009,0.43478260869565216,1.0,0.2962962962962963,0.45714285714285713,0.7960507869720459
o06cj,1.0,0.5043478260869565,0.6705202312138728,0.9824561403508771,0.49122807017543857,0.6549707602339181,1.0,0.5043478260869565,0.6705202312138728,0.8020486831665039
o06ix,1.0,0.4691780821917808,0.6386946386946387,0.989010989010989,0.4631217838765009,0.6308411214953271,1.0,0.4691780821917808,0.6386946386946387,3.097092866897583
o06j0,1.0,0.774390243902439,0.872852233676976,0.9920634920634921,0.7668711656441718,0.8650519031141869,1.0,0.774390243902439,0.872852233676976,1.4098625183105469
o06nb,1.0,0.4785276073619632,0.6473029045643154,1.0,0.47530864197530864,0.6443514644351465,1.0,0.4785276073619632,0.6473029045643154,1.043778657913208
o06uz,1.0,0.34220532319391633,0.509915014164306,0.9739776951672863,0.33248730964467005,0.4957426679280984,1.0,0.34220532319391633,0.509915014164306,3.497267007827759
o07zg,1.0,0.5,0.6666666666666666,0.9846153846153847,0.48854961832061067,0.653061224489796,1.0,0.5,0.6666666666666666,0.7907962799072266
o08m3,1.0,0.45353159851301117,0.6240409207161126,0.9876543209876543,0.44692737430167595,0.6153846153846154,1.0,0.45353159851301117,0.6240409207161126,2.054657459259033
o08yz,1.0,0.5497835497835498,0.7094972067039106,0.9920634920634921,0.5434782608695652,0.702247191011236,1.0,0.5497835497835498,0.7094972067039106,1.2729716300964355
o0927,1.0,0.2410041841004184,0.38840188806473364,0.9825783972125436,0.23618090452261306,0.3808237677245105,1.0,0.2410041841004184,0.38840188806473364,3.2720513343811035
o095q,1.0,0.1335061568373299,0.23556317895940537,0.9805352798053528,0.13063209076175042,0.23054919908466823,1.0,0.1335061568373299,0.23556317895940537,14.444928407669067
o09da,1.0,0.6057347670250897,0.7544642857142858,0.9940476190476191,0.6007194244604317,0.7488789237668162,1.0,0.6057347670250897,0.7544642857142858,1.8430898189544678
o09rh,1.0,0.7321428571428571,0.8453608247422679,0.9876543209876543,0.7207207207207207,0.8333333333333333,1.0,0.7321428571428571,0.8453608247422679,1.2177422046661377
o09u3,1.0,0.2545757071547421,0.40583554376657827,0.9890829694323144,0.2513873473917869,0.4008849557522124,1.0,0.2545757071547421,0.40583554376657827,10.414485692977905
o0aaz,1.0,0.5748031496062992,0.73,0.9861111111111112,0.5634920634920635,0.7171717171717172,1.0,0.5748031496062992,0.73,0.8161606788635254
o0aph,1.0,0.45951417004048584,0.6296809986130374,0.9778761061946902,0.4482758620689655,0.6147426981919332,1.0,0.45951417004048584,0.6296809986130374,2.831993341445923
o0azm,1.0,0.3898916967509025,0.561038961038961,0.9719626168224299,0.37681159420289856,0.5430809399477806,1.0,0.3898916967509025,0.561038961038961,1.2812776565551758
o0bbr,1.0,0.3034188034188034,0.4655737704918032,0.9714285714285714,0.2918454935622318,0.4488448844884489,1.0,0.3034188034188034,0.4655737704918032,1.2441399097442627
o0brk,1.0,0.5622641509433962,0.7198067632850241,0.9864864864864865,0.553030303030303,0.7087378640776698,1.0,0.5622641509433962,0.7198067632850241,1.7101686000823975
o0c1p,1.0,0.4782608695652174,0.6470588235294118,0.9963503649635036,0.47560975609756095,0.6438679245283019,1.0,0.4782608695652174,0.6470588235294118,3.112779140472412
o0c1y,1.0,0.5225225225225225,0.6863905325443787,0.9826589595375722,0.5120481927710844,0.6732673267326733,1.0,0.5225225225225225,0.6863905325443787,2.458848476409912
o0cbu,1.0,0.31952662721893493,0.484304932735426,0.9813953488372092,0.3125925925925926,0.4741573033707865,1.0,0.31952662721893493,0.484304932735426,2.3124170303344727
o0cf6,1.0,0.31133250311332505,0.47483380816714155,0.9879518072289156,0.30673316708229426,0.4681255946717412,1.0,0.31133250311332505,0.47483380816714155,3.440173387527466
o0cms,1.0,0.5974025974025974,0.7479674796747967,0.9836065573770492,0.5863192182410424,0.7346938775510204,1.0,0.5974025974025974,0.7479674796747967,2.508983612060547
o0d14,1.0,0.3891402714932127,0.5602605863192183,0.9844357976653697,0.3821752265861027,0.5505984766050055,1.0,0.3891402714932127,0.5602605863192183,3.2574949264526367
o0d1k,1.0,0.7567567567567568,0.8615384615384616,0.990990990990991,0.7482993197278912,0.8527131782945737,1.0,0.7567567567567568,0.8615384615384616,1.277540683746338
o0d9k,1.0,0.2835820895522388,0.4418604651162791,1.0,0.2817955112219451,0.43968871595330744,1.0,0.2835820895522388,0.4418604651162791,1.7057700157165527
o0de9,1.0,0.25166889185580776,0.40213333333333334,0.9867021276595744,0.24782899131596525,0.39615589962626796,1.0,0.25166889185580776,0.40213333333333334,2.873241662979126
o0dgf,1.0,0.65625,0.7924528301886793,0.9903846153846154,0.6477987421383647,0.7832699619771862,1.0,0.65625,0.7924528301886793,1.2387466430664062
o0dos,1.0,0.3683168316831683,0.5383502170767005,0.9783783783783784,0.35912698412698413,0.525399129172714,1.0,0.3683168316831683,0.5383502170767005,1.722855567932129
o0dzh,1.0,0.7238805970149254,0.8398268398268398,0.9896373056994818,0.7153558052434457,0.8304347826086955,1.0,0.7238805970149254,0.8398268398268398,1.5494155883789062
o0dzw,1.0,0.21818181818181817,0.3582089552238806,0.9473684210526315,0.20501138952164008,0.33707865168539325,1.0,0.21818181818181817,0.3582089552238806,1.0025019645690918
o0ecq,1.0,0.7819548872180451,0.8776371308016877,0.9903381642512077,0.7735849056603774,0.8686440677966102,1.0,0.7819548872180451,0.8776371308016877,2.39935040473938
o0ehc,1.0,0.4359861591695502,0.6072289156626506,0.9840637450199203,0.42807625649913345,0.5966183574879227,1.0,0.4359861591695502,0.6072289156626506,3.314765453338623
o0f6c,1.0,0.3877358490566038,0.5588035350101972,0.9780487804878049,0.37865911237016053,0.5459496255956433,1.0,0.3877358490566038,0.5588035350101972,4.909704923629761
o0fup,1.0,0.5305164319248826,0.6932515337423313,0.9821428571428571,0.5188679245283019,0.6790123456790125,1.0,0.5305164319248826,0.6932515337423313,1.5809416770935059
o0gja,1.0,0.5833333333333334,0.7368421052631579,1.0,0.5806451612903226,0.7346938775510204,1.0,0.5833333333333334,0.7368421052631579,1.1768481731414795
o0hj1,1.0,0.6472019464720195,0.7858197932053176,0.9924528301886792,0.6414634146341464,0.7792592592592592,1.0,0.6472019464720195,0.7858197932053176,4.422686338424683
o0hki,1.0,0.4166666666666667,0.5882352941176471,0.9748953974895398,0.4052173913043478,0.5724815724815725,1.0,0.4166666666666667,0.5882352941176471,3.1200814247131348
o0hvc,1.0,0.5107296137339056,0.6761363636363636,0.9915254237288136,0.5043103448275862,0.6685714285714285,1.0,0.5107296137339056,0.6761363636363636,1.3481850624084473
o0i09,1.0,0.324,0.48942598187311176,0.9752066115702479,0.315086782376502,0.4762865792129162,1.0,0.324,0.48942598187311176,2.2508151531219482
o0i86,1.0,0.6083916083916084,0.7565217391304349,0.9767441860465116,0.5915492957746479,0.7368421052631579,1.0,0.6083916083916084,0.7565217391304349,0.8441917896270752
o0ioj,1.0,0.5305164319248826,0.6932515337423313,0.9910714285714286,0.5235849056603774,0.6851851851851852,1.0,0.5305164319248826,0.6932515337423313,1.4530448913574219
o0jeb,1.0,0.42727272727272725,0.5987261146496815,0.967741935483871,0.410958904109589,0.5769230769230769,1.0,0.42727272727272725,0.5987261146496815,1.942929983139038
o0jfp,1.0,0.2653288740245262,0.41938325991189424,0.9620253164556962,0.2544642857142857,0.40247131509267425,1.0,0.2653288740245262,0.41938325991189424,3.4462685585021973
o0jlo,1.0,0.45,0.6206896551724138,0.9838709677419355,0.43884892086330934,0.6069651741293532,1.0,0.45,0.6206896551724138,1.031949758529663
o0jmr,1.0,0.6468085106382979,0.7855297157622739,0.9801324503311258,0.6324786324786325,0.7688311688311689,1.0,0.6468085106382979,0.7855297157622739,1.3262994289398193
o0jyl,1.0,0.7076271186440678,0.8287841191066997,0.9879518072289156,0.6978723404255319,0.8179551122194514,1.0,0.7076271186440678,0.8287841191066997,1.4131977558135986
o0k3m,1.0,0.6039603960396039,0.7530864197530863,0.9945054945054945,0.5993377483443708,0.7479338842975206,1.0,0.6039603960396039,0.7530864197530863,2.737431287765503
o0kao,1.0,0.5610687022900763,0.7188264058679706,0.9794520547945206,0.5478927203065134,0.7027027027027027,1.0,0.5610687022900763,0.7188264058679706,1.5019755363464355
o0l8i,1.0,0.38784067085953877,0.5589123867069486,0.9836956521739131,0.3802521008403361,0.5484848484848485,1.0,0.38784067085953877,0.5589123867069486,1.6353113651275635
o0ljd,1.0,0.5853018372703412,0.7384105960264901,0.9819819819819819,0.5736842105263158,0.7242524916943521,1.0,0.5853018372703412,0.7384105960264901,2.0266709327697754
o0m2u,1.0,0.21052631578947367,0.34782608695652173,1.0,0.20353982300884957,0.3382352941176471,1.0,0.21052631578947367,0.34782608695652173,0.8011574745178223
o0m3z,1.0,0.3254177660510114,0.49104180491041804,0.9728997289972899,0.3160211267605634,0.4770764119601329,1.0,0.3254177660510114,0.49104180491041804,3.1964268684387207
o0mr8,1.0,0.311614730878187,0.47516198704103674,0.963302752293578,0.29829545454545453,0.4555314533622559,1.0,0.311614730878187,0.47516198704103674,1.2086493968963623
o0muo,1.0,0.22898230088495575,0.37263726372637257,0.9854368932038835,0.2248062015503876,0.3660955816050496,1.0,0.22898230088495575,0.37263726372637257,1.8930940628051758
o0my1,1.0,0.6285714285714286,0.7719298245614035,1.0,0.6258992805755396,0.7699115044247787,1.0,0.6285714285714286,0.7719298245614035,1.2487146854400635
o0n5j,1.0,0.2782101167315175,0.4353120243531203,0.9719298245614035,0.2697176241480039,0.42225609756097565,1.0,0.2782101167315175,0.4353120243531203,3.0649197101593018
o0n5s,1.0,0.22295081967213115,0.3646112600536193,0.9655172413793104,0.21444201312910285,0.350940017905103,1.0,0.22295081967213115,0.3646112600536193,2.553889513015747
o0nqj,1.0,0.34065934065934067,0.5081967213114754,0.967391304347826,0.3272058823529412,0.489010989010989,1.0,0.34065934065934067,0.5081967213114754,2.064209222793579
o0o0k,1.0,0.3640483383685801,0.5337763012181617,0.975,0.3540090771558245,0.5194228634850167,1.0,0.3640483383685801,0.5337763012181617,2.466869592666626
o0ojf,1.0,0.5819672131147541,0.7357512953367876,0.9857142857142858,0.5702479338842975,0.7225130890052355,1.0,0.5819672131147541,0.7357512953367876,1.0274500846862793
o0pjm,1.0,0.75,0.8571428571428571,0.9906542056074766,0.7412587412587412,0.848,1.0,0.75,0.8571428571428571,1.3559448719024658
o0prr,1.0,0.4528593508500773,0.6234042553191489,0.9794520547945206,0.44272445820433437,0.6098081023454158,1.0,0.4528593508500773,0.6234042553191489,6.88720965385437
o0psv,1.0,0.437984496124031,0.6091644204851753,0.9910714285714286,0.43190661478599224,0.6016260162601627,1.0,0.437984496124031,0.6091644204851753,1.1045739650726318
o0q5z,1.0,0.13345521023765997,0.23548387096774193,0.9816933638443935,0.13075281926242,0.23076923076923075,1.0,0.13345521023765997,0.23548387096774193,8.447793245315552
o0qc0,1.0,0.7808219178082192,0.8769230769230769,1.0,0.7793103448275862,0.875968992248062,1.0,0.7808219178082192,0.8769230769230769,1.179060697555542
o0qi7,1.0,0.6410256410256411,0.7812500000000001,0.972972972972973,0.6206896551724138,0.7578947368421053,1.0,0.6410256410256411,0.7812500000000001,1.1168556213378906
o0qs7,1.0,0.6872246696035242,0.814621409921671,0.9806451612903225,0.672566371681416,0.7979002624671916,1.0,0.6872246696035242,0.814621409921671,1.4222230911254883
o0ree,1.0,0.47706422018348627,0.6459627329192547,0.9768339768339769,0.4650735294117647,0.6301369863013699,1.0,0.47706422018348627,0.6459627329192547,2.7910048961639404
o0rff,1.0,0.3881118881118881,0.5591939546599496,0.9819004524886877,0.38003502626970226,0.547979797979798,1.0,0.3881118881118881,0.5591939546599496,3.2437729835510254
o0sdv,1.0,0.6186440677966102,0.7643979057591622,1.0,0.6153846153846154,0.761904761904762,1.0,0.6186440677966102,0.7643979057591622,0.97776198387146
o0sr0,1.0,0.19527186761229315,0.32674050632911394,0.9854368932038835,0.19205298013245034,0.32145684877276326,1.0,0.19527186761229315,0.32674050632911394,15.23670220375061
o0t3o,1.0,0.1856245638520586,0.3131253678634491,0.9660377358490566,0.1787709497206704,0.30170889805539186,1.0,0.1856245638520586,0.3131253678634491,3.5650076866149902
o0tmu,1.0,0.524822695035461,0.6883720930232557,0.9726027397260274,0.5071428571428571,0.6666666666666667,1.0,0.524822695035461,0.6883720930232557,0.8274881839752197
o0tpd,1.0,0.7543859649122807,0.86,1.0,0.7522123893805309,0.8585858585858585,1.0,0.7543859649122807,0.86,1.2115931510925293
o0ukj,1.0,0.3942598187311178,0.5655471289274105,0.9846153846153847,0.38729198184568836,0.5559174809989142,1.0,0.3942598187311178,0.5655471289274105,2.215451240539551
o0ul8,1.0,0.2191038897095027,0.3594507269789983,0.9864864864864865,0.21576354679802956,0.3540824575586095,1.0,0.2191038897095027,0.3594507269789983,15.206716060638428
o0ung,1.0,0.36645962732919257,0.5363636363636365,0.9827586206896551,0.35625,0.5229357798165137,1.0,0.36645962732919257,0.5363636363636365,1.049844741821289
o0usl,1.0,0.802158273381295,0.8902195608782436,0.9954954954954955,0.7978339350180506,0.8857715430861723,1.0,0.802158273381295,0.8902195608782436,2.4123058319091797
o0ute,1.0,0.5700934579439252,0.7261904761904762,1.0,0.5660377358490566,0.7228915662650602,1.0,0.5700934579439252,0.7261904761904762,2.0235862731933594
o0uxq,1.0,0.5725971370143149,0.7282184655396619,0.992831541218638,0.5676229508196722,0.7222946544980444,1.0,0.5725971370143149,0.7282184655396619,2.5012776851654053
o0v4x,1.0,0.4824561403508772,0.650887573964497,1.0,0.4778761061946903,0.6467065868263473,1.0,0.4824561403508772,0.650887573964497,0.7328684329986572
o0vgd,1.0,0.7190635451505016,0.8365758754863813,0.9953271028037384,0.714765100671141,0.83203125,1.0,0.7190635451505016,0.8365758754863813,2.4610795974731445
o0vzb,1.0,0.5844444444444444,0.7377279102384292,0.9923664122137404,0.579064587973274,0.7313642756680732,1.0,0.5844444444444444,0.7377279102384292,2.8715620040893555
o0w77,1.0,0.41781874039938555,0.5893824485373781,0.988929889298893,0.4123076923076923,0.5819761129207384,1.0,0.41781874039938555,0.5893824485373781,2.278935432434082
o0wd5,1.0,0.29014989293361887,0.449792531120332,0.9814814814814815,0.2840300107181136,0.44056525353283454,1.0,0.29014989293361887,0.449792531120332,3.2843236923217773
o0x5g,1.0,0.7279411764705882,0.8425531914893616,0.9897959183673469,0.7185185185185186,0.8326180257510731,1.0,0.7279411764705882,0.8425531914893616,2.284179925918579
o0x8z,1.0,0.5743801652892562,0.7296587926509186,1.0,0.5726141078838174,0.7282321899736147,1.0,0.5743801652892562,0.7296587926509186,1.2607789039611816
o0xft,1.0,0.4928571428571429,0.6602870813397129,0.9805825242718447,0.4821002386634845,0.6464,1.0,0.4928571428571429,0.6602870813397129,3.8067843914031982
o0xi1,1.0,0.3734567901234568,0.5438202247191011,1.0,0.37248840803709427,0.5427927927927928,1.0,0.3734567901234568,0.5438202247191011,2.0430400371551514
o0xix,1.0,0.3815789473684211,0.5523809523809524,0.9478260869565217,0.35973597359735976,0.521531100478469,1.0,0.3815789473684211,0.5523809523809524,1.6541903018951416
o0xqm,1.0,0.34506089309878213,0.5130784708249496,0.9763779527559056,0.33604336043360433,0.5,1.0,0.34506089309878213,0.5130784708249496,2.9215755462646484
o0xxv,1.0,0.1345088161209068,0.23712255772646537,0.9774436090225563,0.1310483870967742,0.23111111111111113,1.0,0.1345088161209068,0.23712255772646537,5.558193683624268
o0xyh,1.0,0.3161764705882353,0.48044692737430167,0.9833333333333333,0.31019978969505785,0.47162270183852917,1.0,0.3161764705882353,0.48044692737430167,2.756549119949341
o0y0z,1.0,0.5693430656934306,0.7255813953488371,0.9935483870967742,0.5641025641025641,0.7196261682242991,1.0,0.5693430656934306,0.7255813953488371,1.474740982055664
o0yre,1.0,0.5149051490514905,0.6797853309481218,0.9947089947089947,0.5108695652173914,0.6750448833034112,1.0,0.5149051490514905,0.6797853309481218,2.6202311515808105
o0yxr,1.0,0.41694915254237286,0.5885167464114833,0.9755102040816327,0.4057724957555178,0.5731414868105515,1.0,0.41694915254237286,0.5885167464114833,2.5319948196411133
o0zfg,1.0,0.6052631578947368,0.7540983606557378,1.0,0.6039603960396039,0.7530864197530863,1.0,0.6052631578947368,0.7540983606557378,1.2783255577087402
o0zpp,1.0,0.5816326530612245,0.7354838709677418,0.9823008849557522,0.5692307692307692,0.7207792207792206,1.0,0.5816326530612245,0.7354838709677418,0.9796698093414307
o110h,1.0,0.7130044843049327,0.8324607329842931,0.9873417721518988,0.7027027027027027,0.8210526315789474,1.0,0.7130044843049327,0.8324607329842931,1.329181432723999
o1114,1.0,0.07417268923545074,0.13810198300283286,0.9639175257731959,0.07115677321156773,0.13253012048192772,1.0,0.07417268923545074,0.13810198300283286,8.772079467773438
o11ua,1.0,0.2277027027027027,0.3709411117226197,0.9821428571428571,0.2231237322515213,0.36363636363636365,1.0,0.2277027027027027,0.3709411117226197,8.961554288864136
o12w0,1.0,0.7181208053691275,0.8359375,0.9811320754716981,0.7027027027027027,0.8188976377952756,1.0,0.7181208053691275,0.8359375,1.235238790512085
o13qu,1.0,0.41458333333333336,0.5861561119293078,0.98989898989899,0.4091858037578288,0.5790251107828657,1.0,0.41458333333333336,0.5861561119293078,1.8781602382659912
o13ra,1.0,0.4174174174174174,0.5889830508474576,0.9710144927536232,0.4036144578313253,0.5702127659574469,1.0,0.4174174174174174,0.5889830508474576,1.6400346755981445
o13vn,1.0,0.21464646464646464,0.35343035343035345,0.9880952380952381,0.21012658227848102,0.3465553235908142,1.0,0.21464646464646464,0.35343035343035345,1.4886949062347412
o1460,1.0,0.45222929936305734,0.6228070175438596,0.9787985865724381,0.44178628389154706,0.6087912087912088,1.0,0.45222929936305734,0.6228070175438596,2.240927219390869
o14mj,1.0,0.7155963302752294,0.8342245989304813,0.987012987012987,0.7037037037037037,0.8216216216216217,1.0,0.7155963302752294,0.8342245989304813,0.8777763843536377
o14os,1.0,0.4012096774193548,0.5726618705035971,0.9848484848484849,0.3939393939393939,0.5627705627705627,1.0,0.4012096774193548,0.5726618705035971,2.082045316696167
o150k,1.0,0.2841596130592503,0.4425612052730697,0.9871794871794872,0.2796610169491525,0.43584905660377354,1.0,0.2841596130592503,0.4425612052730697,2.870378017425537
o154u,1.0,0.35096153846153844,0.5195729537366548,1.0,0.34782608695652173,0.5161290322580645,1.0,0.35096153846153844,0.5195729537366548,1.3102891445159912
o156c,1.0,0.3893333333333333,0.5604606525911708,0.988558352402746,0.38434163701067614,0.5534913516976298,1.0,0.3893333333333333,0.5604606525911708,4.198272943496704
o15qv,1.0,0.45390070921985815,0.624390243902439,0.968503937007874,0.4377224199288256,0.6029411764705882,1.0,0.45390070921985815,0.624390243902439,1.534109115600586
o16ag,1.0,0.6666666666666666,0.8,0.991869918699187,0.6594594594594595,0.7922077922077922,1.0,0.6666666666666666,0.8,1.1238138675689697
o16ck,1.0,0.7074468085106383,0.8286604361370716,1.0,0.7058823529411765,0.8275862068965517,1.0,0.7074468085106383,0.8286604361370716,1.239593744277954
o16nk,1.0,0.5096774193548387,0.6752136752136751,0.9808917197452229,0.49838187702265374,0.6609442060085836,1.0,0.5096774193548387,0.6752136752136751,2.22348690032959
o16pl,1.0,0.10718577265080509,0.19361840677230302,0.9775280898876404,0.1045673076923077,0.18892508143322476,1.0,0.10718577265080509,0.19361840677230302,13.446842908859253
o16rg,1.0,0.3742177722152691,0.5446265938069217,0.9865771812080537,0.3684210526315789,0.5364963503649635,1.0,0.3742177722152691,0.5446265938069217,3.8289833068847656
o1744,1.0,0.5798525798525799,0.734059097978227,0.9872340425531915,0.5714285714285714,0.7238689547581904,1.0,0.5798525798525799,0.734059097978227,2.612165689468384
o175l,1.0,0.16056542225444,0.2767020612117427,0.9909502262443439,0.15881073241479332,0.27375,1.0,0.16056542225444,0.2767020612117427,17.646913051605225
o17dr,1.0,0.34291581108829566,0.510703363914373,0.9939759036144579,0.3395061728395062,0.5061349693251533,1.0,0.34291581108829566,0.510703363914373,1.3843023777008057
o18as,1.0,0.33883248730964466,0.5061611374407583,0.9774436090225563,0.3303684879288437,0.49382716049382713,1.0,0.33883248730964466,0.5061611374407583,2.219276189804077
o18fr,1.0,0.6912751677852349,0.8174603174603174,0.9803921568627451,0.6756756756756757,0.8,1.0,0.6912751677852349,0.8174603174603174,1.424288034439087
o18tt,1.0,0.5661157024793388,0.7229551451187335,0.9852941176470589,0.5560165975103735,0.7108753315649867,1.0,0.5661157024793388,0.7229551451187335,2.142670154571533
o18tu,1.0,0.5889724310776943,0.7413249211356467,0.9914529914529915,0.5829145728643216,0.7341772151898734,1.0,0.5889724310776943,0.7413249211356467,1.538224458694458
o18yr,1.0,0.39869281045751637,0.5700934579439253,0.9876543209876543,0.39279869067103107,0.5620608899297425,1.0,0.39869281045751637,0.5700934579439253,2.1531479358673096
o193b,1.0,1.0,1.0,1.0,1.0,1.0,1.0,1.0,1.0,1.32078218460083
o193k,1.0,0.23405435385468662,0.37932584269662917,0.9904988123515439,0.2314095449500555,0.3751686909581647,1.0,0.23405435385468662,0.37932584269662917,16.33544611930847
o1958,1.0,0.48091603053435117,0.6494845360824743,0.967741935483871,0.46153846153846156,0.625,1.0,0.48091603053435117,0.6494845360824743,1.131760835647583
o19s5,1.0,1.0,1.0,1.0,1.0,1.0,1.0,1.0,1.0,1.4823088645935059
o19st,1.0,0.368,0.5380116959064328,1.0,0.3629032258064516,0.5325443786982249,1.0,0.368,0.5380116959064328,0.7070350646972656
o1a8a,1.0,0.6303854875283447,0.7732962447844227,0.9963898916967509,0.6272727272727273,0.7698744769874477,1.0,0.6303854875283447,0.7732962447844227,2.2116432189941406
o1ah5,1.0,0.34285714285714286,0.5106382978723404,1.0,0.3397129186602871,0.5071428571428572,1.0,0.34285714285714286,0.5106382978723404,1.016118049621582
o1ail,1.0,0.3233082706766917,0.48863636363636365,0.9647058823529412,0.30943396226415093,0.4685714285714285,1.0,0.3233082706766917,0.48863636363636365,1.3430449962615967
o1ak7,1.0,0.2673684210526316,0.4219269102990033,0.9723320158102767,0.25922023182297155,0.40931780366056575,1.0,0.2673684210526316,0.4219269102990033,2.7003488540649414
o1amq,1.0,0.4294573643410853,0.6008676789587852,0.9891304347826086,0.42391304347826086,0.5934782608695651,1.0,0.4294573643410853,0.6008676789587852,2.6481645107269287
o1bzr,1.0,0.07723652528245971,0.14339752407152684,0.9759615384615384,0.07521304186735828,0.1396628826969384,1.0,0.07723652528245971,0.14339752407152684,13.596831321716309
o1c36,1.0,0.5862068965517241,0.7391304347826086,0.9801980198019802,0.5722543352601156,0.7226277372262773,1.0,0.5862068965517241,0.7391304347826086,1.3549621105194092
o1cj4,1.0,0.625,0.7692307692307693,0.9880952380952381,0.6148148148148148,0.7579908675799089,1.0,0.625,0.7692307692307693,1.372025728225708
o1dkj,1.0,0.6870503597122302,0.814498933901919,0.9894736842105263,0.6787003610108303,0.8051391862955032,1.0,0.6870503597122302,0.814498933901919,2.1005349159240723
o1dtu,1.0,0.5892547660311959,0.7415485278080699,0.9852507374631269,0.5798611111111112,0.7300546448087433,1.0,0.5892547660311959,0.7415485278080699,2.9578285217285156
o1dvx,1.0,0.3684210526315789,0.5384615384615384,0.9880478087649402,0.363103953147877,0.5310492505353319,1.0,0.3684210526315789,0.5384615384615384,2.6966476440429688
o1f2c,1.0,0.819718309859155,0.9009287925696594,0.9896551724137931,0.8107344632768362,0.8913043478260869,1.0,0.819718309859155,0.9009287925696594,2.027069330215454
o1fc2,1.0,0.6076923076923076,0.7559808612440191,1.0,0.6046511627906976,0.7536231884057971,1.0,0.6076923076923076,0.7559808612440191,0.9132390022277832
o1fdq,1.0,0.6013986013986014,0.7510917030567685,0.9882352941176471,0.5915492957746479,0.7400881057268722,1.0,0.6013986013986014,0.7510917030567685,1.1908323764801025
o1fnm,1.0,0.38496932515337423,0.5559246954595791,0.96,0.3686635944700461,0.532741398446171,1.0,0.38496932515337423,0.5559246954595791,2.9518141746520996
o1fy0,1.0,0.39787234042553193,0.5692541856925418,0.9731182795698925,0.3859275053304904,0.5526717557251909,1.0,0.39787234042553193,0.5692541856925418,1.970083475112915
o1g67,1.0,0.6338028169014085,0.7758620689655172,0.9887640449438202,0.624113475177305,0.7652173913043478,1.0,0.6338028169014085,0.7758620689655172,1.2025797367095947
o1g7m,1.0,0.48283261802575106,0.6512301013024602,0.9955357142857143,0.47956989247311826,0.6473149492017416,1.0,0.48283261802575106,0.6512301013024602,1.9372470378875732
o1h4u,1.0,0.592948717948718,0.744466800804829,0.9782608695652174,0.5787781350482315,0.7272727272727273,1.0,0.592948717948718,0.744466800804829,4.649209499359131
o1h58,1.0,0.5097402597402597,0.675268817204301,0.9807692307692307,0.498371335504886,0.6609071274298056,1.0,0.5097402597402597,0.675268817204301,2.0317153930664062
o1hha,1.0,0.43673469387755104,0.6079545454545455,0.9905660377358491,0.430327868852459,0.6000000000000001,1.0,0.43673469387755104,0.6079545454545455,1.2672004699707031
o1him,1.0,0.5,0.6666666666666666,1.0,0.49700598802395207,0.6639999999999999,1.0,0.5,0.6666666666666666,1.6123027801513672
o1hqg,1.0,0.3110492107706592,0.47450424929178464,0.9760479041916168,0.30297397769516726,0.4624113475177305,1.0,0.3110492107706592,0.47450424929178464,4.728065729141235
o1i10,1.0,0.5982142857142857,0.7486033519553073,0.9924812030075187,0.5919282511210763,0.7415730337078652,1.0,0.5982142857142857,0.7486033519553073,1.6758272647857666
o1i2c,1.0,0.3941176470588235,0.5654008438818565,0.9848484848484849,0.38461538461538464,0.5531914893617023,1.0,0.3941176470588235,0.5654008438818565,2.1471033096313477
o1jbf,1.0,0.43211920529801323,0.6034682080924856,0.9961538461538462,0.4295190713101161,0.6002317497103129,1.0,0.43211920529801323,0.6034682080924856,2.121188163757324
o1jg2,1.0,0.3248259860788863,0.4903677758318739,0.9712230215827338,0.313953488372093,0.4745166959578208,1.0,0.3248259860788863,0.4903677758318739,1.6829493045806885
o1jrg,1.0,0.2734584450402145,0.42947368421052634,1.0,0.271505376344086,0.42706131078224097,1.0,0.2734584450402145,0.42947368421052634,2.004073143005371
o1jsq,1.0,0.6020408163265306,0.7515923566878981,1.0,0.6,0.7499999999999999,1.0,0.6020408163265306,0.7515923566878981,1.9460639953613281
o1k1p,1.0,0.2703037817730936,0.4255734504636408,0.9839080459770115,0.2655086848635236,0.4181729360039082,1.0,0.2703037817730936,0.4255734504636408,17.74493980407715
o1k68,1.0,0.3380681818181818,0.505307855626327,1.0,0.33618233618233617,0.5031982942430704,1.0,0.3380681818181818,0.505307855626327,1.5978479385375977
o1k9b,1.0,0.6361556064073226,0.7776223776223776,0.9963898916967509,0.6330275229357798,0.7741935483870968,1.0,0.6361556064073226,0.7776223776223776,2.6266753673553467
o1kn3,1.0,0.6677966101694915,0.8008130081300814,0.9846938775510204,0.6564625850340136,0.7877551020408163,1.0,0.6677966101694915,0.8008130081300814,1.850637435913086
o1krr,1.0,0.3970037453183521,0.5683646112600537,0.9715639810426541,0.38461538461538464,0.5510752688172043,1.0,0.3970037453183521,0.5683646112600537,2.3191137313842773
o1l66,1.0,0.6836158192090396,0.8120805369127517,0.995850622406639,0.6798866855524079,0.8080808080808081,1.0,0.6836158192090396,0.8120805369127517,2.4094583988189697
o1l9s,1.0,0.5335689045936396,0.695852534562212,1.0,0.5319148936170213,0.6944444444444444,1.0,0.5335689045936396,0.695852534562212,2.398226022720337
o1lf5,1.0,0.7764705882352941,0.8741721854304636,0.9923664122137404,0.7692307692307693,0.8666666666666667,1.0,0.7764705882352941,0.8741721854304636,0.9945831298828125
o1ljf,0.9977116704805492,0.09251007850625928,0.16932038834951457,0.9839449541284404,0.09104414261460102,0.16666666666666669,0.9977116704805492,0.09251007850625928,0.16932038834951457,22.858455896377563
o1lmn,1.0,0.31585365853658537,0.48007414272474513,0.9806201550387597,0.3089133089133089,0.46982358402971214,1.0,0.31585365853658537,0.48007414272474513,2.5748088359832764
o1lxe,1.0,0.6898395721925134,0.8164556962025316,0.9883268482490273,0.6809651474530831,0.8063492063492064,1.0,0.6898395721925134,0.8164556962025316,2.9748151302337646
o1m8p,1.0,0.15620915032679739,0.2702091577162239,0.9411764705882353,0.14650098103335513,0.25353706847764573,1.0,0.15620915032679739,0.2702091577162239,6.593893051147461
o1m92,1.0,0.5974025974025974,0.7479674796747967,0.9781659388646288,0.5833333333333334,0.730831973898858,1.0,0.5974025974025974,0.7479674796747967,2.788454532623291
o1mhn,1.0,0.5400593471810089,0.7013487475915221,0.988950276243094,0.5327380952380952,0.6924564796905223,1.0,0.5400593471810089,0.7013487475915221,1.8109805583953857
o1mmf,1.0,0.30175077239958803,0.46360759493670883,0.9794520547945206,0.2948453608247423,0.4532488114104596,1.0,0.30175077239958803,0.46360759493670883,4.0205793380737305
o1mz7,1.0,0.5017301038062284,0.6682027649769586,0.9861111111111112,0.4930555555555556,0.6574074074074074,1.0,0.5017301038062284,0.6682027649769586,2.120494842529297
o1n9i,1.0,0.41847826086956524,0.5900383141762453,0.9868421052631579,0.4098360655737705,0.5791505791505792,1.0,0.41847826086956524,0.5900383141762453,1.2734711170196533
o1nni,1.0,0.2112676056338028,0.3488372093023256,1.0,0.20567375886524822,0.3411764705882353,1.0,0.2112676056338028,0.3488372093023256,0.8474109172821045
o1nrx,1.0,0.5320197044334976,0.6945337620578779,0.9813084112149533,0.5198019801980198,0.6796116504854369,1.0,0.5320197044334976,0.6945337620578779,1.4589126110076904
o1nyd,0.9971671388101983,0.5534591194968553,0.711830131445905,0.9971590909090909,0.552755905511811,0.7112462006079027,0.9971671388101983,0.5534591194968553,0.711830131445905,5.799414157867432
o1o8h,1.0,0.22934648581997533,0.37311935807422264,0.9783783783783784,0.2234567901234568,0.36381909547738694,1.0,0.22934648581997533,0.37311935807422264,2.428823471069336
o1p4u,1.0,0.65,0.787878787878788,0.9902912621359223,0.6415094339622641,0.7786259541984734,1.0,0.65,0.787878787878788,1.5330078601837158
o1pji,1.0,0.5233160621761658,0.6870748299319727,0.9850746268656716,0.5142857142857142,0.6757679180887372,1.0,0.5233160621761658,0.6870748299319727,2.7239389419555664
o1ptu,1.0,0.424,0.5955056179775281,1.0,0.41935483870967744,0.5909090909090909,1.0,0.424,0.5955056179775281,0.6744844913482666
o1pwp,1.0,0.59375,0.7450980392156863,0.9947089947089947,0.5893416927899686,0.7401574803149606,1.0,0.59375,0.7450980392156863,2.3002853393554688
o1pyt,1.0,0.7563025210084033,0.8612440191387559,1.0,0.7542372881355932,0.8599033816425121,1.0,0.7563025210084033,0.8612440191387559,1.0090641975402832
o1r7l,1.0,0.3410071942446043,0.5085836909871244,0.9788135593220338,0.33285302593659943,0.4967741935483871,1.0,0.3410071942446043,0.5085836909871244,2.0845844745635986
o1rcr,1.0,0.7079646017699115,0.8290155440414507,0.9620253164556962,0.6785714285714286,0.7958115183246074,1.0,0.7079646017699115,0.8290155440414507,1.8302295207977295
o1rus,1.0,0.22,0.36065573770491804,1.0,0.21476510067114093,0.3535911602209945,1.0,0.22,0.36065573770491804,0.9750316143035889
o1ryt,1.0,0.6363636363636364,0.7777777777777778,0.9863013698630136,0.6260869565217392,0.7659574468085107,1.0,0.6363636363636364,0.7777777777777778,1.6743264198303223
o1s17,1.0,0.29577464788732394,0.45652173913043476,1.0,0.2907801418439716,0.45054945054945056,1.0,0.29577464788732394,0.45652173913043476,0.8369219303131104
o1s9f,1.0,0.2841796875,0.44258555133079847,0.9862068965517241,0.27956989247311825,0.4356435643564356,1.0,0.2841796875,0.44258555133079847,3.3283236026763916
o1sxb,1.0,0.3800738007380074,0.5508021390374332,0.9803921568627451,0.37037037037037035,0.5376344086021505,1.0,0.3800738007380074,0.5508021390374332,1.5364718437194824
o1t5y,1.0,0.9305555555555556,0.9640287769784173,1.0,0.9300699300699301,0.963768115942029,1.0,0.9305555555555556,0.9640287769784173,1.6857905387878418
o1tcq,1.0,0.5514950166112956,0.7109207708779444,0.9818181818181818,0.54,0.6967741935483871,1.0,0.5514950166112956,0.7109207708779444,1.954930305480957
o1tg4,1.0,0.4715261958997722,0.6408668730650154,0.9902912621359223,0.4657534246575342,0.6335403726708074,1.0,0.4715261958997722,0.6408668730650154,2.4069864749908447
o1tm7,1.0,0.2188679245283019,0.35913312693498456,1.0,0.2159090909090909,0.3551401869158879,1.0,0.2188679245283019,0.35913312693498456,1.0858211517333984
o1tpi,1.0,0.2521166509877705,0.40270473328324574,0.9737827715355806,0.2448210922787194,0.3912716328066215,1.0,0.2521166509877705,0.40270473328324574,4.061938047409058
o1u6y,1.0,0.04293313069908815,0.08233151183970856,0.9733727810650887,0.041671944268524386,0.07992226405927365,1.0,0.04293313069908815,0.08233151183970856,10.935057163238525
o1uil,1.0,0.6818181818181818,0.8108108108108109,0.9776119402985075,0.6649746192893401,0.7915407854984895,1.0,0.6818181818181818,0.8108108108108109,1.576719045639038
o1v6f,1.0,0.38156028368794326,0.5523613963039015,0.9888059701492538,0.37642045454545453,0.5452674897119341,1.0,0.38156028368794326,0.5523613963039015,3.800518035888672
o1vox,1.0,0.4214659685863874,0.5930018416206261,0.9875,0.4146981627296588,0.5841035120147874,1.0,0.4214659685863874,0.5930018416206261,1.3217620849609375
o1vvi,1.0,0.695575221238938,0.8204592901878913,0.9974489795918368,0.6932624113475178,0.8179916317991632,1.0,0.695575221238938,0.8204592901878913,2.7624597549438477
o1vw5,1.0,0.3870967741935484,0.5581395348837209,0.9899665551839465,0.38242894056847543,0.5517241379310345,1.0,0.3870967741935484,0.5581395348837209,2.6287248134613037
o1wcn,1.0,0.5358361774744027,0.6977777777777777,0.9871794871794872,0.5273972602739726,0.6875,1.0,0.5358361774744027,0.6977777777777777,1.5511870384216309
o1wi0,1.0,0.7166123778501629,0.8349146110056926,0.9817351598173516,0.7026143790849673,0.819047619047619,1.0,0.7166123778501629,0.8349146110056926,2.4102513790130615
o1x7d,1.0,0.6335403726708074,0.7756653992395437,0.9900990099009901,0.625,0.7662835249042146,1.0,0.6335403726708074,0.7756653992395437,1.5479497909545898
o1xb8,1.0,0.7107843137254902,0.830945558739255,1.0,0.7093596059113301,0.829971181556196,1.0,0.7107843137254902,0.830945558739255,1.741548776626587
o1xgc,1.0,0.8857142857142857,0.9393939393939393,0.9959514170040485,0.8817204301075269,0.935361216730038,1.0,0.8857142857142857,0.9393939393939393,2.294069766998291
o1xpv,1.0,0.7760416666666666,0.873900293255132,0.9932432432432432,0.7696335078534031,0.8672566371681416,1.0,0.7760416666666666,0.873900293255132,1.6476471424102783
o1xqm,1.0,0.4244604316546763,0.595959595959596,0.9827586206896551,0.41304347826086957,0.5816326530612245,1.0,0.4244604316546763,0.595959595959596,0.9748938083648682
o1y3c,1.0,0.41284403669724773,0.5844155844155845,1.0,0.4074074074074074,0.5789473684210525,1.0,0.41284403669724773,0.5844155844155845,0.9877946376800537
o1yt3,1.0,0.5774058577405857,0.7320954907161803,0.9781021897810219,0.5630252100840336,0.7146666666666667,1.0,0.5774058577405857,0.7320954907161803,1.9943697452545166
o1z4c,1.0,0.3978494623655914,0.5692307692307692,1.0,0.3945945945945946,0.5658914728682171,1.0,0.3978494623655914,0.5692307692307692,0.9658591747283936
o1zhx,1.0,0.5902777777777778,0.7423580786026202,0.9881656804733728,0.5818815331010453,0.7324561403508771,1.0,0.5902777777777778,0.7423580786026202,2.3391270637512207
o1zod,1.0,0.25395348837209303,0.4050445103857567,0.9595588235294118,0.2430167597765363,0.387815750371471,1.0,0.25395348837209303,0.4050445103857567,4.036474227905273
o1zpk,1.0,0.6647727272727273,0.7986348122866894,0.9913793103448276,0.6571428571428571,0.7903780068728522,1.0,0.6647727272727273,0.7986348122866894,1.3523297309875488
o1zx3,1.0,0.19875776397515527,0.3316062176165803,0.967741935483871,0.1875,0.31413612565445026,1.0,0.19875776397515527,0.3316062176165803,0.9457399845123291
o20an,1.0,0.512396694214876,0.6775956284153004,0.9836065573770492,0.5,0.6629834254143646,1.0,0.512396694214876,0.6775956284153004,0.9874842166900635
o20f5,1.0,0.5886363636363636,0.7410586552217453,0.9922480620155039,0.5831435079726651,0.7345767575322812,1.0,0.5886363636363636,0.7410586552217453,2.3812644481658936
o20n3,1.0,0.35444947209653094,0.5233853006681515,0.9871794871794872,0.34894259818731116,0.515625,1.0,0.35444947209653094,0.5233853006681515,3.3192877769470215
o20nq,1.0,0.37335834896810505,0.5437158469945355,0.9797979797979798,0.36466165413533835,0.5315068493150685,1.0,0.37335834896810505,0.5437158469945355,1.72548246383667
o20tf,1.0,0.6327345309381237,0.7750611246943765,0.9873417721518988,0.624,0.7647058823529411,1.0,0.6327345309381237,0.7750611246943765,3.2895541191101074
o228y,1.0,0.5440993788819876,0.7047465808527755,0.9839816933638444,0.5348258706467661,0.6929895245769541,1.0,0.5440993788819876,0.7047465808527755,4.399040699005127
o22gc,1.0,0.4979508196721312,0.66484268125855,0.9834710743801653,0.4887063655030801,0.6529492455418382,1.0,0.4979508196721312,0.66484268125855,2.081331729888916
o22so,1.0,0.7304347826086957,0.8442211055276382,1.0,0.7280701754385965,0.8426395939086295,1.0,0.7304347826086957,0.8442211055276382,5.930245876312256
o22u0,1.0,0.4132231404958678,0.584795321637427,0.9795918367346939,0.4,0.5680473372781065,1.0,0.4132231404958678,0.584795321637427,0.9929108619689941
o22w5,1.0,0.19382627422828427,0.3247143716175586,0.9739776951672863,0.1882183908045977,0.3154726068633353,1.0,0.19382627422828427,0.3247143716175586,2.7101125717163086
o24ca,1.0,0.6204379562043796,0.7657657657657658,1.0,0.6176470588235294,0.7636363636363637,1.0,0.6204379562043796,0.7657657657657658,1.7510652542114258
o24q4,1.0,0.43509272467902993,0.6063618290258449,0.9835526315789473,0.42714285714285716,0.5956175298804781,1.0,0.43509272467902993,0.6063618290258449,3.6096994876861572
o252a,1.0,0.32180851063829785,0.4869215291750503,0.9875518672199171,0.3169107856191744,0.4798387096774193,1.0,0.32180851063829785,0.4869215291750503,2.151772975921631
o252g,1.0,0.39651416122004357,0.5678627145085804,0.9834254143646409,0.388646288209607,0.5571205007824727,1.0,0.39651416122004357,0.5678627145085804,2.0389564037323
o25t2,1.0,0.5267175572519084,0.6900000000000001,1.0,0.5230769230769231,0.686868686868687,1.0,0.5267175572519084,0.6900000000000001,4.396102666854858
o261e,1.0,0.44299674267100975,0.6139954853273137,0.977859778597786,0.43230016313213704,0.5995475113122172,1.0,0.44299674267100975,0.6139954853273137,2.5931942462921143
o26kc,1.0,0.6017699115044248,0.7513812154696133,1.0,0.5982142857142857,0.7486033519553073,1.0,0.6017699115044248,0.7513812154696133,0.5902693271636963
o26ky,1.0,0.4789915966386555,0.6477272727272727,1.0,0.4745762711864407,0.6436781609195402,1.0,0.4789915966386555,0.6477272727272727,0.9712226390838623
o275m,1.0,0.7161016949152542,0.8345679012345678,0.9940476190476191,0.7106382978723405,0.8287841191066998,1.0,0.7161016949152542,0.8345679012345678,1.5747785568237305
o277f,1.0,0.17238689547581904,0.2940785096473719,0.9727272727272728,0.16705698672911787,0.285143237841439,1.0,0.17238689547581904,0.2940785096473719,3.6044864654541016
o2789,1.0,0.578125,0.7326732673267327,0.9727272727272728,0.5602094240837696,0.7109634551495017,1.0,0.578125,0.7326732673267327,1.904057502746582
o27nd,1.0,0.15172413793103448,0.26347305389221554,1.0,0.14583333333333334,0.2545454545454546,1.0,0.15172413793103448,0.26347305389221554,0.5974338054656982
o27r4,1.0,0.8414634146341463,0.9139072847682119,0.9927007299270073,0.8343558282208589,0.9066666666666666,1.0,0.8414634146341463,0.9139072847682119,1.8701024055480957
o27sf,1.0,1.0,1.0,1.0,1.0,1.0,1.0,1.0,1.0,1.1538913249969482
o287u,1.0,0.1551901336073998,0.26868327402135234,0.9568106312292359,0.1480719794344473,0.2564559216384684,1.0,0.1551901336073998,0.26868327402135234,11.269524097442627
o2889,1.0,0.424812030075188,0.5963060686015832,0.9732142857142857,0.41132075471698115,0.5782493368700266,1.0,0.424812030075188,0.5963060686015832,1.1926219463348389
o28uc,1.0,0.640625,0.780952380952381,0.9918032786885246,0.6335078534031413,0.7731629392971244,1.0,0.640625,0.780952380952381,1.2052052021026611
o2935,1.0,0.3984375,0.5698324022346368,0.984251968503937,0.39123630672926446,0.5599104143337066,1.0,0.3984375,0.5698324022346368,3.9341533184051514
o29bd,1.0,0.459954233409611,0.6300940438871474,0.99,0.4541284403669725,0.6226415094339622,1.0,0.459954233409611,0.6300940438871474,2.677335500717163
o29xr,1.0,0.3979763912310287,0.5693606755126658,0.9702127659574468,0.38513513513513514,0.5513905683192262,1.0,0.3979763912310287,0.5693606755126658,2.5787887573242188
o29zo,1.0,0.11599423631123919,0.2078760490639122,0.9750778816199377,0.11279279279279279,0.20219638242894059,1.0,0.11599423631123919,0.2078760490639122,14.0812406539917
o29zq,1.0,0.3015267175572519,0.46334310850439886,0.9743589743589743,0.29118773946360155,0.448377581120944,1.0,0.3015267175572519,0.46334310850439886,1.2120146751403809
o2awr,1.0,0.2440944881889764,0.3924050632911393,0.974025974025974,0.23659305993690852,0.38071065989847713,1.0,0.2440944881889764,0.3924050632911393,2.098766803741455
o2ayl,1.0,0.6754966887417219,0.8063241106719368,0.9801980198019802,0.66,0.7888446215139442,1.0,0.6754966887417219,0.8063241106719368,1.2753348350524902
o2bm4,1.0,0.2073101085094232,0.3434247871333964,0.9558011049723757,0.1977142857142857,0.32765151515151514,1.0,0.2073101085094232,0.3434247871333964,15.532353401184082
o2d9b,1.0,0.5625,0.72,0.9897959183673469,0.5542857142857143,0.7106227106227105,1.0,0.5625,0.72,1.0592234134674072
o2dbb,1.0,0.7,0.8235294117647058,1.0,0.697841726618705,0.8220338983050847,1.0,0.7,0.8235294117647058,1.4721550941467285
o2dqb,1.0,0.2421875,0.389937106918239,0.9861111111111112,0.23798882681564246,0.38343834383438347,1.0,0.2421875,0.389937106918239,2.9548537731170654
o2e3i,1.0,0.6390532544378699,0.779783393501805,0.9813084112149533,0.625,0.7636363636363636,1.0,0.6390532544378699,0.779783393501805,1.157189130783081
o2ekm,1.0,0.14698795180722893,0.25630252100840334,0.9669421487603306,0.1411338962605549,0.24631578947368418,1.0,0.14698795180722893,0.25630252100840334,1.774043083190918
o2exj,1.0,0.4807692307692308,0.6493506493506493,0.9932885906040269,0.4758842443729904,0.6434782608695653,1.0,0.4807692307692308,0.6493506493506493,1.2265546321868896
o2exq,1.0,0.4666666666666667,0.6363636363636364,0.9784172661870504,0.45484949832775917,0.6210045662100456,1.0,0.4666666666666667,0.6363636363636364,3.160390853881836
o2fcd,1.0,0.05453652145430724,0.10343220997049232,0.9939759036144579,0.05405405405405406,0.10253223551343794,0.8528528528528528,0.046511627906976744,0.08821245535020966,4.483107328414917
o2fmp,1.0,0.6386554621848739,0.7794871794871795,1.0,0.635593220338983,0.77720207253886,1.0,0.6386554621848739,0.7794871794871795,1.649479866027832
o2gdi,1.0,0.630648330058939,0.7734939759036144,0.99375,0.6259842519685039,0.7681159420289855,1.0,0.630648330058939,0.7734939759036144,3.1238911151885986
o2gws,1.0,0.05892175572519084,0.11128632574904257,0.9634146341463414,0.05654974946313529,0.1068289384719405,1.0,0.05892175572519084,0.11128632574904257,5.894686698913574
o2gzf,1.0,0.421875,0.5934065934065934,0.9942857142857143,0.4187725631768953,0.5893310753598645,1.0,0.421875,0.5934065934065934,3.010129928588867
o2hlm,1.0,0.26356589147286824,0.4171779141104295,0.974169741697417,0.2560620756547042,0.4055299539170507,1.0,0.26356589147286824,0.4171779141104295,4.672956943511963
o2ijn,1.0,0.6388140161725068,0.7796052631578947,0.9872881355932204,0.6297297297297297,0.768976897689769,1.0,0.6388140161725068,0.7796052631578947,2.59647798538208
o2iky,1.0,0.7272727272727273,0.8421052631578948,0.9874213836477987,0.7168949771689498,0.8306878306878307,1.0,0.7272727272727273,0.8421052631578948,1.7589449882507324
o2ixx,1.0,0.44815465729349735,0.6189320388349514,0.9881889763779528,0.44190140845070425,0.610705596107056,1.0,0.44815465729349735,0.6189320388349514,3.3702163696289062
o2j4w,1.0,0.5396825396825397,0.7010309278350516,1.0,0.536,0.6979166666666667,1.0,0.5396825396825397,0.7010309278350516,0.7906613349914551
o2j7p,1.0,0.5771144278606966,0.7318611987381703,0.9565217391304348,0.55,0.6984126984126985,1.0,0.5771144278606966,0.7318611987381703,1.7932915687561035
o2jnb,1.0,0.5668789808917197,0.7235772357723577,1.0,0.5641025641025641,0.7213114754098361,1.0,0.5668789808917197,0.7235772357723577,1.8735365867614746
o2jxn,1.0,0.37486687965921195,0.5453137103020914,0.9914529914529915,0.37100213219616207,0.5399534522885958,1.0,0.37486687965921195,0.5453137103020914,3.0549118518829346
o2k05,1.0,0.2203626220362622,0.3611428571428571,0.9619047619047619,0.21144452198185626,0.34668192219679633,1.0,0.2203626220362622,0.3611428571428571,4.338984966278076
o2k8r,1.0,0.2670299727520436,0.421505376344086,1.0,0.2650273224043716,0.4190064794816415,1.0,0.2670299727520436,0.421505376344086,1.3862507343292236
o2kbr,1.0,0.27876106194690264,0.4359861591695502,0.9760956175298805,0.2713178294573643,0.42461005199306756,1.0,0.27876106194690264,0.4359861591695502,3.1032121181488037
o2ke3,1.0,0.5396825396825397,0.7010309278350516,1.0,0.536,0.6979166666666667,1.0,0.5396825396825397,0.7010309278350516,0.8684530258178711
o2kpo,1.0,0.2934249263984298,0.4537177541729893,0.9966442953020134,0.2917485265225933,0.4513677811550152,1.0,0.2934249263984298,0.4537177541729893,4.831763505935669
o2kt1,1.0,0.7849829351535836,0.8795411089866156,0.9868995633187773,0.773972602739726,0.8675623800383877,1.0,0.7849829351535836,0.8795411089866156,3.941519260406494
o2lgd,1.0,0.47058823529411764,0.6399999999999999,0.9789473684210527,0.458128078817734,0.6241610738255035,1.0,0.47058823529411764,0.6399999999999999,1.2083218097686768
o2lh7,1.0,0.14788373278939318,0.2576632607729898,0.9688581314878892,0.14285714285714285,0.24899955535793686,1.0,0.14788373278939318,0.2576632607729898,7.089001417160034
o2li1,1.0,0.09243134628265237,0.16922133660331085,0.9878934624697336,0.09111210361768647,0.16683704763851973,1.0,0.09243134628265237,0.16922133660331085,24.483278274536133
o2lqn,1.0,0.5019607843137255,0.6684073107049608,0.9763779527559056,0.4881889763779528,0.6509186351706037,1.0,0.5019607843137255,0.6684073107049608,4.930760622024536
o2mi5,1.0,0.2436010591350397,0.39176721078779275,0.9781818181818182,0.23763250883392226,0.3823738450604122,1.0,0.2436010591350397,0.39176721078779275,3.406593084335327
o2mln,1.0,0.7402597402597403,0.8507462686567165,0.9911504424778761,0.7320261437908496,0.8421052631578947,1.0,0.7402597402597403,0.8507462686567165,1.5793819427490234
o2moh,1.0,0.1708575112830432,0.2918502202643172,0.9734848484848485,0.16580645161290322,0.28335170893054024,1.0,0.1708575112830432,0.2918502202643172,2.3389031887054443
o2n27,1.0,0.44244604316546765,0.6134663341645886,0.9877551020408163,0.436036036036036,0.6050000000000001,1.0,0.44244604316546765,0.6134663341645886,2.806065082550049
o2neb,1.0,0.4444444444444444,0.6153846153846153,0.9823321554770318,0.43573667711598746,0.6036916395222583,1.0,0.4444444444444444,0.6153846153846153,2.91373872756958
o2o9r,1.0,0.37037037037037035,0.5405405405405406,0.982078853046595,0.3629139072847682,0.5299806576402321,1.0,0.37037037037037035,0.5405405405405406,2.6763288974761963
o2okt,1.0,0.4665314401622718,0.6362378976486861,0.9781659388646288,0.45528455284552843,0.6213592233009708,1.0,0.4665314401622718,0.6362378976486861,2.097625970840454
o2or7,1.0,0.4693446088794926,0.6388489208633094,0.9864253393665159,0.461864406779661,0.6291486291486291,1.0,0.4693446088794926,0.6388489208633094,3.3912835121154785
o2oyv,1.0,0.3333333333333333,0.5,0.9848484848484849,0.325,0.4887218045112782,1.0,0.3333333333333333,0.5,1.4427876472473145
o2p7c,1.0,0.4272151898734177,0.5986696230598669,0.9962825278810409,0.4247226624405705,0.5955555555555555,1.0,0.4272151898734177,0.5986696230598669,2.169640064239502
o2pnf,1.0,0.21379310344827587,0.3522727272727273,1.0,0.20833333333333334,0.3448275862068966,1.0,0.21379310344827587,0.3522727272727273,0.8553047180175781
o2prl,1.0,0.2783300198807157,0.4354587869362364,0.9928400954653938,0.27586206896551724,0.4317592112091334,1.0,0.2783300198807157,0.4354587869362364,5.29311990737915
o2q0u,1.0,0.7700534759358288,0.8700906344410876,0.993006993006993,0.7634408602150538,0.8632218844984803,1.0,0.7700534759358288,0.8700906344410876,1.4495460987091064
o2qb8,1.0,0.7319148936170212,0.8452088452088452,1.0,0.7313432835820896,0.8448275862068965,1.0,0.7319148936170212,0.8452088452088452,2.7436351776123047
o2qg9,1.0,0.47276688453159044,0.6420118343195267,0.9953703703703703,0.46943231441048033,0.6379821958456973,1.0,0.47276688453159044,0.6420118343195267,3.9844911098480225
o2qzi,1.0,0.6866485013623979,0.8142164781906301,0.9960159362549801,0.6830601092896175,0.8103727714748783,1.0,0.6866485013623979,0.8142164781906301,2.189500570297241
o2r8q,1.0,0.04627249357326478,0.08845208845208845,0.9742489270386266,0.04489715189873418,0.08583853280393271,0.9658119658119658,0.044690527981016415,0.08542808542808543,14.101346731185913
o2rdg,1.0,0.09163208852005532,0.16788089958821667,0.9772727272727273,0.08924247665167762,0.1635499207606973,1.0,0.09163208852005532,0.16788089958821667,6.107284307479858
o2rxt,1.0,0.8466257668711656,0.9169435215946844,0.9854014598540146,0.8333333333333334,0.9030100334448161,1.0,0.8466257668711656,0.9169435215946844,1.3326170444488525
o2scm,1.0,0.7169811320754716,0.8351648351648352,0.9933774834437086,0.7109004739336493,0.8287292817679558,1.0,0.7169811320754716,0.8351648351648352,1.545905351638794
o2sfi,1.0,0.8857142857142857,0.9393939393939393,1.0,0.8846153846153846,0.9387755102040816,1.0,0.8857142857142857,0.9393939393939393,4.8915910720825195
o2shs,1.0,0.6644295302013423,0.7983870967741936,0.9898477157360406,0.6565656565656566,0.7894736842105263,1.0,0.6644295302013423,0.7983870967741936,1.9382236003875732
o2sj4,1.0,0.5844155844155844,0.7377049180327869,0.9775280898876404,0.5686274509803921,0.71900826446281,1.0,0.5844155844155844,0.7377049180327869,1.2157964706420898
o2sjl,1.0,0.2804878048780488,0.43809523809523815,0.9801587301587301,0.2741398446170921,0.4284475281873374,1.0,0.2804878048780488,0.43809523809523815,2.591611623764038
o2slr,1.0,0.7160493827160493,0.8345323741007193,0.9956709956709957,0.7120743034055728,0.8303249097472925,1.0,0.7160493827160493,0.8345323741007193,2.5795865058898926
o2sqn,1.0,0.4972375690607735,0.6642066420664207,1.0,0.49444444444444446,0.6617100371747212,1.0,0.4972375690607735,0.6642066420664207,1.2763314247131348
o2sz6,1.0,0.3799126637554585,0.550632911392405,0.9884615384615385,0.3746355685131195,0.5433403805496829,1.0,0.3799126637554585,0.550632911392405,2.016209125518799
o2tq2,1.0,0.7481481481481481,0.8559322033898306,0.99,0.7388059701492538,0.8461538461538461,1.0,0.7481481481481481,0.8559322033898306,1.166996717453003
o2tth,1.0,0.5871313672922251,0.7398648648648648,0.9724770642201835,0.5698924731182796,0.7186440677966103,1.0,0.5871313672922251,0.7398648648648648,2.0268454551696777
o2ugz,1.0,0.12560386473429952,0.22317596566523604,0.9886621315192744,0.12393405343945424,0.22025764081838847,1.0,0.12560386473429952,0.22317596566523604,14.914270162582397
o2umr,1.0,0.4219512195121951,0.5934819897084048,0.9739130434782609,0.41025641025641024,0.577319587628866,1.0,0.4219512195121951,0.5934819897084048,4.21410059928894
o2urx,1.0,0.41321044546851,0.5847826086956522,0.9776119402985075,0.40307692307692305,0.5708061002178649,1.0,0.41321044546851,0.5847826086956522,2.711752414703369
o2v2n,1.0,0.47619047619047616,0.6451612903225806,0.9874213836477987,0.46865671641791046,0.6356275303643725,1.0,0.47619047619047616,0.6451612903225806,1.622610092163086
o2vnd,1.0,0.3037037037037037,0.4659090909090909,0.9656862745098039,0.2922848664688427,0.4487471526195899,1.0,0.3037037037037037,0.4659090909090909,2.258105516433716
o2vqd,1.0,0.48194945848375453,0.6504263093788064,0.9661654135338346,0.46473779385171793,0.6275946275946276,1.0,0.48194945848375453,0.6504263093788064,2.1004397869110107
o2vqe,1.0,0.518796992481203,0.6831683168316832,0.9854014598540146,0.5094339622641509,0.6716417910447762,1.0,0.518796992481203,0.6831683168316832,1.721372127532959
o2wce,1.0,0.6666666666666666,0.8,1.0,0.6637931034482759,0.7979274611398964,1.0,0.6666666666666666,0.8,0.8818626403808594
o2x5q,1.0,0.42133333333333334,0.5928705440900562,0.9872611464968153,0.4144385026737968,0.583804143126177,1.0,0.42133333333333334,0.5928705440900562,1.591520071029663
o2x6y,1.0,0.4221556886227545,0.5936842105263158,0.9857651245551602,0.41529235382308843,0.5843881856540084,1.0,0.4221556886227545,0.5936842105263158,6.485639572143555
o2xxx,1.0,0.24234904880066171,0.3901464713715047,0.976027397260274,0.2359271523178808,0.38,1.0,0.24234904880066171,0.3901464713715047,3.36152720451355
o2ydk,1.0,0.4043887147335423,0.5758928571428571,0.9883268482490273,0.3987441130298273,0.5682326621923938,1.0,0.4043887147335423,0.5758928571428571,2.1021761894226074
o2ynv,1.0,0.36528497409326427,0.5351043643263758,0.9785714285714285,0.35584415584415585,0.521904761904762,1.0,0.36528497409326427,0.5351043643263758,2.7824599742889404
o2yrd,1.0,0.6577540106951871,0.7935483870967742,0.9918367346938776,0.6514745308310992,0.7864077669902912,1.0,0.6577540106951871,0.7935483870967742,2.4668290615081787
o2z6q,1.0,0.533066132264529,0.6954248366013073,0.9773584905660377,0.5200803212851406,0.6788990825688074,1.0,0.533066132264529,0.6954248366013073,2.4571402072906494
o2zb0,1.0,0.3777292576419214,0.5483359746434232,0.9767441860465116,0.3676148796498906,0.534181240063593,1.0,0.3777292576419214,0.5483359746434232,1.3724088668823242
o2zho,1.0,0.535483870967742,0.6974789915966386,1.0,0.5324675324675324,0.6949152542372882,1.0,0.535483870967742,0.6974789915966386,0.9718942642211914
o2zmu,1.0,0.4304932735426009,0.6018808777429467,0.9860627177700348,0.4236526946107784,0.5926701570680628,1.0,0.4304932735426009,0.6018808777429467,2.916788339614868
o2zo6,1.0,0.45454545454545453,0.625,1.0,0.45038167938931295,0.6210526315789473,1.0,0.45454545454545453,0.625,1.136812448501587
o2zr2,1.0,0.20962199312714777,0.3465909090909091,0.9835390946502057,0.2055030094582975,0.33997155049786626,1.0,0.20962199312714777,0.3465909090909091,2.13739275932312
o303t,1.0,0.6075471698113207,0.7558685446009389,0.975,0.5909090909090909,0.7358490566037736,1.0,0.6075471698113207,0.7558685446009389,1.6187410354614258
o30b0,1.0,0.48218029350104824,0.6506364922206507,0.982532751091703,0.4726890756302521,0.6382978723404255,1.0,0.48218029350104824,0.6506364922206507,2.3415517807006836
o30jp,1.0,0.4537313432835821,0.6242299794661191,0.9867549668874173,0.44610778443113774,0.6144329896907217,1.0,0.4537313432835821,0.6242299794661191,2.499101161956787
o310v,1.0,0.7239263803680982,0.8398576512455517,0.9914529914529915,0.7160493827160493,0.8315412186379928,1.0,0.7239263803680982,0.8398576512455517,2.0537445545196533
o31bh,1.0,0.4016393442622951,0.5730994152046784,0.9583333333333334,0.38016528925619836,0.5443786982248522,1.0,0.4016393442622951,0.5730994152046784,1.1512584686279297
o31he,1.0,0.5066666666666667,0.6725663716814159,0.9841269841269841,0.49732620320855614,0.6607460035523979,1.0,0.5066666666666667,0.6725663716814159,3.6037685871124268
o31so,1.0,0.13674263479710952,0.2405867970660147,0.9714285714285714,0.13236929922135707,0.23299069995105237,1.0,0.13674263479710952,0.2405867970660147,11.813014268875122
o31w9,1.0,0.5472636815920398,0.7073954983922829,0.9908256880733946,0.54,0.6990291262135924,1.0,0.5472636815920398,0.7073954983922829,1.100771427154541
o32bp,1.0,0.04675670145283405,0.08933633075945656,0.993421052631579,0.04635219482247007,0.08857170788933423,0.9409190371991247,0.043994270513607533,0.08405825432509041,14.89423155784607
o32pi,1.0,0.7564766839378239,0.8613569321533924,0.993103448275862,0.75,0.8545994065281899,1.0,0.7564766839378239,0.8613569321533924,2.2321016788482666
o32tv,1.0,0.5061728395061729,0.6721311475409836,1.0,0.5031055900621118,0.6694214876033058,1.0,0.5061728395061729,0.6721311475409836,1.3340444564819336
o3377,1.0,0.2740021574973031,0.43014394580863674,0.9762845849802372,0.26673866090712745,0.41899915182357933,1.0,0.2740021574973031,0.43014394580863674,3.077038049697876
o3390,1.0,0.5166666666666667,0.6813186813186815,0.9814814814814815,0.5059665871121718,0.6677165354330709,1.0,0.5166666666666667,0.6813186813186815,1.8938944339752197
o33ny,1.0,0.8905109489051095,0.9420849420849421,1.0,0.8897058823529411,0.9416342412451362,1.0,0.8905109489051095,0.9420849420849421,0.9548904895782471
o33st,1.0,0.1411022576361222,0.24730869944719233,0.9834905660377359,0.1384921952839588,0.2427947598253275,1.0,0.1411022576361222,0.24730869944719233,15.89764666557312
o33x3,1.0,0.582089552238806,0.7358490566037735,0.987012987012987,0.5714285714285714,0.7238095238095237,1.0,0.582089552238806,0.7358490566037735,1.0202925205230713
o33yo,1.0,0.7588235294117647,0.862876254180602,0.9921875,0.7514792899408284,0.8552188552188551,1.0,0.7588235294117647,0.862876254180602,1.5879535675048828
o33zb,1.0,0.7575757575757576,0.8620689655172413,0.9797979797979798,0.7404580152671756,0.8434782608695651,1.0,0.7575757575757576,0.8620689655172413,1.9612195491790771
o34d3,1.0,0.5419847328244275,0.7029702970297029,0.9811320754716981,0.5306122448979592,0.6887417218543048,1.0,0.5419847328244275,0.7029702970297029,2.733654499053955
o34du,1.0,1.0,1.0,1.0,1.0,1.0,1.0,1.0,1.0,2.144540548324585
o34hw,1.0,1.0,1.0,1.0,1.0,1.0,1.0,1.0,1.0,2.0290756225585938
o34o1,1.0,0.4645669291338583,0.6344086021505376,0.9957446808510638,0.46153846153846156,0.6307277628032345,1.0,0.4645669291338583,0.6344086021505376,2.201791763305664
o354m,1.0,0.4973544973544973,0.6643109540636043,0.956989247311828,0.4734042553191489,0.6334519572953736,1.0,0.4973544973544973,0.6643109540636043,1.4233665466308594
o357s,1.0,0.4416243654822335,0.6126760563380282,0.9883720930232558,0.4336734693877551,0.6028368794326241,1.0,0.4416243654822335,0.6126760563380282,1.4292800426483154
o35fg,1.0,0.8391608391608392,0.9125475285171103,0.9915966386554622,0.8309859154929577,0.9042145593869731,1.0,0.8391608391608392,0.9125475285171103,1.6131784915924072
o35ir,1.0,0.32558139534883723,0.49122807017543857,0.9759036144578314,0.3151750972762646,0.47647058823529415,1.0,0.32558139534883723,0.49122807017543857,1.3308682441711426
o35lg,1.0,0.3165829145728643,0.48091603053435117,0.9838709677419355,0.30808080808080807,0.46923076923076923,1.0,0.3165829145728643,0.48091603053435117,0.732074499130249
o35pe,1.0,0.6363636363636364,0.7777777777777778,0.9959016393442623,0.6328125,0.7738853503184714,1.0,0.6363636363636364,0.7777777777777778,2.1078197956085205
o36h7,1.0,0.525691699604743,0.6891191709844559,0.9924242424242424,0.5198412698412699,0.6822916666666667,1.0,0.525691699604743,0.6891191709844559,1.7302632331848145
o36li,1.0,0.22381378692927484,0.36576444769568395,0.9598393574297188,0.21415770609318996,0.35018315018315016,1.0,0.22381378692927484,0.36576444769568395,3.9156641960144043
o36mh,1.0,0.5045045045045045,0.6706586826347305,1.0,0.5,0.6666666666666666,1.0,0.5045045045045045,0.6706586826347305,0.9785888195037842
o36rj,1.0,0.4272300469483568,0.5986842105263158,0.9666666666666667,0.41037735849056606,0.576158940397351,1.0,0.4272300469483568,0.5986842105263158,1.9206161499023438
o370y,1.0,0.6897689768976898,0.81640625,0.9759615384615384,0.6721854304635762,0.796078431372549,1.0,0.6897689768976898,0.81640625,1.9380531311035156
o378y,1.0,0.19574119574119575,0.32739726027397265,0.9873949579831933,0.19262295081967212,0.3223593964334705,1.0,0.19574119574119575,0.32739726027397265,2.745774745941162
o37a4,1.0,0.375,0.5454545454545454,0.9591836734693877,0.3574144486692015,0.5207756232686981,1.0,0.375,0.5454545454545454,1.1998956203460693
o37nf,1.0,0.6781609195402298,0.8082191780821918,0.9886363636363636,0.6692307692307692,0.7981651376146788,1.0,0.6781609195402298,0.8082191780821918,2.142894983291626
o37q3,1.0,0.572139303482587,0.7278481012658228,0.9868995633187773,0.5635910224438903,0.7174603174603174,1.0,0.572139303482587,0.7278481012658228,5.484512090682983
o37r9,1.0,0.3561643835616438,0.5252525252525252,0.9839228295819936,0.3497142857142857,0.5160202360876897,1.0,0.3561643835616438,0.5252525252525252,3.595154047012329
o37wm,1.0,0.4774774774774775,0.6463414634146342,0.9619047619047619,0.45701357466063347,0.6196319018404908,1.0,0.4774774774774775,0.6463414634146342,1.8298368453979492
o388j,1.0,0.37389100126742714,0.5442804428044281,0.9795918367346939,0.36548223350253806,0.532347504621072,1.0,0.37389100126742714,0.5442804428044281,3.2582590579986572
o38a5,1.0,0.38753799392097266,0.5585980284775466,0.968503937007874,0.3744292237442922,0.54006586169045,1.0,0.38753799392097266,0.5585980284775466,3.6657285690307617
o38hb,1.0,0.4368932038834951,0.608108108108108,0.9887640449438202,0.4292682926829268,0.5986394557823129,1.0,0.4368932038834951,0.608108108108108,1.173468828201294
o38yu,1.0,0.7285067873303167,0.8429319371727748,0.9875,0.7181818181818181,0.8315789473684211,1.0,0.7285067873303167,0.8429319371727748,2.4943060874938965
o39jl,1.0,0.5106382978723404,0.676056338028169,1.0,0.5071428571428571,0.6729857819905213,1.0,0.5106382978723404,0.676056338028169,1.3714325428009033
o39ro,1.0,0.44594594594594594,0.616822429906542,0.9692307692307692,0.42857142857142855,0.5943396226415094,1.0,0.44594594594594594,0.616822429906542,1.131025791168213
o3an9,1.0,0.34893617021276596,0.5173501577287066,1.0,0.34615384615384615,0.5142857142857142,1.0,0.34893617021276596,0.5173501577287066,0.9290170669555664
o3asv,1.0,0.7062937062937062,0.8278688524590163,0.99,0.6971830985915493,0.8181818181818182,1.0,0.7062937062937062,0.8278688524590163,1.5314323902130127
o3b0h,1.0,0.3963963963963964,0.567741935483871,0.9767441860465116,0.38181818181818183,0.5490196078431372,1.0,0.3963963963963964,0.567741935483871,1.6011052131652832
o3b0k,1.0,0.4319526627218935,0.6033057851239669,0.9861111111111112,0.4226190476190476,0.5916666666666667,1.0,0.4319526627218935,0.6033057851239669,0.8064358234405518
o3b1l,1.0,0.5330882352941176,0.6954436450839327,0.9861111111111112,0.5239852398523985,0.6843373493975904,1.0,0.5330882352941176,0.6954436450839327,1.648796558380127
o3c5n,1.0,0.6533333333333333,0.7903225806451613,0.9931506849315068,0.6473214285714286,0.7837837837837839,1.0,0.6533333333333333,0.7903225806451613,1.5110554695129395
o3c6f,1.0,0.4945054945054945,0.6617647058823529,0.9887640449438202,0.4861878453038674,0.6518518518518519,1.0,0.4945054945054945,0.6617647058823529,1.4434306621551514
o3ce6,1.0,0.5190380761523046,0.683377308707124,0.9883720930232558,0.5120481927710844,0.6746031746031745,1.0,0.5190380761523046,0.683377308707124,4.085426330566406
o3ckf,1.0,0.3493150684931507,0.5177664974619289,0.96,0.3310344827586207,0.4923076923076923,1.0,0.3493150684931507,0.5177664974619289,2.356649160385132
o3co1,1.0,0.4013761467889908,0.5728314238952537,0.9827586206896551,0.3931034482758621,0.5615763546798029,1.0,0.4013761467889908,0.5728314238952537,4.760664701461792
o3cry,1.0,0.7186440677966102,0.8362919132149901,0.995260663507109,0.7142857142857143,0.8316831683168318,1.0,0.7186440677966102,0.8362919132149901,2.464103937149048
o3d1n,1.0,0.5748031496062992,0.73,0.9861111111111112,0.5634920634920635,0.7171717171717172,1.0,0.5748031496062992,0.73,0.9839801788330078
o3d1q,1.0,0.3940256045519203,0.5653061224489796,0.9782608695652174,0.38461538461538464,0.5521472392638037,1.0,0.3940256045519203,0.5653061224489796,3.0784671306610107
o3d5d,1.0,0.674074074074074,0.8053097345132744,1.0,0.6716417910447762,0.8035714285714287,1.0,0.674074074074074,0.8053097345132744,2.083439826965332
o3dd2,1.0,0.05057316250842886,0.0962772785622593,0.9893048128342246,0.04990558403021311,0.09501797637390857,1.0,0.05057316250842886,0.0962772785622593,13.003683805465698
o3dhm,1.0,0.48942598187311176,0.6572008113590264,0.9937888198757764,0.48484848484848486,0.6517311608961303,1.0,0.48942598187311176,0.6572008113590264,1.3781085014343262
o3eqz,1.0,0.3202614379084967,0.48514851485148514,0.979381443298969,0.3114754098360656,0.472636815920398,1.0,0.3202614379084967,0.48514851485148514,1.2092242240905762
o3f1t,1.0,0.43832020997375326,0.6094890510948905,0.984984984984985,0.43101182654402104,0.5996343692870201,1.0,0.43832020997375326,0.6094890510948905,5.570697784423828
o3fr7,1.0,0.9405405405405406,0.9693593314763231,0.9942196531791907,0.9347826086956522,0.9635854341736695,1.0,0.9405405405405406,0.9693593314763231,1.5341057777404785
o3g5w,1.0,0.8905109489051095,0.9420849420849421,1.0,0.8897058823529411,0.9416342412451362,1.0,0.8905109489051095,0.9420849420849421,1.495020866394043
o3gcw,1.0,0.5571428571428572,0.7155963302752294,0.987012987012987,0.5467625899280576,0.7037037037037037,1.0,0.5571428571428572,0.7155963302752294,1.0672013759613037
o3gjh,1.0,0.3700787401574803,0.5402298850574713,0.9691943127962085,0.35814360770577935,0.5230179028132992,1.0,0.3700787401574803,0.5402298850574713,9.318828582763672
o3grd,1.0,0.3595890410958904,0.5289672544080605,0.9903846153846154,0.3539518900343643,0.5215189873417722,1.0,0.3595890410958904,0.5289672544080605,1.8004319667816162
o3h3o,1.0,0.06108597285067873,0.11513859275053305,0.9742857142857143,0.059355961705831156,0.11189499589827728,0.9857549857549858,0.06021580229725026,0.11349844185665081,8.328249216079712
o3hle,1.0,0.33043478260869563,0.49673202614379086,0.9834983498349835,0.32426550598476606,0.48772504091653035,1.0,0.33043478260869563,0.49673202614379086,2.5473814010620117
o3ifx,1.0,0.24444444444444444,0.39285714285714285,0.9671532846715328,0.23576512455516013,0.3791130185979971,1.0,0.24444444444444444,0.39285714285714285,2.854111433029175
o3j3c,1.0,0.4680365296803653,0.6376360808709176,0.9705882352941176,0.45308924485125857,0.6177847113884556,1.0,0.4680365296803653,0.6376360808709176,2.1152689456939697
o3jd1,1.0,0.21153846153846154,0.34920634920634924,0.979253112033195,0.20647419072615922,0.34104046242774566,1.0,0.21153846153846154,0.34920634920634924,3.0182199478149414
o3k68,1.0,0.33088235294117646,0.4972375690607735,0.96875,0.31958762886597936,0.48062015503875966,1.0,0.33088235294117646,0.4972375690607735,3.3553764820098877
o3kwb,1.0,0.3880597014925373,0.5591397849462366,0.966183574879227,0.37383177570093457,0.5390835579514824,1.0,0.3880597014925373,0.5591397849462366,2.6756980419158936
o3ky4,1.0,0.30303030303030304,0.4651162790697675,1.0,0.29949238578680204,0.46093750000000006,1.0,0.30303030303030304,0.4651162790697675,1.3205277919769287
o3l4x,1.0,0.12030075187969924,0.21476510067114093,1.0,0.11363636363636363,0.20408163265306123,1.0,0.12030075187969924,0.21476510067114093,0.4811372756958008
o3lqp,1.0,0.8354430379746836,0.9103448275862069,1.0,0.8347457627118644,0.9099307159353349,1.0,0.8354430379746836,0.9103448275862069,17.338480234146118
o3mdh,1.0,0.2388758782201405,0.385633270321361,0.9704433497536946,0.2309495896834701,0.3731060606060606,1.0,0.2388758782201405,0.385633270321361,2.117997884750366
o3mmp,1.0,0.392,0.5632183908045978,1.0,0.3870967741935484,0.5581395348837209,1.0,0.392,0.5632183908045978,0.8503007888793945
o3mw4,1.0,0.6893939393939394,0.8161434977578476,1.0,0.6870229007633588,0.8144796380090498,1.0,0.6893939393939394,0.8161434977578476,1.4630041122436523
o3n0f,1.0,0.37105263157894736,0.5412667946257198,0.9785714285714285,0.36147757255936674,0.5279383429672447,1.0,0.37105263157894736,0.5412667946257198,2.1706905364990234
o3n9k,1.0,0.7972027972027972,0.88715953307393,1.0,0.795774647887324,0.8862745098039216,1.0,0.7972027972027972,0.88715953307393,1.5674264430999756
o3pcr,1.0,0.4112903225806452,0.5828571428571429,0.9702970297029703,0.3967611336032389,0.5632183908045977,1.0,0.4112903225806452,0.5828571428571429,1.6296021938323975
o3po5,1.0,0.3825,0.5533453887884268,0.9802631578947368,0.37343358395989973,0.5408348457350272,1.0,0.3825,0.5533453887884268,1.5454905033111572
o3pxf,1.0,0.3902027027027027,0.5613608748481167,0.991304347826087,0.38578680203045684,0.5554202192448233,1.0,0.3902027027027027,0.5613608748481167,2.1702771186828613
o3qdx,1.0,0.22018348623853212,0.3609022556390978,1.0,0.21296296296296297,0.3511450381679389,1.0,0.22018348623853212,0.3609022556390978,0.7597928047180176
o3rb2,1.0,0.2572639225181598,0.4092441020702937,0.9905660377358491,0.2543912780133253,0.4048192771084338,1.0,0.2572639225181598,0.4092441020702937,12.833616971969604
o3rcd,1.0,0.8431372549019608,0.9148936170212766,0.9906542056074766,0.8346456692913385,0.9059829059829059,1.0,0.8431372549019608,0.9148936170212766,1.7308590412139893
o3reu,1.0,0.4354066985645933,0.6066666666666667,0.9888888888888889,0.42788461538461536,0.5973154362416107,1.0,0.4354066985645933,0.6066666666666667,1.3052177429199219
o3ri7,1.0,0.4780426599749059,0.6468590831918506,0.9894736842105263,0.4723618090452261,0.6394557823129251,1.0,0.4780426599749059,0.6468590831918506,7.0930047035217285
o3rsh,1.0,0.04686335072957717,0.0895309797537898,0.9931662870159453,0.04644226672347678,0.08873511753332655,1.0,0.04686335072957717,0.0895309797537898,17.32532238960266
o3sy4,1.0,0.66015625,0.7952941176470588,1.0,0.6588235294117647,0.7943262411347518,1.0,0.66015625,0.7952941176470588,1.7357423305511475
o3t26,1.0,0.553763440860215,0.7128027681660899,0.9901960784313726,0.5459459459459459,0.7038327526132404,1.0,0.553763440860215,0.7128027681660899,1.6393959522247314
o3t37,1.0,0.17092069279854147,0.2919423900350331,0.9759358288770054,0.1664386684906521,0.28437865212310093,1.0,0.17092069279854147,0.2919423900350331,16.538574695587158
o3u3b,1.0,0.5,0.6666666666666666,1.0,0.4968152866242038,0.6638297872340426,1.0,0.5,0.6666666666666666,1.1168346405029297
o3uj0,1.0,0.31504424778761064,0.4791386271870794,0.9661016949152542,0.30319148936170215,0.46153846153846156,1.0,0.31504424778761064,0.4791386271870794,4.007540941238403
o3umw,1.0,0.26380368098159507,0.41747572815533973,0.9941520467836257,0.261136712749616,0.41362530413625304,1.0,0.26380368098159507,0.41747572815533973,2.2941362857818604
o3v6m,1.0,0.19734660033167495,0.32963988919667586,0.9704641350210971,0.1908713692946058,0.31900138696255204,1.0,0.19734660033167495,0.32963988919667586,2.642472982406616
o3vh6,1.0,0.42939814814814814,0.6008097165991902,0.9864864864864865,0.42294322132097334,0.592051905920519,1.0,0.42939814814814814,0.6008097165991902,3.923839807510376
o3vx9,1.0,0.4444444444444444,0.6153846153846153,0.9835390946502057,0.43613138686131386,0.6042983565107459,1.0,0.4444444444444444,0.6153846153846153,2.8228745460510254
o3w68,1.0,0.39776951672862454,0.5691489361702128,0.9716981132075472,0.3843283582089552,0.5508021390374331,1.0,0.39776951672862454,0.5691489361702128,1.6218969821929932
o3way,1.0,0.32040050062578224,0.48530805687203793,0.984313725490196,0.31453634085213034,0.4767331433998101,1.0,0.32040050062578224,0.48530805687203793,2.8373329639434814
o3wbs,1.0,0.47959183673469385,0.6482758620689655,0.978494623655914,0.4666666666666667,0.6319444444444444,1.0,0.47959183673469385,0.6482758620689655,1.5926215648651123
o3wjh,1.0,0.6285714285714286,0.7719298245614035,0.9846153846153847,0.6153846153846154,0.7573964497041421,1.0,0.6285714285714286,0.7719298245614035,1.2608165740966797
o3wp2,1.0,0.6238095238095238,0.7683284457478006,0.9846153846153847,0.6124401913875598,0.7551622418879056,1.0,0.6238095238095238,0.7683284457478006,1.3903477191925049
o3xpq,1.0,0.4325153374233129,0.6038543897216274,0.990521327014218,0.4278403275332651,0.5975696926375983,1.0,0.4325153374233129,0.6038543897216274,3.8854033946990967
o3xyx,1.0,0.18777943368107303,0.3161856963613551,0.9800796812749004,0.18344519015659955,0.3090452261306532,1.0,0.18777943368107303,0.3161856963613551,2.829334259033203
o3y38,1.0,0.46060606060606063,0.6307053941908713,0.9733333333333334,0.4451219512195122,0.6108786610878661,1.0,0.46060606060606063,0.6307053941908713,1.0665373802185059
o3y3i,1.0,0.1708542713567839,0.2918454935622317,0.9696969696969697,0.16161616161616163,0.2770562770562771,1.0,0.1708542713567839,0.2918454935622317,0.8860969543457031
o3y3v,1.0,0.7737226277372263,0.8724279835390947,0.9809523809523809,0.7573529411764706,0.854771784232365,1.0,0.7737226277372263,0.8724279835390947,1.988572359085083
o3yjv,1.0,0.7493472584856397,0.8567164179104477,0.993006993006993,0.743455497382199,0.8502994011976048,1.0,0.7493472584856397,0.8567164179104477,23.752930402755737
o3ykm,1.0,0.27824267782426776,0.4353518821603928,0.9696969696969697,0.26834381551362685,0.42036124794745483,1.0,0.27824267782426776,0.4353518821603928,2.7299983501434326
o3z2b,1.0,0.5782828282828283,0.7328,0.9868421052631579,0.569620253164557,0.7223113964686998,1.0,0.5782828282828283,0.7328,3.319559097290039
o3zmb,1.0,0.1289530242554498,0.22844710361707915,0.9856801909307876,0.12684275184275184,0.22476190476190475,0.8952380952380953,0.11544365980964078,0.2045145499048137,12.901138544082642
o401k,1.0,0.29035166816952207,0.45003494060097826,0.9813084112149533,0.2842960288808664,0.4408677396780965,1.0,0.29035166816952207,0.45003494060097826,3.0838382244110107
o4036,1.0,0.48,0.6486486486486487,0.9776536312849162,0.4679144385026738,0.6329113924050632,1.0,0.48,0.6486486486486487,2.397885799407959
o40ah,1.0,0.4692144373673036,0.6387283236994219,0.9772727272727273,0.4574468085106383,0.6231884057971016,1.0,0.4692144373673036,0.6387283236994219,2.178312063217163
o40bn,1.0,0.27030539311241064,0.42557544757033244,0.983132530120482,0.26527958387516254,0.41781874039938555,1.0,0.27030539311241064,0.42557544757033244,20.51365613937378
o40cy,1.0,0.4887940234791889,0.6566308243727599,0.9846827133479212,0.4807692307692308,0.6460875807609476,1.0,0.4887940234791889,0.6566308243727599,4.562040090560913
o40eh,1.0,0.4879518072289157,0.6558704453441295,0.968944099378882,0.47129909365558914,0.6341463414634146,1.0,0.4879518072289157,0.6558704453441295,2.1499061584472656
o40mf,0.35051546391752575,0.3063063063063063,0.32692307692307687,0.020833333333333332,0.01818181818181818,0.019417475728155335,0.16494845360824742,0.14414414414414414,0.15384615384615383,1.462980031967163
o40ss,1.0,0.9136690647482014,0.9548872180451127,0.9920634920634921,0.9057971014492754,0.946969696969697,1.0,0.9136690647482014,0.9548872180451127,1.1615557670593262
o40y9,1.0,0.49321266968325794,0.6606060606060606,0.9907834101382489,0.4875283446712018,0.6534954407294833,1.0,0.49321266968325794,0.6606060606060606,2.0477240085601807
o410y,1.0,0.2289156626506024,0.37254901960784315,0.9459459459459459,0.21212121212121213,0.34653465346534656,1.0,0.2289156626506024,0.37254901960784315,0.7488267421722412
o415b,1.0,0.336283185840708,0.5033112582781457,0.9866666666666667,0.3288888888888889,0.4933333333333334,1.0,0.336283185840708,0.5033112582781457,1.4184017181396484
o4206,1.0,0.375,0.5454545454545454,0.9894736842105263,0.3686274509803922,0.5371428571428571,1.0,0.375,0.5454545454545454,1.1900279521942139
o42vl,1.0,0.5918367346938775,0.7435897435897436,0.9838709677419355,0.5817438692098093,0.7311643835616438,1.0,0.5918367346938775,0.7435897435897436,5.194343328475952
o434i,1.0,0.49375,0.6610878661087867,0.9743589743589743,0.4779874213836478,0.6413502109704641,1.0,0.49375,0.6610878661087867,1.0270447731018066
o435n,1.0,0.20840336134453782,0.3449235048678721,0.975609756097561,0.20202020202020202,0.3347280334728034,1.0,0.20840336134453782,0.3449235048678721,1.5400116443634033
o43vs,1.0,0.24273858921161826,0.39065108514190316,0.9828326180257511,0.23779854620976115,0.382943143812709,1.0,0.24273858921161826,0.39065108514190316,2.0417964458465576
o43vu,1.0,0.6410958904109589,0.7813021702838063,0.9871244635193133,0.6318681318681318,0.7705192629815746,1.0,0.6410958904109589,0.7813021702838063,2.352543592453003
o44le,1.0,0.4435146443514644,0.6144927536231884,0.9809523809523809,0.4327731092436975,0.6005830903790088,1.0,0.4435146443514644,0.6144927536231884,2.245013475418091
o44n9,1.0,0.06322765538241089,0.11893530997304581,0.9886363636363636,0.06234324614833393,0.11729019211324572,1.0,0.06322765538241089,0.11893530997304581,21.866611003875732
o44on,1.0,0.3817204301075269,0.5525291828793774,1.0,0.3783783783783784,0.5490196078431372,1.0,0.3817204301075269,0.5525291828793774,0.8577349185943604
o451t,1.0,0.05816615053184328,0.10993765110064893,0.9651972157772621,0.0560193913277673,0.10589283441517118,1.0,0.05816615053184328,0.10993765110064893,15.677871465682983
o4523,1.0,0.2510402219140083,0.40133037694013307,0.9722222222222222,0.24305555555555555,0.3888888888888889,1.0,0.2510402219140083,0.40133037694013307,1.7212865352630615
o454e,1.0,0.7857142857142857,0.88,0.9878048780487805,0.7751196172248804,0.868632707774799,1.0,0.7857142857142857,0.88,1.43251371383667
o45a9,1.0,0.3076923076923077,0.47058823529411764,1.0,0.3017241379310345,0.46357615894039733,1.0,0.3076923076923077,0.47058823529411764,0.7000720500946045
o4606,1.0,0.5706214689265536,0.7266187050359711,0.9701492537313433,0.5524079320113314,0.7039711191335739,1.0,0.5706214689265536,0.7266187050359711,1.648371696472168
o4612,1.0,0.8392857142857143,0.9126213592233009,1.0,0.8378378378378378,0.911764705882353,1.0,0.8392857142857143,0.9126213592233009,1.3209314346313477
o46kd,1.0,0.4117647058823529,0.5833333333333334,0.9736842105263158,0.3978494623655914,0.564885496183206,1.0,0.4117647058823529,0.5833333333333334,1.109558343887329
o46pb,1.0,0.3131067961165049,0.4768946395563771,0.9727626459143969,0.3037667071688943,0.462962962962963,1.0,0.3131067961165049,0.4768946395563771,3.0966765880584717
o46y6,1.0,0.2810126582278481,0.43873517786561267,0.9909638554216867,0.2778716216216216,0.4340369393139842,1.0,0.2810126582278481,0.43873517786561267,2.68620228767395
o473o,1.0,0.5367847411444142,0.698581560283688,0.9948979591836735,0.5327868852459017,0.693950177935943,1.0,0.5367847411444142,0.698581560283688,2.004573345184326
o47m7,1.0,0.5098468271334792,0.6753623188405797,0.978448275862069,0.49780701754385964,0.6598837209302326,1.0,0.5098468271334792,0.6753623188405797,2.935511589050293
o47mc,1.0,0.49206349206349204,0.6595744680851063,0.9836065573770492,0.48,0.6451612903225806,1.0,0.49206349206349204,0.6595744680851063,0.9256954193115234
o4802,1.0,0.46408839779005523,0.6339622641509434,1.0,0.46111111111111114,0.6311787072243346,1.0,0.46408839779005523,0.6339622641509434,1.0222570896148682
o48k7,1.0,0.07035340314136125,0.1314582696423112,0.9532710280373832,0.06677577741407528,0.12480881003364944,0.8976744186046511,0.0631544502617801,0.11800672577193518,8.817533016204834
o494z,1.0,0.7554347826086957,0.8606811145510835,0.9927536231884058,0.7486338797814208,0.8535825545171339,1.0,0.7554347826086957,0.8606811145510835,1.3174378871917725
o49dr,1.0,0.053901437371663245,0.10228933268387724,0.9761336515513126,0.0524964702862277,0.09963459196102314,1.0,0.053901437371663245,0.10228933268387724,16.32756805419922
o49ox,1.0,0.7207446808510638,0.8377125193199382,0.9851851851851852,0.7093333333333334,0.8248062015503876,1.0,0.7207446808510638,0.8377125193199382,2.888047695159912
o49zc,1.0,0.383289124668435,0.5541706615532118,0.9965277777777778,0.38114209827357237,0.5513928914505284,1.0,0.383289124668435,0.5541706615532118,3.8580658435821533
o4a7m,1.0,0.36749633967789164,0.5374732334047109,0.98,0.3592375366568915,0.5257510729613734,1.0,0.36749633967789164,0.5374732334047109,2.439175844192505
o4asu,1.0,0.7122302158273381,0.8319327731092437,1.0,0.7101449275362319,0.8305084745762712,1.0,0.7122302158273381,0.8319327731092437,0.9635777473449707
o4bbt,1.0,0.4797047970479705,0.6483790523690773,0.9767441860465116,0.4666666666666667,0.631578947368421,1.0,0.4797047970479705,0.6483790523690773,2.1645636558532715
o4bij,1.0,0.5507900677200903,0.7103347889374091,0.9835390946502057,0.5407239819004525,0.6978102189781021,1.0,0.5507900677200903,0.7103347889374091,2.7852439880371094
o4bir,1.0,0.4732142857142857,0.6424242424242425,0.9423076923076923,0.44144144144144143,0.6012269938650308,1.0,0.4732142857142857,0.6424242424242425,0.9234662055969238
o4blt,1.0,0.6081504702194357,0.7563352826510722,0.9844559585492227,0.5974842767295597,0.7436399217221134,1.0,0.6081504702194357,0.7563352826510722,2.2376129627227783
o4bm3,1.0,0.42596810933940776,0.597444089456869,0.989247311827957,0.4200913242009132,0.5897435897435898,1.0,0.42596810933940776,0.597444089456869,2.831232786178589
o4c16,1.0,0.45098039215686275,0.6216216216216216,1.0,0.4473684210526316,0.6181818181818182,1.0,0.45098039215686275,0.6216216216216216,0.8087773323059082
o4cr7,1.0,0.564748201438849,0.7218390804597702,0.9807692307692307,0.5523465703971119,0.7066974595842955,1.0,0.564748201438849,0.7218390804597702,1.305060625076294
o4cul,1.0,0.27906976744186046,0.43636363636363634,0.9790794979079498,0.2724097788125728,0.4262295081967214,1.0,0.27906976744186046,0.43636363636363634,2.0035178661346436
o4czo,1.0,0.3909985935302391,0.5621840242669363,0.9783393501805054,0.3816901408450704,0.5491388044579534,1.0,0.3909985935302391,0.5621840242669363,3.413487672805786
o4d9u,1.0,0.7230769230769231,0.8392857142857142,0.9928825622775801,0.7172236503856041,0.8328358208955224,1.0,0.7230769230769231,0.8392857142857142,2.026000499725342
o4df6,1.0,0.8355704697986577,0.9104204753199269,0.9879032258064516,0.8249158249158249,0.8990825688073395,1.0,0.8355704697986577,0.9104204753199269,2.666787624359131
o4do0,1.0,0.45228215767634855,0.6228571428571429,0.9814814814814815,0.44166666666666665,0.6091954022988505,1.0,0.45228215767634855,0.6228571428571429,1.1458215713500977
o4e6o,1.0,0.35658914728682173,0.5257142857142858,0.9777777777777777,0.34375,0.5086705202312138,1.0,0.35658914728682173,0.5257142857142858,0.7735557556152344
o4ef7,1.0,0.44153577661431065,0.612590799031477,0.9801587301587301,0.4318181818181818,0.5995145631067961,1.0,0.44153577661431065,0.612590799031477,2.6322762966156006
o4eqq,1.0,0.5047318611987381,0.670859538784067,0.9748427672955975,0.49050632911392406,0.6526315789473685,1.0,0.5047318611987381,0.670859538784067,2.0930252075195312
o4few,1.0,0.3939393939393939,0.5652173913043478,0.9788732394366197,0.3839779005524862,0.5515873015873016,1.0,0.3939393939393939,0.5652173913043478,1.7109229564666748
o4fg4,1.0,0.5151515151515151,0.6799999999999999,0.9603960396039604,0.49238578680203043,0.6510067114093959,1.0,0.5151515151515151,0.6799999999999999,1.4029490947723389
o4fsh,1.0,0.5269461077844312,0.6901960784313725,0.9655172413793104,0.5060240963855421,0.6640316205533596,1.0,0.5269461077844312,0.6901960784313725,1.0263662338256836
o4fv8,1.0,0.44912280701754387,0.6198547215496368,0.984251968503937,0.44014084507042256,0.6082725060827251,1.0,0.44912280701754387,0.6198547215496368,1.4855387210845947
o4g3x,1.0,0.3810359964881475,0.5518118245390973,0.9930715935334873,0.37785588752196836,0.547422024188415,1.0,0.3810359964881475,0.5518118245390973,4.331204175949097
o4g88,1.0,0.7336448598130841,0.8463611859838275,0.9871794871794872,0.7230046948356808,0.8346883468834689,1.0,0.7336448598130841,0.8463611859838275,1.7817111015319824
o4gjo,1.0,0.6607142857142857,0.7956989247311829,0.9864253393665159,0.6507462686567164,0.7841726618705037,1.0,0.6607142857142857,0.7956989247311829,3.0811843872070312
o4gp7,1.0,0.5266106442577031,0.689908256880734,0.9786096256684492,0.5140449438202247,0.6740331491712708,1.0,0.5266106442577031,0.689908256880734,2.2921392917633057
o4gtm,1.0,0.31413612565445026,0.4780876494023904,0.9915966386554622,0.30971128608923887,0.47200000000000003,1.0,0.31413612565445026,0.4780876494023904,1.4782865047454834
o4gv5,1.0,0.630057803468208,0.7730496453900709,0.9814814814814815,0.6162790697674418,0.757142857142857,1.0,0.630057803468208,0.7730496453900709,1.6264705657958984
o4h5k,1.0,0.41904761904761906,0.5906040268456376,0.9767441860465116,0.40384615384615385,0.5714285714285714,1.0,0.41904761904761906,0.5906040268456376,0.6365253925323486
o4he3,1.0,0.42408376963350786,0.5955882352941176,0.9875,0.41578947368421054,0.5851851851851853,1.0,0.42408376963350786,0.5955882352941176,1.1113090515136719
o4hfg,1.0,0.6055045871559633,0.7542857142857143,1.0,0.6036866359447005,0.7528735632183908,1.0,0.6055045871559633,0.7542857142857143,1.3250048160552979
o4hlv,1.0,0.7155172413793104,0.8341708542713567,0.975609756097561,0.6956521739130435,0.8121827411167512,1.0,0.7155172413793104,0.8341708542713567,1.501936912536621
o4hnj,1.0,0.7341269841269841,0.8466819221967963,0.9945652173913043,0.7290836653386454,0.8413793103448275,1.0,0.7341269841269841,0.8466819221967963,1.7053017616271973
o4huw,1.0,0.12811226799456768,0.22712680577849118,0.975177304964539,0.12454710144927536,0.2208835341365462,1.0,0.12811226799456768,0.22712680577849118,12.069589376449585
o4ide,1.0,0.6595744680851063,0.7948717948717948,0.9891891891891892,0.6512455516014235,0.7854077253218883,1.0,0.6595744680851063,0.7948717948717948,2.328537702560425
o4iq7,1.0,0.5414364640883977,0.7025089605734767,0.9897435897435898,0.5346260387811634,0.6942446043165468,1.0,0.5414364640883977,0.7025089605734767,2.409890651702881
o4iu6,1.0,0.5552631578947368,0.7140439932318104,0.9619047619047619,0.5329815303430079,0.6859083191850595,1.0,0.5552631578947368,0.7140439932318104,2.0723369121551514
o4j7g,1.0,0.792,0.8839285714285714,0.9897959183673469,0.782258064516129,0.8738738738738738,1.0,0.792,0.8839285714285714,1.1519036293029785
o4j9g,1.0,0.4835164835164835,0.6518518518518518,0.9885931558935361,0.47706422018348627,0.6435643564356436,1.0,0.4835164835164835,0.6518518518518518,4.232196092605591
o4jmz,1.0,0.848,0.9177489177489178,1.0,0.8467741935483871,0.9170305676855895,1.0,0.848,0.9177489177489178,1.4641330242156982
o4jqr,1.0,0.6426332288401254,0.782442748091603,1.0,0.6415094339622641,0.7816091954022989,1.0,0.6426332288401254,0.782442748091603,2.3802969455718994
o4jt1,1.0,0.6563706563706564,0.7925407925407926,0.9881656804733728,0.6472868217054264,0.7822014051522248,1.0,0.6563706563706564,0.7925407925407926,5.090672492980957
o4kcd,1.0,0.5375494071146245,0.699228791773779,0.9777777777777777,0.5238095238095238,0.6821705426356589,1.0,0.5375494071146245,0.699228791773779,1.2904696464538574
o4kvx,1.0,0.43646408839779005,0.6076923076923078,0.9703389830508474,0.4225092250922509,0.5886889460154241,1.0,0.43646408839779005,0.6076923076923078,2.0587193965911865
o4l79,1.0,0.4375,0.6086956521739131,1.0,0.4330708661417323,0.6043956043956044,1.0,0.4375,0.6086956521739131,0.6895473003387451
o4l8v,1.0,0.865546218487395,0.927927927927928,1.0,0.864406779661017,0.9272727272727274,1.0,0.865546218487395,0.927927927927928,1.5001578330993652
o4l9g,1.0,0.1728865194211729,0.29480519480519485,0.9469026548672567,0.16310975609756098,0.27828348504551365,1.0,0.1728865194211729,0.29480519480519485,3.6596622467041016
o4lxr,1.0,0.2872655478775913,0.4463190184049079,0.9827586206896551,0.2816205533596838,0.4377880184331797,1.0,0.2872655478775913,0.4463190184049079,2.5002565383911133
o4m2i,1.0,0.420863309352518,0.5924050632911392,0.9913793103448276,0.4151624548736462,0.5852417302798982,1.0,0.420863309352518,0.5924050632911392,1.5731077194213867
o4mwj,1.0,0.4832347140039448,0.6515957446808511,0.9713114754098361,0.4683794466403162,0.632,1.0,0.4832347140039448,0.6515957446808511,2.2976508140563965
o4mzb,1.0,0.46141975308641975,0.6314677930306231,0.9932885906040269,0.4574961360123648,0.6264550264550265,1.0,0.46141975308641975,0.6314677930306231,3.0535595417022705
o4n0k,1.0,0.6363636363636364,0.7777777777777778,0.9965034965034965,0.6333333333333333,0.7744565217391304,1.0,0.6363636363636364,0.7777777777777778,2.4290108680725098
o4nm6,1.0,0.2915766738660907,0.451505016722408,0.9701492537313433,0.2813852813852814,0.43624161073825507,1.0,0.2915766738660907,0.451505016722408,1.9801065921783447
o4nng,1.0,0.5567010309278351,0.7152317880794702,0.9906976744186047,0.5503875968992248,0.707641196013289,1.0,0.5567010309278351,0.7152317880794702,3.484436511993408
o5gxy,1.0,0.38024357239512857,0.5509803921568628,0.9857142857142858,0.37398373983739835,0.5422396856581532,1.0,0.38024357239512857,0.5509803921568628,2.380308151245117
o5h1a,1.0,0.35074626865671643,0.5193370165745856,1.0,0.3458646616541353,0.5139664804469274,1.0,0.35074626865671643,0.5193370165745856,0.8422901630401611
o5h5a,1.0,0.6317991631799164,0.7743589743589745,0.9933333333333333,0.6260504201680672,0.768041237113402,1.0,0.6317991631799164,0.7743589743589745,1.163984775543213
o5hec,1.0,0.6473029045643154,0.7858942065491185,0.9935483870967742,0.6416666666666667,0.779746835443038,1.0,0.6473029045643154,0.7858942065491185,1.5376300811767578
o5hsy,1.0,0.34292035398230086,0.5107084019769357,0.974025974025974,0.3325942350332594,0.49586776859504134,1.0,0.34292035398230086,0.5107084019769357,1.7772817611694336
o5hzt,1.0,0.30635118306351183,0.46901811248808395,0.9877551020408163,0.30174563591022446,0.46227316141356256,1.0,0.30635118306351183,0.46901811248808395,2.650782585144043
o5i13,1.0,0.6699751861042184,0.8023774145616642,0.9851301115241635,0.6592039800995025,0.789865871833085,1.0,0.6699751861042184,0.8023774145616642,2.383556604385376
o5i5j,1.0,0.7426470588235294,0.8523206751054853,0.99,0.7333333333333333,0.8425531914893618,1.0,0.7426470588235294,0.8523206751054853,1.3762893676757812
o5i95,1.0,0.6324786324786325,0.7748691099476439,1.0,0.6293103448275862,0.7724867724867724,1.0,0.6324786324786325,0.7748691099476439,1.1693055629730225
o5ife,1.0,0.5747422680412371,0.729950900163666,0.990990990990991,0.5684754521963824,0.7224958949096879,1.0,0.5747422680412371,0.729950900163666,2.4067914485931396
o5ijb,1.0,0.17312348668280872,0.2951496388028896,0.9577464788732394,0.16484848484848486,0.281282316442606,1.0,0.17312348668280872,0.2951496388028896,1.9567735195159912
o5ijn,1.0,0.4525862068965517,0.6231454005934719,0.9807692307692307,0.44155844155844154,0.608955223880597,1.0,0.4525862068965517,0.6231454005934719,2.7831761837005615
o5iw3,1.0,0.43478260869565216,0.6060606060606061,0.9937106918238994,0.4305177111716621,0.6007604562737643,1.0,0.43478260869565216,0.6060606060606061,1.9869532585144043
o5jdg,1.0,0.38017565872020076,0.5509090909090909,0.9933774834437086,0.3768844221105528,0.546448087431694,1.0,0.38017565872020076,0.5509090909090909,2.8644051551818848
o5ju1,1.0,0.41216216216216217,0.5837320574162679,0.9834710743801653,0.4033898305084746,0.5721153846153846,1.0,0.41216216216216217,0.5837320574162679,1.6655161380767822
o5kaa,1.0,0.37751004016064255,0.5481049562682215,0.9679144385026738,0.3641851106639839,0.5292397660818714,1.0,0.37751004016064255,0.5481049562682215,2.5939724445343018
o5kao,1.0,0.24008461131676362,0.3872068230277185,0.9933774834437086,0.23809523809523808,0.3841229193341869,1.0,0.24008461131676362,0.3872068230277185,12.40175724029541
o5ker,1.0,0.49444444444444446,0.6617100371747212,0.9886363636363636,0.4860335195530726,0.651685393258427,1.0,0.49444444444444446,0.6617100371747212,1.3353354930877686
o5kkk,1.0,0.23647294589178355,0.38249594813614257,0.9787234042553191,0.23069207622868607,0.3733766233766234,1.0,0.23647294589178355,0.38249594813614257,2.2985196113586426
o5kn3,1.0,0.31859557867360205,0.48323471400394474,0.9877049180327869,0.3138020833333333,0.47628458498023707,1.0,0.31859557867360205,0.48323471400394474,5.171853542327881
o5ko9,1.0,0.4275568181818182,0.5990049751243781,0.98,0.4182076813655761,0.5862412761714856,1.0,0.4275568181818182,0.5990049751243781,2.257225275039673
o5ld1,1.0,0.7204301075268817,0.8375,0.99,0.7122302158273381,0.8284518828451883,1.0,0.7204301075268817,0.8375,2.4768736362457275
o5ljb,1.0,0.12249176400119796,0.21824973319103522,0.9828431372549019,0.1201318154583583,0.21409503470368393,1.0,0.12249176400119796,0.21824973319103522,11.975795030593872
o5lk8,1.0,0.27014755959137343,0.4253798033958892,0.9704641350210971,0.26136363636363635,0.4118173679498657,1.0,0.27014755959137343,0.4253798033958892,3.196763038635254
o5lkj,1.0,0.49466192170818507,0.6619047619047619,0.9927536231884058,0.48928571428571427,0.6555023923444976,1.0,0.49466192170818507,0.6619047619047619,1.6423346996307373
o5lr2,1.0,0.3851851851851852,0.5561497326203209,1.0,0.3805970149253731,0.5513513513513513,1.0,0.3851851851851852,0.5561497326203209,1.6755414009094238
o5lu4,1.0,0.3709677419354839,0.5411764705882353,1.0,0.3675675675675676,0.5375494071146245,1.0,0.3709677419354839,0.5411764705882353,1.4151859283447266
o5lys,1.0,0.13579017264276227,0.23911137094416834,0.9803921568627451,0.1328462304882099,0.23398654577361802,1.0,0.13579017264276227,0.23911137094416834,18.378587245941162
o5m0w,1.0,0.596078431372549,0.7469287469287469,0.9933774834437086,0.5905511811023622,0.7407407407407407,1.0,0.596078431372549,0.7469287469287469,1.398010492324829
o5m78,1.0,0.6988636363636364,0.822742474916388,0.9754098360655737,0.68,0.8013468013468014,1.0,0.6988636363636364,0.822742474916388,1.971864938735962
o5m8b,1.0,0.17801753202966958,0.3022323983972524,0.9809885931558935,0.17408906882591094,0.295702005730659,1.0,0.17801753202966958,0.3022323983972524,2.3406829833984375
o5mfk,1.0,0.538860103626943,0.7003367003367003,0.9805825242718447,0.5260416666666666,0.6847457627118645,1.0,0.538860103626943,0.7003367003367003,1.7453889846801758
o5mi2,1.0,0.7341040462427746,0.8466666666666667,1.0,0.7325581395348837,0.8456375838926175,1.0,0.7341040462427746,0.8466666666666667,1.8045310974121094
o5mua,1.0,1.0,1.0,1.0,1.0,1.0,1.0,1.0,1.0,1.3675425052642822
o5myn,1.0,0.1827318410232983,0.3089996137504828,0.9874686716791979,0.180073126142596,0.304599922690375,1.0,0.1827318410232983,0.3089996137504828,10.892733097076416
o5myx,1.0,0.4793388429752066,0.6480446927374302,0.9913419913419913,0.474120082815735,0.6414565826330533,1.0,0.4793388429752066,0.6480446927374302,3.083392381668091
o5nai,1.0,0.3718887262079063,0.5421558164354323,0.9881422924901185,0.36656891495601174,0.53475935828877,1.0,0.3718887262079063,0.5421558164354323,1.8197295665740967
o5njv,1.0,0.5933333333333334,0.7447698744769875,1.0,0.5906040268456376,0.7426160337552743,1.0,0.5933333333333334,0.7447698744769875,1.1077337265014648
o5noy,1.0,0.49850746268656715,0.6653386454183267,0.9819277108433735,0.4880239520958084,0.652,1.0,0.49850746268656715,0.6653386454183267,1.7477035522460938
o5nwe,1.0,0.3805601317957166,0.5513126491646778,0.991304347826087,0.37623762376237624,0.5454545454545455,1.0,0.3805601317957166,0.5513126491646778,1.6526789665222168
o5ny4,1.0,0.3981651376146789,0.5695538057742783,0.9814814814814815,0.3897058823529412,0.5578947368421052,1.0,0.3981651376146789,0.5695538057742783,3.159727096557617
o5oab,1.0,0.16032148900169205,0.27633977397010573,0.9814814814814815,0.1570038087177317,0.2707041225829989,1.0,0.16032148900169205,0.27633977397010573,3.528247117996216
o5onn,0.9976076555023924,0.34605809128630705,0.5138632162661737,0.988009592326139,0.34219269102990035,0.5083281924737816,0.9976076555023924,0.34605809128630705,0.5138632162661737,3.4616308212280273
o5pcx,1.0,0.14328231292517007,0.2506507995537374,0.9583333333333334,0.1369629944704381,0.239672497208783,1.0,0.14328231292517007,0.2506507995537374,24.087438106536865
o5phi,1.0,0.3180628272251309,0.4826216484607746,0.9793388429752066,0.3106159895150721,0.4716417910447761,1.0,0.3180628272251309,0.4826216484607746,3.2745521068573
o5pke,1.0,0.33636363636363636,0.5034013605442177,0.9818181818181818,0.3282674772036474,0.49202733485193617,1.0,0.33636363636363636,0.5034013605442177,2.3026609420776367
o5px6,1.0,0.3777429467084639,0.5483503981797497,0.9875,0.37205651491365777,0.540478905359179,1.0,0.3777429467084639,0.5483503981797497,3.1346006393432617
o5q6v,1.0,0.5010940919037199,0.6676384839650146,0.9824561403508771,0.49122807017543857,0.6549707602339181,1.0,0.5010940919037199,0.6676384839650146,2.23008131980896
o5q78,1.0,0.6334310850439883,0.7755834829443448,0.9953488372093023,0.6294117647058823,0.7711711711711713,1.0,0.6334310850439883,0.7755834829443448,2.2744789123535156
o5r7v,1.0,0.26978998384491115,0.42493638676844786,0.9578313253012049,0.25728155339805825,0.40561224489795916,1.0,0.26978998384491115,0.42493638676844786,2.5665929317474365
o5r9s,1.0,0.12490211433046201,0.22206752523494602,0.9748427672955975,0.12142577359968665,0.2159526297457332,1.0,0.12490211433046201,0.22206752523494602,7.3887975215911865
o5rmo,1.0,0.5778443113772455,0.732447817836812,1.0,0.5765765765765766,0.7314285714285714,1.0,0.5778443113772455,0.732447817836812,2.596590280532837
o5rz8,1.0,0.4281391830559758,0.5995762711864407,0.9822695035460993,0.4196969696969697,0.5881104033970276,1.0,0.4281391830559758,0.5995762711864407,4.594038486480713
o5s52,1.0,0.49742268041237114,0.6643717728055077,0.9895833333333334,0.4909560723514212,0.6563039723661486,1.0,0.49742268041237114,0.6643717728055077,2.6678736209869385
o5sef,1.0,0.5774647887323944,0.7321428571428571,0.9918032786885246,0.5707547169811321,0.7245508982035928,1.0,0.5774647887323944,0.7321428571428571,1.6763644218444824
o5sel,1.0,0.6686046511627907,0.8013937282229966,0.982532751091703,0.6559766763848397,0.7867132867132868,1.0,0.6686046511627907,0.8013937282229966,2.990398645401001
o5sz6,1.0,0.2911084043848965,0.4509433962264151,0.9789915966386554,0.2841463414634146,0.44045368620037806,1.0,0.2911084043848965,0.4509433962264151,3.51527738571167
o5to3,1.0,0.24464153732446414,0.39311163895486934,0.9757575757575757,0.23816568047337278,0.3828775267538644,1.0,0.24464153732446414,0.39311163895486934,14.84215235710144
o5to5,1.0,0.8348623853211009,0.9099999999999999,0.9888888888888889,0.8240740740740741,0.8989898989898991,1.0,0.8348623853211009,0.9099999999999999,0.8083755970001221
o5tty,1.0,0.6743119266055045,0.8054794520547944,0.9863013698630136,0.663594470046083,0.793388429752066,1.0,0.6743119266055045,0.8054794520547944,1.1911578178405762
o5v6t,1.0,0.6482412060301508,0.7865853658536586,0.9921875,0.6414141414141414,0.7791411042944785,1.0,0.6482412060301508,0.7865853658536586,1.5693881511688232
o5v8g,1.0,0.3613861386138614,0.5309090909090909,0.9861111111111112,0.35323383084577115,0.5201465201465202,1.0,0.3613861386138614,0.5309090909090909,0.9606924057006836
o5vae,1.0,0.5038759689922481,0.6701030927835051,0.9907407407407407,0.4984472049689441,0.6632231404958678,1.0,0.5038759689922481,0.6701030927835051,10.742924690246582
o5vgo,1.0,0.121529919802591,0.21672167216721672,0.9693877551020408,0.11728395061728394,0.20925110132158592,1.0,0.121529919802591,0.21672167216721672,10.188721418380737
o5vmp,1.0,0.46568627450980393,0.6354515050167223,1.0,0.4630541871921182,0.6329966329966329,1.0,0.46568627450980393,0.6354515050167223,1.0105252265930176
o5vmq,1.0,0.5055555555555555,0.6715867158671587,0.988950276243094,0.4986072423398329,0.662962962962963,1.0,0.5055555555555555,0.6715867158671587,2.1455256938934326
o5vs2,1.0,0.3367741935483871,0.5038610038610039,0.9769230769230769,0.3281653746770026,0.4912959381044487,1.0,0.3367741935483871,0.5038610038610039,3.0424649715423584
o5vz5,1.0,0.7756410256410257,0.8736462093862817,0.9833333333333333,0.7612903225806451,0.8581818181818182,1.0,0.7756410256410257,0.8736462093862817,1.4190635681152344
o5w78,1.0,0.2776470588235294,0.43462246777163904,0.9787234042553191,0.270906949352179,0.42435424354243534,1.0,0.2776470588235294,0.43462246777163904,2.368539571762085
o5w85,1.0,0.8482142857142857,0.9178743961352658,0.9523809523809523,0.8071748878923767,0.8737864077669903,1.0,0.8482142857142857,0.9178743961352658,2.2232155799865723
o5we4,1.0,0.42168674698795183,0.5932203389830509,1.0,0.41818181818181815,0.5897435897435896,1.0,0.42168674698795183,0.5932203389830509,1.0454957485198975
o5wl4,1.0,0.1953971119133574,0.3269158172895432,0.9861111111111112,0.19232505643340858,0.32187381941820936,1.0,0.1953971119133574,0.3269158172895432,20.636056184768677
o5x84,1.0,0.18543046357615894,0.3128491620111732,1.0,0.18,0.3050847457627119,1.0,0.18543046357615894,0.3128491620111732,0.7427418231964111
o5y0t,1.0,0.363013698630137,0.5326633165829147,0.9807692307692307,0.35172413793103446,0.5177664974619289,1.0,0.363013698630137,0.5326633165829147,0.8179893493652344
o5ykl,1.0,0.7410714285714286,0.8512820512820513,1.0,0.7387387387387387,0.8497409326424871,1.0,0.7410714285714286,0.8512820512820513,1.1466279029846191
o5z6t,1.0,0.7480916030534351,0.8558951965065502,1.0,0.7461538461538462,0.8546255506607929,1.0,0.7480916030534351,0.8558951965065502,0.8716864585876465
o5zb3,1.0,0.05101774530271399,0.09708255741775294,0.9846153846153847,0.050110922615163776,0.09536818576927854,1.0,0.05101774530271399,0.09708255741775294,16.423914670944214
o5zqm,1.0,0.4930555555555556,0.6604651162790698,1.0,0.48951048951048953,0.6572769953051644,1.0,0.4930555555555556,0.6604651162790698,1.21983003616333
o5zv6,1.0,0.3036053130929791,0.46579330422125176,0.9717868338557993,0.2943969610636277,0.45189504373177847,1.0,0.3036053130929791,0.46579330422125176,3.6002414226531982
o5zw6,1.0,0.4222689075630252,0.5937961595273265,1.0,0.42105263157894735,0.5925925925925926,1.0,0.4222689075630252,0.5937961595273265,2.119694232940674
o5zzt,1.0,0.44609665427509293,0.6169665809768637,0.9831932773109243,0.43656716417910446,0.6046511627906977,1.0,0.44609665427509293,0.6169665809768637,1.4584434032440186
o608e,1.0,0.36419753086419754,0.5339366515837104,0.9827586206896551,0.35403726708074534,0.5205479452054794,1.0,0.36419753086419754,0.5339366515837104,1.5267927646636963
o608q,1.0,0.4857142857142857,0.6538461538461539,0.984251968503937,0.4770992366412214,0.6426735218508998,1.0,0.4857142857142857,0.6538461538461539,2.3394107818603516
o60br,1.0,0.5379746835443038,0.6995884773662552,0.9880952380952381,0.5286624203821656,0.6887966804979253,1.0,0.5379746835443038,0.6995884773662552,0.9063427448272705
o60hz,1.0,0.5690376569037657,0.7253333333333333,0.9851851851851852,0.5588235294117647,0.71313672922252,1.0,0.5690376569037657,0.7253333333333333,1.49951171875
o60j5,1.0,0.5703125,0.7263681592039801,0.9722222222222222,0.5511811023622047,0.7035175879396985,1.0,0.5703125,0.7263681592039801,1.1262760162353516
o6107,1.0,0.4349315068493151,0.6062052505966588,0.9881422924901185,0.4288164665523156,0.5980861244019138,1.0,0.4349315068493151,0.6062052505966588,2.41208553314209
o614s,1.0,0.6178861788617886,0.7638190954773869,1.0,0.6147540983606558,0.7614213197969544,1.0,0.6178861788617886,0.7638190954773869,1.2271311283111572
o61p9,1.0,0.207501217730151,0.34368697055264225,0.9858823529411764,0.20419103313840156,0.33831247476786436,1.0,0.207501217730151,0.34368697055264225,14.09951138496399
o622k,1.0,0.6304347826086957,0.7733333333333333,1.0,0.6277372262773723,0.7713004484304933,1.0,0.6304347826086957,0.7733333333333333,0.9587411880493164
o629f,1.0,0.3308270676691729,0.4971751412429378,1.0,0.32575757575757575,0.49142857142857144,1.0,0.3308270676691729,0.4971751412429378,0.7273783683776855
o62hb,1.0,0.2200836820083682,0.3607681755829904,0.9770992366412213,0.21440536013400335,0.3516483516483516,1.0,0.2200836820083682,0.3607681755829904,2.404078722000122
o62x7,1.0,0.3320754716981132,0.4985835694050991,0.9714285714285714,0.32136105860113423,0.48295454545454547,1.0,0.3320754716981132,0.4985835694050991,2.4077112674713135
o63gq,1.0,0.33492252681764006,0.5017857142857143,0.975,0.32577565632458233,0.4883720930232558,1.0,0.33492252681764006,0.5017857142857143,4.367180824279785
o63iz,1.0,0.39372325249643364,0.5649948822927329,0.9818181818181818,0.38571428571428573,0.5538461538461539,1.0,0.39372325249643364,0.5649948822927329,4.123528957366943
