conversation_id,rouge1_precision,rouge1_recall,rouge1_f1,rouge2_precision,rouge2_recall,rouge2_f1,rougeL_precision,rougeL_recall,rougeL_f1,summary_time_seconds
ckrjw,1.0,0.06791171477079797,0.12718600953895073,0.9230769230769231,0.061224489795918366,0.11483253588516747,1.0,0.06791171477079797,0.12718600953895073,0.602506160736084
cksef,1.0,0.21067415730337077,0.34802784222737815,0.9910714285714286,0.20805998125585753,0.3439194422927963,1.0,0.21067415730337077,0.34802784222737815,1.7371041774749756
ckz62,1.0,1.0,1.0,1.0,1.0,1.0,1.0,1.0,1.0,3.0624208450317383
cl2ea,1.0,0.06835443037974684,0.1279620853080569,0.9622641509433962,0.06463878326996197,0.12114014251781473,1.0,0.06835443037974684,0.1279620853080569,0.7527005672454834
cl8at,1.0,0.09205776173285199,0.16859504132231407,0.9504950495049505,0.08672086720867209,0.15894039735099336,1.0,0.09205776173285199,0.16859504132231407,0.9142029285430908
clcgf,1.0,0.40935064935064935,0.5809067453004054,0.98856416772554,0.40436590436590436,0.5739579490962745,1.0,0.40935064935064935,0.5809067453004054,4.317342042922974
clhma,1.0,0.5627737226277372,0.7202241943017281,0.9935064935064936,0.5588020452885317,0.7152875175315567,1.0,0.5627737226277372,0.7202241943017281,4.465394973754883
clicr,1.0,0.21676300578034682,0.3562945368171021,1.0,0.2144927536231884,0.3532219570405728,1.0,0.21676300578034682,0.3562945368171021,0.6715116500854492
clm0x,1.0,0.16080402010050251,0.27705627705627706,0.9748427672955975,0.15593561368209255,0.26886383347788373,1.0,0.16080402010050251,0.27705627705627706,1.2577564716339111
clm8e,1.0,0.062360801781737196,0.11740041928721175,1.0,0.060267857142857144,0.11368421052631579,1.0,0.062360801781737196,0.11740041928721175,0.4137852191925049
clmej,1.0,0.09305210918114144,0.17026106696935303,0.96875,0.08978071990070335,0.16433169254070432,1.0,0.09305210918114144,0.17026106696935303,1.5225071907043457
clms8,1.0,0.21052631578947367,0.34782608695652173,1.0,0.20821114369501467,0.3446601941747573,1.0,0.21052631578947367,0.34782608695652173,1.3307433128356934
cltp4,1.0,0.16188524590163936,0.27865961199294537,0.9871794871794872,0.15811088295687886,0.2725663716814159,1.0,0.16188524590163936,0.27865961199294537,0.8250362873077393
clxn3,1.0,0.09289617486338798,0.16999999999999998,0.98,0.08941605839416059,0.16387959866220736,1.0,0.09289617486338798,0.16999999999999998,0.7687020301818848
cly7c,1.0,0.0556792873051225,0.10548523206751056,0.9795918367346939,0.05351170568561873,0.10147991543340382,1.0,0.0556792873051225,0.10548523206751056,0.6302497386932373
clzhs,1.0,0.07177033492822966,0.13392857142857142,0.9655172413793104,0.0671462829736211,0.12556053811659193,1.0,0.07177033492822966,0.13392857142857142,0.6381356716156006
cm2w3,1.0,0.053475935828877004,0.10152284263959391,1.0,0.04838709677419355,0.09230769230769231,1.0,0.053475935828877004,0.10152284263959391,0.4549267292022705
cm7dp,1.0,0.14987714987714987,0.2606837606837607,0.9833333333333333,0.14532019704433496,0.25321888412017163,1.0,0.14987714987714987,0.2606837606837607,0.6888463497161865
cmat3,1.0,0.6376109765940274,0.7787087235091178,1.0,0.6373182552504039,0.7784903798717315,1.0,0.6376109765940274,0.7787087235091178,4.263422012329102
cmb29,1.0,0.21248986212489862,0.35050167224080264,0.9885057471264368,0.20941558441558442,0.34561286001339586,1.0,0.21248986212489862,0.35050167224080264,1.838655948638916
cmbkj,1.0,0.11568123393316196,0.20737327188940094,0.9772727272727273,0.11082474226804123,0.19907407407407404,1.0,0.11568123393316196,0.20737327188940094,0.708113431930542
cmgap,1.0,0.674175382139984,0.8053820278712157,0.995221027479092,0.6706924315619968,0.8013468013468013,1.0,0.674175382139984,0.8053820278712157,4.352684020996094
cml25,1.0,0.23118279569892472,0.37554585152838427,0.9761904761904762,0.22162162162162163,0.36123348017621143,1.0,0.23118279569892472,0.37554585152838427,0.6606650352478027
cmmqc,1.0,0.08103727714748785,0.14992503748125938,0.98989898989899,0.07948094079480941,0.14714714714714713,1.0,0.08103727714748785,0.14992503748125938,0.7817680835723877
cmr65,1.0,0.27102803738317754,0.4264705882352941,1.0,0.2641509433962264,0.41791044776119407,1.0,0.27102803738317754,0.4264705882352941,0.6852455139160156
cmu5s,1.0,0.10802700675168792,0.19498984427894378,0.972027972027972,0.10435435435435435,0.18847457627118647,1.0,0.10802700675168792,0.19498984427894378,1.4221477508544922
cmur1,1.0,0.02097902097902098,0.0410958904109589,0.8,0.014035087719298246,0.027586206896551724,1.0,0.02097902097902098,0.0410958904109589,0.4647185802459717
cn0io,1.0,0.36645962732919257,0.5363636363636365,1.0,0.3625,0.5321100917431192,1.0,0.36645962732919257,0.5363636363636365,1.1105313301086426
cn36l,1.0,0.13793103448275862,0.2424242424242424,0.9473684210526315,0.125,0.2208588957055215,1.0,0.13793103448275862,0.2424242424242424,0.533764123916626
cn4vs,1.0,0.1111111111111111,0.19999999999999998,0.9876543209876543,0.10854816824966079,0.19559902200489,1.0,0.1111111111111111,0.19999999999999998,0.8584408760070801
cn5om,1.0,0.5576923076923077,0.7160493827160493,1.0,0.5548387096774193,0.7136929460580913,1.0,0.5576923076923077,0.7160493827160493,0.8660261631011963
cnakl,1.0,0.18351477449455678,0.3101182654402103,0.9829059829059829,0.1791277258566978,0.303030303030303,1.0,0.18351477449455678,0.3101182654402103,0.8542211055755615
cnbyl,1.0,0.24726775956284153,0.3964950711938664,0.9611111111111111,0.23666210670314639,0.37980241492864986,1.0,0.24726775956284153,0.3964950711938664,1.3717663288116455
cnd1y,1.0,0.638755980861244,0.7795620437956204,0.98875,0.6312849162011173,0.7705796395518754,1.0,0.638755980861244,0.7795620437956204,4.2414445877075195
cnd3k,1.0,0.38488843813387424,0.5558403515195899,0.9934036939313984,0.3820395738203957,0.5518504946866984,1.0,0.38488843813387424,0.5558403515195899,4.330497980117798
cngmr,1.0,0.1795774647887324,0.3044776119402985,0.98,0.17314487632508835,0.2942942942942943,1.0,0.1795774647887324,0.3044776119402985,0.6103541851043701
cni11,1.0,0.2127659574468085,0.3508771929824561,0.9530201342281879,0.20170454545454544,0.33294255568581477,1.0,0.2127659574468085,0.3508771929824561,1.065481424331665
cnixv,1.0,0.27692307692307694,0.4337349397590362,0.9714285714285714,0.26356589147286824,0.4146341463414634,1.0,0.27692307692307694,0.4337349397590362,0.43260979652404785
cnji3,1.0,0.16417910447761194,0.28205128205128205,1.0,0.16,0.2758620689655173,1.0,0.16417910447761194,0.28205128205128205,0.6483426094055176
cnm0a,1.0,0.07425742574257425,0.13824884792626727,0.9642857142857143,0.0713106635853417,0.13280049185367354,1.0,0.07425742574257425,0.13824884792626727,1.5820128917694092
cnme0,1.0,0.4895697522816167,0.6573304157549235,0.9986666666666667,0.4885844748858447,0.6561541830924222,1.0,0.4895697522816167,0.6573304157549235,4.434355974197388
cnp2m,1.0,0.8234567901234567,0.9031821259309412,0.9954954954954955,0.8195302843016069,0.8989830508474577,1.0,0.8234567901234567,0.9031821259309412,3.7086281776428223
cnvn5,1.0,0.256,0.40764331210191085,0.9682539682539683,0.24497991967871485,0.391025641025641,1.0,0.256,0.40764331210191085,0.69370436668396
cnzj1,1.0,0.14109673444239063,0.2473002159827214,0.9692982456140351,0.13625154130702835,0.2389189189189189,1.0,0.14109673444239063,0.2473002159827214,1.6005470752716064
co5nb,1.0,0.04582210242587601,0.08762886597938144,1.0,0.043243243243243246,0.08290155440414508,1.0,0.04582210242587601,0.08762886597938144,0.6244568824768066
co6ou,1.0,0.3248979591836735,0.4904497843499692,0.9748427672955975,0.31645569620253167,0.4778051787916154,1.0,0.3248979591836735,0.4904497843499692,4.773715257644653
cod6c,1.0,0.08571428571428572,0.15789473684210528,1.0,0.07913669064748201,0.14666666666666667,1.0,0.08571428571428572,0.15789473684210528,0.6365671157836914
cojcu,1.0,0.1260647359454855,0.22390317700453857,0.9452054794520548,0.11774744027303755,0.2094081942336874,1.0,0.1260647359454855,0.22390317700453857,0.8947193622589111
coot0,1.0,0.06060606060606061,0.1142857142857143,0.8979591836734694,0.05339805825242718,0.10080183276059565,1.0,0.06060606060606061,0.1142857142857143,0.6948869228363037
coud9,1.0,0.15348837209302327,0.2661290322580645,0.9847328244274809,0.15017462165308498,0.26060606060606056,1.0,0.15348837209302327,0.2661290322580645,0.9639699459075928
cox98,1.0,0.26305220883534136,0.4165341812400636,0.9461538461538461,0.24748490945674045,0.3923444976076555,1.0,0.26305220883534136,0.4165341812400636,1.082409143447876
coy1c,1.0,0.22767857142857142,0.3709090909090909,0.96,0.21524663677130046,0.3516483516483517,1.0,0.22767857142857142,0.3709090909090909,0.5542147159576416
cp48p,1.0,0.35964912280701755,0.5290322580645161,0.975,0.34513274336283184,0.5098039215686274,1.0,0.35964912280701755,0.5290322580645161,0.5626156330108643
cp77e,1.0,0.16611842105263158,0.2849083215796897,0.97,0.15980230642504117,0.2743988684582744,1.0,0.16611842105263158,0.2849083215796897,0.7845215797424316
cp7bz,1.0,0.1596806387225549,0.27538726333907054,0.9685534591194969,0.15384615384615385,0.2655172413793103,1.0,0.1596806387225549,0.27538726333907054,1.3578917980194092
cp8og,1.0,0.03333333333333333,0.06451612903225806,0.9615384615384616,0.030902348578491966,0.059880239520958084,1.0,0.03333333333333333,0.06451612903225806,0.46547961235046387
cpbj4,1.0,0.2628120893561104,0.41623309053069724,0.9899497487437185,0.25921052631578945,0.41084462982273207,1.0,0.2628120893561104,0.41623309053069724,1.293090581893921
cpdv3,1.0,0.10576923076923077,0.19130434782608693,0.9846153846153847,0.10272873194221509,0.186046511627907,1.0,0.10576923076923077,0.19130434782608693,0.7614190578460693
cpn3r,1.0,0.1646090534979424,0.2826855123674912,0.9743589743589743,0.15702479338842976,0.27046263345195726,1.0,0.1646090534979424,0.2826855123674912,0.5286755561828613
cpqyt,1.0,0.20151133501259447,0.3354297693920335,0.9620253164556962,0.1919191919191919,0.32,1.0,0.20151133501259447,0.3354297693920335,0.8182504177093506
cq2a6,1.0,0.10505050505050505,0.19012797074954296,0.9607843137254902,0.09919028340080972,0.1798165137614679,1.0,0.10505050505050505,0.19012797074954296,0.8903484344482422
cq81a,1.0,0.2698744769874477,0.42504118616144976,0.9921875,0.2662473794549266,0.4198347107438017,1.0,0.2698744769874477,0.42504118616144976,1.3551182746887207
cqasg,1.0,0.2857142857142857,0.4444444444444445,0.9767441860465116,0.27450980392156865,0.4285714285714286,1.0,0.2857142857142857,0.4444444444444445,0.5671579837799072
cqbbo,1.0,0.35911602209944754,0.5284552845528455,1.0,0.35555555555555557,0.5245901639344263,1.0,0.35911602209944754,0.5284552845528455,0.6449103355407715
cqbml,1.0,0.5120659211300765,0.6773063448812768,0.9896432681242808,0.5064782096584217,0.6700428515777173,1.0,0.5120659211300765,0.6773063448812768,4.441983461380005
cqe7y,1.0,0.8748403575989783,0.9332425068119891,0.9985380116959064,0.8734015345268542,0.9317871759890859,1.0,0.8748403575989783,0.9332425068119891,4.115709543228149
cqefn,1.0,0.18766666666666668,0.3160258209374123,0.9911032028469751,0.185728576192064,0.31283347374333054,1.0,0.18766666666666668,0.3160258209374123,3.7690956592559814
cqfqi,1.0,0.21212121212121213,0.35,0.9629629629629629,0.1984732824427481,0.3291139240506329,1.0,0.21212121212121213,0.35,0.5587279796600342
cqily,1.0,0.04945553539019964,0.09424989191526158,0.9351851851851852,0.04584657285519746,0.08740804846386846,1.0,0.04945553539019964,0.09424989191526158,1.0437235832214355
cqjd9,1.0,0.2731707317073171,0.42911877394636017,0.9818181818181818,0.2647058823529412,0.416988416988417,1.0,0.2731707317073171,0.42911877394636017,0.7328929901123047
cql7g,1.0,0.02857142857142857,0.05555555555555556,1.0,0.026041666666666668,0.050761421319796954,1.0,0.02857142857142857,0.05555555555555556,0.4754750728607178
cqnd3,1.0,0.0106951871657754,0.021164021164021163,1.0,0.008928571428571428,0.017699115044247787,1.0,0.0106951871657754,0.021164021164021163,0.30564260482788086
cqo13,1.0,0.1640625,0.28187919463087246,0.9516129032258065,0.15404699738903394,0.2651685393258427,1.0,0.1640625,0.28187919463087246,0.6711339950561523
cqovk,1.0,0.2074468085106383,0.3436123348017621,0.9210526315789473,0.18716577540106952,0.31111111111111106,1.0,0.2074468085106383,0.3436123348017621,0.5107083320617676
cqrdq,1.0,0.41824357108199905,0.5898049948682861,1.0,0.4179611650485437,0.5895241355700103,1.0,0.41824357108199905,0.5898049948682861,4.638429641723633
cqu31,1.0,0.04979253112033195,0.09486166007905138,1.0,0.04583333333333333,0.08764940239043824,1.0,0.04979253112033195,0.09486166007905138,0.35604047775268555
cqu8z,1.0,0.32,0.48484848484848486,0.9787234042553191,0.3087248322147651,0.4693877551020408,1.0,0.32,0.48484848484848486,0.6745257377624512
cqv2n,1.0,0.19136960600375236,0.32125984251968503,0.9900990099009901,0.18796992481203006,0.31595576619273297,1.0,0.19136960600375236,0.32125984251968503,0.781693696975708
cqwo8,1.0,0.3875338753387534,0.55859375,0.9859154929577465,0.3804347826086957,0.5490196078431373,1.0,0.3875338753387534,0.55859375,1.0022001266479492
cqwxa,1.0,0.09423076923076923,0.17223198594024602,0.9791666666666666,0.0905587668593449,0.16578483245149914,1.0,0.09423076923076923,0.17223198594024602,0.8982334136962891
cqyw6,1.0,0.2971014492753623,0.45810055865921784,1.0,0.291970802919708,0.45197740112994345,1.0,0.2971014492753623,0.45810055865921784,0.5680141448974609
cqzx5,1.0,0.0672782874617737,0.12607449856733524,0.9655172413793104,0.06426931905126243,0.1205164992826399,1.0,0.0672782874617737,0.12607449856733524,0.7796461582183838
cr06h,1.0,0.10849056603773585,0.19574468085106386,1.0,0.10638297872340426,0.1923076923076923,1.0,0.10849056603773585,0.19574468085106386,0.4712388515472412
cr1hg,1.0,0.09636363636363636,0.17578772802653397,0.9423076923076923,0.08925318761384335,0.16306156405990016,1.0,0.09636363636363636,0.17578772802653397,0.7790238857269287
cr1il,1.0,0.06764705882352941,0.12672176308539945,0.9333333333333333,0.061855670103092786,0.11602209944751382,1.0,0.06764705882352941,0.12672176308539945,0.6831846237182617
cr2k8,1.0,0.11384615384615385,0.2044198895027624,1.0,0.1111111111111111,0.19999999999999998,1.0,0.11384615384615385,0.2044198895027624,0.4682474136352539
cr7xc,1.0,0.21548821548821548,0.3545706371191136,0.9365079365079365,0.19932432432432431,0.3286908077994429,1.0,0.21548821548821548,0.3545706371191136,0.6359944343566895
cr9vy,1.0,0.1827814569536424,0.3090705487122061,0.9416058394160584,0.17108753315649866,0.2895622895622896,1.0,0.1827814569536424,0.3090705487122061,1.210279941558838
cra8o,1.0,0.32014388489208634,0.48501362397820164,1.0,0.3176895306859206,0.4821917808219178,1.0,0.32014388489208634,0.48501362397820164,0.9967966079711914
crelk,1.0,0.08310249307479224,0.15345268542199486,0.9310344827586207,0.075,0.13881748071979433,1.0,0.08310249307479224,0.15345268542199486,0.5989420413970947
crfxu,1.0,0.1838074398249453,0.3105360443622921,0.963855421686747,0.17543859649122806,0.2968460111317254,1.0,0.1838074398249453,0.3105360443622921,0.8433599472045898
crgq1,1.0,0.13004484304932734,0.23015873015873015,0.9642857142857143,0.12162162162162163,0.216,1.0,0.13004484304932734,0.23015873015873015,0.7103891372680664
crln4,1.0,1.0,1.0,1.0,1.0,1.0,1.0,1.0,1.0,2.882150173187256
crmxn,1.0,0.00392156862745098,0.0078125,1.0,0.002617801047120419,0.005221932114882507,1.0,0.00392156862745098,0.0078125,0.3037114143371582
crpjl,1.0,0.16475095785440613,0.28289473684210525,0.9523809523809523,0.15384615384615385,0.26490066225165565,1.0,0.16475095785440613,0.28289473684210525,0.5087282657623291
crtrv,1.0,0.050666666666666665,0.09644670050761421,0.9444444444444444,0.045454545454545456,0.08673469387755102,1.0,0.050666666666666665,0.09644670050761421,0.5707886219024658
cs04n,1.0,0.026262626262626262,0.051181102362204724,0.9166666666666666,0.022267206477732792,0.043478260869565216,1.0,0.026262626262626262,0.051181102362204724,0.46041083335876465
cs33k,1.0,0.10824313072439634,0.19534184823441023,0.9922480620155039,0.10666666666666667,0.19262603461249062,1.0,0.10824313072439634,0.19534184823441023,1.0608725547790527
csa4d,1.0,0.21206225680933852,0.34991974317817015,0.9907407407407407,0.20857699805068225,0.3446054750402576,1.0,0.21206225680933852,0.34991974317817015,0.8188803195953369
cseoq,1.0,0.04295942720763723,0.08237986270022883,0.9411764705882353,0.03827751196172249,0.0735632183908046,1.0,0.04295942720763723,0.08237986270022883,0.45848846435546875
csg5y,1.0,0.35160532498042285,0.5202780996523755,0.9866071428571429,0.3463949843260188,0.5127610208816705,1.0,0.35160532498042285,0.5202780996523755,2.778555154800415
csgcz,1.0,0.22727272727272727,0.37037037037037035,1.0,0.22406639004149378,0.36610169491525424,1.0,0.22727272727272727,0.37037037037037035,0.6715602874755859
csolf,1.0,0.054285714285714284,0.10298102981029811,0.972972972972973,0.05150214592274678,0.09782608695652174,1.0,0.054285714285714284,0.10298102981029811,0.5163829326629639
cspo3,1.0,0.7935299714557564,0.8848806366047746,1.0,0.7933333333333333,0.8847583643122676,1.0,0.7935299714557564,0.8848806366047746,4.690500259399414
cspp5,1.0,0.1423841059602649,0.2492753623188406,1.0,0.13953488372093023,0.24489795918367346,1.0,0.1423841059602649,0.2492753623188406,0.5295066833496094
css88,1.0,0.13853317811408614,0.2433537832310838,1.0,0.13752913752913754,0.24180327868852458,1.0,0.13853317811408614,0.2433537832310838,1.0859155654907227
csvlp,1.0,0.2197986577181208,0.3603851444291609,0.9846153846153847,0.21512605042016808,0.3531034482758621,1.0,0.2197986577181208,0.3603851444291609,1.0648372173309326
ct0bk,1.0,0.14246575342465753,0.24940047961630693,0.9607843137254902,0.1346153846153846,0.23614457831325297,1.0,0.14246575342465753,0.24940047961630693,0.6037242412567139
ct16o,1.0,0.21103117505995203,0.3485148514851485,0.9770114942528736,0.20432692307692307,0.3379721669980119,1.0,0.21103117505995203,0.3485148514851485,1.0382742881774902
ct5qb,1.0,0.21739130434782608,0.3571428571428571,0.984375,0.21140939597315436,0.34806629834254144,1.0,0.21739130434782608,0.3571428571428571,0.8704342842102051
ct9f6,1.0,0.09195402298850575,0.16842105263157897,1.0,0.09021113243761997,0.16549295774647887,1.0,0.09195402298850575,0.16842105263157897,0.6119863986968994
ctb7b,1.0,0.10779220779220779,0.19460726846424384,0.9390243902439024,0.10013003901170352,0.1809635722679201,1.0,0.10779220779220779,0.19460726846424384,0.9608862400054932
cteoi,1.0,0.260707635009311,0.413589364844904,0.982078853046595,0.255358807082945,0.40532544378698226,1.0,0.260707635009311,0.413589364844904,1.673100233078003
ctf62,1.0,0.07862903225806452,0.14579439252336449,0.9736842105263158,0.07474747474747474,0.13883677298311445,1.0,0.07862903225806452,0.14579439252336449,0.602663516998291
ctffc,1.0,0.09349593495934959,0.17100371747211895,0.9777777777777777,0.08961303462321792,0.16417910447761191,1.0,0.09349593495934959,0.17100371747211895,0.6790220737457275
ctfyd,1.0,0.10547320410490307,0.19082001031459514,0.9945652173913043,0.10439247005134056,0.1889519876097057,1.0,0.10547320410490307,0.19082001031459514,1.455573320388794
cth6g,1.0,0.26765799256505574,0.42228739002932547,1.0,0.26492537313432835,0.4188790560471976,1.0,0.26765799256505574,0.42228739002932547,0.6419730186462402
cti7d,1.0,0.23954116059379219,0.3864997278170931,0.9858757062146892,0.23565158676569886,0.3803814713896458,1.0,0.23954116059379219,0.3864997278170931,2.011512279510498
ctk6u,1.0,0.1211519364448858,0.21612046058458811,0.9421487603305785,0.11332007952286283,0.2023070097604259,1.0,0.1211519364448858,0.21612046058458811,0.9062609672546387
ctkqk,1.0,0.5244299674267101,0.688034188034188,0.996268656716418,0.5221642764015645,0.6852010265183917,1.0,0.5244299674267101,0.688034188034188,4.607499122619629
ctnxq,1.0,0.07350901525658807,0.13695090439276486,0.9615384615384616,0.06944444444444445,0.12953367875647667,1.0,0.07350901525658807,0.13695090439276486,0.6698200702667236
ctpsd,1.0,0.33793103448275863,0.5051546391752577,0.9794520547945206,0.3294930875576037,0.4931034482758621,1.0,0.33793103448275863,0.5051546391752577,1.1119968891143799
cttti,1.0,0.11900191938579655,0.21269296740994856,0.983739837398374,0.11623439000960614,0.2079037800687285,1.0,0.11900191938579655,0.21269296740994856,1.1359012126922607
ctw1r,1.0,0.11258278145695365,0.2023809523809524,1.0,0.10666666666666667,0.1927710843373494,1.0,0.11258278145695365,0.2023809523809524,0.4046666622161865
ctz97,1.0,0.2346368715083799,0.38009049773755654,1.0,0.2303370786516854,0.37442922374429227,1.0,0.2346368715083799,0.38009049773755654,0.4786362648010254
cu0ic,1.0,0.071334214002642,0.13316892725030824,0.9811320754716981,0.06878306878306878,0.12855377008652655,1.0,0.071334214002642,0.13316892725030824,0.7825262546539307
cu41u,1.0,0.20508274231678486,0.3403629230014713,0.9826589595375722,0.20106445890005914,0.3338242513500246,1.0,0.20508274231678486,0.3403629230014713,2.2581236362457275
cu5ye,1.0,0.1800356506238859,0.30513595166163143,0.9801324503311258,0.1759809750297265,0.29838709677419356,1.0,0.1800356506238859,0.30513595166163143,1.9602680206298828
cu7fb,1.0,0.41470888661899896,0.5862815884476534,0.9963008631319359,0.4128768523249872,0.5838150289017341,1.0,0.41470888661899896,0.5862815884476534,4.539175271987915
cu82c,1.0,0.25814911952041963,0.41036331149493743,0.9549418604651163,0.24625187406296853,0.3915375446960668,1.0,0.25814911952041963,0.41036331149493743,4.45984959602356
cu9c1,1.0,0.24886363636363637,0.3985441310282075,0.9862385321100917,0.2445961319681456,0.3919781221513218,1.0,0.24886363636363637,0.3985441310282075,1.5666453838348389
cubvt,1.0,0.4133266533066132,0.5848989719957461,0.9927184466019418,0.4100250626566416,0.5803476410074495,1.0,0.4133266533066132,0.5848989719957461,4.395453453063965
cud3o,1.0,0.02111324376199616,0.04135338345864662,1.0,0.019230769230769232,0.03773584905660378,1.0,0.02111324376199616,0.04135338345864662,0.3266487121582031
cudcl,1.0,0.05234159779614325,0.09947643979057592,0.9444444444444444,0.04696132596685083,0.0894736842105263,1.0,0.05234159779614325,0.09947643979057592,0.4126126766204834
cuehj,1.0,0.08575653031049778,0.15796640944167045,0.9710982658959537,0.08284023668639054,0.15265788278055428,1.0,0.08575653031049778,0.15796640944167045,1.4541330337524414
cughd,1.0,0.03519061583577713,0.0679886685552408,0.9090909090909091,0.029411764705882353,0.05698005698005698,1.0,0.03519061583577713,0.0679886685552408,0.563119649887085
cugmv,1.0,0.24885844748858446,0.3985374771480804,0.9965556831228473,0.24778761061946902,0.3968907178783722,1.0,0.24885844748858446,0.3985374771480804,4.563682317733765
cuinz,1.0,0.17959949937421776,0.3045092838196286,0.9825174825174825,0.1759549154664997,0.2984599044078598,1.0,0.17959949937421776,0.3045092838196286,1.8819894790649414
cumue,1.0,0.1429864253393665,0.2501979414093428,0.9745222929936306,0.13858695652173914,0.24266455194290243,1.0,0.1429864253393665,0.2501979414093428,1.3230690956115723
cuns0,1.0,0.03033980582524272,0.05889281507656066,0.9797979797979798,0.029438543247344462,0.057159693576900414,1.0,0.03033980582524272,0.05889281507656066,1.0141727924346924
cusyc,1.0,0.181360201511335,0.3070362473347548,0.958041958041958,0.17276166456494324,0.2927350427350427,1.0,0.181360201511335,0.3070362473347548,1.3543212413787842
cuufz,1.0,0.06109324758842444,0.11515151515151514,0.8888888888888888,0.05161290322580645,0.0975609756097561,1.0,0.06109324758842444,0.11515151515151514,0.5823028087615967
cuvs1,1.0,0.3302752293577982,0.496551724137931,0.9790209790209791,0.3218390804597701,0.4844290657439446,1.0,0.3302752293577982,0.496551724137931,1.085937261581421
cv8z2,1.0,0.0771055753262159,0.14317180616740088,0.96875,0.07363420427553444,0.13686534216335539,1.0,0.0771055753262159,0.14317180616740088,0.7198703289031982
cv95x,1.0,0.32460732984293195,0.4901185770750988,0.991869918699187,0.32020997375328086,0.48412698412698424,1.0,0.32460732984293195,0.4901185770750988,1.1346259117126465
cvi0h,1.0,0.2421875,0.389937106918239,0.9333333333333333,0.2204724409448819,0.35668789808917195,1.0,0.2421875,0.389937106918239,0.612074613571167
cvngw,1.0,0.08994708994708994,0.16504854368932037,0.94,0.08303886925795052,0.1525974025974026,1.0,0.08994708994708994,0.16504854368932037,0.7480864524841309
cvpra,1.0,0.4421768707482993,0.6132075471698113,0.984375,0.4315068493150685,0.6000000000000001,1.0,0.4421768707482993,0.6132075471698113,0.6806395053863525
cvvkm,1.0,0.670935960591133,0.8030660377358492,1.0,0.6706114398422091,0.8028335301062575,1.0,0.670935960591133,0.8030660377358492,4.654036045074463
cvvmw,1.0,0.16296296296296298,0.2802547770700637,0.9767441860465116,0.15613382899628253,0.2692307692307692,1.0,0.16296296296296298,0.2802547770700637,0.6462938785552979
ny2o2,1.0,0.15546218487394958,0.2690909090909091,0.9722222222222222,0.14767932489451477,0.2564102564102564,1.0,0.15546218487394958,0.2690909090909091,0.46056413650512695
ny2xk,1.0,0.4715447154471545,0.6408839779005524,0.9824561403508771,0.45901639344262296,0.6256983240223464,1.0,0.4715447154471545,0.6408839779005524,1.3265204429626465
ny3if,1.0,0.29491525423728815,0.4554973821989529,0.9767441860465116,0.2857142857142857,0.4421052631578948,1.0,0.29491525423728815,0.4554973821989529,0.7401590347290039
ny53b,1.0,0.08979591836734693,0.1647940074906367,1.0,0.0860655737704918,0.15849056603773584,1.0,0.08979591836734693,0.1647940074906367,0.5448236465454102
ny5bd,1.0,0.31496062992125984,0.4790419161676647,0.9743589743589743,0.30158730158730157,0.46060606060606063,1.0,0.31496062992125984,0.4790419161676647,0.6288967132568359
ny5fz,1.0,0.03550295857988166,0.06857142857142857,0.9090909090909091,0.02967359050445104,0.0574712643678161,1.0,0.03550295857988166,0.06857142857142857,0.4548189640045166
ny60y,1.0,0.2505938242280285,0.4007597340930674,0.9904761904761905,0.2473246135552913,0.39581351094196,1.0,0.2505938242280285,0.4007597340930674,1.4994885921478271
ny6fz,1.0,0.08442503639010189,0.15570469798657718,0.9824561403508771,0.08163265306122448,0.1507402422611036,1.0,0.08442503639010189,0.15570469798657718,0.6007459163665771
ny7ew,1.0,0.09072270630445925,0.16635338345864661,0.9715909090909091,0.0876923076923077,0.16086547507055504,1.0,0.09072270630445925,0.16635338345864661,1.3587689399719238
ny8vd,1.0,0.350210970464135,0.51875,0.9878048780487805,0.3432203389830508,0.5094339622641509,1.0,0.350210970464135,0.51875,0.6862876415252686
nya3t,1.0,0.064,0.12030075187969924,1.0,0.06212424849699399,0.1169811320754717,1.0,0.064,0.12030075187969924,0.48776745796203613
nya4b,1.0,0.5186721991701245,0.6830601092896176,0.9838709677419355,0.5083333333333333,0.6703296703296703,1.0,0.5186721991701245,0.6830601092896176,1.0772638320922852
nybk8,1.0,0.16399082568807338,0.2817733990147783,0.9859154929577465,0.16073478760045926,0.27640671273445216,1.0,0.16399082568807338,0.2817733990147783,1.0933685302734375
nycav,1.0,0.26605504587155965,0.4202898550724638,0.9642857142857143,0.25,0.39705882352941174,1.0,0.26605504587155965,0.4202898550724638,0.48296403884887695
nycbv,1.0,0.135632183908046,0.23886639676113364,1.0,0.1336405529953917,0.23577235772357724,1.0,0.135632183908046,0.23886639676113364,0.8639845848083496
nycvv,1.0,0.5382907880133185,0.6998556998556998,0.987603305785124,0.5311111111111111,0.6907514450867053,1.0,0.5382907880133185,0.6998556998556998,2.9620306491851807
nyd1c,1.0,0.4434782608695652,0.6144578313253012,0.98,0.4298245614035088,0.5975609756097562,1.0,0.4434782608695652,0.6144578313253012,0.7516963481903076
nyd49,1.0,0.3096446700507614,0.4728682170542636,0.9833333333333333,0.3010204081632653,0.4609375,1.0,0.3096446700507614,0.4728682170542636,0.6929275989532471
nye95,1.0,0.1220472440944882,0.21754385964912282,0.9666666666666667,0.11462450592885376,0.2049469964664311,1.0,0.1220472440944882,0.21754385964912282,0.5848159790039062
nye9v,1.0,0.45225843339050886,0.6228346456692914,0.9987341772151899,0.4513729977116705,0.6217494089834515,1.0,0.45225843339050886,0.6228346456692914,4.463023900985718
nyeak,1.0,0.07894736842105263,0.14634146341463414,0.95,0.07169811320754717,0.13333333333333333,1.0,0.07894736842105263,0.14634146341463414,0.5025758743286133
nyedm,1.0,0.14536741214057508,0.25383542538354253,0.9834862385321101,0.14274300932090547,0.2493023255813954,0.978021978021978,0.14217252396166133,0.2482566248256625,3.134075880050659
nyf4x,1.0,0.12011485085340565,0.21446881230418685,0.9587765957446809,0.11502871729419273,0.20541310541310542,1.0,0.12011485085340565,0.21446881230418685,5.160573959350586
nyfbp,1.0,0.10621761658031088,0.19203747072599534,0.95,0.0987012987012987,0.1788235294117647,1.0,0.10621761658031088,0.19203747072599534,0.6585860252380371
nyfhl,1.0,0.47244094488188976,0.6417112299465241,1.0,0.46825396825396826,0.6378378378378378,1.0,0.47244094488188976,0.6417112299465241,0.6908440589904785
nyfwc,1.0,0.7727272727272727,0.8717948717948718,0.9922480620155039,0.7664670658682635,0.8648648648648649,1.0,0.7727272727272727,0.8717948717948718,3.610456705093384
nyh0c,1.0,0.13114754098360656,0.23188405797101452,0.9743589743589743,0.125,0.2215743440233236,1.0,0.13114754098360656,0.23188405797101452,0.6471092700958252
nyh6g,1.0,0.08646737383477981,0.1591715976331361,0.9552238805970149,0.08231511254019293,0.15156897572528122,1.0,0.08646737383477981,0.1591715976331361,1.659499168395996
nyhhb,1.0,0.04393939393939394,0.0841799709724238,0.9642857142857143,0.0409711684370258,0.07860262008733623,1.0,0.04393939393939394,0.0841799709724238,0.417827844619751
nyhp7,1.0,0.09651474530831099,0.17603911980440096,0.9714285714285714,0.0913978494623656,0.1670761670761671,1.0,0.09651474530831099,0.17603911980440096,0.5128359794616699
nyhpz,1.0,0.7096774193548387,0.8301886792452831,0.9944827586206897,0.7054794520547946,0.8254149971379507,1.0,0.7096774193548387,0.8301886792452831,4.575770854949951
nyi4y,1.0,0.1513157894736842,0.26285714285714284,1.0,0.1456953642384106,0.2543352601156069,1.0,0.1513157894736842,0.26285714285714284,0.5906896591186523
nyigt,1.0,0.17898832684824903,0.30363036303630364,0.9555555555555556,0.16796875,0.2857142857142857,1.0,0.17898832684824903,0.30363036303630364,0.63728928565979
nyj1o,1.0,0.09752321981424149,0.1777150916784203,0.9838709677419355,0.09457364341085271,0.17256011315417258,1.0,0.09752321981424149,0.1777150916784203,0.7479584217071533
nyj3e,1.0,0.3472222222222222,0.5154639175257731,0.9595959595959596,0.3310104529616725,0.49222797927461137,1.0,0.3472222222222222,0.5154639175257731,0.8193013668060303
nyj90,1.0,0.13901530823334712,0.24409734834725752,1.0,0.1388371611835299,0.24382267441860464,1.0,0.13901530823334712,0.24409734834725752,4.615443229675293
nyk5o,1.0,0.07472178060413355,0.13905325443786984,0.9347826086956522,0.06847133757961783,0.12759643916913946,1.0,0.07472178060413355,0.13905325443786984,0.6660394668579102
nykuk,1.0,0.6165473349244233,0.7627952755905512,0.9922480620155039,0.6114649681528662,0.7566502463054188,1.0,0.6165473349244233,0.7627952755905512,4.596766233444214
nylbo,1.0,0.3040334855403349,0.46629705281587397,0.9887218045112782,0.300342596117244,0.4607299270072993,1.0,0.3040334855403349,0.46629705281587397,4.623555421829224
nym3q,1.0,0.26940801134349524,0.42446244065903377,1.0,0.2691489361702128,0.42414082145850796,1.0,0.26940801134349524,0.42446244065903377,4.526335000991821
nymb8,1.0,0.17413143574717455,0.29661319073083775,0.9819494584837545,0.1708185053380783,0.2910128388017118,1.0,0.17413143574717455,0.29661319073083775,4.43607497215271
nymk4,1.0,0.05358062854198867,0.1017114914425428,0.9758454106280193,0.0520484411234218,0.09882583170254404,1.0,0.05358062854198867,0.1017114914425428,1.4424405097961426
nyn39,1.0,0.15223880597014924,0.26424870466321243,0.9900990099009901,0.14947683109118087,0.25974025974025977,1.0,0.15223880597014924,0.26424870466321243,0.9226021766662598
nynnf,1.0,0.11194833153928956,0.20135527589545016,0.9611650485436893,0.10668103448275862,0.1920465567410281,1.0,0.11194833153928956,0.20135527589545016,0.8932144641876221
nynsm,1.0,0.16774193548387098,0.28729281767955805,1.0,0.16233766233766234,0.27932960893854747,1.0,0.16774193548387098,0.28729281767955805,0.5308983325958252
nynsr,1.0,0.15934065934065933,0.27488151658767773,0.9642857142857143,0.14917127071823205,0.25837320574162675,1.0,0.15934065934065933,0.27488151658767773,0.44778013229370117
nynti,1.0,0.07633587786259542,0.14184397163120568,0.9743589743589743,0.07265774378585087,0.13523131672597866,1.0,0.07633587786259542,0.14184397163120568,0.6377213001251221
nyo3x,1.0,0.5448979591836735,0.7054161162483487,0.99812382739212,0.54341164453524,0.7037037037037037,1.0,0.5448979591836735,0.7054161162483487,2.9645097255706787
nyoc8,1.0,0.2222863741339492,0.3637222484648087,0.9908972691807543,0.2200404273751083,0.36011342155009457,1.0,0.2222863741339492,0.3637222484648087,4.5582520961761475
nyp3m,1.0,0.16265060240963855,0.27979274611398963,1.0,0.15757575757575756,0.27225130890052357,1.0,0.16265060240963855,0.27979274611398963,0.43361973762512207
nypcs,1.0,0.171875,0.29333333333333333,1.0,0.16753926701570682,0.2869955156950673,1.0,0.171875,0.29333333333333333,0.6905651092529297
nypvn,1.0,0.2277992277992278,0.3710691823899371,0.9655172413793104,0.21705426356589147,0.3544303797468354,1.0,0.2277992277992278,0.3710691823899371,0.7125847339630127
nyqcq,1.0,0.027960526315789474,0.054400000000000004,0.9375,0.02471169686985173,0.04815409309791332,1.0,0.027960526315789474,0.054400000000000004,0.38199639320373535
nyqrt,1.0,0.3,0.4615384615384615,0.9210526315789473,0.2713178294573643,0.41916167664670656,1.0,0.3,0.4615384615384615,0.6098270416259766
nyqxi,1.0,0.1702127659574468,0.2909090909090909,1.0,0.1676829268292683,0.28720626631853785,1.0,0.1702127659574468,0.2909090909090909,0.5988948345184326
nyr6i,1.0,0.3083969465648855,0.4714119019836639,0.9701492537313433,0.2981651376146789,0.45614035087719296,1.0,0.3083969465648855,0.4714119019836639,1.6277945041656494
nyrcv,1.0,0.08904109589041095,0.16352201257861634,1.0,0.08275862068965517,0.15286624203821655,1.0,0.08904109589041095,0.16352201257861634,0.39444684982299805
nyrgu,1.0,0.27824019024970276,0.4353488372093024,0.9828326180257511,0.2726190476190476,0.4268406337371854,1.0,0.27824019024970276,0.4353488372093024,1.5546526908874512
nyrj5,1.0,0.3826173826173826,0.5534682080924855,0.9895424836601308,0.37831084457771114,0.5473608098336948,1.0,0.3826173826173826,0.5534682080924855,4.0964624881744385
nyrjy,1.0,0.18633540372670807,0.31413612565445026,1.0,0.18125,0.3068783068783069,1.0,0.18633540372670807,0.31413612565445026,0.4167616367340088
nyrtv,1.0,0.7687385740402194,0.8692506459948321,0.9952380952380953,0.7648673376029277,0.8649767201241594,1.0,0.7687385740402194,0.8692506459948321,4.6519482135772705
nysat,1.0,0.1115702479338843,0.20074349442379183,1.0,0.1078838174273859,0.1947565543071161,1.0,0.1115702479338843,0.20074349442379183,0.6164891719818115
nysbq,1.0,0.10709117221418235,0.1934640522875817,0.9591836734693877,0.10209992758870384,0.18455497382198954,1.0,0.10709117221418235,0.1934640522875817,1.1154375076293945
nysfd,1.0,0.5061728395061729,0.6721311475409836,0.9876543209876543,0.4968944099378882,0.6611570247933883,1.0,0.5061728395061729,0.6721311475409836,0.7190718650817871
nyt2c,1.0,0.15416666666666667,0.2671480144404332,1.0,0.1506276150627615,0.26181818181818184,1.0,0.15416666666666667,0.2671480144404332,0.7084660530090332
nyt8f,1.0,0.16635859519408502,0.28526148969889065,0.9887640449438202,0.16296296296296298,0.2798092209856916,1.0,0.16635859519408502,0.28526148969889065,0.9085288047790527
nytfq,1.0,0.1254355400696864,0.22291021671826622,0.9906542056074766,0.12325581395348838,0.21923474663908996,1.0,0.1254355400696864,0.22291021671826622,0.8655645847320557
nytfy,1.0,0.10215053763440861,0.1853658536585366,1.0,0.0972972972972973,0.17733990147783255,1.0,0.10215053763440861,0.1853658536585366,0.38433265686035156
nytlc,1.0,0.11748633879781421,0.21026894865525672,0.9761904761904762,0.11232876712328767,0.20147420147420145,1.0,0.11748633879781421,0.21026894865525672,0.6883795261383057
nytq0,1.0,0.47305009511731133,0.6422729229444684,0.9865771812080537,0.4663705583756345,0.6333476949590693,1.0,0.47305009511731133,0.6422729229444684,4.069674730300903
nyufd,1.0,0.057285180572851806,0.1083627797408716,0.9777777777777777,0.05486284289276808,0.10389610389610389,1.0,0.057285180572851806,0.1083627797408716,0.6345727443695068
nyurj,1.0,0.8891656288916563,0.9413315754779169,0.9971949509116409,0.8865336658354115,0.9386138613861386,1.0,0.8891656288916563,0.9413315754779169,4.398986101150513
nyv76,1.0,0.802547770700637,0.8904593639575972,0.992,0.7948717948717948,0.8825622775800712,1.0,0.802547770700637,0.8904593639575972,0.9950740337371826
nyx78,1.0,0.3575418994413408,0.5267489711934157,0.9682539682539683,0.34269662921348315,0.5062240663900416,1.0,0.3575418994413408,0.5267489711934157,0.7997269630432129
nyxfp,1.0,0.2546816479400749,0.40597014925373137,0.9701492537313433,0.24436090225563908,0.39039039039039036,1.0,0.2546816479400749,0.40597014925373137,0.8057525157928467
nyxqq,1.0,0.3076923076923077,0.47058823529411764,0.9714285714285714,0.29310344827586204,0.45033112582781454,1.0,0.3076923076923077,0.47058823529411764,0.5311589241027832
nyy21,1.0,0.08624708624708624,0.15879828326180256,0.9722222222222222,0.08177570093457943,0.1508620689655172,1.0,0.08624708624708624,0.15879828326180256,0.4871242046356201
nyy3p,1.0,0.12688442211055276,0.22519509476031216,0.98,0.12327044025157233,0.21899441340782125,1.0,0.12688442211055276,0.22519509476031216,0.8057618141174316
nyyci,1.0,0.2796610169491525,0.4370860927152318,0.96875,0.26495726495726496,0.4161073825503355,1.0,0.2796610169491525,0.4370860927152318,0.7079911231994629
nyys7,1.0,0.11392405063291139,0.20454545454545456,0.9615384615384616,0.1059322033898305,0.19083969465648853,1.0,0.11392405063291139,0.20454545454545456,0.43522071838378906
nyyvz,1.0,0.03524229074889868,0.06808510638297872,0.9333333333333333,0.03090507726269316,0.05982905982905983,1.0,0.03524229074889868,0.06808510638297872,0.412212610244751
nyywo,1.0,0.1457931920359666,0.25448430493273544,0.9646017699115044,0.14010282776349614,0.244668911335578,1.0,0.1457931920359666,0.25448430493273544,1.5079331398010254
nyz05,1.0,0.10204081632653061,0.1851851851851852,0.9661016949152542,0.09710391822827939,0.17647058823529413,1.0,0.10204081632653061,0.1851851851851852,0.6798322200775146
nyzvj,1.0,0.36416184971098264,0.5338983050847458,1.0,0.3638790035587189,0.5335942596216569,1.0,0.36416184971098264,0.5338983050847458,4.528392314910889
nz05j,0.9164490861618799,0.04894032348020078,0.0929185969556585,0.5568627450980392,0.029700899393432335,0.05639396346306592,0.6044386422976501,0.03227830451756832,0.06128391793514229,5.3083860874176025
nz0fd,1.0,0.48255813953488375,0.6509803921568628,1.0,0.47953216374269003,0.6482213438735178,1.0,0.48255813953488375,0.6509803921568628,0.8664875030517578
nz0mb,1.0,0.15945945945945947,0.27505827505827507,0.9655172413793104,0.15176151761517614,0.2622950819672131,1.0,0.15945945945945947,0.27505827505827507,0.8005554676055908
nz10n,1.0,0.21739130434782608,0.3571428571428571,0.9487179487179487,0.20218579234972678,0.3333333333333333,1.0,0.21739130434782608,0.3571428571428571,0.6653993129730225
nz1e9,1.0,0.06472491909385113,0.12158054711246201,0.9473684210526315,0.05844155844155844,0.11009174311926605,1.0,0.06472491909385113,0.12158054711246201,0.5649752616882324
nz24k,1.0,0.2087912087912088,0.3454545454545455,1.0,0.20441988950276244,0.3394495412844037,1.0,0.2087912087912088,0.3454545454545455,0.5948517322540283
nz25e,1.0,0.6351351351351351,0.7768595041322314,1.0,0.6326530612244898,0.775,1.0,0.6351351351351351,0.7768595041322314,0.7795851230621338
nz2hv,1.0,0.2094017094017094,0.3462897526501767,0.9791666666666666,0.2017167381974249,0.33451957295373663,1.0,0.2094017094017094,0.3462897526501767,0.48871874809265137
nz2j8,1.0,0.11228070175438597,0.2018927444794953,0.967741935483871,0.1056338028169014,0.19047619047619047,1.0,0.11228070175438597,0.2018927444794953,0.4541783332824707
nz2mc,1.0,0.21031746031746032,0.3475409836065574,0.9809523809523809,0.2047713717693837,0.33881578947368424,1.0,0.21031746031746032,0.3475409836065574,1.3323578834533691
nz2nz,1.0,0.11638783953948552,0.20850789558491784,0.9984520123839009,0.11604893846707448,0.2079303675048356,1.0,0.11638783953948552,0.20850789558491784,4.427975654602051
nz33n,1.0,0.22413793103448276,0.36619718309859156,1.0,0.21739130434782608,0.3571428571428571,1.0,0.22413793103448276,0.36619718309859156,0.44350314140319824
nz35r,1.0,0.43927233814874267,0.6104089219330855,0.9963414634146341,0.43736616702355463,0.6078869047619048,1.0,0.43927233814874267,0.6104089219330855,4.349622488021851
nz3sk,1.0,0.20306513409961685,0.3375796178343949,0.9615384615384616,0.19230769230769232,0.32051282051282054,1.0,0.20306513409961685,0.3375796178343949,0.5019228458404541
nz47p,1.0,0.08029197080291971,0.14864864864864866,0.96875,0.07560975609756097,0.14027149321266966,1.0,0.08029197080291971,0.14864864864864866,0.5213415622711182
nz4b6,1.0,0.10160427807486631,0.18446601941747573,1.0,0.0967741935483871,0.17647058823529413,1.0,0.10160427807486631,0.18446601941747573,0.5869908332824707
nz6f7,1.0,0.5933014354066986,0.7447447447447447,0.983739837398374,0.5817307692307693,0.7311178247734139,1.0,0.5933014354066986,0.7447447447447447,1.0691406726837158
nz6fd,1.0,0.6972477064220184,0.8216216216216217,1.0,0.6944444444444444,0.819672131147541,1.0,0.6972477064220184,0.8216216216216217,0.8195023536682129
nz6n0,1.0,0.09438775510204081,0.17249417249417248,0.9722222222222222,0.08951406649616368,0.1639344262295082,1.0,0.09438775510204081,0.17249417249417248,0.6215305328369141
nz6qh,1.0,0.29850746268656714,0.45977011494252873,0.9743589743589743,0.2857142857142857,0.441860465116279,1.0,0.29850746268656714,0.45977011494252873,0.5362696647644043
nz6yv,1.0,0.3983050847457627,0.5696969696969697,0.978494623655914,0.3872340425531915,0.5548780487804879,1.0,0.3983050847457627,0.5696969696969697,0.6829192638397217
nz7e5,1.0,0.15915119363395225,0.2745995423340961,0.9411764705882353,0.14873837981407703,0.2568807339449541,1.0,0.15915119363395225,0.2745995423340961,0.9579672813415527
nz7kd,1.0,0.32044198895027626,0.48535564853556484,0.9649122807017544,0.3055555555555556,0.46413502109704635,1.0,0.32044198895027626,0.48535564853556484,0.7224330902099609
nz7n0,1.0,0.6972477064220184,0.8216216216216217,1.0,0.6944444444444444,0.819672131147541,1.0,0.6972477064220184,0.8216216216216217,0.8023576736450195
nz83a,1.0,0.18226600985221675,0.30833333333333335,0.9444444444444444,0.16831683168316833,0.28571428571428575,1.0,0.18226600985221675,0.30833333333333335,0.6524820327758789
nz84t,1.0,0.4411764705882353,0.6122448979591837,0.972972972972973,0.4260355029585799,0.5925925925925927,1.0,0.4411764705882353,0.6122448979591837,0.8164825439453125
nz8c1,1.0,0.3713355048859935,0.5415676959619953,0.9734513274336283,0.35947712418300654,0.5250596658711217,1.0,0.3713355048859935,0.5415676959619953,1.0345911979675293
nz8du,1.0,0.4304635761589404,0.6018518518518519,0.96875,0.41333333333333333,0.5794392523364486,1.0,0.4304635761589404,0.6018518518518519,0.6286892890930176
nz8tf,1.0,0.24770642201834864,0.39705882352941174,0.9811320754716981,0.23963133640552994,0.38518518518518513,1.0,0.24770642201834864,0.39705882352941174,0.718686580657959
nz927,1.0,0.2752808988764045,0.43171806167400884,0.9791666666666666,0.2655367231638418,0.41777777777777775,1.0,0.2752808988764045,0.43171806167400884,0.6686537265777588
nz936,1.0,0.04774535809018567,0.09113924050632911,1.0,0.04521276595744681,0.08651399491094149,1.0,0.04774535809018567,0.09113924050632911,0.40602803230285645
nz9bo,1.0,0.23893805309734514,0.38571428571428573,0.95,0.22485207100591717,0.3636363636363636,1.0,0.23893805309734514,0.38571428571428573,0.6677684783935547
nz9j9,1.0,0.22772277227722773,0.3709677419354839,0.9777777777777777,0.21890547263681592,0.35772357723577236,1.0,0.22772277227722773,0.3709677419354839,0.6823158264160156
nz9mf,1.0,0.5688350983358548,0.7251687560270009,0.9946666666666667,0.5651515151515152,0.7207729468599036,1.0,0.5688350983358548,0.7251687560270009,2.1333656311035156
nz9oi,1.0,0.1437125748502994,0.2513089005235602,1.0,0.13855421686746988,0.2433862433862434,1.0,0.1437125748502994,0.2513089005235602,0.48081302642822266
nzam4,1.0,0.4021164021164021,0.5735849056603773,1.0,0.39893617021276595,0.5703422053231939,1.0,0.4021164021164021,0.5735849056603773,0.7056303024291992
nzar2,1.0,0.0938337801608579,0.17156862745098037,0.9411764705882353,0.08602150537634409,0.1576354679802956,1.0,0.0938337801608579,0.17156862745098037,0.742487907409668
nzb1l,1.0,0.36774193548387096,0.5377358490566038,1.0,0.36363636363636365,0.5333333333333333,1.0,0.36774193548387096,0.5377358490566038,0.6604816913604736
nzb22,1.0,0.30833333333333335,0.4713375796178344,0.9722222222222222,0.29411764705882354,0.45161290322580644,1.0,0.30833333333333335,0.4713375796178344,0.49936914443969727
nzbjo,1.0,0.044444444444444446,0.0851063829787234,1.0,0.040892193308550186,0.07857142857142857,1.0,0.044444444444444446,0.0851063829787234,0.5329086780548096
nzbkm,1.0,0.11347517730496454,0.20382165605095542,0.967741935483871,0.10676156583629894,0.1923076923076923,1.0,0.11347517730496454,0.20382165605095542,0.5815057754516602
nzbpe,1.0,0.27631578947368424,0.4329896907216495,1.0,0.271523178807947,0.4270833333333333,1.0,0.27631578947368424,0.4329896907216495,0.7071871757507324
nzbw5,1.0,0.5398230088495575,0.7011494252873562,0.9833333333333333,0.5267857142857143,0.686046511627907,1.0,0.5398230088495575,0.7011494252873562,0.5919640064239502
nzcb6,1.0,0.12333333333333334,0.2195845697329377,1.0,0.12186978297161936,0.21726190476190477,1.0,0.12333333333333334,0.2195845697329377,0.6446418762207031
nzcec,1.0,0.15436241610738255,0.26744186046511625,1.0,0.14864864864864866,0.25882352941176473,1.0,0.15436241610738255,0.26744186046511625,0.3980143070220947
nzcg6,1.0,0.13114754098360656,0.23188405797101452,0.9565217391304348,0.12087912087912088,0.2146341463414634,1.0,0.13114754098360656,0.23188405797101452,0.4392871856689453
nzcm4,1.0,0.6373626373626373,0.7785234899328859,1.0,0.6353591160220995,0.7770270270270271,1.0,0.6373626373626373,0.7785234899328859,0.9908285140991211
nzcqq,1.0,0.2926829268292683,0.45283018867924524,1.0,0.28688524590163933,0.4458598726114649,1.0,0.2926829268292683,0.45283018867924524,0.7921497821807861
nzd75,1.0,0.343986543313709,0.5118898623279099,0.9914320685434517,0.34076567101388305,0.5072010018785222,1.0,0.343986543313709,0.5118898623279099,5.292484521865845
nzdoe,1.0,0.03643724696356275,0.0703125,1.0,0.032520325203252036,0.06299212598425198,1.0,0.03643724696356275,0.0703125,0.45201802253723145
nzdw2,1.0,0.3630952380952381,0.5327510917030567,0.9833333333333333,0.3532934131736527,0.5198237885462555,1.0,0.3630952380952381,0.5327510917030567,0.7948274612426758
nzdw9,1.0,0.11392405063291139,0.20454545454545456,1.0,0.10828025477707007,0.19540229885057472,1.0,0.11392405063291139,0.20454545454545456,0.36972475051879883
nzeam,1.0,0.18055555555555555,0.30588235294117644,0.9736842105263158,0.17209302325581396,0.29249011857707513,1.0,0.18055555555555555,0.30588235294117644,0.48300886154174805
nzecd,1.0,0.18786127167630057,0.316301703163017,0.984375,0.1826086956521739,0.3080684596577017,1.0,0.18786127167630057,0.316301703163017,0.678483247756958
nzegi,1.0,0.044967880085653104,0.08606557377049182,0.95,0.0407725321888412,0.07818930041152262,1.0,0.044967880085653104,0.08606557377049182,0.5935752391815186
nzejf,1.0,0.19524100061012814,0.3266972945380296,0.9592476489028213,0.18681318681318682,0.3127235564639755,1.0,0.19524100061012814,0.3266972945380296,1.9647667407989502
nzeup,1.0,0.053231939163498096,0.10108303249097472,1.0,0.05142857142857143,0.09782608695652174,1.0,0.053231939163498096,0.10108303249097472,0.5955228805541992
nzf74,1.0,0.16073478760045926,0.2769535113748764,0.9568345323741008,0.1528735632183908,0.26362735381565905,1.0,0.16073478760045926,0.2769535113748764,1.152332067489624
nzfli,1.0,0.3819796954314721,0.5528007346189164,0.9933333333333333,0.3786531130876747,0.548298068077277,1.0,0.3819796954314721,0.5528007346189164,1.8343002796173096
nzfrp,1.0,0.10855263157894737,0.19584569732937687,0.96875,0.10231023102310231,0.18507462686567167,1.0,0.10855263157894737,0.19584569732937687,0.6618008613586426
nzfsa,1.0,0.8741610738255033,0.9328558639212174,0.9980769230769231,0.8722689075630252,0.9309417040358744,1.0,0.8741610738255033,0.9328558639212174,3.083620309829712
nzfsl,1.0,0.1380952380952381,0.24267782426778245,1.0,0.1339712918660287,0.23628691983122363,1.0,0.1380952380952381,0.24267782426778245,1.181905746459961
nzg66,1.0,0.22202486678507993,0.3633720930232558,0.9435483870967742,0.20818505338078291,0.3411078717201166,1.0,0.22202486678507993,0.3633720930232558,1.0873620510101318
nzgzz,1.0,0.21818181818181817,0.3582089552238806,0.9428571428571428,0.20121951219512196,0.3316582914572865,1.0,0.21818181818181817,0.3582089552238806,0.5288965702056885
nzh40,1.0,0.16363636363636364,0.28125,0.8679245283018868,0.1398176291793313,0.2408376963350785,1.0,0.16363636363636364,0.28125,0.8012230396270752
nzh6y,1.0,0.23854748603351955,0.3852052322958954,0.9530516431924883,0.22694242593627725,0.36659142212189616,0.9578454332552693,0.22849162011173185,0.3689670726206586,2.68804669380188
nzhj5,1.0,0.01545253863134658,0.03043478260869565,1.0,0.01327433628318584,0.026200873362445417,1.0,0.01545253863134658,0.03043478260869565,0.32332348823547363
nzhoy,1.0,0.22988505747126436,0.37383177570093457,0.9487179487179487,0.2138728323699422,0.34905660377358494,1.0,0.22988505747126436,0.37383177570093457,0.6847319602966309
nzicc,1.0,0.21782178217821782,0.35772357723577236,0.9534883720930233,0.20398009950248755,0.3360655737704918,1.0,0.21782178217821782,0.35772357723577236,0.7328586578369141
nzihx,1.0,0.16818181818181818,0.28793774319066145,0.9444444444444444,0.1552511415525114,0.2666666666666666,1.0,0.16818181818181818,0.28793774319066145,0.6515734195709229
nzis2,1.0,0.10478359908883828,0.18969072164948453,0.9777777777777777,0.1004566210045662,0.18219461697722567,1.0,0.10478359908883828,0.18969072164948453,0.4943532943725586
nzit3,1.0,0.19553072625698323,0.32710280373831774,0.9705882352941176,0.1853932584269663,0.3113207547169812,1.0,0.19553072625698323,0.32710280373831774,0.5685174465179443
nzj1h,1.0,0.5033557046979866,0.6696428571428572,0.972972972972973,0.4864864864864865,0.6486486486486486,1.0,0.5033557046979866,0.6696428571428572,0.6660475730895996
nzji8,1.0,0.22493887530562348,0.3672654690618763,0.9617486338797814,0.21542227662178703,0.35200000000000004,1.0,0.22493887530562348,0.3672654690618763,1.5194272994995117
nzjrt,1.0,0.16379310344827586,0.2814814814814815,1.0,0.16017316017316016,0.2761194029850746,1.0,0.16379310344827586,0.2814814814814815,0.6152219772338867
nzjtx,1.0,0.03255813953488372,0.06306306306306306,1.0,0.028037383177570093,0.05454545454545455,1.0,0.03255813953488372,0.06306306306306306,0.4605998992919922
nzjx6,1.0,0.10317460317460317,0.1870503597122302,1.0,0.096,0.1751824817518248,1.0,0.10317460317460317,0.1870503597122302,0.3791391849517822
nzjzw,1.0,0.1574074074074074,0.272,0.9696969696969697,0.14883720930232558,0.25806451612903225,1.0,0.1574074074074074,0.272,0.9308080673217773
nzk4c,1.0,0.056862745098039215,0.10760667903525047,1.0,0.0550098231827112,0.1042830540037244,1.0,0.056862745098039215,0.10760667903525047,0.6219451427459717
nzk9x,1.0,0.0327455919395466,0.06341463414634146,1.0,0.030303030303030304,0.05882352941176471,1.0,0.0327455919395466,0.06341463414634146,0.3379085063934326
nzkdu,1.0,0.07453416149068323,0.13872832369942198,0.9787234042553191,0.07153965785381027,0.13333333333333333,1.0,0.07453416149068323,0.13872832369942198,0.6484284400939941
nzkjv,1.0,0.452991452991453,0.6235294117647059,1.0,0.4482758620689655,0.6190476190476191,1.0,0.452991452991453,0.6235294117647059,0.6409873962402344
nzkms,1.0,0.03469387755102041,0.0670611439842209,1.0,0.032719836400818,0.06336633663366337,1.0,0.03469387755102041,0.0670611439842209,0.5411114692687988
nzl6u,1.0,0.1452513966480447,0.2536585365853659,0.96,0.1348314606741573,0.23645320197044334,1.0,0.1452513966480447,0.2536585365853659,0.4031529426574707
nzlkr,1.0,0.3236514522821577,0.48902821316614425,0.9839228295819936,0.3177570093457944,0.4803767660910518,1.0,0.3236514522821577,0.48902821316614425,1.9027581214904785
nzm4u,1.0,0.2386780905752754,0.38537549407114624,0.993581514762516,0.2369146005509642,0.38260009886307467,1.0,0.2386780905752754,0.38537549407114624,4.3912622928619385
nzmjg,1.0,0.2882882882882883,0.44755244755244755,1.0,0.2818181818181818,0.4397163120567376,1.0,0.2882882882882883,0.44755244755244755,0.4332282543182373
nzmoc,1.0,0.19943019943019943,0.332541567695962,0.9565217391304348,0.18857142857142858,0.315035799522673,1.0,0.19943019943019943,0.332541567695962,0.7851378917694092
nzmwy,1.0,0.13852813852813853,0.24334600760456274,1.0,0.13478260869565217,0.23754789272030655,1.0,0.13852813852813853,0.24334600760456274,0.6301229000091553
nzn0l,1.0,0.06524725274725275,0.122501611863314,0.9361702127659575,0.06048109965635739,0.11362169141381537,1.0,0.06524725274725275,0.122501611863314,0.924187421798706
nznbr,1.0,0.03088803088803089,0.05992509363295881,1.0,0.029013539651837523,0.05639097744360901,1.0,0.03088803088803089,0.05992509363295881,0.3603227138519287
nznin,1.0,0.15855704697986578,0.27371469949312094,0.9894039735099338,0.15670232850849591,0.270554147048171,1.0,0.15855704697986578,0.27371469949312094,4.48090672492981
nznpd,1.0,0.09696969696969697,0.17679558011049726,1.0,0.09146341463414634,0.16759776536312848,1.0,0.09696969696969697,0.17679558011049726,0.4085357189178467
nzo3f,1.0,0.26495726495726496,0.4189189189189189,1.0,0.25862068965517243,0.4109589041095891,1.0,0.26495726495726496,0.4189189189189189,0.40418386459350586
nzo8c,1.0,0.06367041198501873,0.11971830985915494,0.9375,0.05639097744360902,0.10638297872340426,1.0,0.06367041198501873,0.11971830985915494,0.5033082962036133
nzodz,1.0,0.16521739130434782,0.2835820895522388,1.0,0.15789473684210525,0.2727272727272727,1.0,0.16521739130434782,0.2835820895522388,0.39486145973205566
nzq1c,1.0,0.18211120064464142,0.30811179277436945,0.9733333333333334,0.17661290322580644,0.2989761092150171,1.0,0.18211120064464142,0.30811179277436945,1.3759007453918457
nzq2f,1.0,0.2048780487804878,0.340080971659919,0.9726962457337884,0.19874476987447698,0.3300521134916039,1.0,0.2048780487804878,0.340080971659919,1.8481719493865967
nzr0l,1.0,0.06984969053934571,0.1305785123966942,0.9871794871794872,0.06814159292035399,0.12748344370860928,1.0,0.06984969053934571,0.1305785123966942,0.6488258838653564
nzr7g,1.0,0.06136363636363636,0.11563169164882228,0.9615384615384616,0.05694760820045558,0.10752688172043012,1.0,0.06136363636363636,0.11563169164882228,0.5424494743347168
nzrd0,1.0,0.19662921348314608,0.3286384976525822,0.9615384615384616,0.18761726078799248,0.31397174254317106,1.0,0.19662921348314608,0.3286384976525822,1.100264549255371
nzruj,1.0,0.19946091644204852,0.3325842696629214,0.9863013698630136,0.1945945945945946,0.32505643340857787,1.0,0.19946091644204852,0.3325842696629214,0.617159366607666
nzsh7,1.0,0.3516483516483517,0.5203252032520326,1.0,0.3492647058823529,0.5177111716621253,1.0,0.3516483516483517,0.5203252032520326,0.7619874477386475
nzsz5,1.0,0.5578231292517006,0.7161572052401747,0.9876543209876543,0.547945205479452,0.7048458149779736,1.0,0.5578231292517006,0.7161572052401747,0.8298163414001465
nzt8z,1.0,0.20932539682539683,0.3461853978671042,0.9714285714285714,0.2025819265143992,0.33525061626951524,1.0,0.20932539682539683,0.3461853978671042,1.3256773948669434
nzuhm,1.0,0.1724137931034483,0.29411764705882354,0.9775280898876404,0.16698656429942418,0.28524590163934427,1.0,0.1724137931034483,0.29411764705882354,0.7223799228668213
nzuvm,1.0,0.1532258064516129,0.26573426573426573,0.9444444444444444,0.13821138211382114,0.24113475177304966,1.0,0.1532258064516129,0.26573426573426573,0.502816915512085
nzv7n,1.0,0.2768595041322314,0.4336569579288026,0.9696969696969697,0.26556016597510373,0.41693811074918574,1.0,0.2768595041322314,0.4336569579288026,0.5626397132873535
nzvd8,1.0,0.5393338058114813,0.7007366482504604,0.9960526315789474,0.5368794326241135,0.6976958525345622,1.0,0.5393338058114813,0.7007366482504604,4.867451429367065
nzvrm,1.0,0.1661807580174927,0.285,1.0,0.16374269005847952,0.2814070351758794,1.0,0.1661807580174927,0.285,0.6185402870178223
nzvxj,1.0,0.24875621890547264,0.39840637450199207,0.9795918367346939,0.24,0.38554216867469876,1.0,0.24875621890547264,0.39840637450199207,0.6354825496673584
nzw3b,1.0,0.17762237762237762,0.3016627078384798,1.0,0.17647058823529413,0.3,1.0,0.17762237762237762,0.3016627078384798,1.0568084716796875
nzwhm,1.0,0.055415617128463476,0.10501193317422435,0.9302325581395349,0.05044136191677175,0.09569377990430622,1.0,0.055415617128463476,0.10501193317422435,0.5985164642333984
nzxce,1.0,0.072,0.1343283582089552,1.0,0.06451612903225806,0.12121212121212122,1.0,0.072,0.1343283582089552,0.49053263664245605
nzxu6,1.0,0.0673614005835765,0.1262204170897446,1.0,0.06728364182091046,0.12608389969533632,1.0,0.0673614005835765,0.1262204170897446,4.670670986175537
nzy2f,1.0,0.03763440860215054,0.07253886010362695,1.0,0.032432432432432434,0.06282722513089005,1.0,0.03763440860215054,0.07253886010362695,0.32596564292907715
nzzog,1.0,0.34782608695652173,0.5161290322580645,0.9818181818181818,0.3375,0.5023255813953488,1.0,0.34782608695652173,0.5161290322580645,0.8070502281188965
nzzoy,1.0,0.13380281690140844,0.23602484472049687,0.9444444444444444,0.12056737588652482,0.21383647798742136,1.0,0.13380281690140844,0.23602484472049687,0.3901939392089844
o005h,1.0,0.36801541425818884,0.5380281690140846,0.9921363040629095,0.36481927710843376,0.5334742776603243,1.0,0.36801541425818884,0.5380281690140846,4.683462619781494
o01fu,1.0,0.19196062346185397,0.3220922229869236,0.9785407725321889,0.18719211822660098,0.3142660234321158,1.0,0.19196062346185397,0.3220922229869236,1.581468105316162
o01j4,1.0,0.2074688796680498,0.34364261168384885,1.0,0.20416666666666666,0.3391003460207613,1.0,0.2074688796680498,0.34364261168384885,0.5250177383422852
o01j7,1.0,0.06334841628959276,0.11914893617021276,1.0,0.05909090909090909,0.11158798283261802,1.0,0.06334841628959276,0.11914893617021276,0.3436315059661865
o01mt,1.0,0.1638683680322364,0.2815926139642239,0.9876543209876543,0.16129032258064516,0.2772963604852686,1.0,0.1638683680322364,0.2815926139642239,1.8688685894012451
o01yk,1.0,0.15876777251184834,0.2740286298568507,0.9848484848484849,0.1543942992874109,0.26694045174537984,1.0,0.15876777251184834,0.2740286298568507,0.8234093189239502
o02ck,1.0,0.16101694915254236,0.2773722627737226,1.0,0.15384615384615385,0.2666666666666667,1.0,0.16101694915254236,0.2773722627737226,0.3833591938018799
o02fp,1.0,0.027422303473491772,0.05338078291814947,1.0,0.02564102564102564,0.05,1.0,0.027422303473491772,0.05338078291814947,0.5204284191131592
o03tz,1.0,0.375,0.5454545454545454,0.9512195121951219,0.35135135135135137,0.5131578947368421,1.0,0.375,0.5454545454545454,0.47058939933776855
o03yy,1.0,0.20168067226890757,0.3356643356643357,0.9565217391304348,0.1864406779661017,0.3120567375886525,1.0,0.20168067226890757,0.3356643356643357,0.5010108947753906
o04cn,1.0,0.34444444444444444,0.512396694214876,0.987012987012987,0.33853006681514475,0.5041459369817578,1.0,0.34444444444444444,0.512396694214876,1.1499543190002441
o04dj,1.0,0.8042168674698795,0.8914858096828047,1.0,0.8040201005025126,0.8913649025069639,1.0,0.8042168674698795,0.8914858096828047,4.688293218612671
o0651,1.0,0.1901840490797546,0.3195876288659794,0.9333333333333333,0.1728395061728395,0.29166666666666663,1.0,0.1901840490797546,0.3195876288659794,0.5227165222167969
o0673,1.0,0.4444444444444444,0.6153846153846153,0.9787234042553191,0.42990654205607476,0.5974025974025974,1.0,0.4444444444444444,0.6153846153846153,0.6177225112915039
o06cj,1.0,0.3826086956521739,0.5534591194968553,0.9767441860465116,0.3684210526315789,0.5350318471337578,1.0,0.3826086956521739,0.5534591194968553,0.4699840545654297
o06ix,1.0,0.11815068493150685,0.2113323124042879,0.9852941176470589,0.11492281303602059,0.20583717357910905,1.0,0.11815068493150685,0.2113323124042879,0.7564008235931396
o06j0,1.0,0.32926829268292684,0.4954128440366972,0.9811320754716981,0.31901840490797545,0.4814814814814815,1.0,0.32926829268292684,0.4954128440366972,0.5742490291595459
o06nb,1.0,0.12883435582822086,0.2282608695652174,0.95,0.11728395061728394,0.20879120879120877,1.0,0.12883435582822086,0.2282608695652174,0.47599029541015625
o06uz,1.0,0.09759188846641319,0.17782909930715937,0.9473684210526315,0.09137055837563451,0.16666666666666666,1.0,0.09759188846641319,0.17782909930715937,1.479651927947998
o07zg,1.0,0.26515151515151514,0.41916167664670656,1.0,0.2595419847328244,0.4121212121212121,1.0,0.26515151515151514,0.41916167664670656,0.5758171081542969
o08m3,1.0,0.5185873605947955,0.6829865361077111,0.9892086330935251,0.5121042830540037,0.674846625766871,1.0,0.5185873605947955,0.6829865361077111,2.142836570739746
o08yz,1.0,0.12987012987012986,0.22988505747126434,0.9655172413793104,0.12173913043478261,0.2162162162162162,1.0,0.12987012987012986,0.22988505747126434,1.4680016040802002
o0927,1.0,0.10292887029288703,0.18664643399089528,0.9508196721311475,0.09715242881072027,0.1762917933130699,1.0,0.10292887029288703,0.18664643399089528,0.9418625831604004
o095q,1.0,0.254050550874919,0.4051679586563308,0.9859514687100894,0.2502431118314425,0.39917269906928643,1.0,0.254050550874919,0.4051679586563308,4.678939342498779
o09da,1.0,0.18996415770609318,0.31927710843373497,0.9615384615384616,0.17985611510791366,0.3030303030303031,1.0,0.18996415770609318,0.31927710843373497,0.6912055015563965
o09rh,1.0,0.08928571428571429,0.1639344262295082,0.8888888888888888,0.07207207207207207,0.13333333333333333,1.0,0.08928571428571429,0.1639344262295082,0.49515199661254883
o09u3,1.0,0.45368829728230725,0.6241892407478061,0.9914320685434517,0.44950055493895674,0.6185567010309279,1.0,0.45368829728230725,0.6241892407478061,4.8739893436431885
o0aaz,1.0,0.2204724409448819,0.36129032258064514,0.9629629629629629,0.20634920634920634,0.3398692810457516,1.0,0.2204724409448819,0.36129032258064514,0.5676124095916748
o0aph,1.0,0.08502024291497975,0.15671641791044774,1.0,0.08316430020283976,0.15355805243445694,1.0,0.08502024291497975,0.15671641791044774,0.6358444690704346
o0azm,1.0,0.8411552346570397,0.9137254901960784,0.9870689655172413,0.8297101449275363,0.9015748031496061,1.0,0.8411552346570397,0.9137254901960784,1.626964807510376
o0bbr,1.0,0.10256410256410256,0.18604651162790695,0.9130434782608695,0.09012875536480687,0.16406250000000003,1.0,0.10256410256410256,0.18604651162790695,0.6359798908233643
o0brk,1.0,0.09056603773584905,0.16608996539792387,1.0,0.08712121212121213,0.16027874564459932,1.0,0.09056603773584905,0.16608996539792387,0.4846382141113281
o0c1p,1.0,0.10260869565217391,0.1861198738170347,0.9482758620689655,0.09581881533101046,0.17405063291139242,1.0,0.10260869565217391,0.1861198738170347,0.5392460823059082
o0c1y,1.0,0.10810810810810811,0.1951219512195122,0.9714285714285714,0.10240963855421686,0.18528610354223432,1.0,0.10810810810810811,0.1951219512195122,0.5068504810333252
o0cbu,1.0,0.04142011834319527,0.07954545454545456,1.0,0.04,0.07692307692307693,1.0,0.04142011834319527,0.07954545454545456,0.6728365421295166
o0cf6,1.0,0.20921544209215442,0.34603501544799176,0.9640718562874252,0.20074812967581046,0.33230134158926733,1.0,0.20921544209215442,0.34603501544799176,1.3322877883911133
o0cms,1.0,0.1525974025974026,0.2647887323943662,0.9565217391304348,0.14332247557003258,0.2492917847025496,1.0,0.1525974025974026,0.2647887323943662,0.5639128684997559
o0d14,1.0,0.29260935143288086,0.45274212368728123,0.9844559585492227,0.28700906344410876,0.4444444444444444,1.0,0.29260935143288086,0.45274212368728123,1.5679376125335693
o0d1k,1.0,0.24324324324324326,0.391304347826087,0.9714285714285714,0.23129251700680273,0.37362637362637363,1.0,0.24324324324324326,0.391304347826087,0.9133248329162598
o0d9k,1.0,0.1865671641791045,0.3144654088050315,0.9864864864864865,0.18204488778054864,0.3073684210526316,1.0,0.1865671641791045,0.3144654088050315,0.6512835025787354
o0de9,1.0,0.2116154873164219,0.3493112947658402,0.9841772151898734,0.20774883099532399,0.34307777164920017,1.0,0.2116154873164219,0.3493112947658402,2.2074148654937744
o0dgf,1.0,0.325,0.4905660377358491,0.9607843137254902,0.3081761006289308,0.4666666666666666,1.0,0.325,0.4905660377358491,0.7885973453521729
o0dos,1.0,0.15643564356435644,0.2705479452054795,0.9871794871794872,0.1527777777777778,0.2646048109965636,1.0,0.15643564356435644,0.2705479452054795,0.7757318019866943
o0dzh,1.0,0.10074626865671642,0.18305084745762712,1.0,0.09737827715355805,0.17747440273037543,1.0,0.10074626865671642,0.18305084745762712,0.5842211246490479
o0dzw,1.0,0.11136363636363636,0.20040899795501022,0.9791666666666666,0.1070615034168565,0.19301848049281314,1.0,0.11136363636363636,0.20040899795501022,0.6169009208679199
o0ecq,1.0,0.16541353383458646,0.2838709677419355,0.9767441860465116,0.15849056603773584,0.2727272727272727,1.0,0.16541353383458646,0.2838709677419355,0.4843306541442871
o0ehc,1.0,0.18685121107266436,0.31486880466472306,0.9345794392523364,0.1733102253032929,0.2923976608187135,1.0,0.18685121107266436,0.31486880466472306,0.9170033931732178
o0f6c,1.0,0.15754716981132075,0.27220863895680525,0.9578313253012049,0.1501416430594901,0.2595918367346939,1.0,0.15754716981132075,0.27220863895680525,1.4659805297851562
o0fup,1.0,0.11267605633802817,0.20253164556962025,1.0,0.10849056603773585,0.19574468085106386,1.0,0.11267605633802817,0.20253164556962025,0.5637791156768799
o0gja,1.0,0.07692307692307693,0.14285714285714288,0.8181818181818182,0.05806451612903226,0.10843373493975904,1.0,0.07692307692307693,0.14285714285714288,0.40313100814819336
o0hj1,1.0,0.12895377128953772,0.22844827586206898,0.9615384615384616,0.12195121951219512,0.21645021645021645,1.0,0.12895377128953772,0.22844827586206898,0.6861517429351807
o0hki,1.0,0.1684027777777778,0.2882615156017831,0.96875,0.1617391304347826,0.27719821162444114,1.0,0.1684027777777778,0.2882615156017831,0.8564548492431641
o0hvc,1.0,0.2446351931330472,0.3931034482758621,0.9642857142857143,0.23275862068965517,0.375,1.0,0.2446351931330472,0.3931034482758621,1.0758817195892334
o0i09,1.0,0.276,0.432601880877743,0.970873786407767,0.26702269692923897,0.41884816753926696,1.0,0.276,0.432601880877743,1.3357033729553223
o0i86,1.0,0.23776223776223776,0.384180790960452,0.9090909090909091,0.2112676056338028,0.3428571428571428,1.0,0.23776223776223776,0.384180790960452,0.553551435470581
o0ioj,1.0,0.2676056338028169,0.42222222222222217,0.9821428571428571,0.25943396226415094,0.41044776119402987,1.0,0.2676056338028169,0.42222222222222217,0.6814601421356201
o0jeb,1.0,0.20909090909090908,0.3458646616541353,0.9777777777777777,0.2009132420091324,0.33333333333333337,1.0,0.20909090909090908,0.3458646616541353,0.7229447364807129
o0jfp,1.0,0.20178372352285395,0.3358070500927644,0.9722222222222222,0.1953125,0.32527881040892187,1.0,0.20178372352285395,0.3358070500927644,1.3056459426879883
o0jlo,1.0,0.55,0.7096774193548387,1.0,0.5467625899280576,0.7069767441860465,1.0,0.55,0.7096774193548387,0.6544218063354492
o0jmr,1.0,0.13617021276595745,0.2397003745318352,1.0,0.13247863247863248,0.2339622641509434,1.0,0.13617021276595745,0.2397003745318352,0.4477102756500244
o0jyl,1.0,0.1059322033898305,0.19157088122605365,0.9583333333333334,0.09787234042553192,0.17760617760617764,1.0,0.1059322033898305,0.19157088122605365,0.41827392578125
o0k3m,1.0,0.1419141914191419,0.24855491329479767,1.0,0.1390728476821192,0.24418604651162787,1.0,0.1419141914191419,0.24855491329479767,0.6544580459594727
o0kao,1.0,0.25190839694656486,0.4024390243902439,0.9692307692307692,0.2413793103448276,0.3865030674846626,1.0,0.25190839694656486,0.4024390243902439,0.7680578231811523
o0l8i,1.0,0.20754716981132076,0.34375000000000006,0.9591836734693877,0.19747899159663865,0.32752613240418116,1.0,0.20754716981132076,0.34375000000000006,0.9965121746063232
o0ljd,1.0,0.05249343832020997,0.0997506234413965,0.9473684210526315,0.04736842105263158,0.09022556390977444,1.0,0.05249343832020997,0.0997506234413965,0.421053409576416
o0m2u,1.0,0.14035087719298245,0.24615384615384614,0.9333333333333333,0.12389380530973451,0.21875,1.0,0.14035087719298245,0.24615384615384614,0.5412693023681641
o0m3z,1.0,0.09850483729111698,0.17934347477982385,0.963963963963964,0.09419014084507042,0.1716118684843625,1.0,0.09850483729111698,0.17934347477982385,0.9165346622467041
o0mr8,1.0,0.311614730878187,0.47516198704103674,0.963302752293578,0.29829545454545453,0.4555314533622559,1.0,0.311614730878187,0.47516198704103674,1.0001189708709717
o0muo,1.0,0.2002212389380531,0.3336405529953917,1.0,0.19933554817275748,0.33240997229916897,1.0,0.2002212389380531,0.3336405529953917,1.1779327392578125
o0my1,1.0,0.21428571428571427,0.35294117647058826,0.9655172413793104,0.2014388489208633,0.33333333333333337,1.0,0.21428571428571427,0.35294117647058826,0.7126877307891846
o0n5j,1.0,0.1245136186770428,0.22145328719723184,0.952755905511811,0.11781888997078871,0.2097053726169844,1.0,0.1245136186770428,0.22145328719723184,1.1248464584350586
o0n5s,1.0,0.15737704918032788,0.2719546742209632,0.9370629370629371,0.14660831509846828,0.2535477767265847,1.0,0.15737704918032788,0.2719546742209632,1.1463301181793213
o0nqj,1.0,0.14652014652014653,0.2555910543130991,0.9487179487179487,0.13602941176470587,0.23794212218649516,1.0,0.14652014652014653,0.2555910543130991,0.4615762233734131
o0o0k,1.0,0.12386706948640483,0.22043010752688172,0.9506172839506173,0.11649016641452345,0.20754716981132074,1.0,0.12386706948640483,0.22043010752688172,0.8955230712890625
o0ojf,1.0,0.09016393442622951,0.16541353383458648,1.0,0.08264462809917356,0.15267175572519084,1.0,0.09016393442622951,0.16541353383458648,0.3305027484893799
o0pjm,1.0,0.3472222222222222,0.5154639175257731,1.0,0.34265734265734266,0.5104166666666666,1.0,0.3472222222222222,0.5154639175257731,0.46855664253234863
o0prr,1.0,0.07264296754250386,0.13544668587896255,0.9347826086956522,0.06656346749226007,0.12427745664739887,1.0,0.07264296754250386,0.13544668587896255,0.6236305236816406
o0psv,1.0,0.13178294573643412,0.23287671232876714,0.9696969696969697,0.1245136186770428,0.2206896551724138,1.0,0.13178294573643412,0.23287671232876714,0.5998854637145996
o0q5z,1.0,0.06246191346739793,0.11757958130197879,0.9754901960784313,0.06065224017067967,0.11420373027259685,1.0,0.06246191346739793,0.11757958130197879,1.4953193664550781
o0qc0,1.0,0.3013698630136986,0.4631578947368421,0.9767441860465116,0.2896551724137931,0.44680851063829785,1.0,0.3013698630136986,0.4631578947368421,0.6231057643890381
o0qi7,1.0,0.4444444444444444,0.6153846153846153,0.9803921568627451,0.43103448275862066,0.5988023952095808,1.0,0.4444444444444444,0.6153846153846153,0.6838657855987549
o0qs7,1.0,0.21145374449339208,0.34909090909090906,1.0,0.2079646017699115,0.3443223443223443,1.0,0.21145374449339208,0.34909090909090906,0.6268370151519775
o0ree,1.0,0.27706422018348625,0.4339080459770115,0.9666666666666667,0.2665441176470588,0.4178674351585014,1.0,0.27706422018348625,0.4339080459770115,1.2499744892120361
o0rff,1.0,0.07342657342657342,0.13680781758957655,0.975609756097561,0.07005253940455342,0.13071895424836602,1.0,0.07342657342657342,0.13680781758957655,0.753976583480835
o0sdv,1.0,0.2542372881355932,0.4054054054054054,0.9655172413793104,0.23931623931623933,0.3835616438356165,1.0,0.2542372881355932,0.4054054054054054,0.6121041774749756
o0sr0,1.0,0.1276595744680851,0.22641509433962262,0.9591078066914498,0.12204351939451277,0.21653378094838438,1.0,0.1276595744680851,0.22641509433962262,1.7048008441925049
o0t3o,1.0,0.2274947662247034,0.3706651506537806,0.963076923076923,0.2185754189944134,0.3562891291974957,1.0,0.2274947662247034,0.3706651506537806,1.8709602355957031
o0tmu,1.0,0.24822695035460993,0.3977272727272727,0.9411764705882353,0.22857142857142856,0.36781609195402293,1.0,0.24822695035460993,0.3977272727272727,0.6914646625518799
o0tpd,1.0,0.34210526315789475,0.5098039215686275,0.9736842105263158,0.3274336283185841,0.4900662251655629,1.0,0.34210526315789475,0.5098039215686275,0.5903396606445312
o0ukj,1.0,0.6601208459214502,0.7952684258416742,0.9954128440366973,0.6565809379727685,0.7912488605287147,1.0,0.6601208459214502,0.7952684258416742,2.3737378120422363
o0ul8,0.9987421383647799,0.3909404234367307,0.5619249823071479,0.9836272040302267,0.3847290640394089,0.5531161473087819,0.9987421383647799,0.3909404234367307,0.5619249823071479,4.933986186981201
o0ung,1.0,0.40372670807453415,0.5752212389380531,0.96875,0.3875,0.5535714285714286,1.0,0.40372670807453415,0.5752212389380531,0.7035090923309326
o0usl,1.0,0.08992805755395683,0.16501650165016502,0.9583333333333334,0.08303249097472924,0.15282392026578073,1.0,0.08992805755395683,0.16501650165016502,0.42708492279052734
o0ute,1.0,0.1308411214953271,0.23140495867768593,1.0,0.12264150943396226,0.21848739495798317,1.0,0.1308411214953271,0.23140495867768593,0.38184618949890137
o0uxq,1.0,0.1574642126789366,0.27208480565371024,0.9868421052631579,0.15368852459016394,0.26595744680851063,1.0,0.1574642126789366,0.27208480565371024,0.8294341564178467
o0v4x,1.0,0.2543859649122807,0.40559440559440557,1.0,0.24778761061946902,0.3971631205673759,1.0,0.2543859649122807,0.40559440559440557,0.5114648342132568
o0vgd,1.0,0.3712374581939799,0.5414634146341463,0.9818181818181818,0.3624161073825503,0.5294117647058824,1.0,0.3712374581939799,0.5414634146341463,0.9774315357208252
o0vzb,1.0,0.05555555555555555,0.10526315789473684,0.9583333333333334,0.051224944320712694,0.09725158562367864,1.0,0.05555555555555555,0.10526315789473684,0.6535031795501709
o0w77,1.0,0.05222734254992319,0.09927007299270073,1.0,0.05076923076923077,0.09663250366032211,1.0,0.05222734254992319,0.09927007299270073,0.47244882583618164
o0wd5,1.0,0.10385438972162742,0.18816682832201745,0.9583333333333334,0.09860664523043944,0.17881438289601556,1.0,0.10385438972162742,0.18816682832201745,0.805084228515625
o0x5g,1.0,0.7279411764705882,0.8425531914893616,0.9897959183673469,0.7185185185185186,0.8326180257510731,1.0,0.7279411764705882,0.8425531914893616,0.8232424259185791
o0x8z,1.0,0.45454545454545453,0.625,0.981651376146789,0.44398340248962653,0.6114285714285714,1.0,0.45454545454545453,0.625,0.9260568618774414
o0xft,1.0,0.06904761904761905,0.1291759465478842,0.9285714285714286,0.06205250596658711,0.11633109619686802,1.0,0.06904761904761905,0.1291759465478842,0.4377410411834717
o0xi1,1.0,0.19907407407407407,0.33204633204633205,0.9765625,0.19319938176197837,0.3225806451612903,1.0,0.19907407407407407,0.33204633204633205,0.9547653198242188
o0xix,1.0,0.09539473684210527,0.17417417417417416,1.0,0.0924092409240924,0.16918429003021146,1.0,0.09539473684210527,0.17417417417417416,0.5995910167694092
o0xqm,1.0,0.15561569688768606,0.2693208430913349,0.9736842105263158,0.15040650406504066,0.2605633802816902,1.0,0.15561569688768606,0.2693208430913349,0.9871997833251953
o0xxv,1.0,0.38740554156171286,0.5584604212055193,0.98828125,0.38256048387096775,0.5515988372093024,1.0,0.38740554156171286,0.5584604212055193,4.441667079925537
o0xyh,1.0,0.18487394957983194,0.3120567375886525,0.9828571428571429,0.1808622502628812,0.30550621669627,1.0,0.18487394957983194,0.3120567375886525,1.277087688446045
o0y0z,1.0,0.1386861313868613,0.24358974358974358,0.972972972972973,0.13186813186813187,0.23225806451612907,1.0,0.1386861313868613,0.24358974358974358,0.4520070552825928
o0yre,1.0,0.17886178861788618,0.30344827586206896,1.0,0.1766304347826087,0.30023094688221713,1.0,0.17886178861788618,0.30344827586206896,0.6182143688201904
o0yxr,1.0,0.059322033898305086,0.112,0.9117647058823529,0.05263157894736842,0.09951845906902086,1.0,0.059322033898305086,0.112,0.6078474521636963
o0zfg,1.0,0.2565789473684211,0.4083769633507854,0.974025974025974,0.24752475247524752,0.39473684210526316,1.0,0.2565789473684211,0.4083769633507854,0.9054367542266846
o0zpp,1.0,0.46938775510204084,0.6388888888888888,0.978021978021978,0.4564102564102564,0.6223776223776223,1.0,0.46938775510204084,0.6388888888888888,0.8208596706390381
o110h,1.0,0.1031390134529148,0.18699186991869918,0.9545454545454546,0.0945945945945946,0.17213114754098363,1.0,0.1031390134529148,0.18699186991869918,0.4361116886138916
o1114,1.0,0.3366298972993534,0.5036994877632328,0.995475113122172,0.334855403348554,0.5011389521640092,1.0,0.3366298972993534,0.5036994877632328,4.386636734008789
o11ua,1.0,0.4648648648648649,0.6346863468634686,0.992721979621543,0.46112237998647737,0.6297322253000923,1.0,0.4648648648648649,0.6346863468634686,4.556337356567383
o12w0,1.0,0.348993288590604,0.5174129353233831,0.9803921568627451,0.33783783783783783,0.5025125628140703,1.0,0.348993288590604,0.5174129353233831,0.4808216094970703
o13qu,1.0,0.19375,0.32460732984293195,0.967391304347826,0.18580375782881003,0.3117338003502627,1.0,0.19375,0.32460732984293195,0.7653744220733643
o13ra,1.0,0.10510510510510511,0.19021739130434784,0.9705882352941176,0.09939759036144578,0.180327868852459,1.0,0.10510510510510511,0.19021739130434784,0.528857946395874
o13vn,1.0,0.1388888888888889,0.24390243902439027,0.9814814814814815,0.1341772151898734,0.23608017817371937,1.0,0.1388888888888889,0.24390243902439027,0.7153482437133789
o1460,1.0,0.18630573248407642,0.3140939597315436,0.9913793103448276,0.18341307814992025,0.3095558546433378,1.0,0.18630573248407642,0.3140939597315436,1.0304882526397705
o14mj,1.0,0.6788990825688074,0.8087431693989072,1.0,0.6759259259259259,0.8066298342541436,1.0,0.6788990825688074,0.8087431693989072,0.6378555297851562
o14os,1.0,0.18548387096774194,0.3129251700680272,0.989010989010989,0.18181818181818182,0.30716723549488056,1.0,0.18548387096774194,0.3129251700680272,0.9589478969573975
o150k,1.0,0.15598548972188633,0.26987447698744765,0.96875,0.15012106537530268,0.259958071278826,1.0,0.15598548972188633,0.26987447698744765,1.090228796005249
o154u,1.0,0.35096153846153844,0.5195729537366548,1.0,0.34782608695652173,0.5161290322580645,1.0,0.35096153846153844,0.5195729537366548,1.074505090713501
o156c,1.0,0.24,0.3870967741935484,0.9851301115241635,0.23576512455516013,0.38047379755922467,1.0,0.24,0.3870967741935484,1.5954511165618896
o15qv,1.0,0.20567375886524822,0.3411764705882353,1.0,0.20284697508896798,0.3372781065088758,1.0,0.20567375886524822,0.3411764705882353,0.574887752532959
o16ag,1.0,0.08064516129032258,0.1492537313432836,1.0,0.07567567567567568,0.1407035175879397,1.0,0.08064516129032258,0.1492537313432836,0.4745919704437256
o16ck,1.0,0.05851063829787234,0.11055276381909547,0.9,0.0481283422459893,0.09137055837563451,1.0,0.05851063829787234,0.11055276381909547,0.468477725982666
o16nk,1.0,0.2709677419354839,0.4263959390862945,0.9879518072289156,0.26537216828478966,0.4183673469387755,1.0,0.2709677419354839,0.4263959390862945,0.8712570667266846
o16pl,1.0,0.10021629416005767,0.182175622542595,0.96875,0.096875,0.17613636363636365,1.0,0.10021629416005767,0.182175622542595,2.4873180389404297
o16rg,1.0,0.4530663329161452,0.6236003445305771,0.9889196675900277,0.4473684210526316,0.6160483175150993,1.0,0.4530663329161452,0.6236003445305771,2.2039153575897217
o1744,1.0,0.014742014742014743,0.029055690072639227,1.0,0.012315270935960592,0.024330900243309004,1.0,0.014742014742014743,0.029055690072639227,0.3464083671569824
o175l,1.0,0.23740485683218557,0.38371411833626246,0.9862385321100917,0.2338651196519217,0.37807737397420865,0.8977099236641222,0.21312069590431315,0.3444639718804921,3.6434242725372314
o17dr,1.0,0.04106776180698152,0.07889546351084813,1.0,0.03909465020576132,0.07524752475247524,1.0,0.04106776180698152,0.07889546351084813,0.4619629383087158
o18as,1.0,0.0799492385786802,0.14806110458284372,0.9354838709677419,0.07369758576874205,0.13663133097762073,1.0,0.0799492385786802,0.14806110458284372,0.6945910453796387
o18fr,1.0,0.18791946308724833,0.3163841807909605,1.0,0.18243243243243243,0.30857142857142855,1.0,0.18791946308724833,0.3163841807909605,0.6054580211639404
o18tt,1.0,0.26859504132231404,0.4234527687296417,0.984375,0.26141078838174275,0.41311475409836074,1.0,0.26859504132231404,0.4234527687296417,0.5738623142242432
o18tu,1.0,0.09273182957393483,0.16972477064220184,0.9722222222222222,0.08793969849246232,0.16129032258064516,1.0,0.09273182957393483,0.16972477064220184,0.6675169467926025
o18yr,1.0,0.04084967320261438,0.07849293563579278,0.9583333333333334,0.03764320785597381,0.07244094488188975,1.0,0.04084967320261438,0.07849293563579278,0.5868017673492432
o193b,1.0,0.27058823529411763,0.42592592592592593,0.9777777777777777,0.2603550295857988,0.41121495327102797,1.0,0.27058823529411763,0.42592592592592593,0.5850949287414551
o193k,1.0,0.17470881863560733,0.29745042492917845,1.0,0.17425083240843509,0.29678638941398866,1.0,0.17470881863560733,0.29745042492917845,1.753899097442627
o1958,1.0,0.1297709923664122,0.2297297297297297,0.9375,0.11538461538461539,0.2054794520547945,1.0,0.1297709923664122,0.2297297297297297,0.5422475337982178
o19s5,1.0,0.27058823529411763,0.42592592592592593,0.9777777777777777,0.2603550295857988,0.41121495327102797,1.0,0.27058823529411763,0.42592592592592593,0.5395886898040771
o19st,1.0,0.368,0.5380116959064328,1.0,0.3629032258064516,0.5325443786982249,1.0,0.368,0.5380116959064328,1.5251731872558594
o1a8a,1.0,0.23582766439909297,0.38165137614678896,0.9805825242718447,0.22954545454545455,0.3720073664825046,1.0,0.23582766439909297,0.38165137614678896,0.8706848621368408
o1ah5,1.0,0.2619047619047619,0.41509433962264153,1.0,0.2583732057416268,0.41064638783269963,1.0,0.2619047619047619,0.41509433962264153,0.6110868453979492
o1ail,1.0,0.05639097744360902,0.10676156583629892,1.0,0.052830188679245285,0.1003584229390681,1.0,0.05639097744360902,0.10676156583629892,0.3762483596801758
o1ak7,1.0,0.2463157894736842,0.39527027027027023,0.9570815450643777,0.23498419388830347,0.377326565143824,1.0,0.2463157894736842,0.39527027027027023,1.6486661434173584
o1amq,1.0,0.05736434108527132,0.10850439882697947,0.9722222222222222,0.05434782608695652,0.10294117647058824,1.0,0.05736434108527132,0.10850439882697947,0.4890158176422119
o1bzr,1.0,0.09464715688090387,0.17292724196277495,0.9764705882352941,0.09225639125602075,0.16858496953283683,1.0,0.09464715688090387,0.17292724196277495,3.334484815597534
o1c36,1.0,0.25287356321839083,0.4036697247706423,0.9534883720930233,0.23699421965317918,0.3796296296296296,1.0,0.25287356321839083,0.4036697247706423,0.6595134735107422
o1cj4,1.0,0.22058823529411764,0.36144578313253006,1.0,0.21481481481481482,0.3536585365853659,1.0,0.22058823529411764,0.36144578313253006,0.48863792419433594
o1dkj,1.0,0.08633093525179857,0.1589403973509934,0.9565217391304348,0.07942238267148015,0.14666666666666667,1.0,0.08633093525179857,0.1589403973509934,0.38446593284606934
o1dtu,1.0,0.02772963604852686,0.05396290050590219,1.0,0.026041666666666668,0.050761421319796954,1.0,0.02772963604852686,0.05396290050590219,0.35405445098876953
o1dvx,1.0,0.0891812865497076,0.16375838926174494,0.95,0.08345534407027819,0.1534320323014805,1.0,0.0891812865497076,0.16375838926174494,0.8563690185546875
o1f2c,1.0,0.2591549295774648,0.41163310961968674,0.945054945054945,0.24293785310734464,0.3865168539325843,1.0,0.2591549295774648,0.41163310961968674,0.8847877979278564
o1fc2,1.0,0.26153846153846155,0.41463414634146345,1.0,0.2558139534883721,0.40740740740740744,1.0,0.26153846153846155,0.41463414634146345,0.5298545360565186
o1fdq,1.0,0.4825174825174825,0.6509433962264151,0.9705882352941176,0.4647887323943662,0.6285714285714286,1.0,0.4825174825174825,0.6509433962264151,0.7143673896789551
o1fnm,1.0,0.18404907975460122,0.31088082901554404,0.9747899159663865,0.1781874039938556,0.30129870129870123,1.0,0.18404907975460122,0.31088082901554404,0.952056884765625
o1fy0,1.0,0.16170212765957448,0.2783882783882784,0.9733333333333334,0.15565031982942432,0.26838235294117646,1.0,0.16170212765957448,0.2783882783882784,0.8250303268432617
o1g67,1.0,0.28169014084507044,0.43956043956043955,0.9743589743589743,0.2695035460992908,0.4222222222222222,1.0,0.28169014084507044,0.43956043956043955,0.6395008563995361
o1g7m,1.0,0.034334763948497854,0.06639004149377593,0.9333333333333333,0.030107526881720432,0.058333333333333334,1.0,0.034334763948497854,0.06639004149377593,0.46766066551208496
o1h4u,1.0,0.3333333333333333,0.5,0.970873786407767,0.3215434083601286,0.48309178743961356,1.0,0.3333333333333333,0.5,0.8746042251586914
o1h58,1.0,0.11688311688311688,0.20930232558139536,1.0,0.11400651465798045,0.2046783625730994,1.0,0.11688311688311688,0.20930232558139536,0.6444125175476074
o1hha,1.0,0.05714285714285714,0.1081081081081081,1.0,0.05327868852459016,0.10116731517509726,1.0,0.05714285714285714,0.1081081081081081,0.5697476863861084
o1him,1.0,0.25,0.4,0.975609756097561,0.23952095808383234,0.3846153846153846,1.0,0.25,0.4,0.6415491104125977
o1hqg,1.0,0.21448467966573817,0.3532110091743119,0.9695652173913043,0.20724907063197026,0.3415007656967841,1.0,0.21448467966573817,0.3532110091743119,1.6998672485351562
o1i10,1.0,0.15178571428571427,0.26356589147286824,0.9393939393939394,0.13901345291479822,0.24218750000000003,1.0,0.15178571428571427,0.26356589147286824,0.6309683322906494
o1i2c,1.0,0.18235294117647058,0.30845771144278605,1.0,0.17751479289940827,0.3015075376884422,1.0,0.18235294117647058,0.30845771144278605,0.4391500949859619
o1jbf,1.0,0.08278145695364239,0.1529051987767584,0.9795918367346939,0.07960199004975124,0.14723926380368096,1.0,0.08278145695364239,0.1529051987767584,0.7888238430023193
o1jg2,1.0,0.1531322505800464,0.2655935613682093,0.9846153846153847,0.14883720930232558,0.2585858585858586,1.0,0.1531322505800464,0.2655935613682093,0.7655065059661865
o1jrg,1.0,0.16890080428954424,0.28899082568807344,1.0,0.16666666666666666,0.2857142857142857,1.0,0.16890080428954424,0.28899082568807344,0.6231250762939453
o1jsq,1.0,0.2755102040816326,0.43199999999999994,0.9811320754716981,0.26666666666666666,0.41935483870967744,1.0,0.2755102040816326,0.43199999999999994,0.5824360847473145
o1k1p,1.0,0.49287042777433354,0.6602990033222591,0.9974811083123426,0.4913151364764268,0.6583541147132169,1.0,0.49287042777433354,0.6602990033222591,4.381990194320679
o1k68,1.0,0.13920454545454544,0.24438902743142144,0.9583333333333334,0.13105413105413105,0.23057644110275693,1.0,0.13920454545454544,0.24438902743142144,0.8219077587127686
o1k9b,1.0,0.16018306636155608,0.27613412228796846,0.9565217391304348,0.15137614678899083,0.2613861386138614,1.0,0.16018306636155608,0.27613412228796846,0.5972790718078613
o1kn3,1.0,0.1423728813559322,0.24925816023738873,0.975609756097561,0.1360544217687075,0.23880597014925375,1.0,0.1423728813559322,0.24925816023738873,0.586815357208252
o1krr,1.0,0.1404494382022472,0.24630541871921183,0.9594594594594594,0.13320825515947468,0.2339373970345964,1.0,0.1404494382022472,0.24630541871921183,0.8448042869567871
o1l66,1.0,0.025423728813559324,0.04958677685950414,1.0,0.0226628895184136,0.044321329639889204,1.0,0.025423728813559324,0.04958677685950414,0.307645320892334
o1l9s,1.0,0.21201413427561838,0.34985422740524785,0.9661016949152542,0.20212765957446807,0.33431085043988273,1.0,0.21201413427561838,0.34985422740524785,0.5565474033355713
o1lf5,1.0,0.01764705882352941,0.034682080924855495,1.0,0.011834319526627219,0.023391812865497075,1.0,0.01764705882352941,0.034682080924855495,0.39455723762512207
o1ljf,1.0,0.16974326331423722,0.2902231090150553,1.0,0.16956706281833617,0.28996552349845767,1.0,0.16974326331423722,0.2902231090150553,4.509742259979248
o1lmn,1.0,0.3182926829268293,0.482886216466235,0.9730769230769231,0.3089133089133089,0.46895273401297505,1.0,0.3182926829268293,0.482886216466235,1.7723360061645508
o1lxe,1.0,0.35561497326203206,0.52465483234714,0.9772727272727273,0.34584450402144773,0.5108910891089109,1.0,0.35561497326203206,0.52465483234714,0.9035639762878418
o1m8p,1.0,0.3405228758169935,0.508044856167723,0.9673076923076923,0.328973185088293,0.490971205466081,1.0,0.3405228758169935,0.508044856167723,2.9799365997314453
o1m92,1.0,0.13506493506493505,0.23798627002288328,0.9803921568627451,0.13020833333333334,0.22988505747126436,1.0,0.13506493506493505,0.23798627002288328,0.7012288570404053
o1mhn,1.0,0.31750741839762614,0.48198198198198205,0.9905660377358491,0.3125,0.47511312217194573,1.0,0.31750741839762614,0.48198198198198205,0.8995640277862549
o1mmf,1.0,0.07826982492276004,0.1451766953199618,0.9466666666666667,0.0731958762886598,0.13588516746411483,1.0,0.07826982492276004,0.1451766953199618,0.6661126613616943
o1mz7,1.0,0.15570934256055363,0.2694610778443114,1.0,0.1527777777777778,0.26506024096385544,1.0,0.15570934256055363,0.2694610778443114,0.6353700160980225
o1n9i,1.0,0.10869565217391304,0.19607843137254902,1.0,0.10382513661202186,0.18811881188118815,1.0,0.10869565217391304,0.19607843137254902,0.5299031734466553
o1nni,1.0,0.5492957746478874,0.7090909090909091,0.987012987012987,0.5390070921985816,0.6972477064220183,1.0,0.5492957746478874,0.7090909090909091,1.1886017322540283
o1nrx,1.0,0.22660098522167488,0.3694779116465864,0.9777777777777777,0.21782178217821782,0.3562753036437247,1.0,0.22660098522167488,0.3694779116465864,0.6054480075836182
o1nyd,1.0,0.06289308176100629,0.1183431952662722,0.9743589743589743,0.05984251968503937,0.11275964391691395,1.0,0.06289308176100629,0.1183431952662722,0.8460290431976318
o1o8h,1.0,0.1344019728729963,0.2369565217391304,0.9444444444444444,0.1259259259259259,0.22222222222222218,1.0,0.1344019728729963,0.2369565217391304,1.0470433235168457
o1p4u,1.0,0.29375,0.45410628019323673,0.9782608695652174,0.2830188679245283,0.43902439024390244,1.0,0.29375,0.45410628019323673,0.6703121662139893
o1pji,1.0,0.23575129533678757,0.3815513626834382,0.9888888888888889,0.23116883116883116,0.37473684210526315,1.0,0.23575129533678757,0.3815513626834382,0.8098738193511963
o1ptu,1.0,0.304,0.4662576687116564,1.0,0.29838709677419356,0.4596273291925466,1.0,0.304,0.4662576687116564,0.6290547847747803
o1pwp,1.0,0.08125,0.15028901734104047,1.0,0.07836990595611286,0.14534883720930233,1.0,0.08125,0.15028901734104047,0.5111844539642334
o1pyt,1.0,0.36134453781512604,0.5308641975308642,1.0,0.3559322033898305,0.525,1.0,0.36134453781512604,0.5308641975308642,0.7551584243774414
o1r7l,1.0,0.06330935251798561,0.11907983761840325,0.9767441860465116,0.06051873198847262,0.11397557666214382,1.0,0.06330935251798561,0.11907983761840325,0.6260831356048584
o1rcr,1.0,0.36283185840707965,0.5324675324675325,0.975,0.3482142857142857,0.5131578947368421,1.0,0.36283185840707965,0.5324675324675325,0.5516307353973389
o1rus,1.0,0.17333333333333334,0.29545454545454547,1.0,0.16778523489932887,0.28735632183908044,1.0,0.17333333333333334,0.29545454545454547,0.7778480052947998
o1ryt,1.0,0.36363636363636365,0.5333333333333333,0.9518072289156626,0.34347826086956523,0.5047923322683706,1.0,0.36363636363636365,0.5333333333333333,0.7603108882904053
o1s17,1.0,0.2112676056338028,0.3488372093023256,1.0,0.20567375886524822,0.3411764705882353,1.0,0.2112676056338028,0.3488372093023256,0.5747089385986328
o1s9f,1.0,0.705078125,0.827033218785796,0.9875173370319001,0.6959921798631477,0.8165137614678899,1.0,0.705078125,0.827033218785796,4.217563152313232
o1sxb,1.0,0.07380073800738007,0.13745704467353953,1.0,0.07037037037037037,0.13148788927335642,1.0,0.07380073800738007,0.13745704467353953,0.5480325222015381
o1t5y,1.0,0.1111111111111111,0.19999999999999998,1.0,0.1048951048951049,0.18987341772151897,1.0,0.1111111111111111,0.19999999999999998,0.46039271354675293
o1tcq,1.0,0.059800664451827246,0.11285266457680251,0.9411764705882353,0.05333333333333334,0.10094637223974764,1.0,0.059800664451827246,0.11285266457680251,0.48011112213134766
o1tg4,1.0,0.10933940774487472,0.19712525667351133,1.0,0.10730593607305935,0.19381443298969073,1.0,0.10933940774487472,0.19712525667351133,0.5653164386749268
o1tm7,1.0,0.2188679245283019,0.35913312693498456,1.0,0.2159090909090909,0.3551401869158879,1.0,0.2188679245283019,0.35913312693498456,1.2131946086883545
o1tpi,1.0,0.10442144873000941,0.1890971039182283,0.9272727272727272,0.096045197740113,0.17406143344709898,1.0,0.10442144873000941,0.1890971039182283,0.8443751335144043
o1u6y,1.0,0.07788753799392097,0.14451885794853717,0.9592833876221498,0.0746041798606713,0.13844165001762837,0.9349593495934959,0.07282168186423506,0.13511925743155917,4.079890489578247
o1uil,1.0,0.1717171717171717,0.29310344827586204,0.9696969696969697,0.16243654822335024,0.27826086956521734,1.0,0.1717171717171717,0.29310344827586204,0.5990259647369385
o1v6f,1.0,0.07943262411347518,0.1471747700394218,0.9454545454545454,0.07386363636363637,0.1370223978919631,1.0,0.07943262411347518,0.1471747700394218,0.8229036331176758
o1vox,1.0,0.12827225130890052,0.2273781902552204,0.9791666666666666,0.12335958005249344,0.2191142191142191,1.0,0.12827225130890052,0.2273781902552204,0.49045467376708984
o1vvi,1.0,0.04601769911504425,0.08798646362098138,0.96,0.0425531914893617,0.08149405772495755,1.0,0.04601769911504425,0.08798646362098138,0.42906928062438965
o1vw5,1.0,0.09935483870967741,0.1807511737089202,0.9473684210526315,0.09302325581395349,0.16941176470588235,1.0,0.09935483870967741,0.1807511737089202,0.63150954246521
o1wcn,1.0,0.010238907849829351,0.02027027027027027,1.0,0.00684931506849315,0.013605442176870748,1.0,0.010238907849829351,0.02027027027027027,0.3964879512786865
o1wi0,1.0,0.0781758957654723,0.14501510574018125,0.9565217391304348,0.0718954248366013,0.1337386018237082,1.0,0.0781758957654723,0.14501510574018125,0.6006269454956055
o1x7d,1.0,0.031055900621118012,0.060240963855421686,1.0,0.025,0.04878048780487806,1.0,0.031055900621118012,0.060240963855421686,0.44338440895080566
o1xb8,1.0,0.1715686274509804,0.2928870292887029,1.0,0.16748768472906403,0.2869198312236287,1.0,0.1715686274509804,0.2928870292887029,0.5771896839141846
o1xgc,1.0,0.4357142857142857,0.6069651741293532,0.9834710743801653,0.4265232974910394,0.595,1.0,0.4357142857142857,0.6069651741293532,1.0927753448486328
o1xpv,1.0,0.11979166666666667,0.21395348837209302,1.0,0.11518324607329843,0.20657276995305163,1.0,0.11979166666666667,0.21395348837209302,0.5654094219207764
o1xqm,1.0,0.3237410071942446,0.4891304347826087,0.9772727272727273,0.3115942028985507,0.4725274725274725,1.0,0.3237410071942446,0.4891304347826087,0.6139519214630127
o1y3c,1.0,0.47706422018348627,0.6459627329192547,0.9803921568627451,0.46296296296296297,0.628930817610063,1.0,0.47706422018348627,0.6459627329192547,0.6402051448822021
o1yt3,1.0,0.21338912133891214,0.3517241379310345,0.98,0.20588235294117646,0.3402777777777778,1.0,0.21338912133891214,0.3517241379310345,0.6558504104614258
o1z4c,1.0,0.510752688172043,0.6761565836298933,1.0,0.5081081081081081,0.6738351254480287,1.0,0.510752688172043,0.6761565836298933,0.680656909942627
o1zhx,1.0,0.2604166666666667,0.4132231404958678,0.972972972972973,0.2508710801393728,0.3988919667590028,1.0,0.2604166666666667,0.4132231404958678,0.8719964027404785
o1zod,1.0,0.1702325581395349,0.29093799682034976,0.9725274725274725,0.164804469273743,0.2818471337579618,1.0,0.1702325581395349,0.29093799682034976,1.335855484008789
o1zpk,1.0,0.25,0.4,0.9767441860465116,0.24,0.38532110091743116,1.0,0.25,0.4,0.51688551902771
o1zx3,1.0,0.08695652173913043,0.16,0.9230769230769231,0.075,0.13872832369942198,1.0,0.08695652173913043,0.16,0.5750701427459717
o20an,1.0,0.2396694214876033,0.38666666666666666,0.9642857142857143,0.225,0.36486486486486486,1.0,0.2396694214876033,0.38666666666666666,0.4056739807128906
o20f5,1.0,0.013636363636363636,0.026905829596412554,0.8,0.009111617312072893,0.018018018018018018,1.0,0.013636363636363636,0.026905829596412554,0.45952582359313965
o20n3,1.0,0.05279034690799397,0.10028653295128939,1.0,0.0513595166163142,0.09770114942528738,1.0,0.05279034690799397,0.10028653295128939,0.44325876235961914
o20nq,1.0,0.23639774859287055,0.38239757207890746,0.992,0.23308270676691728,0.3774733637747336,1.0,0.23639774859287055,0.38239757207890746,1.0963053703308105
o20tf,1.0,0.13972055888223553,0.24518388791593698,1.0,0.138,0.2425307557117751,1.0,0.13972055888223553,0.24518388791593698,0.7624099254608154
o228y,1.0,0.1937888198757764,0.3246618106139438,0.9806451612903225,0.1890547263681592,0.3169968717413973,1.0,0.1937888198757764,0.3246618106139438,1.3085682392120361
o22gc,1.0,0.02459016393442623,0.048,1.0,0.022587268993839837,0.044176706827309245,1.0,0.02459016393442623,0.048,0.323685884475708
o22so,1.0,0.2,0.33333333333333337,0.9090909090909091,0.17543859649122806,0.2941176470588235,1.0,0.2,0.33333333333333337,0.5748536586761475
o22u0,1.0,0.32231404958677684,0.48749999999999993,1.0,0.31666666666666665,0.4810126582278481,1.0,0.32231404958677684,0.48749999999999993,0.6501419544219971
o22w5,1.0,0.13280689160086145,0.23447401774397972,0.9728260869565217,0.1285919540229885,0.22715736040609139,1.0,0.13280689160086145,0.23447401774397972,1.272273063659668
o24ca,1.0,0.17518248175182483,0.2981366459627329,1.0,0.16911764705882354,0.2893081761006289,1.0,0.17518248175182483,0.2981366459627329,0.5319864749908447
o24q4,1.0,0.1326676176890157,0.2342569269521411,0.9565217391304348,0.12571428571428572,0.22222222222222224,1.0,0.1326676176890157,0.2342569269521411,0.8653473854064941
o252a,1.0,0.22074468085106383,0.36165577342047933,0.9696969696969697,0.21304926764314247,0.3493449781659388,1.0,0.22074468085106383,0.36165577342047933,1.4071948528289795
o252g,1.0,0.0915032679738562,0.16766467065868265,1.0,0.08951965065502183,0.16432865731462926,1.0,0.0915032679738562,0.16766467065868265,0.8243687152862549
o25t2,1.0,0.12213740458015267,0.21768707482993196,1.0,0.11538461538461539,0.20689655172413793,1.0,0.12213740458015267,0.21768707482993196,0.5399699211120605
o261e,1.0,0.2263843648208469,0.3691899070385126,0.9565217391304348,0.21533442088091354,0.35153129161118507,1.0,0.2263843648208469,0.3691899070385126,1.1196823120117188
o26kc,1.0,0.1504424778761062,0.26153846153846155,1.0,0.14285714285714285,0.25,1.0,0.1504424778761062,0.26153846153846155,0.5269618034362793
o26ky,1.0,0.3277310924369748,0.4936708860759494,0.9736842105263158,0.3135593220338983,0.4743589743589744,1.0,0.3277310924369748,0.4936708860759494,0.4635124206542969
o275m,1.0,0.1059322033898305,0.19157088122605365,1.0,0.10212765957446808,0.18532818532818532,1.0,0.1059322033898305,0.19157088122605365,0.5537576675415039
o277f,1.0,0.2550702028081123,0.4064636420136731,0.9877300613496932,0.25136612021857924,0.4007467330429372,1.0,0.2550702028081123,0.4064636420136731,2.396308422088623
o2789,1.0,0.125,0.2222222222222222,1.0,0.12041884816753927,0.2149532710280374,1.0,0.125,0.2222222222222222,0.5663068294525146
o27nd,1.0,0.30344827586206896,0.46560846560846564,0.9767441860465116,0.2916666666666667,0.44919786096256686,1.0,0.30344827586206896,0.46560846560846564,0.7143151760101318
o27r4,1.0,0.24390243902439024,0.39215686274509803,0.9487179487179487,0.22699386503067484,0.36633663366336633,1.0,0.24390243902439024,0.39215686274509803,0.6523900032043457
o27sf,1.0,0.3106796116504854,0.4740740740740741,0.967741935483871,0.29411764705882354,0.4511278195488722,1.0,0.3106796116504854,0.4740740740740741,0.4752061367034912
o287u,1.0,0.144912641315519,0.25314183123877915,0.9501779359430605,0.1372750642673522,0.2398921832884097,1.0,0.144912641315519,0.25314183123877915,1.6898088455200195
o2889,1.0,0.21428571428571427,0.35294117647058826,0.9642857142857143,0.2037735849056604,0.3364485981308411,1.0,0.21428571428571427,0.35294117647058826,0.6844539642333984
o28uc,1.0,0.09895833333333333,0.18009478672985782,1.0,0.09424083769633508,0.1722488038277512,1.0,0.09895833333333333,0.18009478672985782,0.5160903930664062
o2935,0.9984375,0.9984375,0.9984375,0.9968701095461658,0.9968701095461658,0.9968701095461658,0.9984375,0.9984375,0.9984375,3.624033212661743
o29bd,1.0,0.016018306636155607,0.03153153153153153,1.0,0.013761467889908258,0.027149321266968326,1.0,0.016018306636155607,0.03153153153153153,0.5868391990661621
o29xr,1.0,0.2630691399662732,0.4165554072096128,0.967741935483871,0.2533783783783784,0.40160642570281124,1.0,0.2630691399662732,0.4165554072096128,1.1911771297454834
o29zo,1.0,0.2964697406340058,0.4573492636843568,0.9829683698296837,0.2911711711711712,0.4492632749513483,1.0,0.2964697406340058,0.4573492636843568,4.596961498260498
o29zq,1.0,0.1946564885496183,0.3258785942492013,1.0,0.19157088122605365,0.3215434083601286,1.0,0.1946564885496183,0.3258785942492013,0.5589957237243652
o2awr,1.0,0.025196850393700787,0.04915514592933948,0.8666666666666667,0.02050473186119874,0.040061633281972264,1.0,0.025196850393700787,0.04915514592933948,0.5304746627807617
o2ayl,1.0,0.2185430463576159,0.358695652173913,0.96875,0.20666666666666667,0.34065934065934067,1.0,0.2185430463576159,0.358695652173913,0.5725364685058594
o2bm4,1.0,0.08509423186750428,0.1568421052631579,0.9594594594594594,0.08114285714285714,0.14963119072708111,1.0,0.08509423186750428,0.1568421052631579,1.2266104221343994
o2d9b,1.0,0.2784090909090909,0.43555555555555553,1.0,0.2742857142857143,0.4304932735426009,1.0,0.2784090909090909,0.43555555555555553,0.6333365440368652
o2dbb,1.0,0.11428571428571428,0.20512820512820512,0.9333333333333333,0.10071942446043165,0.18181818181818182,1.0,0.11428571428571428,0.20512820512820512,0.5419743061065674
o2dqb,1.0,0.08258928571428571,0.15257731958762885,0.9452054794520548,0.07709497206703911,0.1425619834710744,1.0,0.08258928571428571,0.15257731958762885,0.6296243667602539
o2e3i,1.0,0.27218934911242604,0.42790697674418604,0.9777777777777777,0.2619047619047619,0.41314553990610325,1.0,0.27218934911242604,0.42790697674418604,0.674217939376831
o2ekm,1.0,0.8843373493975903,0.938618925831202,0.9986357435197817,0.8829915560916767,0.9372599231754162,1.0,0.8843373493975903,0.938618925831202,4.683366537094116
o2exj,1.0,0.14102564102564102,0.24719101123595508,0.9767441860465116,0.13504823151125403,0.23728813559322035,1.0,0.14102564102564102,0.24719101123595508,0.6740078926086426
o2exq,1.0,0.10666666666666667,0.1927710843373494,0.967741935483871,0.10033444816053512,0.18181818181818182,1.0,0.10666666666666667,0.1927710843373494,0.6666054725646973
o2fcd,1.0,0.07959384212250245,0.1474514563106796,1.0,0.07944307944307945,0.14719271623672234,1.0,0.07959384212250245,0.1474514563106796,4.728388786315918
o2fmp,1.0,0.2857142857142857,0.4444444444444445,0.9696969696969697,0.2711864406779661,0.423841059602649,1.0,0.2857142857142857,0.4444444444444445,0.45960354804992676
o2gdi,1.0,0.18860510805500982,0.31735537190082647,0.9789473684210527,0.1830708661417323,0.30845771144278605,1.0,0.18860510805500982,0.31735537190082647,1.4947946071624756
o2gws,1.0,0.07943702290076336,0.14718232044198898,0.9698795180722891,0.07683130517776188,0.1423833738669025,1.0,0.07943702290076336,0.14718232044198898,2.2464263439178467
o2gzf,1.0,0.3088942307692308,0.4719926538108356,0.98046875,0.3020457280385078,0.46182152713891444,1.0,0.3088942307692308,0.4719926538108356,1.8549556732177734
o2hlm,1.0,0.19186046511627908,0.3219512195121952,0.9644670050761421,0.1842870999030068,0.3094462540716612,1.0,0.19186046511627908,0.3219512195121952,1.485489845275879
o2ijn,1.0,0.029649595687331536,0.05759162303664922,1.0,0.02702702702702703,0.052631578947368425,1.0,0.029649595687331536,0.05759162303664922,0.45507168769836426
o2iky,1.0,0.09090909090909091,0.16666666666666669,1.0,0.0867579908675799,0.15966386554621848,1.0,0.09090909090909091,0.16666666666666669,0.4107546806335449
o2ixx,1.0,0.13532513181019332,0.23839009287925694,1.0,0.13380281690140844,0.23602484472049687,1.0,0.13532513181019332,0.23839009287925694,0.8322806358337402
o2j4w,1.0,0.4523809523809524,0.6229508196721312,0.9821428571428571,0.44,0.6077348066298341,1.0,0.4523809523809524,0.6229508196721312,0.7071080207824707
o2j7p,1.0,0.0945273631840796,0.17272727272727273,0.9444444444444444,0.085,0.1559633027522936,1.0,0.0945273631840796,0.17272727272727273,0.5348477363586426
o2jnb,1.0,0.20382165605095542,0.33862433862433866,1.0,0.1987179487179487,0.3315508021390374,1.0,0.20382165605095542,0.33862433862433866,0.5452542304992676
o2jxn,1.0,0.6038338658146964,0.7529880478087649,0.9982332155477032,0.6023454157782516,0.7513297872340426,1.0,0.6038338658146964,0.7529880478087649,3.186262607574463
o2k05,1.0,0.06206415620641562,0.11687458962573867,0.9886363636363636,0.06071179344033496,0.11439842209072978,1.0,0.06206415620641562,0.11687458962573867,0.9032430648803711
o2k8r,1.0,0.02997275204359673,0.058201058201058205,0.9,0.02459016393442623,0.04787234042553191,1.0,0.02997275204359673,0.058201058201058205,0.4765021800994873
o2kbr,1.0,0.17588495575221239,0.2991533396048918,0.9873417721518988,0.17275747508305647,0.29406220546654105,1.0,0.17588495575221239,0.2991533396048918,1.009944200515747
o2ke3,1.0,0.4523809523809524,0.6229508196721312,0.9821428571428571,0.44,0.6077348066298341,1.0,0.4523809523809524,0.6229508196721312,0.743035078048706
o2kpo,1.0,0.13837095191364082,0.24310344827586206,0.9928571428571429,0.13654223968565815,0.24006908462867013,1.0,0.13837095191364082,0.24310344827586206,1.153071403503418
o2kt1,1.0,0.020477815699658702,0.04013377926421404,1.0,0.017123287671232876,0.03367003367003367,1.0,0.020477815699658702,0.04013377926421404,0.45139026641845703
o2lgd,1.0,0.12745098039215685,0.22608695652173913,1.0,0.12315270935960591,0.2192982456140351,1.0,0.12745098039215685,0.22608695652173913,0.482590913772583
o2lh7,1.0,0.0071392146863844975,0.014177215189873417,1.0,0.0066326530612244895,0.013177901672579827,1.0,0.0071392146863844975,0.014177215189873417,0.5796768665313721
o2li1,1.0,0.1681178834561286,0.28784403669724773,0.9973404255319149,0.16748548459133542,0.28680688336520077,1.0,0.1681178834561286,0.28784403669724773,4.644963026046753
o2lqn,1.0,0.10196078431372549,0.18505338078291814,1.0,0.0984251968503937,0.17921146953405018,1.0,0.10196078431372549,0.18505338078291814,0.41110897064208984
o2mi5,1.0,0.7122683142100618,0.8319587628865979,0.9987593052109182,0.7111307420494699,0.8307533539731682,1.0,0.7122683142100618,0.8319587628865979,4.477564096450806
o2mln,1.0,0.24675324675324675,0.3958333333333333,0.972972972972973,0.23529411764705882,0.37894736842105264,1.0,0.24675324675324675,0.3958333333333333,0.6609089374542236
o2moh,1.0,0.4094132817537073,0.5809698078682525,0.9794952681388013,0.40064516129032257,0.5686813186813188,1.0,0.4094132817537073,0.5809698078682525,3.198354482650757
o2n27,1.0,0.0539568345323741,0.1023890784982935,0.9655172413793104,0.05045045045045045,0.0958904109589041,1.0,0.0539568345323741,0.1023890784982935,0.5267746448516846
o2neb,1.0,0.09076682316118936,0.16642754662840747,0.8771929824561403,0.07836990595611286,0.14388489208633096,1.0,0.09076682316118936,0.16642754662840747,0.8262746334075928
o2ng3,1.0,0.037944702242846094,0.07311507474502864,0.9974489795918368,0.03780151786145889,0.07284243863816312,1.0,0.037944702242846094,0.07311507474502864,5.263745546340942
o2o9r,1.0,0.2566137566137566,0.4084210526315789,0.9585492227979274,0.24503311258278146,0.39029535864978904,1.0,0.2566137566137566,0.4084210526315789,1.427769422531128
o2okt,1.0,0.23935091277890466,0.3862520458265139,0.9829059829059829,0.23373983739837398,0.37766830870279144,1.0,0.23935091277890466,0.3862520458265139,0.8259086608886719
o2or7,1.0,0.2452431289640592,0.3938879456706281,1.0,0.24364406779661016,0.39182282793867124,1.0,0.2452431289640592,0.3938879456706281,0.8808856010437012
o2oyv,1.0,0.4129353233830846,0.5845070422535211,0.9878048780487805,0.405,0.574468085106383,1.0,0.4129353233830846,0.5845070422535211,0.6444857120513916
o2p7c,1.0,0.34810126582278483,0.5164319248826291,0.9817351598173516,0.34072900158478603,0.5058823529411764,1.0,0.34810126582278483,0.5164319248826291,1.3588299751281738
o2pnf,1.0,0.2,0.33333333333333337,0.9285714285714286,0.18055555555555555,0.3023255813953489,1.0,0.2,0.33333333333333337,0.5327444076538086
o2prl,1.0,0.5513585155732273,0.7108073472874841,0.9963898916967509,0.5490716180371353,0.7079948696023942,1.0,0.5513585155732273,0.7108073472874841,4.39259672164917
o2q0u,1.0,0.15508021390374332,0.26851851851851855,0.9642857142857143,0.14516129032258066,0.25233644859813087,1.0,0.15508021390374332,0.26851851851851855,0.6226003170013428
o2qb8,1.0,0.7829787234042553,0.8782816229116945,1.0,0.7825159914712153,0.8779904306220095,1.0,0.7829787234042553,0.8782816229116945,2.448251724243164
o2qg9,1.0,0.23093681917211328,0.3752212389380531,0.9619047619047619,0.2205240174672489,0.35879218472468916,1.0,0.23093681917211328,0.3752212389380531,0.8009159564971924
o2qzi,1.0,0.09809264305177112,0.17866004962779156,0.9428571428571428,0.09016393442622951,0.16458852867830426,1.0,0.09809264305177112,0.17866004962779156,0.6271793842315674
o2r8q,1.0,0.0634763693889658,0.11937523242841207,0.978125,0.06190664556962025,0.11644345238095237,1.0,0.0634763693889658,0.11937523242841207,2.0020501613616943
o2rdg,1.0,0.29979253112033194,0.461292897047087,0.9965357967667436,0.2985126253891387,0.459409103007719,1.0,0.29979253112033194,0.461292897047087,4.603125095367432
o2rxt,1.0,0.24539877300613497,0.39408866995073893,0.9487179487179487,0.22839506172839505,0.3681592039800995,1.0,0.24539877300613497,0.39408866995073893,0.48149657249450684
o2scm,1.0,0.4386792452830189,0.6098360655737706,0.9782608695652174,0.4265402843601896,0.594059405940594,1.0,0.4386792452830189,0.6098360655737706,0.7590882778167725
o2sfi,1.0,0.6,0.7499999999999999,1.0,0.5961538461538461,0.7469879518072289,1.0,0.6,0.7499999999999999,0.6135067939758301
o2shs,1.0,0.2348993288590604,0.3804347826086956,0.9565217391304348,0.2222222222222222,0.36065573770491804,1.0,0.2348993288590604,0.3804347826086956,0.7962660789489746
o2sj4,1.0,0.3051948051948052,0.46766169154228854,0.9565217391304348,0.2875816993464052,0.4422110552763818,1.0,0.3051948051948052,0.46766169154228854,0.5171623229980469
o2sjl,1.0,0.07317073170731707,0.13636363636363635,0.9846153846153847,0.07103218645948946,0.13250517598343686,1.0,0.07317073170731707,0.13636363636363635,0.7409074306488037
o2slr,1.0,0.6141975308641975,0.7609942638623327,0.9949494949494949,0.6099071207430341,0.7562380038387717,1.0,0.6141975308641975,0.7609942638623327,1.2249720096588135
o2sqn,1.0,0.32044198895027626,0.48535564853556484,0.9824561403508771,0.3111111111111111,0.47257383966244726,1.0,0.32044198895027626,0.48535564853556484,0.5977885723114014
o2sz6,1.0,0.16593886462882096,0.28464419475655434,0.9911504424778761,0.16326530612244897,0.28035043804755944,1.0,0.16593886462882096,0.28464419475655434,0.9180877208709717
o2tq2,1.0,0.45185185185185184,0.6224489795918368,0.9833333333333333,0.44029850746268656,0.6082474226804124,1.0,0.45185185185185184,0.6224489795918368,0.7477028369903564
o2tth,1.0,0.10991957104557641,0.19806763285024154,0.95,0.10215053763440861,0.18446601941747576,1.0,0.10991957104557641,0.19806763285024154,0.5092415809631348
o2ugz,1.0,0.1423699914748508,0.24925373134328355,0.966,0.1372939169982945,0.24041811846689898,1.0,0.1423699914748508,0.24925373134328355,2.993374824523926
o2umr,0.9923664122137404,0.15853658536585366,0.27339642481598314,0.9615384615384616,0.15262515262515264,0.2634351949420443,0.9923664122137404,0.15853658536585366,0.27339642481598314,1.286790132522583
o2urx,1.0,1.0,1.0,1.0,1.0,1.0,1.0,1.0,1.0,3.7088019847869873
o2v2n,1.0,0.22023809523809523,0.36097560975609755,0.9726027397260274,0.21194029850746268,0.34803921568627455,1.0,0.22023809523809523,0.36097560975609755,0.7977986335754395
o2vnd,1.0,0.1274074074074074,0.22601839684625494,0.9529411764705882,0.1201780415430267,0.21343873517786563,1.0,0.1274074074074074,0.22601839684625494,1.0212464332580566
o2vqd,1.0,1.0,1.0,1.0,1.0,1.0,1.0,1.0,1.0,3.0717577934265137
o2vqe,1.0,0.18796992481203006,0.3164556962025316,0.9795918367346939,0.1811320754716981,0.3057324840764331,1.0,0.18796992481203006,0.3164556962025316,0.5190517902374268
o2wce,1.0,0.42735042735042733,0.5988023952095808,1.0,0.4224137931034483,0.5939393939393939,1.0,0.42735042735042733,0.5988023952095808,0.5083601474761963
o2x5q,1.0,0.232,0.37662337662337664,0.9651162790697675,0.22192513368983957,0.3608695652173913,1.0,0.232,0.37662337662337664,0.8774263858795166
o2x6y,1.0,0.21706586826347304,0.35670356703567035,0.9861111111111112,0.2128935532233883,0.35018495684340323,1.0,0.21706586826347304,0.35670356703567035,1.1798419952392578
o2xxx,1.0,0.15963606286186932,0.275320970042796,0.9739583333333334,0.15480132450331127,0.2671428571428572,1.0,0.15963606286186932,0.275320970042796,1.4654316902160645
o2ydk,1.0,0.24294670846394983,0.39092055485498106,0.9935064935064936,0.2401883830455259,0.38685208596713017,1.0,0.24294670846394983,0.39092055485498106,1.1894152164459229
o2ynv,1.0,0.046632124352331605,0.08910891089108912,1.0,0.04415584415584416,0.0845771144278607,1.0,0.046632124352331605,0.08910891089108912,0.3813788890838623
o2yrd,1.0,0.10695187165775401,0.1932367149758454,0.9743589743589743,0.10187667560321716,0.18446601941747573,1.0,0.10695187165775401,0.1932367149758454,0.6043715476989746
o2z6q,1.0,0.07014028056112225,0.1310861423220974,0.9705882352941176,0.06626506024096386,0.12406015037593986,1.0,0.07014028056112225,0.1310861423220974,0.6139371395111084
o2zb0,1.0,0.0851528384279476,0.15694164989939638,0.9473684210526315,0.0787746170678337,0.14545454545454545,1.0,0.0851528384279476,0.15694164989939638,0.6429016590118408
o2zho,1.0,0.09032258064516129,0.16568047337278105,0.9230769230769231,0.07792207792207792,0.1437125748502994,1.0,0.09032258064516129,0.16568047337278105,0.4574739933013916
o2zmu,1.0,0.12257100149476831,0.21837549933422104,0.9506172839506173,0.11526946107784432,0.205607476635514,1.0,0.12257100149476831,0.21837549933422104,0.9839391708374023
o2zo6,1.0,0.16666666666666666,0.2857142857142857,1.0,0.16030534351145037,0.2763157894736842,1.0,0.16666666666666666,0.2857142857142857,0.5988979339599609
o2zr2,1.0,0.14261168384879724,0.24962406015037594,0.9515151515151515,0.1349957007738607,0.2364457831325301,1.0,0.14261168384879724,0.24962406015037594,1.3096506595611572
o303t,1.0,0.1320754716981132,0.23333333333333334,0.9705882352941176,0.125,0.22147651006711408,1.0,0.1320754716981132,0.23333333333333334,0.5497984886169434
o30b0,1.0,0.07127882599580712,0.13307240704500978,1.0,0.06932773109243698,0.12966601178781925,1.0,0.07127882599580712,0.13307240704500978,0.5373528003692627
o30jp,1.0,0.21194029850746268,0.34975369458128075,0.9857142857142858,0.20658682634730538,0.34158415841584155,1.0,0.21194029850746268,0.34975369458128075,0.7055487632751465
o310v,1.0,0.25153374233128833,0.4019607843137255,0.95,0.2345679012345679,0.37623762376237624,1.0,0.25153374233128833,0.4019607843137255,0.47153568267822266
o31bh,1.0,0.4016393442622951,0.5730994152046784,0.9583333333333334,0.38016528925619836,0.5443786982248522,1.0,0.4016393442622951,0.5730994152046784,0.7043287754058838
o31he,1.0,0.15733333333333333,0.271889400921659,0.9655172413793104,0.1497326203208556,0.2592592592592592,1.0,0.15733333333333333,0.271889400921659,0.5932435989379883
o31so,1.0,0.09949972206781545,0.18099089989888772,0.9662921348314607,0.09566184649610679,0.17408906882591094,1.0,0.09949972206781545,0.18099089989888772,1.2625572681427002
o31w9,1.0,0.0845771144278607,0.1559633027522936,1.0,0.08,0.14814814814814814,1.0,0.0845771144278607,0.1559633027522936,0.35274338722229004
o32bp,1.0,0.08614692040106404,0.15862848530519968,0.9988109393579072,0.0859510897370306,0.1582815149802148,1.0,0.08614692040106404,0.15862848530519968,4.347421646118164
o32pi,1.0,0.08808290155440414,0.16190476190476188,0.9375,0.078125,0.14423076923076922,1.0,0.08808290155440414,0.16190476190476188,0.5152912139892578
o32tv,1.0,0.16049382716049382,0.276595744680851,1.0,0.15527950310559005,0.26881720430107525,1.0,0.16049382716049382,0.276595744680851,1.5810062885284424
o3377,1.0,0.26105717367853293,0.41402908468776733,0.9875518672199171,0.2570194384449244,0.4078834618680377,1.0,0.26105717367853293,0.41402908468776733,1.7018251419067383
o3390,1.0,0.011904761904761904,0.023529411764705882,1.0,0.00954653937947494,0.018912529550827426,1.0,0.011904761904761904,0.023529411764705882,0.4667484760284424
o33ny,1.0,0.8905109489051095,0.9420849420849421,1.0,0.8897058823529411,0.9416342412451362,1.0,0.8905109489051095,0.9420849420849421,0.9810869693756104
o33st,1.0,0.05046480743691899,0.09608091024020228,1.0,0.05014945200929924,0.09550917141049968,1.0,0.05046480743691899,0.09608091024020228,1.3417742252349854
o33x3,1.0,0.1791044776119403,0.30379746835443033,1.0,0.17293233082706766,0.2948717948717949,1.0,0.1791044776119403,0.30379746835443033,0.6015455722808838
o33yo,1.0,0.17058823529411765,0.2914572864321608,1.0,0.16568047337278108,0.28426395939086296,1.0,0.17058823529411765,0.2914572864321608,0.650958776473999
o33zb,1.0,0.2196969696969697,0.36024844720496896,0.9642857142857143,0.20610687022900764,0.33962264150943394,1.0,0.2196969696969697,0.36024844720496896,0.5667619705200195
o34d3,1.0,0.030534351145038167,0.059259259259259255,1.0,0.02806122448979592,0.05459057071960297,1.0,0.030534351145038167,0.059259259259259255,0.3894329071044922
o34du,1.0,0.391304347826087,0.5625,0.9545454545454546,0.3684210526315789,0.5316455696202531,1.0,0.391304347826087,0.5625,0.49210619926452637
o34hw,1.0,0.08860759493670886,0.1627906976744186,0.9230769230769231,0.07643312101910828,0.1411764705882353,1.0,0.08860759493670886,0.1627906976744186,0.3676321506500244
o34o1,1.0,0.06299212598425197,0.11851851851851852,0.9354838709677419,0.05719921104536489,0.10780669144981413,1.0,0.06299212598425197,0.11851851851851852,0.43135976791381836
o354m,1.0,0.10052910052910052,0.18269230769230768,0.9444444444444444,0.09042553191489362,0.16504854368932037,1.0,0.10052910052910052,0.18269230769230768,0.5808560848236084
o357s,1.0,0.20304568527918782,0.33755274261603374,0.9743589743589743,0.19387755102040816,0.3234042553191489,1.0,0.20304568527918782,0.33755274261603374,0.5900442600250244
o35fg,1.0,0.23076923076923078,0.375,1.0,0.22535211267605634,0.36781609195402304,1.0,0.23076923076923078,0.375,0.5251977443695068
o35ir,1.0,0.07751937984496124,0.14388489208633096,0.9473684210526315,0.07003891050583658,0.13043478260869565,1.0,0.07751937984496124,0.14388489208633096,0.5023233890533447
o35lg,1.0,0.21105527638190955,0.34854771784232363,0.975609756097561,0.20202020202020202,0.3347280334728034,1.0,0.21105527638190955,0.34854771784232363,0.4875221252441406
o35pe,1.0,0.19220779220779222,0.3224400871459695,0.9863013698630136,0.1875,0.3150984682713348,1.0,0.19220779220779222,0.3224400871459695,0.6544632911682129
o36h7,1.0,0.19367588932806323,0.32450331125827814,0.9375,0.17857142857142858,0.30000000000000004,1.0,0.19367588932806323,0.32450331125827814,0.5135626792907715
o36li,1.0,0.1495076096687556,0.26012461059190034,0.9698795180722891,0.1442652329749104,0.25117004680187205,1.0,0.1495076096687556,0.26012461059190034,1.2163991928100586
o36mh,1.0,0.34234234234234234,0.5100671140939597,0.972972972972973,0.32727272727272727,0.48979591836734687,1.0,0.34234234234234234,0.5100671140939597,0.5765752792358398
o36rj,1.0,0.1596244131455399,0.27530364372469635,0.9696969696969697,0.1509433962264151,0.2612244897959184,1.0,0.1596244131455399,0.27530364372469635,0.7242329120635986
o370y,1.0,0.15841584158415842,0.27350427350427353,0.9574468085106383,0.1490066225165563,0.25787965616045844,1.0,0.15841584158415842,0.27350427350427353,0.6952214241027832
o378y,1.0,0.17854217854217855,0.30298818624044477,0.9953917050691244,0.17704918032786884,0.30062630480167013,1.0,0.17854217854217855,0.30298818624044477,1.5946059226989746
o37a4,1.0,0.07575757575757576,0.14084507042253522,0.9473684210526315,0.06844106463878327,0.12765957446808512,1.0,0.07575757575757576,0.14084507042253522,0.5128629207611084
o37nf,1.0,0.09578544061302682,0.17482517482517484,0.9583333333333334,0.08846153846153847,0.1619718309859155,1.0,0.09578544061302682,0.17482517482517484,0.5350320339202881
o37q3,1.0,0.14925373134328357,0.2597402597402597,0.9830508474576272,0.14463840399002495,0.25217391304347825,1.0,0.14925373134328357,0.2597402597402597,0.5452213287353516
o37r9,1.0,0.13926940639269406,0.24448897795591182,0.9834710743801653,0.136,0.2389558232931727,1.0,0.13926940639269406,0.24448897795591182,1.0323443412780762
o37wm,1.0,0.06756756756756757,0.12658227848101267,0.9285714285714286,0.058823529411764705,0.11063829787234042,1.0,0.06756756756756757,0.12658227848101267,0.4012126922607422
o388j,1.0,0.07604562737642585,0.1413427561837456,0.9830508474576272,0.07360406091370558,0.13695395513577333,1.0,0.07604562737642585,0.1413427561837456,0.8294658660888672
o38a5,1.0,0.04711246200607903,0.0899854862119013,0.9666666666666667,0.0441400304414003,0.08442503639010189,1.0,0.04711246200607903,0.0899854862119013,0.5952434539794922
o38hb,1.0,0.27184466019417475,0.4274809160305344,0.9636363636363636,0.25853658536585367,0.4076923076923077,1.0,0.27184466019417475,0.4274809160305344,0.7871427536010742
o38yu,1.0,0.10407239819004525,0.1885245901639344,1.0,0.1,0.18181818181818182,1.0,0.10407239819004525,0.1885245901639344,0.4234788417816162
o39jl,1.0,0.2978723404255319,0.45901639344262296,0.975609756097561,0.2857142857142857,0.44198895027624313,1.0,0.2978723404255319,0.45901639344262296,0.5149414539337158
o39ro,1.0,0.16891891891891891,0.28901734104046245,0.9583333333333334,0.1564625850340136,0.26900584795321636,1.0,0.16891891891891891,0.28901734104046245,0.5109717845916748
o3an9,1.0,0.2127659574468085,0.3508771929824561,1.0,0.2094017094017094,0.3462897526501767,1.0,0.2127659574468085,0.3508771929824561,0.5421664714813232
o3asv,1.0,0.38461538461538464,0.5555555555555556,0.9814814814814815,0.3732394366197183,0.5408163265306122,1.0,0.38461538461538464,0.5555555555555556,0.5882441997528076
o3b0h,1.0,0.3153153153153153,0.4794520547945206,1.0,0.3090909090909091,0.4722222222222222,1.0,0.3153153153153153,0.4794520547945206,0.42993736267089844
o3b0k,1.0,0.10650887573964497,0.1925133689839572,1.0,0.10119047619047619,0.18378378378378377,1.0,0.10650887573964497,0.1925133689839572,0.5745267868041992
o3b1l,1.0,0.20955882352941177,0.34650455927051677,0.9821428571428571,0.2029520295202952,0.3363914373088685,1.0,0.20955882352941177,0.34650455927051677,0.7176542282104492
o3c5n,1.0,0.17777777777777778,0.3018867924528302,0.9743589743589743,0.16964285714285715,0.2889733840304183,1.0,0.17777777777777778,0.3018867924528302,0.49193358421325684
o3c6f,1.0,0.11538461538461539,0.20689655172413793,1.0,0.11049723756906077,0.19900497512437812,1.0,0.11538461538461539,0.20689655172413793,0.476743221282959
o3ce6,1.0,0.1683366733466934,0.2881646655231561,0.963855421686747,0.1606425702811245,0.2753872633390706,1.0,0.1683366733466934,0.2881646655231561,0.878441572189331
o3ckf,1.0,0.11643835616438356,0.2085889570552147,1.0,0.1103448275862069,0.19875776397515527,1.0,0.11643835616438356,0.2085889570552147,0.32643914222717285
o3co1,1.0,0.016055045871559634,0.03160270880361174,0.6666666666666666,0.009195402298850575,0.018140589569160995,1.0,0.016055045871559634,0.03160270880361174,0.5041861534118652
o3cry,1.0,0.11864406779661017,0.21212121212121215,0.9705882352941176,0.11224489795918367,0.20121951219512196,1.0,0.11864406779661017,0.21212121212121215,0.669243574142456
o3d1n,1.0,0.2204724409448819,0.36129032258064514,0.9629629629629629,0.20634920634920634,0.3398692810457516,1.0,0.2204724409448819,0.36129032258064514,0.5286672115325928
o3d1q,1.0,0.24039829302987198,0.3876146788990826,0.9821428571428571,0.23504273504273504,0.3793103448275862,1.0,0.24039829302987198,0.3876146788990826,1.181276798248291
o3d5d,1.0,0.42962962962962964,0.6010362694300518,0.9824561403508771,0.417910447761194,0.5863874345549739,1.0,0.42962962962962964,0.6010362694300518,0.7068893909454346
o3dd2,1.0,0.10222521915037087,0.18548880460051387,0.9986789960369881,0.10196924736984084,0.18504467017500914,1.0,0.10222521915037087,0.18548880460051387,4.716496229171753
o3dhm,1.0,0.16314199395770393,0.2805194805194805,0.9056603773584906,0.14545454545454545,0.2506527415143603,1.0,0.16314199395770393,0.2805194805194805,0.6400182247161865
o3eqz,1.0,0.21241830065359477,0.3504043126684636,0.96875,0.20327868852459016,0.33604336043360433,1.0,0.21241830065359477,0.3504043126684636,1.6036357879638672
o3f1t,1.0,0.2532808398950131,0.4041884816753927,0.9791666666666666,0.24704336399474375,0.3945435466946485,1.0,0.2532808398950131,0.4041884816753927,1.3095920085906982
o3fr7,1.0,0.1891891891891892,0.3181818181818182,1.0,0.18478260869565216,0.3119266055045872,1.0,0.1891891891891892,0.3181818181818182,0.5894029140472412
o3g5w,1.0,0.5401459854014599,0.7014218009478673,1.0,0.5367647058823529,0.6985645933014354,1.0,0.5401459854014599,0.7014218009478673,0.6967494487762451
o3gcw,1.0,0.5214285714285715,0.6854460093896715,0.9861111111111112,0.5107913669064749,0.6729857819905214,1.0,0.5214285714285715,0.6854460093896715,0.7504794597625732
o3gjh,1.0,0.29133858267716534,0.45121951219512196,0.9789156626506024,0.28458844133099825,0.440976933514247,1.0,0.29133858267716534,0.45121951219512196,2.192363977432251
o3grd,1.0,0.19863013698630136,0.33142857142857146,0.9824561403508771,0.19243986254295534,0.32183908045977017,1.0,0.19863013698630136,0.33142857142857146,0.6469640731811523
o3h3o,1.0,0.14009745910198398,0.24576400549534425,0.9900497512437811,0.13855526544821584,0.24309054817529394,1.0,0.14009745910198398,0.24576400549534425,4.511285781860352
o3hle,1.0,0.05217391304347826,0.09917355371900827,0.9787234042553191,0.05005440696409141,0.09523809523809523,1.0,0.05217391304347826,0.09917355371900827,0.6859357357025146
o3ifx,1.0,0.49066666666666664,0.6583184257602862,0.9981851179673321,0.4893238434163701,0.6567164179104478,1.0,0.49066666666666664,0.6583184257602862,3.3932318687438965
o3j3c,1.0,0.1278538812785388,0.22672064777327935,0.9818181818181818,0.12356979405034325,0.21951219512195125,1.0,0.1278538812785388,0.22672064777327935,0.8362550735473633
o3jd1,1.0,0.16171328671328672,0.27840481565086533,0.9402173913043478,0.15135608048993876,0.26073850791258474,1.0,0.16171328671328672,0.27840481565086533,1.3181354999542236
o3k68,1.0,0.10294117647058823,0.18666666666666665,0.9710144927536232,0.09867452135493372,0.17914438502673796,1.0,0.10294117647058823,0.18666666666666665,0.6999838352203369
o3kwb,1.0,0.05037313432835821,0.09591474245115453,0.9615384615384616,0.04672897196261682,0.089126559714795,1.0,0.05037313432835821,0.09591474245115453,0.5434942245483398
o3ky4,1.0,0.19696969696969696,0.3291139240506329,0.9736842105263158,0.18781725888324874,0.31489361702127666,1.0,0.19696969696969696,0.3291139240506329,0.6994240283966064
o3l4x,1.0,0.18045112781954886,0.3057324840764331,1.0,0.17424242424242425,0.2967741935483871,1.0,0.18045112781954886,0.3057324840764331,0.5152502059936523
o3lqp,1.0,0.012658227848101266,0.024999999999999998,1.0,0.00847457627118644,0.01680672268907563,1.0,0.012658227848101266,0.024999999999999998,0.5032391548156738
o3mdh,1.0,0.24824355971896955,0.3977485928705441,0.957345971563981,0.23681125439624853,0.37969924812030076,1.0,0.24824355971896955,0.3977485928705441,1.5332190990447998
o3mmp,1.0,0.232,0.37662337662337664,0.9642857142857143,0.21774193548387097,0.35526315789473684,1.0,0.232,0.37662337662337664,0.5815021991729736
o3mw4,1.0,0.4621212121212121,0.6321243523316061,0.9833333333333333,0.45038167938931295,0.6178010471204187,1.0,0.4621212121212121,0.6321243523316061,0.7659845352172852
o3n0f,1.0,0.039473684210526314,0.07594936708860758,1.0,0.036939313984168866,0.07124681933842239,1.0,0.039473684210526314,0.07594936708860758,0.3804812431335449
o3n9k,1.0,0.16083916083916083,0.27710843373493976,1.0,0.15492957746478872,0.26829268292682923,1.0,0.16083916083916083,0.27710843373493976,0.40272974967956543
o3pcr,1.0,0.1774193548387097,0.3013698630136986,1.0,0.17408906882591094,0.29655172413793107,1.0,0.1774193548387097,0.3013698630136986,1.1271345615386963
o3po5,1.0,0.135,0.2378854625550661,0.9622641509433962,0.12781954887218044,0.22566371681415928,1.0,0.135,0.2378854625550661,0.6474521160125732
o3pxf,1.0,0.15202702702702703,0.26392961876832843,0.9775280898876404,0.14720812182741116,0.25588235294117645,1.0,0.15202702702702703,0.26392961876832843,0.7652769088745117
o3qdx,1.0,0.6146788990825688,0.7613636363636362,0.9848484848484849,0.6018518518518519,0.7471264367816092,1.0,0.6146788990825688,0.7613636363636362,0.7213678359985352
o3rb2,1.0,0.08656174334140436,0.15933147632311978,1.0,0.08600847970926712,0.15839375348577805,1.0,0.08656174334140436,0.15933147632311978,1.1019287109375
o3rcd,1.0,0.0784313725490196,0.14545454545454545,1.0,0.07480314960629922,0.1391941391941392,1.0,0.0784313725490196,0.14545454545454545,0.554591178894043
o3reu,1.0,0.11483253588516747,0.20600858369098715,1.0,0.11057692307692307,0.1991341991341991,1.0,0.11483253588516747,0.20600858369098715,0.7130491733551025
o3ri7,1.0,0.14052697616060225,0.24642464246424642,0.963963963963964,0.13442211055276382,0.23594266813671444,1.0,0.14052697616060225,0.24642464246424642,0.9079124927520752
o3rsh,1.0,0.08808179784854617,0.16190289741581831,0.9939467312348669,0.08745206646783127,0.16075974153123163,1.0,0.08808179784854617,0.16190289741581831,4.700946807861328
o3sy4,1.0,0.28515625,0.44376899696048633,0.9722222222222222,0.27450980392156865,0.4281345565749236,1.0,0.28515625,0.44376899696048633,0.6459074020385742
o3t26,1.0,0.10215053763440861,0.1853658536585366,0.9444444444444444,0.0918918918918919,0.16748768472906406,1.0,0.10215053763440861,0.1853658536585366,0.39193224906921387
o3t37,1.0,0.07110300820419325,0.13276595744680852,0.967741935483871,0.06839945280437756,0.12776831345826234,1.0,0.07110300820419325,0.13276595744680852,1.2963778972625732
o3u3b,1.0,0.0379746835443038,0.07317073170731708,0.8,0.025477707006369428,0.04938271604938272,1.0,0.0379746835443038,0.07317073170731708,0.34372425079345703
o3uj0,1.0,0.047787610619469026,0.09121621621621621,1.0,0.04609929078014184,0.08813559322033898,1.0,0.047787610619469026,0.09121621621621621,0.43947410583496094
o3umw,1.0,0.7699386503067485,0.8700173310225303,1.0,0.7695852534562212,0.8697916666666667,1.0,0.7699386503067485,0.8700173310225303,2.9811723232269287
o3v6m,1.0,0.1691542288557214,0.2893617021276596,0.9802955665024631,0.16514522821576763,0.28267045454545453,1.0,0.1691542288557214,0.2893617021276596,1.5063848495483398
o3vh6,1.0,0.20949074074074073,0.3464114832535885,0.9666666666666667,0.20162224797219003,0.33365292425695114,1.0,0.20949074074074073,0.3464114832535885,1.167588710784912
o3vx9,1.0,0.28051001821493626,0.43812233285917496,0.9673202614379085,0.27007299270072993,0.42225392296718967,1.0,0.28051001821493626,0.43812233285917496,1.3698434829711914
o3w68,1.0,0.13382899628252787,0.23606557377049178,1.0,0.13059701492537312,0.231023102310231,1.0,0.13382899628252787,0.23606557377049178,0.4354565143585205
o3way,1.0,0.028785982478097622,0.05596107055961071,0.8636363636363636,0.023809523809523808,0.04634146341463414,1.0,0.028785982478097622,0.05596107055961071,0.5169365406036377
o3wbs,1.0,0.15306122448979592,0.2654867256637168,0.9655172413793104,0.14358974358974358,0.24999999999999994,1.0,0.15306122448979592,0.2654867256637168,0.5063290596008301
o3wjh,1.0,0.6285714285714286,0.7719298245614035,0.9846153846153847,0.6153846153846154,0.7573964497041421,1.0,0.6285714285714286,0.7719298245614035,0.6106765270233154
o3wp2,1.0,0.17142857142857143,0.2926829268292683,1.0,0.1674641148325359,0.28688524590163933,1.0,0.17142857142857143,0.2926829268292683,0.5286839008331299
o3xpq,1.0,0.14212678936605316,0.2488809310653536,0.9637681159420289,0.13613101330603888,0.23856502242152466,1.0,0.14212678936605316,0.2488809310653536,1.0511274337768555
o3xyx,1.0,0.08792846497764531,0.16164383561643836,0.9572649572649573,0.08351976137211037,0.1536351165980796,1.0,0.08792846497764531,0.16164383561643836,1.6093387603759766
o3y38,1.0,0.11515151515151516,0.20652173913043478,0.9444444444444444,0.10365853658536585,0.1868131868131868,1.0,0.11515151515151516,0.20652173913043478,0.39458465576171875
o3y3i,1.0,0.1708542713567839,0.2918454935622317,0.9696969696969697,0.16161616161616163,0.2770562770562771,1.0,0.1708542713567839,0.2918454935622317,0.7753250598907471
o3y3v,1.0,0.38686131386861317,0.5578947368421052,0.9807692307692307,0.375,0.5425531914893617,1.0,0.38686131386861317,0.5578947368421052,1.1156160831451416
o3yjv,1.0,0.14360313315926893,0.2511415525114155,0.9629629629629629,0.13612565445026178,0.23853211009174316,1.0,0.14360313315926893,0.2511415525114155,0.8983099460601807
o3ykm,1.0,0.043933054393305436,0.0841683366733467,0.95,0.039832285115303984,0.07645875251509053,1.0,0.043933054393305436,0.0841683366733467,1.1974599361419678
o3z2b,1.0,0.025252525252525252,0.04926108374384236,1.0,0.02278481012658228,0.04455445544554456,1.0,0.025252525252525252,0.04926108374384236,0.369340181350708
o3zmb,1.0,0.08167024869511821,0.15100766392279308,0.9773584905660377,0.07954545454545454,0.147117296222664,1.0,0.08167024869511821,0.15100766392279308,1.8692660331726074
o401k,1.0,0.2623985572587917,0.4157142857142857,0.9793103448275862,0.2563176895306859,0.4062947067238913,1.0,0.2623985572587917,0.4157142857142857,1.856809139251709
o4036,1.0,0.368,0.5380116959064328,0.9781021897810219,0.3582887700534759,0.5244618395303327,1.0,0.368,0.5380116959064328,1.1035196781158447
o40ah,1.0,0.055201698513800426,0.10462776659959759,0.96,0.05106382978723404,0.09696969696969696,1.0,0.055201698513800426,0.10462776659959759,0.5729269981384277
o40bn,1.0,0.49577647823261856,0.6629018245004343,1.0,0.49544863459037713,0.6626086956521738,1.0,0.49577647823261856,0.6629018245004343,4.3631627559661865
o40cy,1.0,0.1814300960512273,0.3071364046973803,0.9881656804733728,0.17841880341880342,0.30226244343891406,1.0,0.1814300960512273,0.3071364046973803,1.257354736328125
o40eh,1.0,0.09939759036144578,0.18082191780821918,0.9375,0.09063444108761329,0.1652892561983471,1.0,0.09939759036144578,0.18082191780821918,0.4748833179473877
o40mf,1.0,0.24324324324324326,0.391304347826087,1.0,0.23636363636363636,0.3823529411764706,1.0,0.24324324324324326,0.391304347826087,0.4429750442504883
o40ss,1.0,0.1510791366906475,0.2625,0.95,0.13768115942028986,0.24050632911392408,1.0,0.1510791366906475,0.2625,0.40106630325317383
o40y9,1.0,0.09728506787330317,0.17731958762886596,0.9761904761904762,0.09297052154195011,0.16977225672877846,1.0,0.09728506787330317,0.17731958762886596,0.507897138595581
o410y,1.0,0.06626506024096386,0.12429378531073448,0.9,0.05454545454545454,0.10285714285714284,1.0,0.06626506024096386,0.12429378531073448,0.4680476188659668
o415b,1.0,0.1592920353982301,0.2748091603053435,0.9714285714285714,0.1511111111111111,0.26153846153846155,1.0,0.1592920353982301,0.2748091603053435,0.7176268100738525
o4206,1.0,0.1796875,0.304635761589404,0.9777777777777777,0.17254901960784313,0.29333333333333333,1.0,0.1796875,0.304635761589404,0.562556266784668
o42vl,1.0,0.18095238095238095,0.3064516129032258,0.9772727272727273,0.17574931880108993,0.2979214780600462,1.0,0.18095238095238095,0.3064516129032258,1.0101048946380615
o434i,1.0,0.6,0.7499999999999999,0.9789473684210527,0.5849056603773585,0.732283464566929,1.0,0.6,0.7499999999999999,0.9186253547668457
o435n,1.0,0.043697478991596636,0.08373590982286633,0.96,0.04040404040404041,0.07754442649434572,1.0,0.043697478991596636,0.08373590982286633,0.5303480625152588
o43vs,1.0,0.09647302904564316,0.1759697256385998,0.9782608695652174,0.09345794392523364,0.17061611374407584,1.0,0.09647302904564316,0.1759697256385998,0.8734538555145264
o43vu,1.0,0.07671232876712329,0.1424936386768448,0.9629629629629629,0.07142857142857142,0.13299232736572889,1.0,0.07671232876712329,0.1424936386768448,0.4863626956939697
o44le,1.0,0.21338912133891214,0.3517241379310345,0.94,0.19747899159663865,0.3263888888888889,1.0,0.21338912133891214,0.3517241379310345,0.5293753147125244
o44n9,1.0,0.10872290883037793,0.19612277867528272,0.9966996699669967,0.1082049444643497,0.19521654815772463,1.0,0.10872290883037793,0.19612277867528272,4.4672276973724365
o44on,1.0,0.10215053763440861,0.1853658536585366,1.0,0.0972972972972973,0.17733990147783255,1.0,0.10215053763440861,0.1853658536585366,0.48368239402770996
o451t,1.0,0.09344284367847044,0.1709149119566556,0.987012987012987,0.09210880689469432,0.1684936568542924,1.0,0.09344284367847044,0.1709149119566556,4.678468704223633
o4523,1.0,0.2302357836338419,0.3742953776775649,0.9818181818181818,0.225,0.36610169491525424,1.0,0.2302357836338419,0.3742953776775649,1.264887809753418
o454e,1.0,0.21428571428571427,0.35294117647058826,0.9772727272727273,0.20574162679425836,0.3399209486166007,1.0,0.21428571428571427,0.35294117647058826,0.549799919128418
o45a9,1.0,0.4444444444444444,0.6153846153846153,1.0,0.4396551724137931,0.6107784431137724,1.0,0.4444444444444444,0.6153846153846153,0.6977930068969727
o4606,1.0,0.1977401129943503,0.330188679245283,0.9855072463768116,0.19263456090651557,0.3222748815165877,1.0,0.1977401129943503,0.330188679245283,0.8402535915374756
o4612,1.0,0.3125,0.47619047619047616,0.9705882352941176,0.2972972972972973,0.45517241379310347,1.0,0.3125,0.47619047619047616,0.5997490882873535
o46kd,1.0,0.3582887700534759,0.5275590551181102,0.9696969696969697,0.34408602150537637,0.5079365079365079,1.0,0.3582887700534759,0.5275590551181102,0.6736693382263184
o46pb,1.0,0.47694174757281554,0.6458504519309779,0.9846938775510204,0.4690157958687728,0.6353909465020576,1.0,0.47694174757281554,0.6458504519309779,2.4276137351989746
o46y6,1.0,0.5080168776371308,0.6737548964745383,0.9816971713810316,0.4983108108108108,0.6610644257703082,1.0,0.5080168776371308,0.6737548964745383,3.356497049331665
o473o,1.0,0.16076294277929154,0.2769953051643192,0.9655172413793104,0.15300546448087432,0.2641509433962264,1.0,0.16076294277929154,0.2769953051643192,0.7471024990081787
o47m7,1.0,0.37636761487964987,0.546899841017488,0.9707602339181286,0.36403508771929827,0.529505582137161,1.0,0.37636761487964987,0.546899841017488,1.3207204341888428
o47mc,1.0,0.49206349206349204,0.6595744680851063,0.9836065573770492,0.48,0.6451612903225806,1.0,0.49206349206349204,0.6595744680851063,0.7073090076446533
o4802,1.0,0.06629834254143646,0.1243523316062176,1.0,0.06111111111111111,0.11518324607329843,1.0,0.06629834254143646,0.1243523316062176,0.47071194648742676
o48k7,1.0,0.11518324607329843,0.20657276995305163,0.9458689458689459,0.10867430441898528,0.19495008807985909,1.0,0.11518324607329843,0.20657276995305163,2.585428237915039
o494z,1.0,0.016304347826086956,0.03208556149732621,1.0,0.01092896174863388,0.021621621621621623,1.0,0.016304347826086956,0.03208556149732621,0.30037927627563477
o49dr,1.0,0.10728952772073921,0.19378766805748723,0.9964071856287425,0.10678988576562701,0.19290517041502436,1.0,0.10728952772073921,0.19378766805748723,4.904460191726685
o49ox,1.0,0.018617021276595744,0.03655352480417755,1.0,0.016,0.031496062992125984,1.0,0.018617021276595744,0.03655352480417755,0.5191009044647217
o49zc,1.0,0.15915119363395225,0.2745995423340961,1.0,0.15803452855245684,0.27293577981651373,1.0,0.15915119363395225,0.2745995423340961,0.9001812934875488
o4a7m,1.0,0.3367496339677892,0.5038335158817087,0.9694323144104804,0.3255131964809384,0.48737650933040616,1.0,0.3367496339677892,0.5038335158817087,1.4124548435211182
o4asu,1.0,0.2733812949640288,0.4293785310734463,0.972972972972973,0.2608695652173913,0.41142857142857137,1.0,0.2733812949640288,0.4293785310734463,0.5209972858428955
o4bbt,1.0,0.04059040590405904,0.07801418439716312,1.0,0.037037037037037035,0.07142857142857142,1.0,0.04059040590405904,0.07801418439716312,0.3327357769012451
o4bij,1.0,0.37020316027088035,0.5403624382207578,0.9815950920245399,0.36199095022624433,0.5289256198347108,1.0,0.37020316027088035,0.5403624382207578,1.131420612335205
o4bir,1.0,0.20535714285714285,0.34074074074074073,0.9545454545454546,0.1891891891891892,0.3157894736842105,1.0,0.20535714285714285,0.34074074074074073,1.445094108581543
o4blt,1.0,0.04075235109717868,0.07831325301204818,1.0,0.03773584905660377,0.07272727272727272,1.0,0.04075235109717868,0.07831325301204818,0.5078363418579102
o4bm3,1.0,0.1070615034168565,0.1934156378600823,1.0,0.1050228310502283,0.19008264462809915,1.0,0.1070615034168565,0.1934156378600823,0.6517016887664795
o4c16,1.0,0.16339869281045752,0.28089887640449435,1.0,0.15789473684210525,0.2727272727272727,1.0,0.16339869281045752,0.28089887640449435,0.6243734359741211
o4cr7,1.0,0.08992805755395683,0.16501650165016502,1.0,0.08664259927797834,0.159468438538206,1.0,0.08992805755395683,0.16501650165016502,0.5750176906585693
o4cul,1.0,0.1558139534883721,0.2696177062374246,0.9849624060150376,0.15250291036088476,0.26411290322580644,1.0,0.1558139534883721,0.2696177062374246,1.4681518077850342
o4czo,1.0,0.14345991561181434,0.25092250922509224,0.9702970297029703,0.13802816901408452,0.24167694204685572,1.0,0.14345991561181434,0.25092250922509224,0.8208920955657959
o4d9u,1.0,0.07435897435897436,0.13842482100238665,0.9642857142857143,0.06940874035989718,0.12949640287769784,1.0,0.07435897435897436,0.13842482100238665,0.6275365352630615
o4df6,1.0,0.06711409395973154,0.12578616352201258,1.0,0.06397306397306397,0.12025316455696203,1.0,0.06711409395973154,0.12578616352201258,0.5297765731811523
o4do0,1.0,0.12033195020746888,0.21481481481481482,0.9642857142857143,0.1125,0.20149253731343286,1.0,0.12033195020746888,0.21481481481481482,0.4471762180328369
o4e6o,1.0,0.21705426356589147,0.356687898089172,1.0,0.2109375,0.34838709677419355,1.0,0.21705426356589147,0.356687898089172,0.4296877384185791
o4ef7,1.0,0.17102966841186737,0.2921013412816692,0.9690721649484536,0.16433566433566432,0.28101644245142005,1.0,0.17102966841186737,0.2921013412816692,0.8507580757141113
o4eqq,1.0,0.35331230283911674,0.5221445221445221,0.972972972972973,0.34177215189873417,0.505854800936768,1.0,0.35331230283911674,0.5221445221445221,0.936835527420044
o4few,1.0,0.5399449035812672,0.701252236135957,1.0,0.5386740331491713,0.7001795332136446,1.0,0.5399449035812672,0.701252236135957,1.4945709705352783
o4fg4,1.0,0.12121212121212122,0.21621621621621626,0.9565217391304348,0.1116751269035533,0.20000000000000004,1.0,0.12121212121212122,0.21621621621621626,0.5077638626098633
o4fsh,1.0,0.4251497005988024,0.596638655462185,0.9714285714285714,0.40963855421686746,0.576271186440678,1.0,0.4251497005988024,0.596638655462185,0.6613507270812988
o4fv8,1.0,0.03508771929824561,0.06779661016949151,1.0,0.03169014084507042,0.06143344709897611,1.0,0.03508771929824561,0.06779661016949151,0.4965856075286865
o4g3x,1.0,0.597892888498683,0.7483516483516484,0.9970588235294118,0.5957820738137083,0.7458745874587459,1.0,0.597892888498683,0.7483516483516484,3.754450798034668
o4g88,1.0,0.17289719626168223,0.29482071713147406,1.0,0.16901408450704225,0.2891566265060241,1.0,0.17289719626168223,0.29482071713147406,0.62776780128479
o4gjo,1.0,0.07738095238095238,0.14364640883977903,0.96,0.07164179104477612,0.13333333333333333,1.0,0.07738095238095238,0.14364640883977903,0.6779632568359375
o4gp7,1.0,0.13445378151260504,0.23703703703703705,0.9574468085106383,0.12640449438202248,0.22332506203473945,1.0,0.13445378151260504,0.23703703703703705,0.5718274116516113
o4gtm,1.0,0.0968586387434555,0.1766109785202864,0.9722222222222222,0.09186351706036745,0.16786570743405274,1.0,0.0968586387434555,0.1766109785202864,0.6272125244140625
o4gv5,1.0,0.08092485549132948,0.1497326203208556,1.0,0.0755813953488372,0.14054054054054055,1.0,0.08092485549132948,0.1497326203208556,0.3519456386566162
o4h5k,1.0,0.3904761904761905,0.5616438356164384,0.975,0.375,0.5416666666666666,1.0,0.3904761904761905,0.5616438356164384,0.6238007545471191
o4he3,1.0,0.14659685863874344,0.2557077625570776,0.9629629629629629,0.1368421052631579,0.23963133640552997,1.0,0.14659685863874344,0.2557077625570776,0.5159304141998291
o4hfg,1.0,0.14678899082568808,0.256,1.0,0.14285714285714285,0.25,1.0,0.14678899082568808,0.256,0.483595609664917
o4hlv,1.0,0.28448275862068967,0.44295302013422816,1.0,0.2782608695652174,0.435374149659864,1.0,0.28448275862068967,0.44295302013422816,0.62241530418396
o4hnj,1.0,0.06746031746031746,0.12639405204460966,1.0,0.06374501992031872,0.1198501872659176,1.0,0.06746031746031746,0.12639405204460966,0.36803460121154785
o4huw,1.0,0.02761430511543685,0.05374449339207048,1.0,0.02717391304347826,0.05291005291005291,1.0,0.02761430511543685,0.05374449339207048,0.7199320793151855
o4ide,1.0,0.07446808510638298,0.1386138613861386,1.0,0.0711743772241993,0.132890365448505,1.0,0.07446808510638298,0.1386138613861386,0.5170459747314453
o4iq7,1.0,0.09392265193370165,0.17171717171717168,1.0,0.09141274238227147,0.16751269035532995,1.0,0.09392265193370165,0.17171717171717168,0.6303677558898926
o4iu6,1.0,0.04736842105263158,0.09045226130653267,0.9411764705882353,0.04221635883905013,0.08080808080808081,1.0,0.04736842105263158,0.09045226130653267,0.6570518016815186
o4j7g,1.0,0.216,0.35526315789473684,1.0,0.20967741935483872,0.3466666666666667,1.0,0.216,0.35526315789473684,0.6218066215515137
o4j9g,1.0,0.18681318681318682,0.3148148148148148,0.9702970297029703,0.1798165137614679,0.303405572755418,1.0,0.18681318681318682,0.3148148148148148,1.0172107219696045
o4jmz,1.0,0.4,0.5714285714285715,1.0,0.3951612903225806,0.5664739884393064,1.0,0.4,0.5714285714285715,0.7736787796020508
o4jqr,1.0,0.06269592476489028,0.11799410029498525,1.0,0.059748427672955975,0.11275964391691394,1.0,0.06269592476489028,0.11799410029498525,0.5380704402923584
o4jt1,1.0,0.08494208494208494,0.15658362989323843,1.0,0.08139534883720931,0.15053763440860218,1.0,0.08494208494208494,0.15658362989323843,0.7716786861419678
o4kcd,1.0,0.11067193675889328,0.199288256227758,1.0,0.10714285714285714,0.19354838709677416,1.0,0.11067193675889328,0.199288256227758,0.44226574897766113
o4kvx,1.0,0.289134438305709,0.4485714285714285,0.967948717948718,0.2785977859778598,0.4326647564469914,1.0,0.289134438305709,0.4485714285714285,1.3093032836914062
o4l79,1.0,0.328125,0.49411764705882355,0.975609756097561,0.31496062992125984,0.4761904761904762,1.0,0.328125,0.49411764705882355,0.6119084358215332
o4l8v,1.0,0.25210084033613445,0.40268456375838924,0.9655172413793104,0.23728813559322035,0.380952380952381,1.0,0.25210084033613445,0.40268456375838924,0.5614643096923828
o4l9g,1.0,0.5986290936785986,0.7489280609814197,0.9796178343949045,0.5861280487804879,0.7334287076776347,1.0,0.5986290936785986,0.7489280609814197,4.403973579406738
o4lxr,0.9987593052109182,0.7946692991115498,0.885101704233095,0.9950310559006211,0.791501976284585,0.8816730875068796,0.9987593052109182,0.7946692991115498,0.885101704233095,4.519891738891602
o4m2i,1.0,0.18705035971223022,0.3151515151515152,0.9803921568627451,0.18050541516245489,0.3048780487804878,1.0,0.18705035971223022,0.3151515151515152,0.7132298946380615
o4mwj,1.0,0.3510848126232742,0.5197080291970803,0.9774011299435028,0.34189723320158105,0.506588579795022,1.0,0.3510848126232742,0.5197080291970803,1.2303307056427002
o4mzb,1.0,0.11882716049382716,0.2124137931034483,0.9736842105263158,0.1143740340030912,0.20470262793914248,1.0,0.11882716049382716,0.2124137931034483,0.652113676071167
o4n0k,1.0,0.07317073170731707,0.13636363636363635,0.96875,0.06888888888888889,0.12863070539419086,1.0,0.07317073170731707,0.13636363636363635,0.6305859088897705
o4nm6,1.0,0.13606911447084233,0.23954372623574144,0.967741935483871,0.12987012987012986,0.22900763358778625,1.0,0.13606911447084233,0.23954372623574144,0.8178775310516357
o4nng,1.0,0.18041237113402062,0.3056768558951965,0.9710144927536232,0.1731266149870801,0.293859649122807,1.0,0.18041237113402062,0.3056768558951965,0.6052401065826416
o5gxy,1.0,0.8146143437077131,0.8978374347501864,0.9916805324459235,0.8075880758807588,0.8902165795369679,1.0,0.8146143437077131,0.8978374347501864,3.2236196994781494
o5h1a,1.0,0.22388059701492538,0.36585365853658536,0.9655172413793104,0.21052631578947367,0.34567901234567905,1.0,0.22388059701492538,0.36585365853658536,0.41899752616882324
o5h5a,1.0,0.30962343096234307,0.47284345047923315,0.9863013698630136,0.3025210084033613,0.46302250803858513,1.0,0.30962343096234307,0.47284345047923315,0.63938307762146
o5hec,1.0,0.24066390041493776,0.3879598662207358,0.9649122807017544,0.22916666666666666,0.37037037037037035,1.0,0.24066390041493776,0.3879598662207358,0.5362894535064697
o5hsy,1.0,0.0420353982300885,0.08067940552016986,1.0,0.03991130820399113,0.0767590618336887,1.0,0.0420353982300885,0.08067940552016986,0.420382022857666
o5hzt,1.0,0.1718555417185554,0.29330499468650373,0.9416058394160584,0.16084788029925187,0.2747603833865815,1.0,0.1718555417185554,0.29330499468650373,1.1474504470825195
o5i13,1.0,0.16129032258064516,0.27777777777777773,0.953125,0.1517412935323383,0.26180257510729615,1.0,0.16129032258064516,0.27777777777777773,0.7217411994934082
o5i5j,1.0,0.34558823529411764,0.5136612021857923,0.9782608695652174,0.3333333333333333,0.4972375690607735,1.0,0.34558823529411764,0.5136612021857923,0.46658754348754883
o5i95,1.0,0.4188034188034188,0.5903614457831325,0.9791666666666666,0.4051724137931034,0.573170731707317,1.0,0.4188034188034188,0.5903614457831325,0.5472798347473145
o5ife,1.0,0.06443298969072164,0.12106537530266342,0.9583333333333334,0.059431524547803614,0.11192214111922143,1.0,0.06443298969072164,0.12106537530266342,0.5172064304351807
o5ijb,1.0,0.9297820823244553,0.9636135508155584,1.0,0.9296969696969697,0.9635678391959799,1.0,0.9297820823244553,0.9636135508155584,4.528417348861694
o5ijn,1.0,0.2974137931034483,0.45847176079734214,0.9558823529411765,0.2813852813852814,0.4347826086956522,1.0,0.2974137931034483,0.45847176079734214,0.7803134918212891
o5iw3,1.0,0.14673913043478262,0.2559241706161137,0.9622641509433962,0.13896457765667575,0.24285714285714288,1.0,0.14673913043478262,0.2559241706161137,1.51112961769104
o5jdg,1.0,0.1329987452948557,0.23477297895902544,0.9523809523809523,0.12562814070351758,0.22197558268590453,1.0,0.1329987452948557,0.23477297895902544,0.8482117652893066
o5ju1,1.0,0.11148648648648649,0.2006079027355623,1.0,0.10847457627118644,0.19571865443425074,1.0,0.11148648648648649,0.2006079027355623,0.7098257541656494
o5kaa,1.0,0.11646586345381527,0.20863309352517984,0.9473684210526315,0.10865191146881288,0.19494584837545129,1.0,0.11646586345381527,0.20863309352517984,0.7011055946350098
o5kao,1.0,0.07720782654680064,0.1433480608738341,0.9586206896551724,0.07354497354497354,0.1366093366093366,1.0,0.07720782654680064,0.1433480608738341,1.3982956409454346
o5ker,1.0,0.19444444444444445,0.32558139534883723,0.9705882352941176,0.18435754189944134,0.3098591549295775,1.0,0.19444444444444445,0.32558139534883723,0.6600687503814697
o5kkk,1.0,0.1843687374749499,0.311336717428088,0.9836065573770492,0.18054162487462388,0.3050847457627119,1.0,0.1843687374749499,0.311336717428088,1.5925405025482178
o5kn3,1.0,0.19505851755526657,0.32644178454842215,0.9798657718120806,0.19010416666666666,0.31842966194111233,1.0,0.19505851755526657,0.32644178454842215,2.6380112171173096
o5ko9,1.0,0.3465909090909091,0.5147679324894515,0.9753086419753086,0.33712660028449504,0.5010570824524314,1.0,0.3465909090909091,0.5147679324894515,1.671846866607666
o5ld1,1.0,0.07526881720430108,0.14,1.0,0.07194244604316546,0.1342281879194631,1.0,0.07526881720430108,0.14,0.4121999740600586
o5ljb,1.0,0.24109014675052412,0.3885135135135135,0.9950248756218906,0.2396644697423607,0.386286817962337,1.0,0.24109014675052412,0.3885135135135135,4.61530613899231
o5lk8,1.0,0.9035187287173666,0.9493142516398331,0.9987421383647799,0.9022727272727272,0.9480597014925373,1.0,0.9035187287173666,0.9493142516398331,4.419686317443848
o5lkj,1.0,0.21708185053380782,0.3567251461988304,0.9666666666666667,0.20714285714285716,0.3411764705882353,1.0,0.21708185053380782,0.3567251461988304,0.7483866214752197
o5lr2,1.0,0.25925925925925924,0.4117647058823529,0.9705882352941176,0.2462686567164179,0.3928571428571428,1.0,0.25925925925925924,0.4117647058823529,0.4849097728729248
o5lu4,1.0,0.10215053763440861,0.1853658536585366,1.0,0.0972972972972973,0.17733990147783255,1.0,0.10215053763440861,0.1853658536585366,0.5028202533721924
o5lys,1.0,0.27556440903054447,0.4320666319625195,0.9891435464414958,0.27233477250083027,0.42708333333333326,1.0,0.27556440903054447,0.4320666319625195,4.382629632949829
o5m0w,1.0,0.27058823529411763,0.42592592592592593,0.9852941176470589,0.2637795275590551,0.4161490683229814,1.0,0.27058823529411763,0.42592592592592593,0.6499168872833252
o5m78,1.0,0.18181818181818182,0.3076923076923077,1.0,0.17714285714285713,0.30097087378640774,1.0,0.18181818181818182,0.3076923076923077,0.6253745555877686
o5m8b,1.0,0.48954821308159135,0.6573110004526935,0.9986206896551724,0.4885290148448043,0.6560942455822384,1.0,0.48954821308159135,0.6573110004526935,4.611518383026123
o5mfk,1.0,0.37305699481865284,0.5433962264150943,1.0,0.3697916666666667,0.5399239543726235,1.0,0.37305699481865284,0.5433962264150943,0.6239778995513916
o5mi2,1.0,0.2254335260115607,0.36792452830188677,0.9736842105263158,0.21511627906976744,0.35238095238095235,1.0,0.2254335260115607,0.36792452830188677,0.6501772403717041
o5mua,1.0,0.1791044776119403,0.30379746835443033,1.0,0.17293233082706766,0.2948717948717949,1.0,0.1791044776119403,0.30379746835443033,0.40387630462646484
o5myn,1.0,0.060758337140246685,0.11455641688199827,1.0,0.0603290676416819,0.11379310344827587,1.0,0.060758337140246685,0.11455641688199827,1.0051229000091553
o5myx,1.0,0.05165289256198347,0.09823182711198429,0.9583333333333334,0.047619047619047616,0.09072978303747534,1.0,0.05165289256198347,0.09823182711198429,0.4641861915588379
o5nai,1.0,0.1390922401171303,0.2442159383033419,0.9574468085106383,0.13196480938416422,0.23195876288659792,1.0,0.1390922401171303,0.2442159383033419,0.8787829875946045
o5njv,1.0,0.14666666666666667,0.2558139534883721,1.0,0.14093959731543623,0.24705882352941178,1.0,0.14666666666666667,0.2558139534883721,0.45738983154296875
o5noy,1.0,0.1373134328358209,0.24146981627296588,0.9777777777777777,0.1317365269461078,0.23218997361477575,1.0,0.1373134328358209,0.24146981627296588,0.7331721782684326
o5nwe,1.0,0.1696869851729819,0.29014084507042254,0.9803921568627451,0.16501650165016502,0.28248587570621464,1.0,0.1696869851729819,0.29014084507042254,1.257054328918457
o5ny4,1.0,0.06788990825688074,0.12714776632302408,0.9444444444444444,0.0625,0.11724137931034483,1.0,0.06788990825688074,0.12714776632302408,0.722877025604248
o5oab,1.0,0.3637901861252115,0.533498759305211,0.9941792782305006,0.36140499365213713,0.5301055245189323,1.0,0.3637901861252115,0.533498759305211,4.559239625930786
o5onn,1.0,0.09294605809128631,0.170083523158694,0.972972972972973,0.08970099667774087,0.16425855513307985,1.0,0.09294605809128631,0.170083523158694,1.0265932083129883
o5pcx,1.0,0.36139455782312924,0.5309181761399125,0.9988221436984688,0.3606975754997873,0.5299999999999999,1.0,0.36139455782312924,0.5309181761399125,4.582088232040405
o5phi,1.0,0.168848167539267,0.2889137737961926,0.9765625,0.16382699868938402,0.28058361391694725,1.0,0.168848167539267,0.2889137737961926,0.9573781490325928
o5pke,1.0,0.02727272727272727,0.053097345132743355,1.0,0.0243161094224924,0.04747774480712166,1.0,0.02727272727272727,0.053097345132743355,0.5380260944366455
o5px6,1.0,0.49216300940438873,0.6596638655462185,0.9840255591054313,0.4835164835164835,0.648421052631579,1.0,0.49216300940438873,0.6596638655462185,2.2758381366729736
o5q6v,1.0,0.06564551422319474,0.12320328542094455,0.9655172413793104,0.06140350877192982,0.11546391752577319,1.0,0.06564551422319474,0.12320328542094455,0.466442346572876
o5q78,1.0,0.02346041055718475,0.045845272206303724,1.0,0.020588235294117647,0.040345821325648415,1.0,0.02346041055718475,0.045845272206303724,0.5354328155517578
o5r7v,1.0,0.11308562197092084,0.20319303338171263,0.9565217391304348,0.10679611650485436,0.19213973799126635,1.0,0.11308562197092084,0.20319303338171263,0.8064932823181152
o5r9s,1.0,0.30892717306186374,0.47203110978163326,0.9961928934010152,0.30748139443791617,0.4699191858724933,1.0,0.30892717306186374,0.47203110978163326,4.621337413787842
o5rmo,1.0,0.17065868263473055,0.2915601023017903,0.9821428571428571,0.16516516516516516,0.28277634961439585,1.0,0.17065868263473055,0.2915601023017903,0.8209607601165771
o5rz8,1.0,0.05597579425113464,0.10601719197707735,1.0,0.05454545454545454,0.10344827586206896,1.0,0.05597579425113464,0.10601719197707735,0.6671521663665771
o5s52,1.0,0.09278350515463918,0.16981132075471697,1.0,0.09043927648578812,0.16587677725118483,1.0,0.09278350515463918,0.16981132075471697,0.5979676246643066
o5sef,1.0,0.15023474178403756,0.2612244897959184,1.0,0.14622641509433962,0.2551440329218107,1.0,0.15023474178403756,0.2612244897959184,0.5275895595550537
o5sel,1.0,0.14825581395348839,0.2582278481012658,1.0,0.1457725947521866,0.2544529262086514,1.0,0.14825581395348839,0.2582278481012658,0.6753418445587158
o5sz6,1.0,0.10596833130328867,0.19162995594713655,1.0,0.1048780487804878,0.1898454746136865,1.0,0.10596833130328867,0.19162995594713655,0.8440520763397217
o5to3,1.0,0.09534368070953436,0.17408906882591094,0.96875,0.09171597633136094,0.16756756756756758,1.0,0.09534368070953436,0.17408906882591094,1.0758392810821533
o5to5,1.0,0.6146788990825688,0.7613636363636362,0.9848484848484849,0.6018518518518519,0.7471264367816092,1.0,0.6146788990825688,0.7613636363636362,0.6374385356903076
o5tty,1.0,0.18807339449541285,0.3166023166023166,0.975,0.17972350230414746,0.30350194552529186,1.0,0.18807339449541285,0.3166023166023166,0.6361570358276367
o5v6t,1.0,0.21608040201005024,0.35537190082644626,1.0,0.21212121212121213,0.35,1.0,0.21608040201005024,0.35537190082644626,0.6126751899719238
o5v8g,1.0,0.3613861386138614,0.5309090909090909,0.9861111111111112,0.35323383084577115,0.5201465201465202,1.0,0.3613861386138614,0.5309090909090909,0.950477123260498
o5vae,1.0,0.22790697674418606,0.3712121212121212,0.9794520547945206,0.2220496894409938,0.3620253164556962,1.0,0.22790697674418606,0.3712121212121212,1.2337517738342285
o5vgo,1.0,0.1499074645280691,0.2607296137339056,0.9752066115702479,0.145679012345679,0.2534908700322234,1.0,0.1499074645280691,0.2607296137339056,1.5971171855926514
o5vmp,1.0,0.7843137254901961,0.8791208791208792,0.9937106918238994,0.7783251231527094,0.8729281767955802,1.0,0.7843137254901961,0.8791208791208792,1.1435680389404297
o5vmq,1.0,0.23333333333333334,0.37837837837837834,0.9759036144578314,0.22562674094707522,0.36651583710407243,1.0,0.23333333333333334,0.37837837837837834,0.8614952564239502
o5vs2,1.0,0.1625806451612903,0.2796892341842397,0.976,0.15762273901808785,0.271412680756396,1.0,0.1625806451612903,0.2796892341842397,0.9783976078033447
o5vz5,1.0,0.09615384615384616,0.17543859649122806,1.0,0.09032258064516129,0.16568047337278105,1.0,0.09615384615384616,0.17543859649122806,0.3646271228790283
o5w78,1.0,0.17882352941176471,0.3033932135728543,0.9867549668874173,0.17550058892815076,0.298,1.0,0.17882352941176471,0.3033932135728543,1.1495516300201416
o5w85,1.0,0.7946428571428571,0.8855721393034826,0.9491525423728814,0.7533632286995515,0.8399999999999999,1.0,0.7946428571428571,0.8855721393034826,1.3197088241577148
o5we4,1.0,0.04216867469879518,0.08092485549132947,1.0,0.03636363636363636,0.07017543859649122,1.0,0.04216867469879518,0.08092485549132947,0.3106098175048828
o5wl4,1.0,0.30505415162454874,0.4674965421853389,0.9555555555555556,0.291196388261851,0.4463667820069204,1.0,0.30505415162454874,0.4674965421853389,3.9952709674835205
o5x84,1.0,0.006622516556291391,0.013157894736842105,0.0,0.0,0.0,1.0,0.006622516556291391,0.013157894736842105,0.5002822875976562
o5y0t,1.0,0.2191780821917808,0.3595505617977528,0.967741935483871,0.20689655172413793,0.34090909090909094,1.0,0.2191780821917808,0.3595505617977528,0.46985554695129395
o5ykl,1.0,0.14285714285714285,0.25,1.0,0.13513513513513514,0.2380952380952381,1.0,0.14285714285714285,0.25,0.37133121490478516
o5z6t,1.0,0.7480916030534351,0.8558951965065502,1.0,0.7461538461538462,0.8546255506607929,1.0,0.7480916030534351,0.8558951965065502,0.7246026992797852
o5zb3,1.0,0.02896659707724426,0.05630230788739538,0.9683257918552036,0.02792639958240898,0.054287163876204976,1.0,0.02896659707724426,0.05630230788739538,1.6615853309631348
o5zqm,1.0,0.2013888888888889,0.3352601156069364,1.0,0.1958041958041958,0.32748538011695905,1.0,0.2013888888888889,0.3352601156069364,0.40450406074523926
o5zv6,1.0,0.6413662239089184,0.7815028901734103,0.997037037037037,0.6391263057929725,0.7789351851851852,1.0,0.6413662239089184,0.7815028901734103,3.722909688949585
o5zw6,1.0,0.4222689075630252,0.5937961595273265,1.0,0.42105263157894735,0.5925925925925926,1.0,0.4222689075630252,0.5937961595273265,1.4662551879882812
o5zzt,1.0,0.21561338289962825,0.3547400611620795,0.9824561403508771,0.208955223880597,0.34461538461538466,1.0,0.21561338289962825,0.3547400611620795,0.748457670211792
o608e,1.0,0.5802469135802469,0.7343750000000001,1.0,0.577639751552795,0.732283464566929,1.0,0.5802469135802469,0.7343750000000001,0.842149019241333
o608q,1.0,0.21523809523809523,0.35423197492163006,0.9910714285714286,0.21183206106870228,0.3490566037735849,1.0,0.21523809523809523,0.35423197492163006,1.0573644638061523
o60br,1.0,0.2088607594936709,0.3455497382198953,1.0,0.20382165605095542,0.33862433862433866,1.0,0.2088607594936709,0.3455497382198953,0.41872572898864746
o60hz,1.0,0.100418410041841,0.18250950570342203,1.0,0.09663865546218488,0.17624521072796934,1.0,0.100418410041841,0.18250950570342203,0.527338981628418
o60j5,1.0,0.2734375,0.4294478527607362,0.9411764705882353,0.25196850393700787,0.39751552795031053,1.0,0.2734375,0.4294478527607362,0.5117635726928711
o6107,1.0,0.0702054794520548,0.1312,0.975,0.06689536878216124,0.12520064205457465,1.0,0.0702054794520548,0.1312,0.49008798599243164
o614s,1.0,0.2032520325203252,0.3378378378378379,0.9583333333333334,0.1885245901639344,0.3150684931506849,1.0,0.2032520325203252,0.3378378378378379,0.36751508712768555
o61p9,1.0,0.051631758402338045,0.0981936081519222,1.0,0.05116959064327485,0.09735744089012517,1.0,0.051631758402338045,0.0981936081519222,0.8841829299926758
o622k,1.0,0.07246376811594203,0.13513513513513511,1.0,0.06569343065693431,0.12328767123287672,1.0,0.07246376811594203,0.13513513513513511,0.47949647903442383
o629f,1.0,0.3458646616541353,0.5139664804469274,1.0,0.3409090909090909,0.5084745762711864,1.0,0.3458646616541353,0.5139664804469274,0.6601324081420898
o62hb,1.0,0.14225941422594143,0.2490842490842491,0.9467455621301775,0.13400335008375208,0.23477622890682315,1.0,0.14225941422594143,0.2490842490842491,1.327605962753296
o62x7,1.0,0.1490566037735849,0.25944170771756975,0.9615384615384616,0.14177693761814744,0.2471169686985173,1.0,0.1490566037735849,0.25944170771756975,0.7317585945129395
o63gq,1.0,0.44934445768772346,0.6200657894736842,0.9787234042553191,0.43914081145584727,0.6062602965403624,1.0,0.44934445768772346,0.6200657894736842,2.227081775665283
o63iz,1.0,0.08273894436519258,0.152832674571805,0.9824561403508771,0.08,0.14795244385733158,1.0,0.08273894436519258,0.152832674571805,0.8520925045013428
