conversation_id,rouge1_precision,rouge1_recall,rouge1_f1,rouge2_precision,rouge2_recall,rouge2_f1,rougeL_precision,rougeL_recall,rougeL_f1,summary_time_seconds
ckrjw,1.0,0.25806451612903225,0.41025641025641024,0.9735099337748344,0.25,0.3978349120433018,1.0,0.25806451612903225,0.41025641025641024,1.7852540016174316
cksef,1.0,0.31179775280898875,0.4753747323340471,0.9789156626506024,0.3045923149015933,0.4646175839885633,1.0,0.31179775280898875,0.4753747323340471,5.300624847412109
ckz62,1.0,0.2025586353944563,0.33687943262411346,0.9893617021276596,0.1987179487179487,0.3309608540925267,1.0,0.2025586353944563,0.33687943262411346,2.5793635845184326
cl2ea,1.0,0.25443037974683547,0.4056508577194753,0.94,0.23827629911280102,0.3801820020222446,0.9950248756218906,0.25316455696202533,0.4036326942482341,3.0685529708862305
cl8at,1.0,0.18411552346570398,0.31097560975609756,0.9556650246305419,0.17524841915085818,0.2961832061068702,1.0,0.18411552346570398,0.31097560975609756,3.5634305477142334
clcgf,1.0,0.16727272727272727,0.2866043613707165,0.9532710280373832,0.15904365904365905,0.27260579064587975,0.9968944099378882,0.16675324675324676,0.28571428571428575,3.6702048778533936
clhma,1.0,0.1335766423357664,0.23567289117836443,0.978021978021978,0.13002191380569758,0.22952933591231459,1.0,0.1335766423357664,0.23567289117836443,2.1652958393096924
clicr,1.0,0.36127167630057805,0.5307855626326964,0.967741935483871,0.34782608695652173,0.511727078891258,1.0,0.36127167630057805,0.5307855626326964,1.8194501399993896
clm0x,1.0,0.1748743718592965,0.29769033361847735,0.976878612716763,0.17002012072434608,0.28963153384747214,1.0,0.1748743718592965,0.29769033361847735,2.5606346130371094
clm8e,1.0,0.26280623608017817,0.41622574955908287,0.9743589743589743,0.2544642857142857,0.40353982300884955,1.0,0.26280623608017817,0.41622574955908287,1.4711487293243408
clmej,1.0,0.09925558312655088,0.18058690744920994,0.9581589958158996,0.0947455523376086,0.17243975903614456,0.9958333333333333,0.09884201819685691,0.17983446200150488,3.8930816650390625
clms8,1.0,0.6608187134502924,0.7957746478873239,0.9777777777777777,0.6451612903225806,0.7773851590106007,1.0,0.6608187134502924,0.7957746478873239,6.602501153945923
cltp4,1.0,0.14344262295081966,0.25089605734767023,0.9855072463768116,0.13963039014373715,0.24460431654676257,1.0,0.14344262295081966,0.25089605734767023,1.653921127319336
clxn3,1.0,0.1912568306010929,0.3211009174311926,0.9807692307692307,0.18613138686131386,0.3128834355828221,1.0,0.1912568306010929,0.3211009174311926,1.7634985446929932
cly7c,1.0,0.22271714922049,0.3642987249544627,0.9547738693467337,0.21181716833890746,0.34671532846715325,0.99,0.22048997772828507,0.360655737704918,3.494520425796509
clzhs,1.0,0.37799043062200954,0.548611111111111,0.9554140127388535,0.3597122302158273,0.5226480836236934,1.0,0.37799043062200954,0.548611111111111,1.7762038707733154
cm2w3,1.0,0.5294117647058824,0.6923076923076924,0.9795918367346939,0.5161290322580645,0.6760563380281689,1.0,0.5294117647058824,0.6923076923076924,1.9308393001556396
cm7dp,1.0,0.32432432432432434,0.489795918367347,0.9694656488549618,0.312807881773399,0.4729981378026071,1.0,0.32432432432432434,0.489795918367347,1.7060554027557373
cmat3,1.0,0.16142050040355124,0.27797081306462823,0.9597989949748744,0.154281098546042,0.26583159359777314,1.0,0.16142050040355124,0.27797081306462823,3.4878733158111572
cmb29,1.0,0.16950527169505272,0.28987517337031904,0.9711538461538461,0.16396103896103897,0.2805555555555556,1.0,0.16950527169505272,0.28987517337031904,9.214060306549072
cmbkj,1.0,0.44473007712082263,0.6156583629893239,0.9825581395348837,0.43556701030927836,0.6035714285714285,1.0,0.44473007712082263,0.6156583629893239,3.8675365447998047
cmgap,1.0,0.16733708769107,0.2866988283942109,0.9516908212560387,0.15861513687600645,0.27191166321601107,1.0,0.16733708769107,0.2866988283942109,2.8307297229766846
cml25,1.0,0.7741935483870968,0.8727272727272727,0.993006993006993,0.7675675675675676,0.8658536585365854,1.0,0.7741935483870968,0.8727272727272727,3.7595627307891846
cmmqc,1.0,0.10696920583468396,0.1932650073206442,0.9465648854961832,0.10056772100567721,0.1818181818181818,1.0,0.10696920583468396,0.1932650073206442,1.953071117401123
cmr65,1.0,0.616822429906542,0.7630057803468209,0.9846153846153847,0.6037735849056604,0.7485380116959065,1.0,0.616822429906542,0.7630057803468209,1.65879487991333
cmu5s,1.0,0.13278319579894973,0.2344370860927152,0.9545454545454546,0.12612612612612611,0.22281167108753314,1.0,0.13278319579894973,0.2344370860927152,2.6866281032562256
cmur1,1.0,0.493006993006993,0.6604215456674474,0.9928571428571429,0.48771929824561405,0.6541176470588236,1.0,0.493006993006993,0.6604215456674474,1.85734224319458
cn0io,1.0,0.5900621118012422,0.7421875,0.9680851063829787,0.56875,0.7165354330708661,1.0,0.5900621118012422,0.7421875,1.3679957389831543
cn36l,1.0,0.22758620689655173,0.3707865168539326,0.96875,0.2152777777777778,0.35227272727272735,1.0,0.22758620689655173,0.3707865168539326,0.7996654510498047
cn4vs,1.0,0.2018970189701897,0.3359639233370913,0.9662162162162162,0.19402985074626866,0.3231638418079097,1.0,0.2018970189701897,0.3359639233370913,1.7718560695648193
cn5om,1.0,0.26282051282051283,0.41624365482233505,0.975,0.25161290322580643,0.39999999999999997,1.0,0.26282051282051283,0.41624365482233505,0.8075382709503174
cnakl,1.0,0.36236391912908245,0.5319634703196348,0.978448275862069,0.35358255451713394,0.5194508009153318,1.0,0.36236391912908245,0.5319634703196348,2.9181830883026123
cnbyl,1.0,0.12431693989071038,0.22114216281895502,0.9555555555555556,0.11764705882352941,0.20950060901339831,0.8241758241758241,0.10245901639344263,0.18226002430133656,1.6714067459106445
cnd1y,0.9923664122137404,0.20733652312599682,0.34300791556728233,0.9425287356321839,0.19632881085395051,0.3249669749009247,0.9923664122137404,0.20733652312599682,0.34300791556728233,7.884121417999268
cnd3k,1.0,0.11257606490872211,0.2023701002734731,0.9683257918552036,0.10857432775240994,0.19525547445255473,1.0,0.11257606490872211,0.2023701002734731,2.78955078125
cngmr,1.0,0.47183098591549294,0.6411483253588516,0.9849624060150376,0.4628975265017668,0.6298076923076923,1.0,0.47183098591549294,0.6411483253588516,1.553985357284546
cni11,1.0,0.09787234042553192,0.17829457364341086,0.9411764705882353,0.09090909090909091,0.16580310880829016,1.0,0.09787234042553192,0.17829457364341086,1.3015613555908203
cnixv,1.0,0.45384615384615384,0.6243386243386244,0.9310344827586207,0.4186046511627907,0.5775401069518717,0.9830508474576272,0.4461538461538462,0.6137566137566138,0.9472055435180664
cnji3,1.0,0.38308457711442784,0.5539568345323741,0.9736842105263158,0.37,0.536231884057971,0.987012987012987,0.3781094527363184,0.5467625899280576,1.1654505729675293
cnm0a,1.0,0.06567656765676567,0.12325797460514092,0.9444444444444444,0.061736546715087486,0.11589711806631546,1.0,0.06567656765676567,0.12325797460514092,2.9593207836151123
cnme0,1.0,0.121251629726206,0.21627906976744185,0.9459459459459459,0.1141552511415525,0.2037252619324796,0.967741935483871,0.11734028683181226,0.20930232558139536,3.157586097717285
cnp2m,1.0,0.15679012345679014,0.27107790821771616,0.9682539682539683,0.1508034610630408,0.2609625668449198,1.0,0.15679012345679014,0.27107790821771616,1.8222792148590088
cnvn5,1.0,0.504,0.6702127659574468,0.96,0.4819277108433735,0.6417112299465241,0.9920634920634921,0.5,0.6648936170212766,1.5340797901153564
cnzj1,1.0,0.1256931608133087,0.2233169129720854,0.9704433497536946,0.12145499383477189,0.21589041095890407,1.0,0.1256931608133087,0.2233169129720854,3.1653308868408203
co5nb,1.0,0.3477088948787062,0.516,0.953125,0.32972972972972975,0.48995983935742976,1.0,0.3477088948787062,0.516,2.1340997219085693
co6ou,1.0,0.12979591836734694,0.22976878612716764,0.9747634069400631,0.12617394855042874,0.22342733188720174,1.0,0.12979591836734694,0.22976878612716764,4.581146001815796
cod6c,1.0,0.4142857142857143,0.5858585858585859,1.0,0.41007194244604317,0.5816326530612245,1.0,0.4142857142857143,0.5858585858585859,0.8941998481750488
cojcu,1.0,0.21805792163543442,0.35804195804195804,0.9606299212598425,0.20819112627986347,0.34221598877980364,1.0,0.21805792163543442,0.35804195804195804,3.5063321590423584
coot0,1.0,0.2206060606060606,0.36146971201588873,0.9558011049723757,0.2099514563106796,0.34427860696517415,1.0,0.2206060606060606,0.36146971201588873,6.63484001159668
coud9,1.0,0.22674418604651161,0.3696682464454976,0.9639175257731959,0.21769499417927823,0.35517568850902187,1.0,0.22674418604651161,0.3696682464454976,2.6167514324188232
cox98,1.0,0.2931726907630522,0.4534161490683229,0.9517241379310345,0.2776659959758551,0.4299065420560748,1.0,0.2931726907630522,0.4534161490683229,2.5588114261627197
coy1c,1.0,0.33035714285714285,0.4966442953020134,0.958904109589041,0.31390134529147984,0.472972972972973,1.0,0.33035714285714285,0.4966442953020134,1.1533093452453613
cp48p,1.0,0.6052631578947368,0.7540983606557378,0.9852941176470589,0.5929203539823009,0.7403314917127072,1.0,0.6052631578947368,0.7540983606557378,1.1065900325775146
cp77e,1.0,0.21217105263157895,0.35006784260515605,0.9609375,0.2026359143327842,0.33469387755102037,0.6976744186046512,0.14802631578947367,0.24423337856173674,1.5406010150909424
cp7bz,1.0,0.14271457085828343,0.24978165938864627,0.9647887323943662,0.13686313686313686,0.23972003499562558,1.0,0.14271457085828343,0.24978165938864627,3.52616024017334
cp8og,1.0,0.15925925925925927,0.2747603833865815,0.9609375,0.15203955500618047,0.26254002134471716,1.0,0.15925925925925927,0.2747603833865815,5.108041286468506
cpbj4,1.0,0.2352168199737188,0.38085106382978723,0.9887640449438202,0.23157894736842105,0.37526652452025583,1.0,0.2352168199737188,0.38085106382978723,2.1296744346618652
cpdv3,1.0,0.30128205128205127,0.46305418719211816,0.9732620320855615,0.29213483146067415,0.44938271604938274,1.0,0.30128205128205127,0.46305418719211816,2.5738141536712646
cpn3r,1.0,0.6502057613168725,0.7880299251870325,0.9872611464968153,0.640495867768595,0.7769423558897243,1.0,0.6502057613168725,0.7880299251870325,5.210572719573975
cpqyt,1.0,0.4508816120906801,0.6215277777777778,0.9719101123595506,0.43686868686868685,0.6027874564459931,1.0,0.4508816120906801,0.6215277777777778,2.671290159225464
cq2a6,1.0,0.3373737373737374,0.5045317220543807,0.9698795180722891,0.3259109311740891,0.48787878787878797,1.0,0.3373737373737374,0.5045317220543807,2.1029770374298096
cq81a,1.0,0.20292887029288703,0.33739130434782605,0.96875,0.1949685534591195,0.32460732984293195,1.0,0.20292887029288703,0.33739130434782605,1.378246545791626
cqasg,1.0,0.37012987012987014,0.5402843601895735,0.9642857142857143,0.35294117647058826,0.5167464114832536,1.0,0.37012987012987014,0.5402843601895735,0.905921220779419
cqbbo,1.0,0.5414364640883977,0.7025089605734767,0.9484536082474226,0.5111111111111111,0.6642599277978339,1.0,0.5414364640883977,0.7025089605734767,1.8980422019958496
cqbml,1.0,0.08181283107710417,0.15125136017410226,0.9565217391304348,0.07773851590106007,0.1437908496732026,1.0,0.08181283107710417,0.15125136017410226,4.641051292419434
cqe7y,1.0,0.19029374201787994,0.3197424892703863,0.9797297297297297,0.18542199488491048,0.3118279569892473,1.0,0.19029374201787994,0.3197424892703863,1.9415011405944824
cqefn,1.0,0.037333333333333336,0.07197943444730077,0.972972972972973,0.03601200400133378,0.06945337620578779,1.0,0.037333333333333336,0.07197943444730077,2.271475315093994
cqfqi,1.0,0.696969696969697,0.8214285714285715,0.989010989010989,0.6870229007633588,0.8108108108108107,1.0,0.696969696969697,0.8214285714285715,3.8398265838623047
cqily,1.0,0.07758620689655173,0.144,0.9470588235294117,0.07308216068996823,0.13569321533923304,0.9298245614035088,0.0721415607985481,0.13389473684210526,3.2934811115264893
cqjd9,1.0,0.8048780487804879,0.8918918918918919,0.9817073170731707,0.7892156862745098,0.875,1.0,0.8048780487804879,0.8918918918918919,2.857836961746216
cql7g,1.0,0.4675324675324675,0.6371681415929203,0.9888268156424581,0.4609375,0.6287744227353463,1.0,0.4675324675324675,0.6371681415929203,2.0809316635131836
cqnd3,1.0,0.22638146167557932,0.3691860465116279,0.9761904761904762,0.21964285714285714,0.358600583090379,1.0,0.22638146167557932,0.3691860465116279,1.920992136001587
cqo13,1.0,0.23697916666666666,0.3831578947368421,0.9444444444444444,0.22193211488250653,0.35940803382663844,0.989010989010989,0.234375,0.37894736842105264,1.4078991413116455
cqovk,1.0,0.35638297872340424,0.5254901960784313,0.9242424242424242,0.32620320855614976,0.48221343873517786,1.0,0.35638297872340424,0.5254901960784313,1.2025423049926758
cqrdq,1.0,0.1450752062105774,0.2533898305084746,0.9530201342281879,0.1378640776699029,0.2408821034775233,0.9933110367892977,0.14410480349344978,0.2516949152542373,3.588146686553955
cqu31,1.0,0.26556016597510373,0.419672131147541,0.9682539682539683,0.25416666666666665,0.4026402640264027,1.0,0.26556016597510373,0.419672131147541,0.9701399803161621
cqu8z,1.0,0.4866666666666667,0.6547085201793722,0.9861111111111112,0.47651006711409394,0.6425339366515836,1.0,0.4866666666666667,0.6547085201793722,1.0913958549499512
cqv2n,1.0,0.2926829268292683,0.45283018867924524,0.9741935483870968,0.28383458646616544,0.43959243085880645,1.0,0.2926829268292683,0.45283018867924524,1.7676599025726318
cqwo8,1.0,0.3143631436314363,0.47835051546391755,0.9826086956521739,0.3070652173913043,0.4679089026915114,1.0,0.3143631436314363,0.47835051546391755,4.430424690246582
cqwxa,1.0,0.3211538461538462,0.48617176128093165,0.9698795180722891,0.31021194605009633,0.4700729927007299,0.7485029940119761,0.2403846153846154,0.363901018922853,2.1056857109069824
cqyw6,0.9883720930232558,0.6159420289855072,0.7589285714285714,0.9764705882352941,0.6058394160583942,0.7477477477477478,0.9883720930232558,0.6159420289855072,0.7589285714285714,3.1585617065429688
cqzx5,1.0,0.04510703363914373,0.08632040965618142,0.9655172413793104,0.04284621270084162,0.08205128205128205,1.0,0.04510703363914373,0.08632040965618142,1.0730235576629639
cr06h,1.0,0.4056603773584906,0.5771812080536913,0.9707602339181286,0.39243498817966904,0.5589225589225589,1.0,0.4056603773584906,0.5771812080536913,1.9340832233428955
cr1hg,1.0,0.34363636363636363,0.5115020297699594,0.973404255319149,0.3333333333333333,0.49660786974219806,1.0,0.34363636363636363,0.5115020297699594,3.0956718921661377
cr1il,1.0,0.2647058823529412,0.4186046511627907,0.9608938547486033,0.2533136966126657,0.40093240093240085,1.0,0.2647058823529412,0.4186046511627907,3.634681463241577
cr2k8,1.0,0.4461538461538462,0.6170212765957447,0.9861111111111112,0.4382716049382716,0.6068376068376068,1.0,0.4461538461538462,0.6170212765957447,14.950952053070068
cr7xc,1.0,0.21212121212121213,0.35,0.9354838709677419,0.19594594594594594,0.3240223463687151,0.9047619047619048,0.1919191919191919,0.31666666666666665,3.4658336639404297
cr9vy,1.0,0.23178807947019867,0.3763440860215053,0.9540229885057471,0.22015915119363394,0.35775862068965514,1.0,0.23178807947019867,0.3763440860215053,15.006043434143066
cra8o,1.0,0.26258992805755393,0.41595441595441596,0.9583333333333334,0.2490974729241877,0.3954154727793696,1.0,0.26258992805755393,0.41595441595441596,1.2282593250274658
crelk,1.0,0.29085872576177285,0.4506437768240343,0.9615384615384616,0.2777777777777778,0.43103448275862066,1.0,0.29085872576177285,0.4506437768240343,1.7767486572265625
crfxu,1.0,0.3435448577680525,0.511400651465798,0.9807692307692307,0.3355263157894737,0.5,1.0,0.3435448577680525,0.511400651465798,3.9869492053985596
crgq1,1.0,0.3721973094170404,0.542483660130719,0.975609756097561,0.36036036036036034,0.5263157894736842,1.0,0.3721973094170404,0.542483660130719,1.2025730609893799
crln4,1.0,0.23126338329764454,0.3756521739130435,0.9626168224299065,0.22103004291845493,0.35951134380453753,1.0,0.23126338329764454,0.3756521739130435,3.0733158588409424
crmxn,1.0,0.24052287581699347,0.38777660695468913,0.9726775956284153,0.23298429319371727,0.3759239704329462,1.0,0.24052287581699347,0.38777660695468913,10.392847776412964
crpjl,1.0,0.6475095785440613,0.786046511627907,0.9761904761904762,0.6307692307692307,0.7663551401869158,1.0,0.6475095785440613,0.786046511627907,2.202174663543701
crtrv,1.0,0.296,0.4567901234567901,0.990909090909091,0.2914438502673797,0.45041322314049587,1.0,0.296,0.4567901234567901,20.03882360458374
cs04n,1.0,0.28888888888888886,0.4482758620689655,0.9647887323943662,0.2773279352226721,0.43081761006289315,1.0,0.28888888888888886,0.4482758620689655,1.9765865802764893
cs33k,1.0,0.19567027477102414,0.32729805013927576,0.9829059829059829,0.19166666666666668,0.3207810320781032,1.0,0.19567027477102414,0.32729805013927576,2.5330283641815186
csa4d,1.0,0.33073929961089493,0.4970760233918129,0.9644970414201184,0.31773879142300193,0.4780058651026393,1.0,0.33073929961089493,0.4970760233918129,2.075624465942383
cseoq,1.0,0.14797136038186157,0.2577962577962578,0.9180327868852459,0.1339712918660287,0.23382045929018794,1.0,0.14797136038186157,0.2577962577962578,1.1855647563934326
csg5y,1.0,0.15896632732967894,0.27432432432432435,0.9752475247524752,0.15438871473354232,0.2665764546684709,1.0,0.15896632732967894,0.27432432432432435,2.2536489963531494
csgcz,1.0,0.384297520661157,0.555223880597015,1.0,0.3817427385892116,0.5525525525525525,1.0,0.384297520661157,0.555223880597015,1.3281774520874023
csolf,1.0,0.29285714285714287,0.4530386740331492,0.9803921568627451,0.2861230329041488,0.44296788482835003,0.926829268292683,0.2714285714285714,0.4198895027624309,2.5857651233673096
cspo3,1.0,0.14367269267364416,0.2512479201331115,0.9533333333333334,0.1361904761904762,0.23833333333333334,1.0,0.14367269267364416,0.2512479201331115,2.140967845916748
cspp5,1.0,0.2781456953642384,0.4352331606217616,0.9397590361445783,0.2591362126245847,0.40624999999999994,1.0,0.2781456953642384,0.4352331606217616,1.426180124282837
css88,1.0,0.13969732246798602,0.24514811031664963,0.9663865546218487,0.13403263403263405,0.2354145342886387,1.0,0.13969732246798602,0.24514811031664963,1.9046807289123535
csvlp,1.0,0.2231543624161074,0.36488340192043894,0.9848484848484849,0.2184873949579832,0.35763411279229707,1.0,0.2231543624161074,0.36488340192043894,3.478391170501709
ct0bk,1.0,0.33972602739726027,0.5071574642126789,0.967479674796748,0.3269230769230769,0.4887063655030801,1.0,0.33972602739726027,0.5071574642126789,2.148853302001953
ct16o,1.0,0.2278177458033573,0.37109375,0.9574468085106383,0.21634615384615385,0.3529411764705882,1.0,0.2278177458033573,0.37109375,1.5145082473754883
ct5qb,1.0,0.41471571906354515,0.5862884160756502,0.975609756097561,0.40268456375838924,0.5700712589073634,1.0,0.41471571906354515,0.5862884160756502,4.985589504241943
ct9f6,1.0,0.18582375478927204,0.3134087237479806,0.9479166666666666,0.1746641074856046,0.2949756888168557,1.0,0.18582375478927204,0.3134087237479806,2.0143721103668213
ctb7b,1.0,0.17922077922077922,0.30396475770925113,0.9708029197080292,0.1729518855656697,0.293598233995585,0.8333333333333334,0.14935064935064934,0.2533039647577093,2.1651341915130615
cteoi,1.0,0.1610800744878957,0.2774659182036888,0.9767441860465116,0.1565703634669152,0.26987951807228916,1.0,0.1610800744878957,0.2774659182036888,3.5835416316986084
ctf62,1.0,0.24798387096774194,0.3974151857835218,0.9344262295081968,0.23030303030303031,0.3695299837925446,1.0,0.24798387096774194,0.3974151857835218,5.37225079536438
ctffc,1.0,0.2032520325203252,0.3378378378378379,0.9494949494949495,0.19144602851323828,0.31864406779661014,1.0,0.2032520325203252,0.3378378378378379,2.3416733741760254
ctfyd,1.0,0.06556442417331813,0.12306046013911183,0.9736842105263158,0.06332002281802625,0.11890733797536156,1.0,0.06556442417331813,0.12306046013911183,1.6456210613250732
cth6g,1.0,0.379182156133829,0.549865229110512,0.9603960396039604,0.3619402985074627,0.5257452574525745,1.0,0.379182156133829,0.549865229110512,1.2915894985198975
cti7d,1.0,0.16936572199730093,0.28967109059434504,0.98,0.16542876434841322,0.2830733679953784,1.0,0.16936572199730093,0.28967109059434504,3.13948130607605
ctk6u,1.0,0.20556107249255212,0.34102141680395387,0.9563106796116505,0.19582504970178927,0.3250825082508251,1.0,0.20556107249255212,0.34102141680395387,2.779754161834717
ctkqk,1.0,0.12052117263843648,0.21511627906976744,0.967391304347826,0.11603650586701435,0.20721769499417927,0.9945945945945946,0.11986970684039087,0.21395348837209302,9.784885883331299
ctnxq,1.0,0.2829403606102635,0.44108108108108113,0.9655172413793104,0.2722222222222222,0.4247020585048753,0.9901960784313726,0.2801664355062413,0.43675675675675674,2.5704498291015625
ctpsd,1.0,0.5793103448275863,0.7336244541484717,0.9920318725099602,0.5737327188940092,0.727007299270073,1.0,0.5793103448275863,0.7336244541484717,2.5758447647094727
cttti,1.0,0.22456813819577734,0.3667711598746081,0.9828326180257511,0.21998078770413065,0.35949764521193095,1.0,0.22456813819577734,0.3667711598746081,2.566192626953125
ctw1r,1.0,0.33774834437086093,0.504950495049505,0.98,0.32666666666666666,0.49,1.0,0.33774834437086093,0.504950495049505,1.0559303760528564
ctz97,1.0,0.6312849162011173,0.773972602739726,0.9821428571428571,0.6179775280898876,0.7586206896551723,1.0,0.6312849162011173,0.773972602739726,1.878763198852539
cu0ic,1.0,0.2509907529722589,0.4012671594508975,0.9682539682539683,0.24206349206349206,0.3873015873015873,1.0,0.2509907529722589,0.4012671594508975,2.5067930221557617
cu41u,1.0,0.1773049645390071,0.30120481927710846,0.9698996655518395,0.17149615612063868,0.2914572864321608,0.9933333333333333,0.17612293144208038,0.29919678714859443,4.2095112800598145
cu5ye,1.0,0.10457516339869281,0.1893491124260355,0.9657142857142857,0.10047562425683709,0.18201400107700588,1.0,0.10457516339869281,0.1893491124260355,2.218158006668091
cu7fb,1.0,0.12308478038815117,0.21919054115507047,0.9583333333333334,0.11752682677567705,0.20937642239417384,0.9253112033195021,0.11389172625127682,0.20281946339245113,2.9694838523864746
cu82c,1.0,0.12326714125140502,0.21947965310206805,0.9603658536585366,0.11806596701649176,0.21028037383177572,0.993920972644377,0.12251779692768827,0.2181454302868579,10.765455961227417
cu9c1,0.9956140350877193,0.25795454545454544,0.40974729241877256,0.960352422907489,0.24800910125142206,0.39421338155515373,0.9912280701754386,0.25681818181818183,0.40794223826714804,2.560593605041504
cubvt,1.0,0.07765531062124248,0.14411901441190142,0.974025974025974,0.07518796992481203,0.13959981386691486,0.9870967741935484,0.07665330661322645,0.14225941422594143,1.949608564376831
cud3o,0.9935897435897436,0.29750479846449135,0.45790251107828656,0.9612903225806452,0.2865384615384615,0.44148148148148153,0.9935897435897436,0.29750479846449135,0.45790251107828656,4.273189306259155
cudcl,1.0,0.18457300275482094,0.3116279069767442,0.9696969696969697,0.17679558011049723,0.29906542056074764,1.0,0.18457300275482094,0.3116279069767442,5.630034923553467
cuehj,1.0,0.06505667816658453,0.1221656640444239,0.9694656488549618,0.0626232741617357,0.11764705882352942,1.0,0.06505667816658453,0.1221656640444239,1.8515467643737793
cughd,1.0,0.3284457478005865,0.49448123620309054,0.954954954954955,0.31176470588235294,0.4700665188470067,1.0,0.3284457478005865,0.49448123620309054,3.9942703247070312
cugmv,1.0,0.03139269406392694,0.06087437742114001,0.926605504587156,0.028832429346274623,0.055924695459579184,0.9272727272727272,0.02910958904109589,0.05644714997232983,13.213436603546143
cuinz,1.0,0.11451814768460576,0.20550252667040989,0.9615384615384616,0.10958046336881654,0.1967397414277684,1.0,0.11451814768460576,0.20550252667040989,2.3312594890594482
cumue,1.0,0.14479638009049775,0.2529644268774704,0.9811320754716981,0.14130434782608695,0.24703087885985744,1.0,0.14479638009049775,0.2529644268774704,4.456053972244263
cuns0,1.0,0.040655339805825245,0.07813411078717203,0.9473684210526315,0.038239757207890746,0.07351225204200701,0.9850746268656716,0.04004854368932039,0.07696793002915453,2.914032220840454
cusyc,1.0,0.2040302267002519,0.3389121338912134,0.968944099378882,0.19672131147540983,0.3270440251572327,1.0,0.2040302267002519,0.3389121338912134,2.780935764312744
cuufz,1.0,0.3215434083601286,0.4866180048661801,0.9595959595959596,0.3064516129032258,0.46454767726161367,1.0,0.3215434083601286,0.4866180048661801,1.4076220989227295
cuvs1,1.0,0.4036697247706422,0.5751633986928105,0.9771428571428571,0.3931034482758621,0.5606557377049181,1.0,0.4036697247706422,0.5751633986928105,1.9300127029418945
cv8z2,1.0,0.13523131672597866,0.2382445141065831,0.9823008849557522,0.13182897862232779,0.2324607329842932,1.0,0.13523131672597866,0.2382445141065831,1.5350768566131592
cv95x,1.0,0.3036649214659686,0.465863453815261,0.991304347826087,0.2992125984251969,0.45967741935483875,1.0,0.3036649214659686,0.465863453815261,1.505568265914917
cvi0h,1.0,0.4296875,0.6010928961748634,0.9444444444444444,0.4015748031496063,0.56353591160221,1.0,0.4296875,0.6010928961748634,0.8805785179138184
cvngw,1.0,0.19576719576719576,0.327433628318584,0.9727272727272728,0.18904593639575973,0.3165680473372781,1.0,0.19576719576719576,0.327433628318584,1.9805793762207031
cvpra,1.0,0.6258503401360545,0.7698744769874477,0.978021978021978,0.6095890410958904,0.751054852320675,1.0,0.6258503401360545,0.7698744769874477,1.5449483394622803
cvvkm,1.0,0.09852216748768473,0.17937219730941703,0.9797979797979798,0.09566074950690336,0.174303683737646,1.0,0.09852216748768473,0.17937219730941703,1.7636375427246094
cvvmw,1.0,0.29259259259259257,0.45272206303724927,0.9615384615384616,0.2788104089219331,0.43227665706051877,1.0,0.29259259259259257,0.45272206303724927,1.1297485828399658
ny2o2,1.0,0.5798319327731093,0.7340425531914894,0.9927007299270073,0.5738396624472574,0.7272727272727273,1.0,0.5798319327731093,0.7340425531914894,2.154716730117798
ny2xk,1.0,0.926829268292683,0.9620253164556963,1.0,0.9262295081967213,0.9617021276595745,1.0,0.926829268292683,0.9620253164556963,2.1824991703033447
ny3if,1.0,0.30847457627118646,0.47150259067357514,0.9777777777777777,0.29931972789115646,0.4583333333333333,1.0,0.30847457627118646,0.47150259067357514,1.264291524887085
ny53b,1.0,0.3306122448979592,0.4969325153374234,0.9625,0.3155737704918033,0.4753086419753087,1.0,0.3306122448979592,0.4969325153374234,2.273995876312256
ny5bd,1.0,0.3937007874015748,0.5649717514124294,0.9183673469387755,0.35714285714285715,0.5142857142857143,0.96,0.3779527559055118,0.5423728813559322,0.9316444396972656
ny5fz,1.0,0.257396449704142,0.40941176470588236,0.9767441860465116,0.24925816023738873,0.3971631205673759,0.7126436781609196,0.1834319526627219,0.2917647058823529,1.19195556640625
ny60y,1.0,0.23040380047505937,0.3745173745173745,0.9481865284974094,0.21759809750297265,0.35396518375241776,1.0,0.23040380047505937,0.3745173745173745,3.6210086345672607
ny6fz,1.0,0.23435225618631733,0.37971698113207547,0.975,0.22740524781341107,0.36879432624113473,1.0,0.23435225618631733,0.37971698113207547,2.691063642501831
ny7ew,1.0,0.08969759097898514,0.16462841015992474,0.9712643678160919,0.08666666666666667,0.15913370998116763,1.0,0.08969759097898514,0.16462841015992474,2.422157049179077
ny8vd,1.0,0.5822784810126582,0.736,0.9927007299270073,0.576271186440678,0.7292225201072386,1.0,0.5822784810126582,0.736,3.1781845092773438
nya3t,1.0,0.326,0.4917043740573152,0.9629629629629629,0.312625250501002,0.4720121028744326,1.0,0.326,0.4917043740573152,2.091658353805542
nya4b,1.0,0.5186721991701245,0.6830601092896176,0.9838709677419355,0.5083333333333333,0.6703296703296703,0.912,0.4730290456431535,0.6229508196721312,1.5200107097625732
nybk8,1.0,0.21444954128440366,0.35316336166194523,0.9623655913978495,0.20551090700344432,0.3386944181646169,1.0,0.21444954128440366,0.35316336166194523,2.5049118995666504
nycav,1.0,0.03669724770642202,0.07079646017699115,1.0,0.027777777777777776,0.05405405405405406,1.0,0.03669724770642202,0.07079646017699115,0.45363473892211914
nycbv,1.0,0.38620689655172413,0.5572139303482587,0.9700598802395209,0.37327188940092165,0.5391014975041598,1.0,0.38620689655172413,0.5572139303482587,2.4670751094818115
nycvv,1.0,0.13762486126526083,0.24195121951219511,0.9349593495934959,0.12777777777777777,0.22482893450635383,0.9919354838709677,0.1365149833518313,0.23999999999999996,1.8538029193878174
nyd1c,1.0,0.8956521739130435,0.944954128440367,0.9901960784313726,0.8859649122807017,0.9351851851851852,1.0,0.8956521739130435,0.944954128440367,1.4381294250488281
nyd49,1.0,0.4619289340101523,0.6319444444444444,1.0,0.45918367346938777,0.6293706293706294,1.0,0.4619289340101523,0.6319444444444444,4.409950017929077
nye95,1.0,0.4409448818897638,0.6120218579234972,0.972972972972973,0.4268774703557312,0.5934065934065934,1.0,0.4409448818897638,0.6120218579234972,1.5091707706451416
nye9v,1.0,0.09262435677530018,0.1695447409733124,0.9565217391304348,0.08810068649885583,0.1613410162388685,1.0,0.09262435677530018,0.1695447409733124,2.0340824127197266
nyeak,1.0,0.3157894736842105,0.4799999999999999,0.9397590361445783,0.2943396226415094,0.4482758620689655,1.0,0.3157894736842105,0.4799999999999999,1.2041144371032715
nyedm,1.0,0.09371671991480299,0.17137293086660177,0.9572649572649573,0.08948069241011984,0.16366293229420362,0.9943181818181818,0.09318423855165069,0.1703992210321324,4.210698127746582
nyf4x,1.0,0.07178178337852927,0.13394850424170263,0.9665924276169265,0.06924058710912571,0.12922435611135924,0.6288888888888889,0.04514276599138618,0.08423872600089298,8.231737852096558
nyfbp,1.0,0.46632124352331605,0.6360424028268552,0.9776536312849162,0.45454545454545453,0.6205673758865248,1.0,0.46632124352331605,0.6360424028268552,2.0782792568206787
nyfhl,0.35802469135802467,0.2283464566929134,0.2788461538461539,0.05,0.031746031746031744,0.038834951456310676,0.18518518518518517,0.11811023622047244,0.14423076923076922,12.509587526321411
nyfwc,1.0,0.18421052631578946,0.3111111111111111,0.954248366013072,0.17485029940119762,0.29554655870445345,1.0,0.18421052631578946,0.3111111111111111,2.2964396476745605
nyh0c,1.0,0.2098360655737705,0.34688346883468835,0.9682539682539683,0.20065789473684212,0.33242506811989103,1.0,0.2098360655737705,0.34688346883468835,1.4775207042694092
nyh6g,1.0,0.03278688524590164,0.06349206349206349,0.9405940594059405,0.03054662379421222,0.0591715976331361,1.0,0.03278688524590164,0.06349206349206349,1.5738818645477295
nyhhb,1.0,0.23939393939393938,0.3863080684596577,0.9681528662420382,0.2306525037936267,0.37254901960784315,1.0,0.23939393939393938,0.3863080684596577,1.7613821029663086
nyhp7,1.0,0.3002680965147453,0.46185567010309275,0.9819819819819819,0.29301075268817206,0.4513457556935818,1.0,0.3002680965147453,0.46185567010309275,3.11985445022583
nyhpz,1.0,0.17497556207233628,0.2978369384359401,0.9606741573033708,0.16731898238747553,0.285,1.0,0.17497556207233628,0.2978369384359401,4.666818141937256
nyi4y,1.0,0.34210526315789475,0.5098039215686275,1.0,0.33774834437086093,0.504950495049505,1.0,0.34210526315789475,0.5098039215686275,0.8556783199310303
nyigt,1.0,0.17898832684824903,0.30363036303630364,0.9555555555555556,0.16796875,0.2857142857142857,1.0,0.17898832684824903,0.30363036303630364,0.7798991203308105
nyj1o,1.0,0.3498452012383901,0.518348623853211,0.96,0.33488372093023255,0.496551724137931,0.995575221238938,0.34829721362229105,0.5160550458715597,3.041247844696045
nyj3e,1.0,0.4618055555555556,0.6318289786223278,0.9848484848484849,0.4529616724738676,0.6205250596658711,1.0,0.4618055555555556,0.6318289786223278,6.313086271286011
nyj90,0.992831541218638,0.17190732312784443,0.29307000529007227,0.9330143540669856,0.16139044072004965,0.27518080790262833,0.8064516129032258,0.13963591228796027,0.23805325339446304,10.280850648880005
nyk5o,1.0,0.18600953895071543,0.3136729222520107,0.9482758620689655,0.1751592356687898,0.29569892473118276,1.0,0.18600953895071543,0.3136729222520107,3.553842067718506
nykuk,1.0,0.14638027048528243,0.2553782095766829,0.9344262295081968,0.13614649681528662,0.2376650451702571,1.0,0.14638027048528243,0.2553782095766829,2.6444950103759766
nylbo,0.9849246231155779,0.0745814307458143,0.13866289352670674,0.9292929292929293,0.07004187285877427,0.1302654867256637,0.9547738693467337,0.07229832572298325,0.13441811107180757,2.96804141998291
nym3q,1.0,0.03013115916341723,0.05849965588437715,0.9404761904761905,0.02801418439716312,0.05440771349862259,1.0,0.03013115916341723,0.05849965588437715,2.0133681297302246
nymb8,1.0,0.047928003348681456,0.091471939285001,0.9605263157894737,0.045844672388528365,0.08751248751248751,0.8296943231441049,0.03976559229803265,0.07589374875174755,3.643986225128174
nymk4,1.0,0.030139103554868624,0.058514628657164294,0.9568965517241379,0.028600876062870394,0.05554165624218163,1.0,0.030139103554868624,0.058514628657164294,2.0085432529449463
nyn39,1.0,0.2746268656716418,0.43091334894613587,0.9726775956284153,0.26606875934230195,0.41784037558685455,1.0,0.2746268656716418,0.43091334894613587,2.769845485687256
nynnf,1.0,0.12809472551130247,0.22709923664122134,0.9576271186440678,0.12176724137931035,0.21606118546845124,1.0,0.12809472551130247,0.22709923664122134,1.82368803024292
nynsm,1.0,0.3870967741935484,0.5581395348837209,1.0,0.38311688311688313,0.5539906103286385,1.0,0.3870967741935484,0.5581395348837209,0.8643720149993896
nynsr,1.0,0.22527472527472528,0.36771300448430494,0.975,0.2154696132596685,0.3529411764705882,1.0,0.22527472527472528,0.36771300448430494,0.8386592864990234
nynti,1.0,0.3797709923664122,0.5504840940525587,0.9747474747474747,0.3690248565965583,0.5353675450762829,1.0,0.3797709923664122,0.5504840940525587,2.8420238494873047
nyo3x,1.0,0.18061224489795918,0.3059636992221262,0.9829545454545454,0.1767109295199183,0.2995670995670996,1.0,0.18061224489795918,0.3059636992221262,2.5220963954925537
nyoc8,0.9927272727272727,0.07881062355658199,0.14602834982615673,0.9306569343065694,0.07363557609009529,0.13647310677013647,0.9818181818181818,0.0779445727482679,0.14442364268520996,4.250887155532837
nyp3m,1.0,0.27710843373493976,0.43396226415094347,0.9333333333333333,0.2545454545454545,0.3999999999999999,0.6739130434782609,0.18674698795180722,0.29245283018867924,0.88702392578125
nypcs,1.0,0.4375,0.6086956521739131,0.9879518072289156,0.4293193717277487,0.5985401459854015,1.0,0.4375,0.6086956521739131,1.3733689785003662
nypvn,1.0,0.4671814671814672,0.6368421052631579,0.9833333333333333,0.4573643410852713,0.6243386243386243,1.0,0.4671814671814672,0.6368421052631579,1.6516060829162598
nyqcq,1.0,0.23355263157894737,0.3786666666666667,0.9645390070921985,0.22405271828665568,0.36363636363636365,1.0,0.23355263157894737,0.3786666666666667,1.9408178329467773
nyqrt,1.0,0.46153846153846156,0.631578947368421,0.9830508474576272,0.4496124031007752,0.6170212765957448,1.0,0.46153846153846156,0.631578947368421,0.9815323352813721
nyqxi,1.0,0.3221884498480243,0.48735632183908045,1.0,0.3201219512195122,0.4849884526558892,1.0,0.3221884498480243,0.48735632183908045,5.266488552093506
nyr6i,1.0,0.2183206106870229,0.3583959899749373,0.9507042253521126,0.20642201834862386,0.33919597989949746,1.0,0.2183206106870229,0.3583959899749373,2.2093052864074707
nyrcv,1.0,0.2534246575342466,0.4043715846994536,0.9722222222222222,0.2413793103448276,0.3867403314917128,1.0,0.2534246575342466,0.4043715846994536,0.74393630027771
nyrgu,1.0,0.23305588585017836,0.3780135004821601,0.9743589743589743,0.2261904761904762,0.3671497584541063,1.0,0.23305588585017836,0.3780135004821601,2.9844722747802734
nyrj5,1.0,0.08591408591408592,0.1582336706531739,0.9590643274853801,0.08195902048975512,0.15101289134438306,1.0,0.08591408591408592,0.1582336706531739,2.5450921058654785
nyrjy,0.9891304347826086,0.5652173913043478,0.7193675889328063,0.9560439560439561,0.54375,0.6932270916334661,0.9891304347826086,0.5652173913043478,0.7193675889328063,1.4530324935913086
nyrtv,1.0,0.16179159049360145,0.27852084972462626,0.9431818181818182,0.15187557182067704,0.2616233254531127,1.0,0.16179159049360145,0.27852084972462626,19.69886803627014
nysat,1.0,0.29338842975206614,0.4536741214057508,0.9857142857142858,0.2863070539419087,0.4437299035369775,1.0,0.29338842975206614,0.4536741214057508,1.162781000137329
nysbq,1.0,0.06657018813314038,0.1248303934871099,0.9340659340659341,0.06154960173787111,0.11548913043478261,0.9891304347826086,0.0658465991316932,0.12347354138398917,1.3889496326446533
nysfd,1.0,0.47530864197530864,0.6443514644351465,0.9868421052631579,0.4658385093167702,0.6329113924050633,1.0,0.47530864197530864,0.6443514644351465,1.2107396125793457
nyt2c,1.0,0.5875,0.7401574803149606,1.0,0.5857740585774058,0.7387862796833773,1.0,0.5875,0.7401574803149606,1.4916050434112549
nyt8f,1.0,0.3512014787430684,0.5198358413132695,0.9841269841269841,0.34444444444444444,0.5102880658436214,1.0,0.3512014787430684,0.5198358413132695,2.3609619140625
nytfq,1.0,0.16376306620209058,0.281437125748503,0.9642857142857143,0.1569767441860465,0.27,1.0,0.16376306620209058,0.281437125748503,1.8182144165039062
nytfy,1.0,0.43010752688172044,0.6015037593984962,0.9873417721518988,0.42162162162162165,0.5909090909090909,1.0,0.43010752688172044,0.6015037593984962,1.0304827690124512
nytlc,1.0,0.19672131147540983,0.3287671232876712,0.971830985915493,0.18904109589041096,0.3165137614678899,1.0,0.19672131147540983,0.3287671232876712,1.0944063663482666
nytq0,0.9955947136563876,0.14331008243500318,0.2505543237250555,0.9513274336283186,0.13642131979695432,0.23862375138734737,0.9955947136563876,0.14331008243500318,0.2505543237250555,4.1257524490356445
nyufd,1.0,0.2266500622665006,0.3695431472081218,0.9613259668508287,0.2169576059850374,0.35401831129196343,1.0,0.2266500622665006,0.3695431472081218,1.9951748847961426
nyurj,1.0,0.136986301369863,0.24096385542168672,0.963302752293578,0.13092269326683292,0.2305159165751921,1.0,0.136986301369863,0.24096385542168672,1.5969812870025635
nyv76,1.0,0.554140127388535,0.7131147540983606,0.9883720930232558,0.5448717948717948,0.7024793388429752,1.0,0.554140127388535,0.7131147540983606,1.3940157890319824
nyx78,1.0,0.27932960893854747,0.43668122270742354,0.9591836734693877,0.2640449438202247,0.41409691629955936,1.0,0.27932960893854747,0.43668122270742354,0.8941779136657715
nyxfp,1.0,0.3895131086142322,0.5606469002695418,0.9805825242718447,0.37969924812030076,0.5474254742547425,1.0,0.3895131086142322,0.5606469002695418,3.651425361633301
nyxqq,1.0,0.42735042735042733,0.5988023952095808,0.9387755102040817,0.39655172413793105,0.5575757575757575,1.0,0.42735042735042733,0.5988023952095808,0.8442032337188721
nyy21,1.0,0.21212121212121213,0.35,0.9555555555555556,0.20093457943925233,0.332046332046332,1.0,0.21212121212121213,0.35,1.229978084564209
nyy3p,1.0,0.24246231155778894,0.3902932254802831,0.9739583333333334,0.23522012578616353,0.37892603850050655,1.0,0.24246231155778894,0.3902932254802831,2.456001043319702
nyyci,1.0,0.3983050847457627,0.5696969696969697,0.9347826086956522,0.36752136752136755,0.5276073619631902,1.0,0.3983050847457627,0.5696969696969697,0.7913086414337158
nyys7,1.0,0.3291139240506329,0.4952380952380952,0.987012987012987,0.3220338983050847,0.48562300319488816,1.0,0.3291139240506329,0.4952380952380952,1.1268060207366943
nyyvz,1.0,0.2753303964757709,0.43177892918825556,0.9758064516129032,0.2671081677704194,0.41941074523396876,1.0,0.2753303964757709,0.43177892918825556,1.6266517639160156
nyywo,1.0,0.07578676942838793,0.1408955223880597,0.9572649572649573,0.07197943444730077,0.13389121338912136,0.9745762711864406,0.07385998715478484,0.1373134328358209,9.526038885116577
nyz05,1.0,0.20238095238095238,0.33663366336633666,0.9576271186440678,0.19250425894378195,0.3205673758865249,1.0,0.20238095238095238,0.33663366336633666,3.626106023788452
nyzvj,1.0,0.0755891507336594,0.14055394791236048,0.9585798816568047,0.07206405693950178,0.1340504757964419,1.0,0.0755891507336594,0.14055394791236048,2.4367117881774902
nz05j,1.0,0.023215281650864474,0.04537712066498604,0.9969879518072289,0.0230774593878547,0.04511073253833049,1.0,0.023215281650864474,0.04537712066498604,6.000553369522095
nz0fd,1.0,0.6511627906976745,0.7887323943661972,0.990990990990991,0.6432748538011696,0.7801418439716311,1.0,0.6511627906976745,0.7887323943661972,1.4272606372833252
nz0mb,1.0,0.518918918918919,0.6832740213523132,0.9842931937172775,0.5094850948509485,0.6714285714285714,1.0,0.518918918918919,0.6832740213523132,9.211043119430542
nz10n,1.0,0.5054347826086957,0.6714801444043321,0.9891304347826086,0.4972677595628415,0.6618181818181817,1.0,0.5054347826086957,0.6714801444043321,1.9114670753479004
nz1e9,0.9888888888888889,0.28802588996763756,0.44611528822055135,0.9438202247191011,0.2727272727272727,0.4231738035264484,0.9888888888888889,0.28802588996763756,0.44611528822055135,1.602442741394043
nz24k,1.0,0.4010989010989011,0.5725490196078432,1.0,0.39779005524861877,0.5691699604743083,1.0,0.4010989010989011,0.5725490196078432,4.430162668228149
nz25e,1.0,0.777027027027027,0.8745247148288973,0.9912280701754386,0.7687074829931972,0.8659003831417624,1.0,0.777027027027027,0.8745247148288973,1.4932098388671875
nz2hv,1.0,0.5,0.6666666666666666,0.9827586206896551,0.4892703862660944,0.6532951289398281,1.0,0.5,0.6666666666666666,1.7932991981506348
nz2j8,1.0,0.3263157894736842,0.49206349206349204,0.9565217391304348,0.30985915492957744,0.46808510638297873,1.0,0.3263157894736842,0.49206349206349204,1.415980577468872
nz2mc,1.0,0.2400793650793651,0.3872,0.9833333333333333,0.2345924453280318,0.37881219903691815,1.0,0.2400793650793651,0.3872,1.53690505027771
nz2nz,1.0,0.05342687533729088,0.1014344262295082,0.972972972972973,0.051817200431810005,0.0983942603348138,0.8787878787878788,0.04695089044792229,0.08913934426229508,4.454370498657227
nz33n,1.0,0.43103448275862066,0.6024096385542169,0.9591836734693877,0.40869565217391307,0.5731707317073171,1.0,0.43103448275862066,0.6024096385542169,0.838106632232666
nz35r,1.0,0.1781701444622793,0.3024523160762943,0.9698795180722891,0.17237687366167023,0.29272727272727267,0.990990990990991,0.17656500802568217,0.29972752043596734,3.6809229850769043
nz3sk,0.9910714285714286,0.42528735632183906,0.5951742627345844,0.9279279279279279,0.39615384615384613,0.5552560646900269,0.9910714285714286,0.42528735632183906,0.5951742627345844,1.5762898921966553
nz47p,1.0,0.22141119221411193,0.36254980079681276,0.9777777777777777,0.2146341463414634,0.352,1.0,0.22141119221411193,0.36254980079681276,1.308856725692749
nz4b6,1.0,0.45989304812834225,0.63003663003663,0.9882352941176471,0.45161290322580644,0.6199261992619925,1.0,0.45989304812834225,0.63003663003663,1.1493771076202393
nz6f7,1.0,0.7799043062200957,0.8763440860215054,0.9691358024691358,0.7548076923076923,0.8486486486486485,1.0,0.7799043062200957,0.8763440860215054,2.0454423427581787
nz6fd,1.0,0.4036697247706422,0.5751633986928105,0.9767441860465116,0.3888888888888889,0.5562913907284769,1.0,0.4036697247706422,0.5751633986928105,0.8110768795013428
nz6n0,1.0,0.46938775510204084,0.6388888888888888,0.9562841530054644,0.4475703324808184,0.6097560975609756,1.0,0.46938775510204084,0.6388888888888888,3.410801887512207
nz6qh,1.0,0.1791044776119403,0.30379746835443033,0.9565217391304348,0.16541353383458646,0.28205128205128205,1.0,0.1791044776119403,0.30379746835443033,0.6069722175598145
nz6yv,1.0,0.5042372881355932,0.6704225352112676,0.9745762711864406,0.48936170212765956,0.6515580736543909,1.0,0.5042372881355932,0.6704225352112676,1.3976185321807861
nz7e5,1.0,0.09283819628647215,0.16990291262135923,0.9420289855072463,0.08632138114209828,0.15815085158150854,0.9857142857142858,0.09151193633952255,0.16747572815533981,1.331007957458496
nz7kd,1.0,0.5193370165745856,0.6836363636363636,0.989247311827957,0.5111111111111111,0.6739926739926739,1.0,0.5193370165745856,0.6836363636363636,1.4828400611877441
nz7n0,1.0,0.6972477064220184,0.8216216216216217,1.0,0.6944444444444444,0.819672131147541,1.0,0.6972477064220184,0.8216216216216217,1.3713665008544922
nz83a,1.0,0.3399014778325123,0.5073529411764706,0.9705882352941176,0.32673267326732675,0.48888888888888893,1.0,0.3399014778325123,0.5073529411764706,1.154512882232666
nz84t,1.0,0.7705882352941177,0.8704318936877077,0.9538461538461539,0.7337278106508875,0.8294314381270904,1.0,0.7705882352941177,0.8704318936877077,1.7123050689697266
nz8c1,1.0,0.4234527687296417,0.5949656750572083,0.9922480620155039,0.41830065359477125,0.5885057471264368,1.0,0.4234527687296417,0.5949656750572083,4.567113161087036
nz8du,1.0,0.26490066225165565,0.41884816753926707,1.0,0.26,0.41269841269841273,1.0,0.26490066225165565,0.41884816753926707,0.7705280780792236
nz8tf,1.0,0.6697247706422018,0.8021978021978022,0.9862068965517241,0.6589861751152074,0.7900552486187846,1.0,0.6697247706422018,0.8021978021978022,1.9245860576629639
nz927,1.0,0.6235955056179775,0.7681660899653978,0.990909090909091,0.615819209039548,0.759581881533101,1.0,0.6235955056179775,0.7681660899653978,3.2914581298828125
nz936,1.0,0.40318302387267907,0.5746691871455577,0.9867549668874173,0.3962765957446808,0.5654648956356736,1.0,0.40318302387267907,0.5746691871455577,2.726978302001953
nz9bo,1.0,0.3333333333333333,0.5,0.9732142857142857,0.3224852071005917,0.48444444444444446,1.0,0.3333333333333333,0.5,2.576141357421875
nz9j9,1.0,0.6237623762376238,0.7682926829268292,0.984,0.6119402985074627,0.7546012269938651,1.0,0.6237623762376238,0.7682926829268292,1.570406198501587
nz9mf,0.9952380952380953,0.3161875945537065,0.47990815154994254,0.9712918660287081,0.30757575757575756,0.46720368239355586,0.9952380952380953,0.3161875945537065,0.47990815154994254,2.5387706756591797
nz9oi,1.0,0.6107784431137725,0.758364312267658,1.0,0.608433734939759,0.7565543071161048,1.0,0.6107784431137725,0.758364312267658,2.7709128856658936
nzam4,1.0,0.42328042328042326,0.5947955390334573,0.9620253164556962,0.40425531914893614,0.5692883895131086,0.725,0.30687830687830686,0.43122676579925645,1.339160680770874
nzar2,1.0,0.36193029490616624,0.531496062992126,0.9701492537313433,0.34946236559139787,0.5138339920948617,1.0,0.36193029490616624,0.531496062992126,1.7450759410858154
nzb1l,1.0,0.3032258064516129,0.4653465346534653,1.0,0.2987012987012987,0.45999999999999996,1.0,0.3032258064516129,0.4653465346534653,0.8186440467834473
nzb22,1.0,0.5,0.6666666666666666,0.9830508474576272,0.48739495798319327,0.651685393258427,1.0,0.5,0.6666666666666666,0.9835093021392822
nzbjo,1.0,0.27037037037037037,0.42565597667638483,0.9722222222222222,0.26022304832713755,0.41055718475073316,1.0,0.27037037037037037,0.42565597667638483,1.2620861530303955
nzbkm,1.0,0.5851063829787234,0.7382550335570469,0.9817073170731707,0.5729537366548043,0.7235955056179776,1.0,0.5851063829787234,0.7382550335570469,2.0525825023651123
nzbpe,1.0,0.4473684210526316,0.6181818181818182,0.9701492537313433,0.4304635761589404,0.5963302752293578,1.0,0.4473684210526316,0.6181818181818182,1.0858581066131592
nzbw5,1.0,0.3274336283185841,0.49333333333333335,1.0,0.32142857142857145,0.4864864864864865,1.0,0.3274336283185841,0.49333333333333335,4.240683555603027
nzcb6,1.0,0.345,0.5130111524163569,0.9757281553398058,0.335559265442404,0.4993788819875777,1.0,0.345,0.5130111524163569,2.7169315814971924
nzcec,0.9636363636363636,0.7114093959731543,0.8185328185328186,0.908256880733945,0.668918918918919,0.7704280155642024,0.9272727272727272,0.6845637583892618,0.7876447876447876,1.2715864181518555
nzcg6,1.0,0.3825136612021858,0.5533596837944664,0.9855072463768116,0.37362637362637363,0.5418326693227092,1.0,0.3825136612021858,0.5533596837944664,2.775238513946533
nzcm4,1.0,0.5934065934065934,0.7448275862068965,0.9813084112149533,0.580110497237569,0.7291666666666666,1.0,0.5934065934065934,0.7448275862068965,1.2703430652618408
nzcqq,0.95,0.15447154471544716,0.26573426573426573,0.7894736842105263,0.12295081967213115,0.2127659574468085,0.55,0.08943089430894309,0.15384615384615385,0.6074814796447754
nzd75,1.0,0.057190916736753576,0.10819411296738267,0.9555555555555556,0.05427008834665545,0.10270700636942674,0.8970588235294118,0.051303616484440706,0.09705648369132856,1.9520716667175293
nzdoe,1.0,0.32388663967611336,0.48929663608562696,0.9620253164556962,0.3089430894308943,0.46769230769230774,0.875,0.2834008097165992,0.42813455657492355,4.529373645782471
nzdw2,1.0,0.7738095238095238,0.8724832214765101,0.9844961240310077,0.7604790419161677,0.8581081081081082,1.0,0.7738095238095238,0.8724832214765101,1.8020405769348145
nzdw9,1.0,0.6329113924050633,0.7751937984496124,0.9797979797979798,0.6178343949044586,0.7578125,1.0,0.6329113924050633,0.7751937984496124,1.3492310047149658
nzeam,1.0,0.7268518518518519,0.8418230563002681,0.9935897435897436,0.7209302325581395,0.8355795148247979,1.0,0.7268518518518519,0.8418230563002681,2.3936526775360107
nzecd,1.0,0.1416184971098266,0.24810126582278483,0.9791666666666666,0.13623188405797101,0.23918575063613234,1.0,0.1416184971098266,0.24810126582278483,0.9674994945526123
nzegi,1.0,0.3169164882226981,0.4813008130081301,0.9659863945578231,0.30472103004291845,0.4632952691680261,0.6418918918918919,0.20342612419700215,0.3089430894308943,2.2452404499053955
nzejf,1.0,0.14826113483831604,0.25823591923485656,0.9462809917355371,0.1398046398046398,0.24361702127659574,1.0,0.14826113483831604,0.25823591923485656,2.9816067218780518
nzeup,1.0,0.22433460076045628,0.3664596273291925,0.9743589743589743,0.21714285714285714,0.35514018691588783,1.0,0.22433460076045628,0.3664596273291925,1.459848165512085
nzf74,0.9961089494163424,0.2939150401836969,0.4539007092198582,0.96484375,0.28390804597701147,0.43872113676731794,0.9961089494163424,0.2939150401836969,0.4539007092198582,2.948458433151245
nzfli,1.0,0.1713197969543147,0.29252437703141926,0.9850746268656716,0.16772554002541296,0.28664495114006516,1.0,0.1713197969543147,0.29252437703141926,1.925950527191162
nzfrp,1.0,0.569078947368421,0.7253668763102725,0.9825581395348837,0.5577557755775577,0.7115789473684211,1.0,0.569078947368421,0.7253668763102725,2.0771877765655518
nzfsa,1.0,0.24496644295302014,0.39353099730458224,0.9586206896551724,0.23361344537815126,0.37567567567567567,1.0,0.24496644295302014,0.39353099730458224,1.9240708351135254
nzfsl,0.9176470588235294,0.37142857142857144,0.528813559322034,0.8809523809523809,0.35406698564593303,0.5051194539249146,0.9176470588235294,0.37142857142857144,0.528813559322034,7.021724462509155
nzg66,1.0,0.21314387211367672,0.3513909224011713,0.957983193277311,0.20284697508896798,0.3348017621145375,0.9833333333333333,0.20959147424511546,0.3455344070278185,1.608642816543579
nzgzz,1.0,0.3151515151515151,0.4792626728110599,0.9803921568627451,0.3048780487804878,0.4651162790697675,0.7692307692307693,0.24242424242424243,0.36866359447004604,0.90677809715271
nzh40,1.0,0.3606060606060606,0.5300668151447662,0.9830508474576272,0.3525835866261398,0.5190156599552573,1.0,0.3606060606060606,0.5300668151447662,1.7809984683990479
nzh6y,1.0,0.0664804469273743,0.12467260345730749,0.9576271186440678,0.06316377864728899,0.11851074986890403,0.9243697478991597,0.061452513966480445,0.11524358302776323,3.601976156234741
nzhj5,1.0,0.3090507726269316,0.4721753794266442,0.9568345323741008,0.2942477876106195,0.4500846023688664,1.0,0.3090507726269316,0.4721753794266442,2.0939278602600098
nzhoy,1.0,0.4540229885057471,0.6245059288537549,0.9743589743589743,0.4393063583815029,0.6055776892430279,1.0,0.4540229885057471,0.6245059288537549,1.3357644081115723
nzicc,1.0,0.4158415841584158,0.5874125874125874,0.9759036144578314,0.40298507462686567,0.5704225352112676,1.0,0.4158415841584158,0.5874125874125874,2.2740275859832764
nzihx,1.0,0.36818181818181817,0.5382059800664452,0.9875,0.3607305936073059,0.5284280936454849,1.0,0.36818181818181817,0.5382059800664452,1.1748065948486328
nzis2,1.0,0.41002277904328016,0.5815831987075929,0.9776536312849162,0.3995433789954338,0.5672609400324149,1.0,0.41002277904328016,0.5815831987075929,3.9266726970672607
nzit3,0.9304347826086956,0.5977653631284916,0.727891156462585,0.8596491228070176,0.550561797752809,0.6712328767123288,0.9304347826086956,0.5977653631284916,0.727891156462585,6.462220191955566
nzj1h,1.0,0.6174496644295302,0.7634854771784232,0.945054945054945,0.581081081081081,0.7196652719665272,0.9891304347826086,0.610738255033557,0.7551867219917012,1.2356157302856445
nzji8,1.0,0.1821515892420538,0.3081695966907963,0.9662162162162162,0.17503059975520197,0.29637305699481864,0.9395973154362416,0.17114914425427874,0.2895553257497415,2.184753894805908
nzjrt,1.0,0.25,0.4,1.0,0.24675324675324675,0.3958333333333333,1.0,0.25,0.4,2.6346049308776855
nzjtx,1.0,0.6697674418604651,0.8022284122562674,1.0,0.6682242990654206,0.8011204481792717,1.0,0.6697674418604651,0.8022284122562674,1.717453956604004
nzjx6,1.0,0.18253968253968253,0.3087248322147651,0.9545454545454546,0.168,0.28571428571428575,1.0,0.18253968253968253,0.3087248322147651,4.195781946182251
nzjzw,1.0,0.47685185185185186,0.64576802507837,0.9803921568627451,0.46511627906976744,0.6309148264984227,1.0,0.47685185185185186,0.64576802507837,1.3551878929138184
nzk4c,0.9931506849315068,0.28431372549019607,0.44207317073170727,0.9448275862068966,0.2691552062868369,0.41896024464831805,0.9863013698630136,0.2823529411764706,0.43902439024390244,5.185110330581665
nzk9x,1.0,0.5138539042821159,0.6788685524126455,0.9802955665024631,0.5025252525252525,0.6644407345575959,1.0,0.5138539042821159,0.6788685524126455,3.457705020904541
nzkdu,1.0,0.2329192546583851,0.37783375314861456,0.9664429530201343,0.223950233281493,0.36363636363636365,1.0,0.2329192546583851,0.37783375314861456,1.8260045051574707
nzkjv,1.0,0.452991452991453,0.6235294117647059,0.9615384615384616,0.43103448275862066,0.5952380952380952,1.0,0.452991452991453,0.6235294117647059,0.9706592559814453
nzkms,1.0,0.24081632653061225,0.3881578947368421,1.0,0.2392638036809816,0.38613861386138615,1.0,0.24081632653061225,0.3881578947368421,1.5722577571868896
nzl6u,1.0,0.3240223463687151,0.48945147679324896,0.9824561403508771,0.3146067415730337,0.47659574468085114,1.0,0.3240223463687151,0.48945147679324896,1.0558302402496338
nzlkr,1.0,0.1991701244813278,0.33217993079584773,0.9581151832460733,0.19003115264797507,0.317157712305026,1.0,0.1991701244813278,0.33217993079584773,2.6269607543945312
nzm4u,1.0,0.08231334149326805,0.1521063047780605,0.9664179104477612,0.07927762473217019,0.14653465346534655,0.9962825278810409,0.08200734394124846,0.15154085383093016,5.952954530715942
nzmjg,1.0,0.8738738738738738,0.9326923076923077,0.9895833333333334,0.8636363636363636,0.9223300970873787,1.0,0.8738738738738738,0.9326923076923077,1.3991625308990479
nzmoc,1.0,0.39316239316239315,0.5644171779141104,0.9708029197080292,0.38,0.5462012320328542,1.0,0.39316239316239315,0.5644171779141104,1.6377310752868652
nzmwy,1.0,0.46320346320346323,0.6331360946745562,0.9811320754716981,0.45217391304347826,0.6190476190476191,1.0,0.46320346320346323,0.6331360946745562,1.407334327697754
nzn0l,1.0,0.11195054945054946,0.20135886349598517,0.9444444444444444,0.10515463917525773,0.18923933209647492,0.7914110429447853,0.0885989010989011,0.15935762816553428,4.106005430221558
nznbr,1.0,0.38803088803088803,0.5591098748261474,0.975,0.3771760154738878,0.5439330543933054,1.0,0.38803088803088803,0.5591098748261474,3.879788637161255
nznin,1.0,0.059354026845637585,0.1120570184121956,0.9964539007092199,0.05894692678833648,0.11130917013269954,1.0,0.059354026845637585,0.1120570184121956,4.46272349357605
nznpd,1.0,0.47878787878787876,0.6475409836065573,0.9743589743589743,0.4634146341463415,0.628099173553719,1.0,0.47878787878787876,0.6475409836065573,1.7983171939849854
nzo3f,0.875,0.5982905982905983,0.7106598984771574,0.7848101265822784,0.5344827586206896,0.6358974358974359,0.8375,0.5726495726495726,0.6802030456852791,1.1443204879760742
nzo8c,1.0,0.39325842696629215,0.564516129032258,0.9615384615384616,0.37593984962406013,0.5405405405405406,1.0,0.39325842696629215,0.564516129032258,1.3604905605316162
nzodz,1.0,0.08695652173913043,0.16,0.8888888888888888,0.07017543859649122,0.13008130081300814,1.0,0.08695652173913043,0.16,0.42177820205688477
nzq1c,1.0,0.13940370668815472,0.24469589816124468,0.9767441860465116,0.13548387096774195,0.2379603399433428,1.0,0.13940370668815472,0.24469589816124468,5.9604856967926025
nzq2f,1.0,0.15470383275261324,0.267954133977067,0.9728506787330317,0.1499302649930265,0.25981873111782483,0.918918918918919,0.1421602787456446,0.24622812311406161,2.997460126876831
nzr0l,1.0,0.15738284703801944,0.2719633307868602,0.9774011299435028,0.15309734513274337,0.26472838561591433,1.0,0.15738284703801944,0.2719633307868602,2.2142550945281982
nzr7g,1.0,0.42045454545454547,0.5920000000000001,0.9891304347826086,0.4145785876993166,0.5842696629213483,1.0,0.42045454545454547,0.5920000000000001,2.3486340045928955
nzrd0,1.0,0.3539325842696629,0.5228215767634855,0.9787234042553191,0.3452157598499062,0.5104022191400832,1.0,0.3539325842696629,0.5228215767634855,2.1569740772247314
nzruj,1.0,0.49865229110512127,0.6654676258992805,0.9782608695652174,0.4864864864864865,0.6498194945848376,1.0,0.49865229110512127,0.6654676258992805,3.6019811630249023
nzsh7,1.0,0.2564102564102564,0.4081632653061224,1.0,0.2536764705882353,0.4046920821114369,1.0,0.2564102564102564,0.4081632653061224,1.0962200164794922
nzsz5,0.8928571428571429,0.3401360544217687,0.4926108374384236,0.7272727272727273,0.273972602739726,0.3980099502487562,0.8392857142857143,0.3197278911564626,0.4630541871921182,1.7854387760162354
nzt8z,1.0,0.12698412698412698,0.22535211267605632,0.9448818897637795,0.11916583912611718,0.21164021164021166,0.984375,0.125,0.22183098591549297,2.8662772178649902
nzuhm,1.0,0.1206896551724138,0.21538461538461542,0.9838709677419355,0.11708253358925144,0.20926243567753003,1.0,0.1206896551724138,0.21538461538461542,0.9524486064910889
nzuvm,1.0,0.6209677419354839,0.7661691542288557,1.0,0.6178861788617886,0.7638190954773869,1.0,0.6209677419354839,0.7661691542288557,2.6215500831604004
nzv7n,1.0,0.4462809917355372,0.6171428571428571,0.9626168224299065,0.42738589211618255,0.5919540229885056,1.0,0.4462809917355372,0.6171428571428571,1.4528872966766357
nzvd8,1.0,0.1041814316087881,0.18870346598202825,0.9452054794520548,0.09787234042553192,0.17737789203084833,0.9115646258503401,0.09496810772501772,0.17201540436457,2.3937795162200928
nzvrm,1.0,0.47230320699708456,0.6415841584158416,0.9813664596273292,0.4619883040935672,0.6282306163021868,1.0,0.47230320699708456,0.6415841584158416,6.527339458465576
nzvxj,1.0,0.5373134328358209,0.6990291262135923,0.9813084112149533,0.525,0.6840390879478827,0.8425925925925926,0.4527363184079602,0.5889967637540452,1.4842288494110107
nzw3b,1.0,0.2881118881118881,0.44733984799131377,0.9658536585365853,0.2773109243697479,0.4309031556039174,1.0,0.2881118881118881,0.44733984799131377,8.087355852127075
nzwhm,1.0,0.1397984886649874,0.2453038674033149,0.9727272727272728,0.13493064312736444,0.23698781838316726,1.0,0.1397984886649874,0.2453038674033149,1.6881983280181885
nzxce,1.0,0.376,0.5465116279069768,0.9782608695652174,0.3629032258064516,0.5294117647058824,1.0,0.376,0.5465116279069768,0.7704081535339355
nzxu6,1.0,0.02067528136723635,0.04051294617332353,0.9676113360323887,0.019926629981657496,0.03904909729597256,0.8185483870967742,0.0169237182159233,0.0331618067467124,4.780054330825806
nzy2f,1.0,0.41935483870967744,0.5909090909090909,0.974025974025974,0.40540540540540543,0.5725190839694657,1.0,0.41935483870967744,0.5909090909090909,1.032097339630127
nzzog,1.0,0.5341614906832298,0.6963562753036437,0.9764705882352941,0.51875,0.6775510204081634,1.0,0.5341614906832298,0.6963562753036437,1.219728708267212
nzzoy,1.0,0.6056338028169014,0.7543859649122806,1.0,0.6028368794326241,0.752212389380531,1.0,0.6056338028169014,0.7543859649122806,1.404529333114624
o005h,1.0,0.15173410404624277,0.26348808030112925,0.9681528662420382,0.14650602409638555,0.25449979070740897,1.0,0.15173410404624277,0.26348808030112925,4.8188769817352295
o01fu,1.0,0.14273995077932733,0.2498205312275664,0.9653179190751445,0.13711001642036125,0.24011502516175412,1.0,0.14273995077932733,0.2498205312275664,2.2142348289489746
o01j4,1.0,0.5103734439834025,0.6758241758241758,0.9672131147540983,0.49166666666666664,0.6519337016574585,1.0,0.5103734439834025,0.6758241758241758,1.4118602275848389
o01j7,1.0,0.3438914027149321,0.5117845117845118,0.96,0.32727272727272727,0.488135593220339,0.9078947368421053,0.31221719457013575,0.4646464646464646,1.2135097980499268
o01mt,1.0,0.1511081262592344,0.26254375729288215,0.96875,0.14583333333333334,0.2535046728971963,0.9955555555555555,0.15043653458697112,0.2613768961493582,7.424822092056274
o01yk,1.0,0.27014218009478674,0.4253731343283582,0.9823008849557522,0.26365795724465557,0.4157303370786517,1.0,0.27014218009478674,0.4253731343283582,1.5206780433654785
o02ck,1.0,0.3898305084745763,0.5609756097560975,1.0,0.38461538461538464,0.5555555555555556,1.0,0.3898305084745763,0.5609756097560975,0.8189363479614258
o02fp,1.0,0.2413162705667276,0.38880706921944036,0.9694656488549618,0.2326007326007326,0.37518463810930575,1.0,0.2413162705667276,0.38880706921944036,1.603348731994629
o03tz,1.0,0.4732142857142857,0.6424242424242425,0.9807692307692307,0.4594594594594595,0.6257668711656441,1.0,0.4732142857142857,0.6424242424242425,0.8714816570281982
o03yy,1.0,0.5714285714285714,0.7272727272727273,0.9850746268656716,0.559322033898305,0.7135135135135133,1.0,0.5714285714285714,0.7272727272727273,0.9479482173919678
o04cn,1.0,0.2688888888888889,0.4238178633975482,0.9833333333333333,0.26280623608017817,0.41476274165202115,0.8925619834710744,0.24,0.3782837127845885,1.4709126949310303
o04dj,1.0,0.2570281124497992,0.4089456869009584,0.9647058823529412,0.24723618090452262,0.39360000000000006,1.0,0.2570281124497992,0.4089456869009584,2.8831212520599365
o0651,1.0,0.4785276073619632,0.6473029045643154,0.987012987012987,0.4691358024691358,0.6359832635983264,1.0,0.4785276073619632,0.6473029045643154,1.023794174194336
o0673,1.0,0.7407407407407407,0.851063829787234,0.9873417721518988,0.7289719626168224,0.8387096774193549,1.0,0.7407407407407407,0.851063829787234,1.1249358654022217
o06cj,0.2384937238493724,0.4956521739130435,0.3220338983050848,0.0546218487394958,0.11403508771929824,0.07386363636363637,0.1297071129707113,0.26956521739130435,0.1751412429378531,5.203696250915527
o06ix,1.0,0.1558219178082192,0.26962962962962966,0.9333333333333333,0.14408233276157806,0.24962852897473997,1.0,0.1558219178082192,0.26962962962962966,1.3198890686035156
o06j0,1.0,0.6524390243902439,0.7896678966789669,0.9905660377358491,0.6441717791411042,0.7806691449814126,1.0,0.6524390243902439,0.7896678966789669,1.520214557647705
o06nb,1.0,0.24539877300613497,0.39408866995073893,1.0,0.24074074074074073,0.3880597014925373,1.0,0.24539877300613497,0.39408866995073893,0.7199347019195557
o06uz,1.0,0.1964512040557668,0.32838983050847453,0.9545454545454546,0.1865482233502538,0.31210191082802546,1.0,0.1964512040557668,0.32838983050847453,19.908894538879395
o07zg,1.0,0.5681818181818182,0.7246376811594203,0.972972972972973,0.549618320610687,0.702439024390244,1.0,0.5681818181818182,0.7246376811594203,1.322253942489624
o08m3,1.0,0.34386617100371747,0.5117565698478562,0.9782608695652174,0.33519553072625696,0.4993065187239944,1.0,0.34386617100371747,0.5117565698478562,2.240117311477661
o08yz,1.0,0.3939393939393939,0.5652173913043478,0.9888888888888889,0.3869565217391304,0.5562499999999999,1.0,0.3939393939393939,0.5652173913043478,1.2348463535308838
o0927,1.0,0.13807531380753138,0.24264705882352938,0.9695121951219512,0.13316582914572864,0.23416789396170837,0.9757575757575757,0.13472803347280335,0.23676470588235296,4.824806213378906
o095q,1.0,0.0712896953985742,0.13309134906231093,0.9680365296803652,0.06871961102106969,0.12832929782082325,0.8818181818181818,0.06286454957874271,0.11736237144585601,2.938220739364624
o09da,1.0,0.43010752688172044,0.6015037593984962,0.9747899159663865,0.4172661870503597,0.584382871536524,0.9916666666666667,0.4265232974910394,0.5964912280701754,1.4343643188476562
o09rh,1.0,0.49107142857142855,0.6586826347305389,0.9814814814814815,0.4774774774774775,0.6424242424242426,1.0,0.49107142857142855,0.6586826347305389,3.5243587493896484
o09u3,1.0,0.11591791458679977,0.20775347912524852,0.9711538461538461,0.1120976692563818,0.20099502487562187,1.0,0.11591791458679977,0.20775347912524852,4.414983510971069
o0aaz,1.0,0.3779527559055118,0.5485714285714286,0.9574468085106383,0.35714285714285715,0.5202312138728324,1.0,0.3779527559055118,0.5485714285714286,0.9297425746917725
o0aph,1.0,0.4898785425101215,0.657608695652174,0.9875518672199171,0.4827586206896552,0.6485013623978202,1.0,0.4898785425101215,0.657608695652174,2.6129109859466553
o0azm,1.0,0.3249097472924188,0.4904632152588556,0.9662921348314607,0.3115942028985507,0.4712328767123288,1.0,0.3249097472924188,0.4904632152588556,1.1694934368133545
o0bbr,1.0,0.26495726495726496,0.4189189189189189,0.9672131147540983,0.2532188841201717,0.4013605442176871,1.0,0.26495726495726496,0.4189189189189189,1.1416866779327393
o0brk,1.0,0.4528301886792453,0.6233766233766235,0.9915966386554622,0.44696969696969696,0.6161879895561357,1.0,0.4528301886792453,0.6233766233766235,1.5742723941802979
o0c1p,1.0,0.41043478260869565,0.5819975339087546,0.9617021276595744,0.39372822299651566,0.5587144622991347,1.0,0.41043478260869565,0.5819975339087546,2.8706045150756836
o0c1y,1.0,0.37237237237237236,0.5426695842450766,0.967479674796748,0.35843373493975905,0.5230769230769231,1.0,0.37237237237237236,0.5426695842450766,1.7142307758331299
o0cbu,1.0,0.26479289940828404,0.4187134502923977,0.9662921348314607,0.2548148148148148,0.4032825322391559,1.0,0.26479289940828404,0.4187134502923977,2.061817169189453
o0cf6,1.0,0.24408468244084683,0.3923923923923924,0.958974358974359,0.23316708229426433,0.37512537612838515,1.0,0.24408468244084683,0.3923923923923924,3.5185604095458984
o0cms,1.0,0.3246753246753247,0.49019607843137253,0.9494949494949495,0.30618892508143325,0.4630541871921182,1.0,0.3246753246753247,0.49019607843137253,1.4453132152557373
o0d14,1.0,0.2594268476621418,0.4119760479041917,0.9707602339181286,0.25075528700906347,0.3985594237695078,1.0,0.2594268476621418,0.4119760479041917,2.093082904815674
o0d1k,1.0,0.5067567567567568,0.672645739910314,0.972972972972973,0.4897959183673469,0.65158371040724,1.0,0.5067567567567568,0.672645739910314,1.0368471145629883
o0d9k,1.0,0.2562189054726368,0.4079207920792079,0.9803921568627451,0.24937655860349128,0.3976143141153081,1.0,0.2562189054726368,0.4079207920792079,1.2850909233093262
o0de9,1.0,0.14753004005340453,0.2571262361838278,0.9681818181818181,0.14228456913827656,0.24810716365754226,1.0,0.14753004005340453,0.2571262361838278,2.7897026538848877
o0dgf,1.0,0.55,0.7096774193548387,0.9655172413793104,0.5283018867924528,0.6829268292682926,1.0,0.55,0.7096774193548387,1.1718366146087646
o0dos,1.0,0.2514851485148515,0.40189873417721517,0.9841269841269841,0.24603174603174602,0.39365079365079364,1.0,0.2514851485148515,0.40189873417721517,1.984717845916748
o0dzh,1.0,0.5223880597014925,0.6862745098039216,0.9856115107913669,0.5131086142322098,0.6748768472906405,1.0,0.5223880597014925,0.6862745098039216,1.7232768535614014
o0dzw,1.0,0.38636363636363635,0.5573770491803279,0.9704142011834319,0.3735763097949886,0.5394736842105263,1.0,0.38636363636363635,0.5573770491803279,2.3013851642608643
o0ecq,1.0,0.6541353383458647,0.7909090909090909,0.976878612716763,0.6377358490566037,0.771689497716895,1.0,0.6541353383458647,0.7909090909090909,2.1484534740448
o0ehc,0.9941520467836257,0.29411764705882354,0.4539385847797063,0.9647058823529412,0.28422876949740034,0.4390896921017403,0.9941520467836257,0.29411764705882354,0.4539385847797063,2.4658467769622803
o0f6c,1.0,0.37169811320754714,0.5419532324621733,0.9796437659033079,0.3635505193578848,0.5303030303030304,1.0,0.37169811320754714,0.5419532324621733,6.193845272064209
o0fup,1.0,0.24882629107981222,0.39849624060150374,0.9615384615384616,0.2358490566037736,0.3787878787878788,1.0,0.24882629107981222,0.39849624060150374,0.8289544582366943
o0gja,1.0,0.42948717948717946,0.600896860986547,0.9848484848484849,0.41935483870967744,0.5882352941176471,1.0,0.42948717948717946,0.600896860986547,1.4233975410461426
o0hj1,1.0,0.30413625304136255,0.4664179104477612,0.967741935483871,0.2926829268292683,0.44943820224719094,1.0,0.30413625304136255,0.4664179104477612,1.5080211162567139
o0hki,1.0,0.2170138888888889,0.3566333808844508,0.967741935483871,0.20869565217391303,0.34334763948497854,1.0,0.2170138888888889,0.3566333808844508,1.6432712078094482
o0hvc,1.0,0.3948497854077253,0.5661538461538461,0.967032967032967,0.3793103448275862,0.544891640866873,1.0,0.3948497854077253,0.5661538461538461,1.4143731594085693
o0i09,1.0,0.168,0.28767123287671237,0.976,0.1628838451268358,0.27917620137299776,1.0,0.168,0.28767123287671237,1.6842172145843506
o0i86,0.9743589743589743,0.5314685314685315,0.6877828054298643,0.9090909090909091,0.49295774647887325,0.6392694063926941,0.9743589743589743,0.5314685314685315,0.6877828054298643,1.1136958599090576
o0ioj,1.0,0.3333333333333333,0.5,0.9714285714285714,0.32075471698113206,0.48226950354609927,1.0,0.3333333333333333,0.5,1.159733533859253
o0jeb,1.0,0.1590909090909091,0.2745098039215686,0.9705882352941176,0.1506849315068493,0.2608695652173913,1.0,0.1590909090909091,0.2745098039215686,0.7346727848052979
o0jfp,1.0,0.12597547380156077,0.22376237623762377,0.9375,0.1171875,0.20833333333333334,1.0,0.12597547380156077,0.22376237623762377,1.6257820129394531
o0jlo,1.0,0.39285714285714285,0.5641025641025641,0.9814814814814815,0.381294964028777,0.5492227979274612,1.0,0.39285714285714285,0.5641025641025641,0.75113844871521
o0jmr,1.0,0.43829787234042555,0.6094674556213018,0.9803921568627451,0.42735042735042733,0.5952380952380952,1.0,0.43829787234042555,0.6094674556213018,1.2810661792755127
o0jyl,1.0,0.6694915254237288,0.8020304568527918,0.9808917197452229,0.6553191489361702,0.7857142857142856,1.0,0.6694915254237288,0.8020304568527918,1.929213285446167
o0k3m,1.0,0.44224422442244227,0.6132723112128147,0.9849624060150376,0.4337748344370861,0.6022988505747127,1.0,0.44224422442244227,0.6132723112128147,1.5515999794006348
o0kao,1.0,0.31297709923664124,0.4767441860465117,0.9506172839506173,0.2950191570881226,0.45029239766081863,1.0,0.31297709923664124,0.4767441860465117,1.3537988662719727
o0l8i,1.0,0.36268343815513626,0.5323076923076923,0.9476744186046512,0.34243697478991597,0.5030864197530864,1.0,0.36268343815513626,0.5323076923076923,2.5247178077697754
o0ljd,1.0,0.29658792650918636,0.4574898785425101,0.9464285714285714,0.2789473684210526,0.43089430894308933,1.0,0.29658792650918636,0.4574898785425101,2.0169901847839355
o0m2u,1.0,0.17543859649122806,0.29850746268656714,1.0,0.168141592920354,0.2878787878787879,1.0,0.17543859649122806,0.29850746268656714,0.5610792636871338
o0m3z,1.0,0.14951627088830255,0.26013771996939555,0.9467455621301775,0.14084507042253522,0.24521072796934867,1.0,0.14951627088830255,0.26013771996939555,2.104959487915039
o0mr8,1.0,0.4192634560906516,0.590818363273453,0.9863945578231292,0.4119318181818182,0.5811623246492986,1.0,0.4192634560906516,0.590818363273453,3.0821800231933594
o0muo,1.0,0.1747787610619469,0.2975517890772128,0.9681528662420382,0.16832779623477298,0.28679245283018867,1.0,0.1747787610619469,0.2975517890772128,2.835509777069092
o0my1,1.0,0.65,0.787878787878788,0.9777777777777777,0.6330935251798561,0.7685589519650655,1.0,0.65,0.787878787878788,1.359534502029419
o0n5j,1.0,0.12354085603112841,0.21991341991341992,0.9603174603174603,0.11781888997078871,0.20988725065047703,1.0,0.12354085603112841,0.21991341991341992,1.7365763187408447
o0n5s,1.0,0.1737704918032787,0.2960893854748603,0.9556962025316456,0.1652078774617068,0.28171641791044777,0.9182389937106918,0.15956284153005465,0.2718808193668529,2.0214242935180664
o0nqj,1.0,0.5934065934065934,0.7448275862068965,0.9813664596273292,0.5808823529411765,0.7297921478060047,1.0,0.5934065934065934,0.7448275862068965,1.8684947490692139
o0o0k,1.0,0.16314199395770393,0.2805194805194805,0.9719626168224299,0.1573373676248109,0.2708333333333333,1.0,0.16314199395770393,0.2805194805194805,1.5440337657928467
o0ojf,1.0,0.4262295081967213,0.5977011494252873,0.9803921568627451,0.4132231404958678,0.5813953488372093,1.0,0.4262295081967213,0.5977011494252873,0.795917272567749
o0pjm,1.0,0.6805555555555556,0.8099173553719008,0.9587628865979382,0.6503496503496503,0.7749999999999999,0.9897959183673469,0.6736111111111112,0.8016528925619835,1.4072136878967285
o0prr,1.0,0.18083462132921174,0.30628272251308897,0.9568965517241379,0.17182662538699692,0.29133858267716534,1.0,0.18083462132921174,0.30628272251308897,1.459712028503418
o0psv,1.0,0.4573643410852713,0.6276595744680851,0.9829059829059829,0.4474708171206226,0.6149732620320856,1.0,0.4573643410852713,0.6276595744680851,1.7271828651428223
o0q5z,1.0,0.03930530164533821,0.07563764291996482,0.9609375,0.037488570557756784,0.07216192431798181,1.0,0.03930530164533821,0.07563764291996482,2.0277671813964844
o0qc0,1.0,0.9657534246575342,0.9825783972125435,1.0,0.9655172413793104,0.9824561403508771,1.0,0.9657534246575342,0.9825783972125435,1.4990077018737793
o0qi7,1.0,0.4444444444444444,0.6153846153846153,0.9803921568627451,0.43103448275862066,0.5988023952095808,1.0,0.4444444444444444,0.6153846153846153,0.8445940017700195
o0qs7,1.0,0.5418502202643172,0.7028571428571428,0.9836065573770492,0.5309734513274337,0.6896551724137931,1.0,0.5418502202643172,0.7028571428571428,1.669004201889038
o0ree,1.0,0.28807339449541286,0.44729344729344733,0.9487179487179487,0.27205882352941174,0.4228571428571429,0.9936305732484076,0.28623853211009176,0.4444444444444445,1.9797699451446533
o0rff,1.0,0.2395104895104895,0.386459802538787,0.9558823529411765,0.2276707530647986,0.3677510608203677,1.0,0.2395104895104895,0.386459802538787,1.666041374206543
o0sdv,1.0,0.5338983050847458,0.696132596685083,0.9838709677419355,0.5213675213675214,0.6815642458100559,1.0,0.5338983050847458,0.696132596685083,0.9176821708679199
o0sr0,1.0,0.12056737588652482,0.2151898734177215,0.9566929133858267,0.11494796594134342,0.20523648648648649,1.0,0.12056737588652482,0.2151898734177215,3.499864339828491
o0t3o,1.0,0.06001395673412421,0.11323238973008558,0.9411764705882353,0.055865921787709494,0.10547132498352009,1.0,0.06001395673412421,0.11323238973008558,1.465632677078247
o0tmu,1.0,0.425531914893617,0.5970149253731344,0.9491525423728814,0.4,0.5628140703517588,1.0,0.425531914893617,0.5970149253731344,1.1084587574005127
o0tpd,1.0,0.5614035087719298,0.7191011235955056,0.9841269841269841,0.5486725663716814,0.7045454545454545,1.0,0.5614035087719298,0.7191011235955056,0.9841268062591553
o0ukj,1.0,0.2628398791540785,0.41626794258373206,0.9710982658959537,0.25416036308623297,0.4028776978417266,1.0,0.2628398791540785,0.41626794258373206,1.9328312873840332
o0ul8,1.0,0.11422944362383063,0.20503756076005303,0.9696969696969697,0.1103448275862069,0.19814241486068113,1.0,0.11422944362383063,0.20503756076005303,2.9803569316864014
o0ung,0.990990990990991,0.6832298136645962,0.8088235294117647,0.9636363636363636,0.6625,0.7851851851851853,0.990990990990991,0.6832298136645962,0.8088235294117647,1.567089557647705
o0usl,1.0,0.420863309352518,0.5924050632911392,0.9741379310344828,0.40794223826714804,0.5750636132315522,1.0,0.420863309352518,0.5924050632911392,1.5795941352844238
o0ute,1.0,0.5981308411214953,0.7485380116959064,0.9682539682539683,0.5754716981132075,0.7218934911242603,1.0,0.5981308411214953,0.7485380116959064,0.9129281044006348
o0uxq,1.0,0.3496932515337423,0.5181818181818182,0.9882352941176471,0.3442622950819672,0.5106382978723405,1.0,0.3496932515337423,0.5181818181818182,1.7888336181640625
o0v4x,0.9908256880733946,0.9473684210526315,0.9686098654708519,0.9722222222222222,0.9292035398230089,0.9502262443438914,0.9908256880733946,0.9473684210526315,0.9686098654708519,1.4365503787994385
o0vgd,1.0,0.4080267558528428,0.5795724465558195,0.9917355371900827,0.40268456375838924,0.5727923627684963,1.0,0.4080267558528428,0.5795724465558195,1.7296183109283447
o0vzb,1.0,0.2777777777777778,0.4347826086956522,0.9838709677419355,0.2717149220489978,0.4258289703315881,1.0,0.2777777777777778,0.4347826086956522,1.9305479526519775
o0w77,1.0,0.20890937019969277,0.34561626429479037,0.9629629629629629,0.2,0.33121019108280253,1.0,0.20890937019969277,0.34561626429479037,1.8272082805633545
o0wd5,1.0,0.26873661670235544,0.4236286919831223,0.984,0.26366559485530544,0.41589180050718505,1.0,0.26873661670235544,0.4236286919831223,2.8105146884918213
o0x5g,0.25,0.16176470588235295,0.19642857142857145,0.022988505747126436,0.014814814814814815,0.018018018018018018,0.14772727272727273,0.09558823529411764,0.11607142857142856,1.7722482681274414
o0x8z,1.0,0.3181818181818182,0.4827586206896552,0.9473684210526315,0.2987551867219917,0.45425867507886436,0.987012987012987,0.3140495867768595,0.47648902821316613,1.1928744316101074
o0xft,1.0,0.2571428571428571,0.40909090909090906,0.9345794392523364,0.2386634844868735,0.38022813688212925,0.8796296296296297,0.2261904761904762,0.35984848484848486,1.4173884391784668
o0xi1,1.0,0.27469135802469136,0.4309927360774818,0.9887005649717514,0.2704791344667697,0.424757281553398,1.0,0.27469135802469136,0.4309927360774818,2.3615593910217285
o0xix,1.0,0.3618421052631579,0.5314009661835749,0.963302752293578,0.3465346534653465,0.5097087378640776,1.0,0.3618421052631579,0.5314009661835749,1.509981632232666
o0xqm,1.0,0.2395128552097429,0.3864628820960698,0.9772727272727273,0.23306233062330622,0.3763676148796499,1.0,0.2395128552097429,0.3864628820960698,3.1975173950195312
o0xxv,1.0,0.14408060453400504,0.2518714222809335,0.968421052631579,0.13911290322580644,0.24327897752313793,0.9965034965034965,0.14357682619647355,0.25099075297225887,3.7130982875823975
o0xyh,1.0,0.2184873949579832,0.3586206896551724,0.9806763285024155,0.21345951629863302,0.3506044905008636,1.0,0.2184873949579832,0.3586206896551724,2.535963296890259
o0y0z,1.0,0.4233576642335766,0.5948717948717949,0.991304347826087,0.4175824175824176,0.5876288659793815,1.0,0.4233576642335766,0.5948717948717949,1.6295475959777832
o0yre,1.0,0.39295392953929537,0.5642023346303502,0.9930555555555556,0.38858695652173914,0.55859375,1.0,0.39295392953929537,0.5642023346303502,2.0362026691436768
o0yxr,1.0,0.21864406779661016,0.35883171070931846,0.9609375,0.20882852292020374,0.34309623430962344,1.0,0.21864406779661016,0.35883171070931846,1.8419513702392578
o0zfg,0.8823529411764706,0.29605263157894735,0.44334975369458124,0.7623762376237624,0.25412541254125415,0.3811881188118812,0.7941176470588235,0.26644736842105265,0.3990147783251232,1.405954122543335
o0zpp,1.0,0.7142857142857143,0.8333333333333333,0.9856115107913669,0.7025641025641025,0.8203592814371258,1.0,0.7142857142857143,0.8333333333333333,1.7989163398742676
o110h,1.0,0.452914798206278,0.6234567901234568,0.95,0.42792792792792794,0.5900621118012422,1.0,0.452914798206278,0.6234567901234568,1.3504643440246582
o1114,1.0,0.05819703309243058,0.10999281092739036,0.9671052631578947,0.05593607305936073,0.10575539568345323,1.0,0.05819703309243058,0.10999281092739036,2.565788745880127
o11ua,1.0,0.10405405405405406,0.18849449204406366,0.9803921568627451,0.10141987829614604,0.1838235294117647,1.0,0.10405405405405406,0.18849449204406366,2.8513991832733154
o12w0,1.0,0.7046979865771812,0.8267716535433071,0.9807692307692307,0.6891891891891891,0.8095238095238095,0.9904761904761905,0.697986577181208,0.8188976377952757,1.3490321636199951
o13qu,1.0,0.29375,0.45410628019323673,0.9714285714285714,0.2839248434237996,0.4394184168012924,1.0,0.29375,0.45410628019323673,1.6511850357055664
o13ra,1.0,0.24624624624624625,0.39518072289156625,0.9382716049382716,0.2289156626506024,0.36803874092009686,1.0,0.24624624624624625,0.39518072289156625,1.2923028469085693
o13vn,1.0,0.18686868686868688,0.3148936170212766,0.9863013698630136,0.18227848101265823,0.30769230769230765,0.8108108108108109,0.15151515151515152,0.25531914893617025,1.2965283393859863
o1460,1.0,0.21815286624203822,0.3581699346405229,0.9632352941176471,0.20893141945773525,0.34338138925294887,1.0,0.21815286624203822,0.3581699346405229,1.7904043197631836
o14mj,1.0,0.7614678899082569,0.8645833333333333,0.975609756097561,0.7407407407407407,0.8421052631578947,1.0,0.7614678899082569,0.8645833333333333,1.3183529376983643
o14os,1.0,0.19153225806451613,0.3214890016920474,0.9893617021276596,0.18787878787878787,0.3157894736842105,1.0,0.19153225806451613,0.3214890016920474,1.259545087814331
o150k,1.0,0.1475211608222491,0.25711275026343516,0.9752066115702479,0.14285714285714285,0.249208025343189,1.0,0.1475211608222491,0.25711275026343516,1.481870412826538
o154u,1.0,0.2644230769230769,0.41825095057034223,0.9814814814814815,0.2560386473429952,0.4061302681992337,1.0,0.2644230769230769,0.41825095057034223,1.359609842300415
o156c,1.0,0.16533333333333333,0.2837528604118993,0.9567567567567568,0.15747330960854092,0.2704354469060351,1.0,0.16533333333333333,0.2837528604118993,2.4483165740966797
o15qv,1.0,0.6099290780141844,0.7577092511013216,0.9707602339181286,0.5907473309608541,0.7345132743362832,1.0,0.6099290780141844,0.7577092511013216,2.293449878692627
o16ag,1.0,0.478494623655914,0.6472727272727273,0.9886363636363636,0.4702702702702703,0.6373626373626374,1.0,0.478494623655914,0.6472727272727273,1.1918013095855713
o16ck,1.0,0.5,0.6666666666666666,0.978494623655914,0.48663101604278075,0.65,1.0,0.5,0.6666666666666666,1.5998914241790771
o16nk,1.0,0.29354838709677417,0.4538653366583541,0.9666666666666667,0.2815533980582524,0.43609022556390975,1.0,0.29354838709677417,0.4538653366583541,1.1772918701171875
o16pl,1.0,0.03917327565489065,0.0753931544865865,0.9567901234567902,0.037259615384615384,0.07172605275335492,0.9386503067484663,0.03677000720980533,0.07076780758556891,2.2745680809020996
o16rg,1.0,0.15894868585732166,0.27429805615550756,0.9761904761904762,0.15413533834586465,0.2662337662337662,1.0,0.15894868585732166,0.27429805615550756,1.4682621955871582
o1744,1.0,0.37346437346437344,0.5438282647584973,0.9801324503311258,0.3645320197044335,0.5314183123877918,1.0,0.37346437346437344,0.5438282647584973,4.789948225021362
o175l,1.0,0.12830735773831098,0.2274333440411179,0.9858356940509915,0.126178390137781,0.22372227579556414,1.0,0.12830735773831098,0.2274333440411179,8.137661457061768
o17dr,1.0,0.4209445585215606,0.592485549132948,0.9901960784313726,0.4156378600823045,0.5855072463768116,0.9951219512195122,0.4188911704312115,0.5895953757225433,2.569551706314087
o18as,1.0,0.16751269035532995,0.28695652173913044,0.9618320610687023,0.16010165184243966,0.27450980392156865,1.0,0.16751269035532995,0.28695652173913044,1.8417348861694336
o18fr,1.0,0.35570469798657717,0.5247524752475247,0.9615384615384616,0.33783783783783783,0.5,1.0,0.35570469798657717,0.5247524752475247,0.933013916015625
o18tt,1.0,0.32231404958677684,0.48749999999999993,0.974025974025974,0.3112033195020747,0.4716981132075472,1.0,0.32231404958677684,0.48749999999999993,1.1946890354156494
o18tu,1.0,0.2832080200501253,0.44140625,0.9732142857142857,0.27386934673366836,0.4274509803921569,1.0,0.2832080200501253,0.44140625,1.4676949977874756
o18yr,1.0,0.21895424836601307,0.3592493297587131,0.9849624060150376,0.2144026186579378,0.35215053763440857,0.6791044776119403,0.14869281045751634,0.24396782841823056,1.6227691173553467
o193b,1.0,0.3058823529411765,0.4684684684684685,0.9803921568627451,0.2958579881656805,0.45454545454545453,1.0,0.3058823529411765,0.4684684684684685,0.8988630771636963
o193k,1.0,0.11259012756516916,0.20239282153539384,0.9653465346534653,0.10821309655937847,0.19461077844311378,1.0,0.11259012756516916,0.20239282153539384,2.5462799072265625
o1958,1.0,0.5572519083969466,0.715686274509804,0.9722222222222222,0.5384615384615384,0.693069306930693,1.0,0.5572519083969466,0.715686274509804,1.077991008758545
o19s5,1.0,0.37058823529411766,0.5407725321888412,0.9516129032258065,0.34911242603550297,0.5108225108225108,0.9047619047619048,0.3352941176470588,0.48927038626609437,1.0059711933135986
o19st,1.0,0.616,0.7623762376237623,1.0,0.6129032258064516,0.76,1.0,0.616,0.7623762376237623,1.6427068710327148
o1a8a,1.0,0.2698412698412698,0.425,0.9745762711864406,0.26136363636363635,0.41218637992831536,1.0,0.2698412698412698,0.425,1.4891626834869385
o1ah5,1.0,0.3761904761904762,0.5467128027681661,0.9743589743589743,0.36363636363636365,0.5296167247386759,1.0,0.3761904761904762,0.5467128027681661,0.9821770191192627
o1ail,1.0,0.41353383458646614,0.5851063829787234,0.9724770642201835,0.4,0.5668449197860963,1.0,0.41353383458646614,0.5851063829787234,1.3366312980651855
o1ak7,1.0,0.18842105263157893,0.31709477413640386,0.9662921348314607,0.18124341412012646,0.3052351375332742,1.0,0.18842105263157893,0.31709477413640386,2.3043594360351562
o1amq,1.0,0.24031007751937986,0.3875,0.961038961038961,0.22981366459627328,0.37092731829573933,1.0,0.24031007751937986,0.3875,1.9159564971923828
o1bzr,1.0,0.04371179848120022,0.08376220053238685,0.9574468085106383,0.041682104483141906,0.07988638380969287,0.9279661016949152,0.04056306723467309,0.0777284826974268,3.5364973545074463
o1c36,1.0,0.3160919540229885,0.48034934497816595,0.9814814814814815,0.3063583815028902,0.4669603524229075,1.0,0.3160919540229885,0.48034934497816595,0.8915877342224121
o1cj4,1.0,0.5735294117647058,0.7289719626168224,0.974025974025974,0.5555555555555556,0.7075471698113207,1.0,0.5735294117647058,0.7289719626168224,1.1334121227264404
o1dkj,1.0,0.38489208633093525,0.5558441558441558,0.9905660377358491,0.37906137184115524,0.5483028720626633,1.0,0.38489208633093525,0.5558441558441558,1.4360980987548828
o1dtu,1.0,0.1733102253032929,0.29542097488921715,0.9696969696969697,0.16666666666666666,0.2844444444444444,1.0,0.1733102253032929,0.29542097488921715,1.263432502746582
o1dvx,1.0,0.2134502923976608,0.35180722891566263,0.9724137931034482,0.20644216691068815,0.3405797101449275,1.0,0.2134502923976608,0.35180722891566263,1.8635153770446777
o1f2c,1.0,0.5098591549295775,0.6753731343283582,0.9777777777777777,0.4971751412429379,0.6591760299625469,1.0,0.5098591549295775,0.6753731343283582,2.0167317390441895
o1fc2,1.0,0.4,0.5714285714285715,0.9803921568627451,0.3875968992248062,0.5555555555555556,1.0,0.4,0.5714285714285715,0.8370490074157715
o1fdq,1.0,0.43356643356643354,0.6048780487804878,0.9836065573770492,0.4225352112676056,0.5911330049261083,1.0,0.43356643356643354,0.6048780487804878,1.45704984664917
o1fnm,1.0,0.19631901840490798,0.3282051282051282,0.9606299212598425,0.18740399385560677,0.31362467866323906,1.0,0.19631901840490798,0.3282051282051282,3.898418664932251
o1fy0,1.0,0.3021276595744681,0.46405228758169936,0.9645390070921985,0.2899786780383795,0.4459016393442623,1.0,0.3021276595744681,0.46405228758169936,2.2134976387023926
o1g67,0.9900990099009901,0.704225352112676,0.8230452674897119,0.98,0.6950354609929078,0.8132780082987552,0.9900990099009901,0.704225352112676,0.8230452674897119,1.195847749710083
o1g7m,1.0,0.3540772532188841,0.5229793977812995,0.9878048780487805,0.34838709677419355,0.5151033386327504,1.0,0.3540772532188841,0.5229793977812995,2.081206798553467
o1h4u,0.9936708860759493,0.5032051282051282,0.6680851063829787,0.9681528662420382,0.4887459807073955,0.6495726495726496,0.9936708860759493,0.5032051282051282,0.6680851063829787,1.7818684577941895
o1h58,1.0,0.17857142857142858,0.30303030303030304,0.9629629629629629,0.16938110749185667,0.28808864265927975,1.0,0.17857142857142858,0.30303030303030304,0.7869353294372559
o1hha,1.0,0.43673469387755104,0.6079545454545455,0.9905660377358491,0.430327868852459,0.6000000000000001,1.0,0.43673469387755104,0.6079545454545455,5.069828510284424
o1him,1.0,0.5,0.6666666666666666,1.0,0.49700598802395207,0.6639999999999999,1.0,0.5,0.6666666666666666,1.553443193435669
o1hqg,1.0,0.12813370473537605,0.2271604938271605,0.948905109489051,0.120817843866171,0.21434460016488047,1.0,0.12813370473537605,0.2271604938271605,2.1834444999694824
o1i10,0.992,0.5535714285714286,0.7106017191977078,0.9596774193548387,0.5336322869955157,0.685878962536023,0.984,0.5491071428571429,0.7048710601719199,1.6296510696411133
o1i2c,1.0,0.17647058823529413,0.3,0.9310344827586207,0.15976331360946747,0.2727272727272727,1.0,0.17647058823529413,0.3,0.6485893726348877
o1jbf,1.0,0.3658940397350993,0.5357575757575758,0.990909090909091,0.3615257048092869,0.5297691373025516,1.0,0.3658940397350993,0.5357575757575758,2.56805157661438
o1jg2,1.0,0.22041763341067286,0.3612167300380228,0.9787234042553191,0.21395348837209302,0.3511450381679389,1.0,0.22041763341067286,0.3612167300380228,1.2050721645355225
o1jrg,1.0,0.2734584450402145,0.42947368421052634,1.0,0.271505376344086,0.42706131078224097,1.0,0.2734584450402145,0.42947368421052634,1.729227066040039
o1jsq,1.0,0.44387755102040816,0.6148409893992933,0.9883720930232558,0.4358974358974359,0.604982206405694,1.0,0.44387755102040816,0.6148409893992933,1.7805066108703613
o1k1p,1.0,0.09671419714817112,0.17637083097795367,0.967741935483871,0.09305210918114144,0.16977928692699493,1.0,0.09671419714817112,0.17637083097795367,4.050808906555176
o1k68,1.0,0.2784090909090909,0.43555555555555553,0.9484536082474226,0.2621082621082621,0.41071428571428575,1.0,0.2784090909090909,0.43555555555555553,1.351417064666748
o1k9b,1.0,0.4096109839816934,0.5811688311688312,0.9943820224719101,0.4059633027522936,0.5765472312703583,1.0,0.4096109839816934,0.5811688311688312,1.98134446144104
o1kn3,1.0,0.3016949152542373,0.46354166666666674,0.9659090909090909,0.2891156462585034,0.44502617801047123,1.0,0.3016949152542373,0.46354166666666674,1.308584451675415
o1krr,1.0,0.30711610486891383,0.4699140401146132,0.9631901840490797,0.2945590994371482,0.45114942528735635,1.0,0.30711610486891383,0.4699140401146132,4.041680574417114
o1l66,1.0,0.4576271186440678,0.627906976744186,0.9813664596273292,0.4475920679886686,0.6147859922178989,1.0,0.4576271186440678,0.627906976744186,2.400444269180298
o1l9s,1.0,0.33568904593639576,0.5026455026455027,0.9680851063829787,0.32269503546099293,0.48404255319148937,0.7368421052631579,0.24734982332155478,0.3703703703703704,1.2437093257904053
o1lf5,1.0,0.6235294117647059,0.7681159420289855,0.9904761904761905,0.6153846153846154,0.759124087591241,1.0,0.6235294117647059,0.7681159420289855,1.2218949794769287
o1ljf,1.0,0.08847867600254615,0.16257309941520467,0.9350961538461539,0.08255517826825128,0.1517160686427457,0.7553956834532374,0.0668364099299809,0.12280701754385964,5.449515342712402
o1lmn,1.0,0.21829268292682927,0.3583583583583584,0.9662921348314607,0.21001221001221002,0.34503510531594783,1.0,0.21829268292682927,0.3583583583583584,2.2985658645629883
o1lxe,1.0,0.393048128342246,0.564299424184261,0.9726027397260274,0.3806970509383378,0.5472061657032755,1.0,0.393048128342246,0.564299424184261,1.7077350616455078
o1m8p,1.0,0.15294117647058825,0.2653061224489796,0.9356223175965666,0.14257684761281883,0.24744608399545973,1.0,0.15294117647058825,0.2653061224489796,3.0449447631835938
o1m92,1.0,0.2909090909090909,0.45070422535211263,0.954954954954955,0.2760416666666667,0.42828282828282827,1.0,0.2909090909090909,0.45070422535211263,1.3754894733428955
o1mhn,1.0,0.45103857566765576,0.6216768916155418,0.9801324503311258,0.44047619047619047,0.6078028747433265,1.0,0.45103857566765576,0.6216768916155418,2.08089542388916
o1mmf,1.0,0.262615859938208,0.4159869494290375,0.9645669291338582,0.25257731958762886,0.4003267973856209,1.0,0.262615859938208,0.4159869494290375,3.3195226192474365
o1mz7,1.0,0.328719723183391,0.4947916666666667,0.9574468085106383,0.3125,0.4712041884816754,0.9894736842105263,0.32525951557093424,0.48958333333333326,1.3661859035491943
o1n9i,1.0,0.10869565217391304,0.19607843137254902,1.0,0.10382513661202186,0.18811881188118815,1.0,0.10869565217391304,0.19607843137254902,5.3288187980651855
o1nni,1.0,0.2112676056338028,0.3488372093023256,1.0,0.20567375886524822,0.3411764705882353,1.0,0.2112676056338028,0.3488372093023256,0.6346063613891602
o1nrx,1.0,0.4088669950738916,0.5804195804195804,0.975609756097561,0.39603960396039606,0.5633802816901409,1.0,0.4088669950738916,0.5804195804195804,1.1228532791137695
o1nyd,1.0,0.1289308176100629,0.22841225626740946,0.9629629629629629,0.12283464566929134,0.21787709497206703,1.0,0.1289308176100629,0.22841225626740946,1.168083906173706
o1o8h,1.0,0.1504315659679408,0.2615219721329046,0.9586776859504132,0.14320987654320988,0.24919441460794844,1.0,0.1504315659679408,0.2615219721329046,2.261410713195801
o1p4u,1.0,0.91875,0.9576547231270358,0.9863013698630136,0.9056603773584906,0.9442622950819672,1.0,0.91875,0.9576547231270358,1.760850429534912
o1pji,1.0,0.5984455958549223,0.7487844408427877,0.9869565217391304,0.5896103896103896,0.7382113821138211,1.0,0.5984455958549223,0.7487844408427877,2.6044418811798096
o1ptu,1.0,0.424,0.5955056179775281,1.0,0.41935483870967744,0.5909090909090909,1.0,0.424,0.5955056179775281,1.0808064937591553
o1pwp,1.0,0.3375,0.5046728971962617,0.9906542056074766,0.3322884012539185,0.49765258215962443,1.0,0.3375,0.5046728971962617,1.3041815757751465
o1pyt,1.0,0.46218487394957986,0.632183908045977,1.0,0.4576271186440678,0.627906976744186,1.0,0.46218487394957986,0.632183908045977,0.7899372577667236
o1r7l,1.0,0.2892086330935252,0.4486607142857143,0.965,0.2780979827089337,0.43176733780760623,0.8756218905472637,0.25323741007194245,0.39285714285714285,4.340941667556763
o1rcr,1.0,0.6814159292035398,0.8105263157894737,0.9736842105263158,0.6607142857142857,0.7872340425531915,1.0,0.6814159292035398,0.8105263157894737,1.161144495010376
o1rus,0.6813186813186813,0.41333333333333333,0.5145228215767634,0.34444444444444444,0.2080536912751678,0.25941422594142255,0.43956043956043955,0.26666666666666666,0.3319502074688797,1.3391435146331787
o1ryt,1.0,0.4588744588744589,0.629080118694362,0.9714285714285714,0.4434782608695652,0.608955223880597,1.0,0.4588744588744589,0.629080118694362,1.4570064544677734
o1s17,1.0,0.29577464788732394,0.45652173913043476,1.0,0.2907801418439716,0.45054945054945056,1.0,0.29577464788732394,0.45652173913043476,0.7761845588684082
o1s9f,1.0,0.0791015625,0.14660633484162897,0.9875,0.0772238514173998,0.14324569356300998,1.0,0.0791015625,0.14660633484162897,1.1785809993743896
o1sxb,1.0,0.33948339483394835,0.5068870523415978,0.989010989010989,0.3333333333333333,0.4986149584487535,1.0,0.33948339483394835,0.5068870523415978,1.4308161735534668
o1t5y,1.0,0.3888888888888889,0.56,0.9818181818181818,0.3776223776223776,0.5454545454545454,1.0,0.3888888888888889,0.56,0.8874592781066895
o1tcq,1.0,0.3853820598006645,0.5563549160671463,0.991304347826087,0.38,0.5493975903614458,1.0,0.3853820598006645,0.5563549160671463,1.3924386501312256
o1tg4,1.0,0.357630979498861,0.5268456375838926,0.9935897435897436,0.3538812785388128,0.5218855218855218,1.0,0.357630979498861,0.5268456375838926,2.265230894088745
o1tm7,1.0,0.16226415094339622,0.2792207792207792,0.9761904761904762,0.1553030303030303,0.2679738562091503,1.0,0.16226415094339622,0.2792207792207792,1.1707954406738281
o1tpi,1.0,0.09125117591721543,0.16724137931034483,0.9166666666666666,0.08286252354048965,0.15198618307426598,1.0,0.09125117591721543,0.16724137931034483,2.834998846054077
o1u6y,1.0,0.044832826747720364,0.08581818181818182,0.9575070821529745,0.042811906269791006,0.08195926285160039,0.7909604519774012,0.03546099290780142,0.06787878787878789,5.763028621673584
o1uil,1.0,0.5606060606060606,0.7184466019417475,0.9727272727272728,0.5431472081218274,0.6970684039087948,1.0,0.5606060606060606,0.7184466019417475,1.5083873271942139
o1v6f,1.0,0.19858156028368795,0.3313609467455621,0.9712230215827338,0.19176136363636365,0.3202846975088969,1.0,0.19858156028368795,0.3313609467455621,1.9219560623168945
o1vox,1.0,0.38481675392670156,0.555765595463138,0.9794520547945206,0.3753280839895013,0.5426944971537002,1.0,0.38481675392670156,0.555765595463138,2.103076934814453
o1vvi,1.0,0.27079646017699116,0.42618384401114207,0.9539473684210527,0.2570921985815603,0.4050279329608939,1.0,0.27079646017699116,0.42618384401114207,1.919560432434082
o1vw5,1.0,0.2929032258064516,0.4530938123752495,0.9734513274336283,0.2842377260981912,0.43999999999999995,1.0,0.2929032258064516,0.4530938123752495,3.12670636177063
o1wcn,1.0,0.4334470989761092,0.6047619047619047,0.9761904761904762,0.4212328767123288,0.5885167464114832,1.0,0.4334470989761092,0.6047619047619047,1.4013402462005615
o1wi0,1.0,0.3517915309446254,0.5204819277108433,0.9626168224299065,0.3366013071895425,0.4987893462469734,1.0,0.3517915309446254,0.5204819277108433,1.6693878173828125
o1x7d,1.0,0.2546583850931677,0.4059405940594059,0.975,0.24375,0.38999999999999996,1.0,0.2546583850931677,0.4059405940594059,0.7989518642425537
o1xb8,1.0,0.5,0.6666666666666666,0.9801980198019802,0.4876847290640394,0.6513157894736842,1.0,0.5,0.6666666666666666,1.502873182296753
o1xgc,1.0,0.6285714285714286,0.7719298245614035,0.9714285714285714,0.6093189964157706,0.748898678414097,0.9943181818181818,0.625,0.7675438596491229,2.347630500793457
o1xpv,1.0,0.4479166666666667,0.6187050359712231,0.9882352941176471,0.4397905759162304,0.6086956521739131,1.0,0.4479166666666667,0.6187050359712231,1.286865234375
o1xqm,1.0,0.4244604316546763,0.595959595959596,0.9827586206896551,0.41304347826086957,0.5816326530612245,1.0,0.4244604316546763,0.595959595959596,0.9557247161865234
o1y3c,1.0,0.1651376146788991,0.2834645669291339,1.0,0.1574074074074074,0.272,1.0,0.1651376146788991,0.2834645669291339,0.5938127040863037
o1yt3,1.0,0.2928870292887029,0.45307443365695793,0.9710144927536232,0.2815126050420168,0.4364820846905537,1.0,0.2928870292887029,0.45307443365695793,1.1903491020202637
o1z4c,1.0,0.7096774193548387,0.8301886792452831,1.0,0.7081081081081081,0.829113924050633,1.0,0.7096774193548387,0.8301886792452831,1.4601190090179443
o1zhx,1.0,0.6284722222222222,0.7718550106609807,0.9888888888888889,0.6202090592334495,0.7623126338329764,1.0,0.6284722222222222,0.7718550106609807,2.5102436542510986
o1zod,1.0,0.21953488372093025,0.36003051106025935,0.9659574468085106,0.21135940409683426,0.34682964094728796,1.0,0.21953488372093025,0.36003051106025935,2.7340424060821533
o1zpk,1.0,0.5909090909090909,0.7428571428571429,0.9902912621359223,0.5828571428571429,0.7338129496402879,1.0,0.5909090909090909,0.7428571428571429,1.566213607788086
o1zx3,1.0,0.18012422360248448,0.30526315789473685,0.9285714285714286,0.1625,0.2765957446808511,1.0,0.18012422360248448,0.30526315789473685,0.6064038276672363
o20an,0.9841269841269841,0.512396694214876,0.6739130434782608,0.9516129032258065,0.49166666666666664,0.6483516483516484,0.9841269841269841,0.512396694214876,0.6739130434782608,13.701055526733398
o20f5,1.0,0.5477272727272727,0.7077826725403817,0.9833333333333333,0.5375854214123007,0.6951399116347571,1.0,0.5477272727272727,0.7077826725403817,2.8169827461242676
o20n3,1.0,0.3740573152337858,0.5444566410537871,0.9757085020242915,0.3640483383685801,0.5302530253025303,1.0,0.3740573152337858,0.5444566410537871,2.849606513977051
o20nq,1.0,0.2964352720450281,0.45730824891461647,0.9681528662420382,0.2857142857142857,0.4412191582002902,1.0,0.2964352720450281,0.45730824891461647,6.2413599491119385
o20tf,1.0,0.34930139720558884,0.5177514792899408,0.9885057471264368,0.344,0.5103857566765578,1.0,0.34930139720558884,0.5177514792899408,2.269130229949951
o228y,1.0,0.231055900621118,0.3753784056508577,0.9891891891891892,0.22761194029850745,0.3700707785642063,1.0,0.231055900621118,0.3753784056508577,2.0306050777435303
o22gc,1.0,0.25614754098360654,0.40783034257748774,0.9758064516129032,0.24845995893223818,0.39607201309328965,1.0,0.25614754098360654,0.40783034257748774,1.7837908267974854
o22so,1.0,0.6347826086956522,0.7765957446808511,0.9861111111111112,0.6228070175438597,0.7634408602150538,1.0,0.6347826086956522,0.7765957446808511,1.03886079788208
o22u0,1.0,0.256198347107438,0.4078947368421052,0.9,0.225,0.36000000000000004,0.967741935483871,0.24793388429752067,0.39473684210526316,0.6851119995117188
o22w5,1.0,0.135678391959799,0.23893805309734514,0.973404255319149,0.1314655172413793,0.23164556962025318,1.0,0.135678391959799,0.23893805309734514,2.272852897644043
o24ca,1.0,0.2846715328467153,0.4431818181818182,1.0,0.27941176470588236,0.4367816091954023,1.0,0.2846715328467153,0.4431818181818182,0.755300760269165
o24q4,1.0,0.23823109843081314,0.3847926267281106,0.9518072289156626,0.2257142857142857,0.36489607390300227,0.9940119760479041,0.23680456490727533,0.3824884792626728,1.8604989051818848
o252a,0.9817073170731707,0.21409574468085107,0.35152838427947597,0.9447852760736196,0.20505992010652463,0.33698030634573306,0.9817073170731707,0.21409574468085107,0.35152838427947597,1.8722081184387207
o252g,1.0,0.1895424836601307,0.31868131868131866,0.9651162790697675,0.1812227074235808,0.30514705882352944,1.0,0.1895424836601307,0.31868131868131866,1.4727537631988525
o25t2,1.0,0.3969465648854962,0.5683060109289617,0.9411764705882353,0.36923076923076925,0.5303867403314918,1.0,0.3969465648854962,0.5683060109289617,0.9514193534851074
o261e,1.0,0.2671009771986971,0.4215938303341902,0.9570552147239264,0.2544861337683524,0.4020618556701031,0.9939024390243902,0.26547231270358307,0.4190231362467866,3.5297508239746094
o26kc,0.39622641509433965,0.37168141592920356,0.3835616438356165,0.0380952380952381,0.03571428571428571,0.03686635944700461,0.18867924528301888,0.17699115044247787,0.182648401826484,3.4634532928466797
o26ky,1.0,0.4789915966386555,0.6477272727272727,1.0,0.4745762711864407,0.6436781609195402,1.0,0.4789915966386555,0.6477272727272727,0.9396557807922363
o275m,0.9765625,0.5296610169491526,0.6868131868131868,0.952755905511811,0.5148936170212766,0.6685082872928175,0.9765625,0.5296610169491526,0.6868131868131868,1.6442382335662842
o277f,1.0,0.0686427457098284,0.12846715328467154,0.9310344827586207,0.06323185011709602,0.11842105263157895,1.0,0.0686427457098284,0.12846715328467154,1.8366689682006836
o2789,1.0,0.6302083333333334,0.7731629392971245,0.9916666666666667,0.6230366492146597,0.7652733118971062,1.0,0.6302083333333334,0.7731629392971245,1.6516914367675781
o27nd,1.0,0.3586206896551724,0.5279187817258884,0.9607843137254902,0.3402777777777778,0.5025641025641027,1.0,0.3586206896551724,0.5279187817258884,1.3761959075927734
o27r4,1.0,0.3719512195121951,0.5422222222222222,0.9666666666666667,0.3558282208588957,0.5201793721973094,1.0,0.3719512195121951,0.5422222222222222,1.1359877586364746
o27sf,1.0,1.0,1.0,0.9901960784313726,0.9901960784313726,0.9901960784313726,0.970873786407767,0.970873786407767,0.970873786407767,1.5687246322631836
o287u,1.0,0.11870503597122302,0.2122186495176849,0.9652173913043478,0.1141388174807198,0.20413793103448277,1.0,0.11870503597122302,0.2122186495176849,3.1625568866729736
o2889,1.0,0.48120300751879697,0.649746192893401,0.968503937007874,0.4641509433962264,0.6275510204081632,1.0,0.48120300751879697,0.649746192893401,1.4625580310821533
o28uc,1.0,0.328125,0.49411764705882355,1.0,0.32460732984293195,0.4901185770750988,1.0,0.328125,0.49411764705882355,1.4745192527770996
o2935,0.9920634920634921,0.1953125,0.3263707571801567,0.952,0.18622848200312989,0.3115183246073298,0.9920634920634921,0.1953125,0.3263707571801567,1.6648354530334473
o29bd,1.0,0.3524027459954233,0.521150592216582,0.9803921568627451,0.3440366972477064,0.5093378607809848,1.0,0.3524027459954233,0.521150592216582,1.7694389820098877
o29xr,1.0,0.163575042158516,0.2811594202898551,0.96875,0.1570945945945946,0.27034883720930236,1.0,0.163575042158516,0.2811594202898551,3.260058879852295
o29zo,1.0,0.07348703170028818,0.13691275167785233,0.9310344827586207,0.0681081081081081,0.12693082605775688,0.9901960784313726,0.07276657060518732,0.13557046979865775,9.996126174926758
o29zq,1.0,0.3320610687022901,0.498567335243553,0.9883720930232558,0.32567049808429116,0.48991354466858783,1.0,0.3320610687022901,0.498567335243553,1.2475810050964355
o2awr,1.0,0.12283464566929134,0.21879382889200563,0.961038961038961,0.1167192429022082,0.2081575246132208,1.0,0.12283464566929134,0.21879382889200563,1.754462718963623
o2ayl,1.0,0.3973509933774834,0.5687203791469194,0.9661016949152542,0.38,0.5454545454545454,1.0,0.3973509933774834,0.5687203791469194,0.9908394813537598
o2bm4,1.0,0.06624785836664764,0.1242635243706481,0.9739130434782609,0.064,0.12010723860589813,1.0,0.06624785836664764,0.1242635243706481,1.8014254570007324
o2d9b,0.9916666666666667,0.6761363636363636,0.8040540540540541,0.9747899159663865,0.6628571428571428,0.7891156462585034,0.9916666666666667,0.6761363636363636,0.8040540540540541,1.4537854194641113
o2dbb,1.0,0.45,0.6206896551724138,1.0,0.4460431654676259,0.6169154228855722,1.0,0.45,0.6206896551724138,1.0382182598114014
o2dqb,1.0,0.10267857142857142,0.1862348178137652,0.9560439560439561,0.09720670391061452,0.17647058823529413,1.0,0.10267857142857142,0.1862348178137652,1.3754632472991943
o2e3i,1.0,0.3727810650887574,0.5431034482758621,0.967741935483871,0.35714285714285715,0.5217391304347826,1.0,0.3727810650887574,0.5431034482758621,0.9864645004272461
o2ekm,0.9851851851851852,0.1602409638554217,0.2756476683937824,0.9328358208955224,0.15078407720144751,0.2596053997923156,0.9851851851851852,0.1602409638554217,0.2756476683937824,2.8347017765045166
o2exj,1.0,0.4391025641025641,0.6102449888641426,0.9926470588235294,0.4340836012861736,0.6040268456375839,1.0,0.4391025641025641,0.6102449888641426,1.8607749938964844
o2exq,1.0,0.44,0.6111111111111112,0.9770992366412213,0.4280936454849498,0.5953488372093023,1.0,0.44,0.6111111111111112,1.727410078048706
o2fcd,1.0,0.020635440550278415,0.04043645699614891,0.984,0.020147420147420148,0.03948635634028893,1.0,0.020635440550278415,0.04043645699614891,3.1764936447143555
o2fmp,1.0,0.6890756302521008,0.8159203980099502,1.0,0.6864406779661016,0.8140703517587939,1.0,0.6890756302521008,0.8159203980099502,1.0781886577606201
o2gdi,1.0,0.24165029469548133,0.38924050632911394,0.9754098360655737,0.234251968503937,0.37777777777777777,1.0,0.24165029469548133,0.38924050632911394,1.6127021312713623
o2gws,1.0,0.040553435114503815,0.07794589637780834,0.9585798816568047,0.03865425912670007,0.07431192660550459,0.8764705882352941,0.03554389312977099,0.06831728564878496,2.6323835849761963
o2gzf,1.0,0.24158653846153846,0.38915779283639884,0.97,0.23345367027677497,0.37633365664403495,1.0,0.24158653846153846,0.38915779283639884,7.321073055267334
o2hlm,1.0,0.15891472868217055,0.27424749163879597,0.9693251533742331,0.15324927255092144,0.26465661641541044,1.0,0.15891472868217055,0.27424749163879597,1.9997837543487549
o2ijn,1.0,0.18328840970350405,0.30979498861047833,0.9552238805970149,0.17297297297297298,0.2929061784897025,1.0,0.18328840970350405,0.30979498861047833,1.1253623962402344
o2iky,1.0,0.6590909090909091,0.7945205479452054,0.9930555555555556,0.6529680365296804,0.787878787878788,1.0,0.6590909090909091,0.7945205479452054,1.5571625232696533
o2ixx,1.0,0.36379613356766255,0.5335051546391752,0.9805825242718447,0.35563380281690143,0.5219638242894057,1.0,0.36379613356766255,0.5335051546391752,2.561398983001709
o2j4w,1.0,0.3333333333333333,0.5,0.975609756097561,0.32,0.4819277108433735,1.0,0.3333333333333333,0.5,0.8581423759460449
o2j7p,1.0,0.4427860696517413,0.6137931034482759,0.9431818181818182,0.415,0.576388888888889,1.0,0.4427860696517413,0.6137931034482759,1.4136936664581299
o2jnb,1.0,0.5605095541401274,0.7183673469387756,0.9885057471264368,0.5512820512820513,0.7078189300411523,1.0,0.5605095541401274,0.7183673469387756,1.116074562072754
o2jxn,0.9909502262443439,0.23322683706070288,0.3775862068965517,0.9454545454545454,0.22174840085287847,0.3592400690846287,0.9864253393665159,0.2321618743343983,0.37586206896551727,2.471893548965454
o2k05,1.0,0.09693165969316597,0.17673235855054037,0.9492753623188406,0.09141660851360782,0.16677275620623808,1.0,0.09693165969316597,0.17673235855054037,1.7304036617279053
o2k8r,1.0,0.2125340599455041,0.350561797752809,0.948051948051948,0.1994535519125683,0.32957110609480816,1.0,0.2125340599455041,0.350561797752809,1.1023736000061035
o2kbr,1.0,0.1006637168141593,0.1829145728643216,0.9777777777777777,0.09745293466223699,0.1772406847935549,1.0,0.1006637168141593,0.1829145728643216,1.2951774597167969
o2ke3,1.0,0.3333333333333333,0.5,0.975609756097561,0.32,0.4819277108433735,1.0,0.3333333333333333,0.5,0.8790192604064941
o2kpo,0.9962264150943396,0.2590775269872424,0.41121495327102797,0.9696969696969697,0.25147347740667975,0.3993759750390015,0.9962264150943396,0.2590775269872424,0.41121495327102797,3.4882283210754395
o2kt1,1.0,0.3174061433447099,0.48186528497409326,0.9565217391304348,0.3013698630136986,0.45833333333333326,1.0,0.3174061433447099,0.48186528497409326,1.4495487213134766
o2lgd,1.0,0.36764705882352944,0.5376344086021506,0.972972972972973,0.35467980295566504,0.5198555956678701,1.0,0.36764705882352944,0.5376344086021506,0.9884254932403564
o2lh7,1.0,0.05609382967873534,0.10622887493964267,0.963302752293578,0.05357142857142857,0.1014983083615273,1.0,0.05609382967873534,0.10622887493964267,1.4923977851867676
o2li1,1.0,0.055592766242464835,0.10532994923857868,0.9798387096774194,0.054265297007592674,0.10283537875581887,1.0,0.055592766242464835,0.10532994923857868,6.250933885574341
o2lqn,1.0,0.5176470588235295,0.682170542635659,0.9694656488549618,0.5,0.6597402597402597,1.0,0.5176470588235295,0.682170542635659,1.5315849781036377
o2mi5,0.9957446808510638,0.20653133274492497,0.34210526315789475,0.9444444444444444,0.19522968197879859,0.3235724743777452,0.9914893617021276,0.205648720211827,0.3406432748538012,2.610311985015869
o2mln,1.0,0.5064935064935064,0.6724137931034482,1.0,0.5032679738562091,0.6695652173913044,1.0,0.5064935064935064,0.6724137931034482,1.2967660427093506
o2moh,1.0,0.09929078014184398,0.1806451612903226,0.9738562091503268,0.09612903225806452,0.174985320023488,1.0,0.09929078014184398,0.1806451612903226,1.7759974002838135
o2n27,1.0,0.17086330935251798,0.29185867895545314,0.9787234042553191,0.16576576576576577,0.2835130970724191,1.0,0.17086330935251798,0.29185867895545314,1.7520804405212402
o2neb,1.0,0.15023474178403756,0.2612244897959184,0.9578947368421052,0.1426332288401254,0.24829467939972716,1.0,0.15023474178403756,0.2612244897959184,1.3836512565612793
o2ng3,1.0,0.020011600928074247,0.03923798692067103,0.9951573849878934,0.019867549668874173,0.03895734597156398,0.8864734299516909,0.017739752513534417,0.03478343284996683,8.148590087890625
o2o9r,1.0,0.2804232804232804,0.4380165289256198,0.966824644549763,0.27019867549668874,0.422360248447205,1.0,0.2804232804232804,0.4380165289256198,2.5923635959625244
o2okt,1.0,0.4381338742393509,0.609308885754584,0.9813953488372092,0.42886178861788615,0.5968882602545968,1.0,0.4381338742393509,0.609308885754584,2.41424822807312
o2or7,1.0,0.35517970401691334,0.5241809672386896,0.9940119760479041,0.3516949152542373,0.5195618153364632,1.0,0.35517970401691334,0.5241809672386896,1.8536972999572754
o2oyv,1.0,0.527363184079602,0.6905537459283388,0.9904761904761905,0.52,0.6819672131147542,1.0,0.527363184079602,0.6905537459283388,1.627474308013916
o2p7c,1.0,0.4098101265822785,0.5813692480359147,0.9806201550387597,0.4009508716323296,0.5691788526434196,1.0,0.4098101265822785,0.5813692480359147,4.704182147979736
o2pnf,1.0,0.4896551724137931,0.6574074074074074,0.9428571428571428,0.4583333333333333,0.616822429906542,1.0,0.4896551724137931,0.6574074074074074,1.1534569263458252
o2prl,1.0,0.1265738899933731,0.2247058823529412,0.968421052631579,0.1220159151193634,0.2167255594817432,0.9947643979057592,0.12591119946984758,0.2235294117647059,2.5017354488372803
o2q0u,1.0,0.7433155080213903,0.8527607361963191,1.0,0.7419354838709677,0.8518518518518519,1.0,0.7433155080213903,0.8527607361963191,2.3652138710021973
o2qb8,1.0,0.23829787234042554,0.38487972508591073,0.972972972972973,0.2302771855010661,0.37241379310344824,1.0,0.23829787234042554,0.38487972508591073,1.55281400680542
o2qg9,1.0,0.3311546840958606,0.49754500818330605,0.9801324503311258,0.3231441048034934,0.4860426929392447,1.0,0.3311546840958606,0.49754500818330605,1.827329158782959
o2qzi,1.0,0.48501362397820164,0.6532110091743119,0.9830508474576272,0.47540983606557374,0.6408839779005525,1.0,0.48501362397820164,0.6532110091743119,3.7359671592712402
o2r8q,1.0,0.027486652165315404,0.05350269438029253,0.9637681159420289,0.026305379746835444,0.05121293800539084,1.0,0.027486652165315404,0.05350269438029253,2.3032374382019043
o2rdg,1.0,0.07641770401106501,0.14198522325730809,0.9727272727272728,0.07402282947077136,0.13757634201221472,0.918552036199095,0.07019363762102351,0.13042081593318341,2.8144054412841797
o2rxt,1.0,0.901840490797546,0.9483870967741935,0.9931506849315068,0.8950617283950617,0.9415584415584416,1.0,0.901840490797546,0.9483870967741935,1.9554193019866943
o2scm,1.0,0.09433962264150944,0.1724137931034483,1.0,0.09004739336492891,0.16521739130434784,1.0,0.09433962264150944,0.1724137931034483,0.5541503429412842
o2sfi,1.0,0.7142857142857143,0.8333333333333333,1.0,0.7115384615384616,0.8314606741573033,1.0,0.7142857142857143,0.8333333333333333,1.296560525894165
o2shs,1.0,0.5033557046979866,0.6696428571428572,0.9731543624161074,0.4882154882154882,0.6502242152466368,1.0,0.5033557046979866,0.6696428571428572,2.102987051010132
o2sj4,1.0,0.5909090909090909,0.7428571428571429,0.9666666666666667,0.5686274509803921,0.7160493827160493,1.0,0.5909090909090909,0.7428571428571429,1.3158819675445557
o2sjl,1.0,0.15631929046563192,0.27037392138063276,0.9571428571428572,0.14872364039955605,0.25744476464937555,1.0,0.15631929046563192,0.27037392138063276,1.6139230728149414
o2slr,1.0,0.4876543209876543,0.6556016597510373,0.9745222929936306,0.47368421052631576,0.6375000000000001,1.0,0.4876543209876543,0.6556016597510373,2.0176596641540527
o2sqn,0.8589743589743589,0.3701657458563536,0.5173745173745173,0.7662337662337663,0.3277777777777778,0.45914396887159536,0.8589743589743589,0.3701657458563536,0.5173745173745173,1.1426846981048584
o2sz6,1.0,0.22416302765647744,0.366230677764566,0.9803921568627451,0.21865889212827988,0.3575685339690107,1.0,0.22416302765647744,0.366230677764566,2.8608696460723877
o2tq2,1.0,0.5481481481481482,0.708133971291866,0.9863013698630136,0.5373134328358209,0.6956521739130435,1.0,0.5481481481481482,0.708133971291866,1.0888855457305908
o2tth,1.0,0.3163538873994638,0.4806517311608961,0.9743589743589743,0.3064516129032258,0.4662576687116564,1.0,0.3163538873994638,0.4806517311608961,1.4081461429595947
o2ugz,1.0,0.11395282750781471,0.20459183673469386,0.9525,0.10830017055144969,0.19448698315467075,0.9750623441396509,0.1111111111111111,0.19948979591836732,5.267884254455566
o2umr,1.0,0.27195121951219514,0.4276126558005753,0.9774774774774775,0.26495726495726496,0.4169068203650337,1.0,0.27195121951219514,0.4276126558005753,3.639418363571167
o2urx,1.0,0.1935483870967742,0.3243243243243243,0.968,0.18615384615384614,0.31225806451612903,1.0,0.1935483870967742,0.3243243243243243,3.524390459060669
o2v2n,1.0,0.37797619047619047,0.5485961123110151,0.9761904761904762,0.36716417910447763,0.5336225596529285,1.0,0.37797619047619047,0.5485961123110151,2.2552268505096436
o2vnd,1.0,0.21777777777777776,0.3576642335766423,0.958904109589041,0.20771513353115728,0.34146341463414637,1.0,0.21777777777777776,0.3576642335766423,5.251467227935791
o2vqd,1.0,0.11913357400722022,0.21290322580645163,0.9384615384615385,0.11030741410488246,0.19741100323624594,1.0,0.11913357400722022,0.21290322580645163,1.2039573192596436
o2vqe,1.0,0.4473684210526316,0.6181818181818182,0.9830508474576272,0.4377358490566038,0.6057441253263708,1.0,0.4473684210526316,0.6181818181818182,1.6710638999938965
o2wce,1.0,0.42735042735042733,0.5988023952095808,1.0,0.4224137931034483,0.5939393939393939,1.0,0.42735042735042733,0.5988023952095808,0.7760767936706543
o2x5q,1.0,0.27466666666666667,0.4309623430962343,0.9607843137254902,0.2620320855614973,0.41176470588235287,1.0,0.27466666666666667,0.4309623430962343,1.4467854499816895
o2x6y,1.0,0.2275449101796407,0.37073170731707317,0.9735099337748344,0.22038980509745126,0.3594132029339853,1.0,0.2275449101796407,0.37073170731707317,1.8987376689910889
o2xxx,1.0,0.20595533498759305,0.34156378600823045,0.967741935483871,0.1986754966887417,0.3296703296703297,1.0,0.20595533498759305,0.34156378600823045,3.2884063720703125
o2ydk,1.0,0.3557993730407524,0.5248554913294798,0.9867256637168141,0.3500784929356358,0.5168018539976825,1.0,0.3557993730407524,0.5248554913294798,2.5841002464294434
o2ynv,1.0,0.41450777202072536,0.5860805860805861,0.9748427672955975,0.4025974025974026,0.5698529411764706,1.0,0.41450777202072536,0.5860805860805861,1.9276609420776367
o2yrd,1.0,0.5962566844919787,0.747068676716918,0.990990990990991,0.5898123324396782,0.7394957983193277,1.0,0.5962566844919787,0.747068676716918,2.91989803314209
o2z6q,1.0,0.3527054108216433,0.5214814814814815,0.9771428571428571,0.3433734939759036,0.5081723625557206,1.0,0.3527054108216433,0.5214814814814815,2.3152048587799072
o2zb0,1.0,0.26200873362445415,0.4152249134948097,0.9663865546218487,0.25164113785557984,0.3993055555555556,1.0,0.26200873362445415,0.4152249134948097,1.7202858924865723
o2zho,1.0,0.535483870967742,0.6974789915966386,1.0,0.5324675324675324,0.6949152542372882,1.0,0.535483870967742,0.6974789915966386,1.0143637657165527
o2zmu,1.0,0.22122571001494767,0.3623011015911872,0.9387755102040817,0.20658682634730538,0.33865030674846625,0.9932432432432432,0.21973094170403587,0.3598531211750306,2.1142687797546387
o2zo6,1.0,0.5075757575757576,0.6733668341708543,0.9545454545454546,0.48091603053435117,0.6395939086294417,1.0,0.5075757575757576,0.6733668341708543,1.8020527362823486
o2zr2,1.0,0.15378006872852235,0.26656738644825023,0.9719101123595506,0.14875322441960448,0.25801640566741235,1.0,0.15378006872852235,0.26656738644825023,2.60600209236145
o303t,1.0,0.4075471698113208,0.579088471849866,0.9719626168224299,0.3939393939393939,0.5606469002695418,1.0,0.4075471698113208,0.579088471849866,1.4774668216705322
o30b0,1.0,0.2893081761006289,0.44878048780487806,0.9562043795620438,0.27521008403361347,0.4274061990212072,1.0,0.2893081761006289,0.44878048780487806,1.7083766460418701
o30jp,1.0,0.4507462686567164,0.6213991769547325,0.9866666666666667,0.4431137724550898,0.6115702479338843,1.0,0.4507462686567164,0.6213991769547325,1.9130051136016846
o310v,0.9629629629629629,0.31901840490797545,0.4792626728110599,0.9245283018867925,0.30246913580246915,0.45581395348837206,0.9629629629629629,0.31901840490797545,0.4792626728110599,0.9097447395324707
o31bh,1.0,0.4016393442622951,0.5730994152046784,0.9583333333333334,0.38016528925619836,0.5443786982248522,1.0,0.4016393442622951,0.5730994152046784,0.9630663394927979
o31he,1.0,0.336,0.5029940119760479,0.968,0.3235294117647059,0.4849699398797595,1.0,0.336,0.5029940119760479,1.7038400173187256
o31so,1.0,0.10116731517509728,0.18374558303886926,0.9613259668508287,0.0967741935483871,0.17584638706417383,1.0,0.10116731517509728,0.18374558303886926,4.8308751583099365
o31w9,1.0,0.6567164179104478,0.7927927927927928,0.9847328244274809,0.645,0.7794561933534744,1.0,0.6567164179104478,0.7927927927927928,1.4803144931793213
o32bp,0.9920844327176781,0.03846940863515449,0.0740667782921304,0.9126984126984127,0.035301340427708994,0.06797359866023052,0.8865435356200527,0.03437691835481891,0.0661873337929676,5.623598098754883
o32pi,1.0,0.689119170984456,0.8159509202453987,0.9848484848484849,0.6770833333333334,0.8024691358024691,1.0,0.689119170984456,0.8159509202453987,1.945387601852417
o32tv,1.0,0.5925925925925926,0.7441860465116279,0.9894736842105263,0.5838509316770186,0.734375,1.0,0.5925925925925926,0.7441860465116279,1.3487730026245117
o3377,1.0,0.13915857605177995,0.24431818181818182,0.9609375,0.132829373650108,0.2333965844402277,1.0,0.13915857605177995,0.24431818181818182,1.5928266048431396
o3390,1.0,0.4380952380952381,0.609271523178808,0.9726775956284153,0.42482100238663484,0.5913621262458472,1.0,0.4380952380952381,0.609271523178808,2.3730881214141846
o33ny,1.0,0.8102189781021898,0.8951612903225806,1.0,0.8088235294117647,0.8943089430894309,1.0,0.8102189781021898,0.8951612903225806,1.3210563659667969
o33st,1.0,0.048140770252324036,0.09185936015204307,0.9583333333333334,0.04583194951843241,0.08748019017432647,1.0,0.048140770252324036,0.09185936015204307,2.168461561203003
o33x3,1.0,0.44776119402985076,0.6185567010309279,0.9830508474576272,0.43609022556390975,0.6041666666666666,1.0,0.44776119402985076,0.6185567010309279,1.0868971347808838
o33yo,1.0,0.7588235294117647,0.862876254180602,0.9921875,0.7514792899408284,0.8552188552188551,1.0,0.7588235294117647,0.862876254180602,1.8983685970306396
o33zb,1.0,0.32575757575757575,0.49142857142857144,0.9761904761904762,0.31297709923664124,0.47398843930635837,1.0,0.32575757575757575,0.49142857142857144,0.8284759521484375
o34d3,1.0,0.2824427480916031,0.4404761904761905,0.9636363636363636,0.27040816326530615,0.42231075697211157,1.0,0.2824427480916031,0.4404761904761905,1.7007720470428467
o34du,1.0,0.6782608695652174,0.8082901554404144,0.961038961038961,0.6491228070175439,0.7748691099476441,1.0,0.6782608695652174,0.8082901554404144,1.3430373668670654
o34hw,1.0,0.4177215189873418,0.5892857142857143,0.9846153846153847,0.40764331210191085,0.5765765765765767,1.0,0.4177215189873418,0.5892857142857143,1.0368022918701172
o34o1,1.0,0.23031496062992127,0.3744,0.9568965517241379,0.21893491124260356,0.3563402889245586,1.0,0.23031496062992127,0.3744,1.6176576614379883
o354m,1.0,0.3862433862433862,0.5572519083969465,0.9444444444444444,0.3617021276595745,0.5230769230769231,1.0,0.3862433862433862,0.5572519083969465,0.9851422309875488
o357s,1.0,0.5329949238578681,0.6953642384105961,0.9807692307692307,0.5204081632653061,0.68,1.0,0.5329949238578681,0.6953642384105961,1.3123531341552734
o35fg,0.9911504424778761,0.7832167832167832,0.875,0.9642857142857143,0.7605633802816901,0.8503937007874015,0.9911504424778761,0.7832167832167832,0.875,1.6377475261688232
o35ir,1.0,0.437984496124031,0.6091644204851753,0.9821428571428571,0.4280155642023346,0.5962059620596206,1.0,0.437984496124031,0.6091644204851753,1.8444721698760986
o35lg,1.0,0.3165829145728643,0.48091603053435117,0.9838709677419355,0.30808080808080807,0.46923076923076923,1.0,0.3165829145728643,0.48091603053435117,0.9933135509490967
o35pe,1.0,0.37142857142857144,0.5416666666666666,0.9859154929577465,0.3645833333333333,0.532319391634981,1.0,0.37142857142857144,0.5416666666666666,2.255871534347534
o36h7,1.0,0.5691699604743083,0.7254408060453401,0.986013986013986,0.5595238095238095,0.7139240506329114,1.0,0.5691699604743083,0.7254408060453401,1.8321352005004883
o36li,1.0,0.09937332139659803,0.18078175895765475,0.9363636363636364,0.09229390681003584,0.16802610114192496,1.0,0.09937332139659803,0.18078175895765475,1.5631523132324219
o36mh,1.0,0.5675675675675675,0.7241379310344828,1.0,0.5636363636363636,0.7209302325581396,1.0,0.5675675675675675,0.7241379310344828,1.0425825119018555
o36rj,1.0,0.40375586854460094,0.5752508361204013,0.9411764705882353,0.37735849056603776,0.5387205387205387,1.0,0.40375586854460094,0.5752508361204013,1.3729279041290283
o370y,1.0,0.39933993399339934,0.570754716981132,0.975,0.38741721854304634,0.5545023696682464,1.0,0.39933993399339934,0.570754716981132,1.5037140846252441
o378y,1.0,0.22686322686322685,0.369826435246996,0.9637681159420289,0.2180327868852459,0.35561497326203206,1.0,0.22686322686322685,0.369826435246996,3.1990644931793213
o37a4,0.9772727272727273,0.32575757575757575,0.48863636363636365,0.9195402298850575,0.3041825095057034,0.45714285714285713,0.9659090909090909,0.32196969696969696,0.48295454545454547,1.8465847969055176
o37nf,1.0,0.1839080459770115,0.3106796116504854,0.9361702127659575,0.16923076923076924,0.28664495114006516,1.0,0.1839080459770115,0.3106796116504854,0.9453108310699463
o37q3,1.0,0.22388059701492538,0.36585365853658536,0.9438202247191011,0.20947630922693267,0.34285714285714286,1.0,0.22388059701492538,0.36585365853658536,2.93060040473938
o37r9,1.0,0.25,0.4,0.9724770642201835,0.2422857142857143,0.3879231473010064,1.0,0.25,0.4,2.352388381958008
o37wm,1.0,0.4594594594594595,0.6296296296296297,0.9603960396039604,0.43891402714932126,0.6024844720496895,1.0,0.4594594594594595,0.6296296296296297,1.3253812789916992
o388j,1.0,0.21546261089987326,0.3545359749739312,0.9704142011834319,0.20812182741116753,0.3427377220480669,1.0,0.21546261089987326,0.3545359749739312,1.9742379188537598
o38a5,0.9954337899543378,0.331306990881459,0.49714937286202965,0.9587155963302753,0.3181126331811263,0.4777142857142857,0.9954337899543378,0.331306990881459,0.49714937286202965,2.5406525135040283
o38hb,1.0,0.41262135922330095,0.5841924398625429,0.9761904761904762,0.4,0.5674740484429066,1.0,0.41262135922330095,0.5841924398625429,1.2413527965545654
o38yu,1.0,0.5067873303167421,0.6726726726726726,0.972972972972973,0.4909090909090909,0.6525679758308157,1.0,0.5067873303167421,0.6726726726726726,1.5039799213409424
o39jl,1.0,0.6950354609929078,0.8200836820083682,0.979381443298969,0.6785714285714286,0.8016877637130801,1.0,0.6950354609929078,0.8200836820083682,1.9806296825408936
o39ro,1.0,0.581081081081081,0.735042735042735,0.9764705882352941,0.564625850340136,0.7155172413793103,1.0,0.581081081081081,0.735042735042735,1.1870064735412598
o3an9,1.0,0.34893617021276596,0.5173501577287066,1.0,0.34615384615384615,0.5142857142857142,1.0,0.34893617021276596,0.5173501577287066,2.202768564224243
o3asv,1.0,0.7832167832167832,0.8784313725490196,0.9819819819819819,0.7676056338028169,0.8616600790513835,1.0,0.7832167832167832,0.8784313725490196,3.258453607559204
o3b0h,1.0,0.4954954954954955,0.6626506024096385,1.0,0.4909090909090909,0.6585365853658536,1.0,0.4954954954954955,0.6626506024096385,0.817540168762207
o3b0k,1.0,0.10650887573964497,0.1925133689839572,1.0,0.10119047619047619,0.18378378378378377,1.0,0.10650887573964497,0.1925133689839572,0.4736979007720947
o3b1l,1.0,0.43014705882352944,0.6015424164524422,0.9741379310344828,0.41697416974169743,0.5839793281653747,1.0,0.43014705882352944,0.6015424164524422,1.40968656539917
o3c5n,1.0,0.5911111111111111,0.7430167597765364,0.9924242424242424,0.5848214285714286,0.7359550561797754,1.0,0.5911111111111111,0.7430167597765364,1.842874526977539
o3c6f,1.0,0.26373626373626374,0.4173913043478261,1.0,0.2596685082872928,0.412280701754386,1.0,0.26373626373626374,0.4173913043478261,1.0249552726745605
o3ce6,1.0,0.26452905811623245,0.4183835182250396,0.9618320610687023,0.25301204819277107,0.4006359300476947,1.0,0.26452905811623245,0.4183835182250396,1.8238694667816162
o3ckf,1.0,0.4726027397260274,0.6418604651162791,0.9705882352941176,0.45517241379310347,0.6197183098591549,1.0,0.4726027397260274,0.6418604651162791,0.9721183776855469
o3co1,1.0,0.20412844036697247,0.33904761904761904,0.9545454545454546,0.19310344827586207,0.3212237093690249,1.0,0.20412844036697247,0.33904761904761904,1.2482714653015137
o3cry,1.0,0.36610169491525424,0.5359801488833746,0.9719626168224299,0.35374149659863946,0.5187032418952618,1.0,0.36610169491525424,0.5359801488833746,2.3870043754577637
o3d1n,1.0,0.6062992125984252,0.7549019607843137,0.9868421052631579,0.5952380952380952,0.7425742574257426,1.0,0.6062992125984252,0.7549019607843137,1.0174105167388916
o3d1q,1.0,0.1379800853485064,0.24249999999999997,0.9583333333333334,0.13105413105413105,0.23057644110275693,1.0,0.1379800853485064,0.24249999999999997,1.4309804439544678
o3d5d,1.0,0.674074074074074,0.8053097345132744,0.9888888888888889,0.664179104477612,0.7946428571428571,0.7142857142857143,0.48148148148148145,0.575221238938053,1.4292724132537842
o3dd2,1.0,0.057316250842886045,0.10841836734693878,0.9716981132075472,0.05557054221742649,0.10512885940290889,0.9976470588235294,0.057181389076196895,0.10816326530612244,6.10129451751709
o3dhm,1.0,0.229607250755287,0.37346437346437344,0.9466666666666667,0.21515151515151515,0.35061728395061725,1.0,0.229607250755287,0.37346437346437344,1.175771713256836
o3eqz,1.0,0.42810457516339867,0.5995423340961098,0.9846153846153847,0.419672131147541,0.5885057471264367,1.0,0.42810457516339867,0.5995423340961098,2.7472715377807617
o3f1t,1.0,0.2020997375328084,0.33624454148471616,0.954248366013072,0.19185282522996058,0.31947483588621445,1.0,0.2020997375328084,0.33624454148471616,2.0093142986297607
o3fr7,1.0,0.7135135135135136,0.832807570977918,0.9770992366412213,0.6956521739130435,0.8126984126984127,1.0,0.7135135135135136,0.832807570977918,2.654388666152954
o3g5w,1.0,0.8102189781021898,0.8951612903225806,1.0,0.8088235294117647,0.8943089430894309,1.0,0.8102189781021898,0.8951612903225806,1.3581390380859375
o3gcw,1.0,0.6142857142857143,0.7610619469026549,0.9764705882352941,0.5971223021582733,0.7410714285714285,1.0,0.6142857142857143,0.7610619469026549,3.5433921813964844
o3gjh,1.0,0.14698162729658792,0.2562929061784897,0.9401197604790419,0.13747810858143608,0.23987776928953403,0.9226190476190477,0.13560804899387577,0.2364607170099161,2.229607343673706
o3grd,1.0,0.1815068493150685,0.3072463768115942,0.9807692307692307,0.17525773195876287,0.29737609329446063,1.0,0.1815068493150685,0.3072463768115942,4.797926187515259
o3h3o,1.0,0.02453880960668291,0.04790215729573637,0.9642857142857143,0.02349869451697128,0.04587935429056924,1.0,0.02453880960668291,0.04790215729573637,2.6650283336639404
o3hle,1.0,0.34347826086956523,0.511326860841424,0.9682539682539683,0.33188248095756256,0.49432739059967584,1.0,0.34347826086956523,0.511326860841424,3.775078773498535
o3ifx,1.0,0.17244444444444446,0.29416224412433667,0.9740932642487047,0.16725978647686832,0.2854973424449506,0.9690721649484536,0.1671111111111111,0.28506444275966636,2.594006299972534
o3j3c,1.0,0.408675799086758,0.580226904376013,0.9719101123595506,0.39588100686498856,0.5626016260162602,1.0,0.408675799086758,0.580226904376013,2.3086488246917725
o3jd1,1.0,0.10576923076923077,0.19130434782608693,0.95,0.09973753280839895,0.18052256532066507,1.0,0.10576923076923077,0.19130434782608693,2.1171953678131104
o3k68,1.0,0.21323529411764705,0.3515151515151515,0.9791666666666666,0.20765832106038293,0.34264884568651277,1.0,0.21323529411764705,0.3515151515151515,1.5256657600402832
o3kwb,1.0,0.19962686567164178,0.33281493001555207,0.9622641509433962,0.19065420560747665,0.31825273010920435,1.0,0.19962686567164178,0.33281493001555207,1.5434014797210693
o3ky4,1.0,0.6414141414141414,0.7815384615384615,0.9920634920634921,0.6345177664974619,0.7739938080495357,1.0,0.6414141414141414,0.7815384615384615,1.8636958599090576
o3l4x,0.85,0.2556390977443609,0.3930635838150289,0.48717948717948717,0.14393939393939395,0.2222222222222222,0.675,0.20300751879699247,0.31213872832369943,0.7109625339508057
o3lqp,1.0,0.6877637130801688,0.8150000000000001,1.0,0.6864406779661016,0.8140703517587939,1.0,0.6877637130801688,0.8150000000000001,2.2245473861694336
o3mdh,1.0,0.25526932084309134,0.40671641791044777,0.9769585253456221,0.2485345838218054,0.3962616822429907,1.0,0.25526932084309134,0.40671641791044777,3.099404811859131
o3mmp,1.0,0.784,0.8789237668161435,0.979381443298969,0.7661290322580645,0.8597285067873301,1.0,0.784,0.8789237668161435,3.839961528778076
o3mw4,1.0,0.6287878787878788,0.7720930232558139,1.0,0.6259541984732825,0.7699530516431926,1.0,0.6287878787878788,0.7720930232558139,18.33071208000183
o3n0f,1.0,0.38421052631578945,0.5551330798479087,0.9793103448275862,0.37467018469656993,0.5419847328244275,1.0,0.38421052631578945,0.5551330798479087,1.8796720504760742
o3n9k,1.0,0.5104895104895105,0.675925925925926,0.9861111111111112,0.5,0.6635514018691588,1.0,0.5104895104895105,0.675925925925926,1.0979723930358887
o3pcr,1.0,0.4798387096774194,0.6485013623978201,0.9915254237288136,0.47368421052631576,0.6410958904109589,1.0,0.4798387096774194,0.6485013623978201,1.5402448177337646
o3po5,1.0,0.3375,0.5046728971962617,0.9776119402985075,0.3283208020050125,0.49155722326454027,1.0,0.3375,0.5046728971962617,2.092885971069336
o3pxf,0.9945054945054945,0.30574324324324326,0.4677002583979329,0.9723756906077348,0.29780033840947545,0.45595854922279794,0.9945054945054945,0.30574324324324326,0.4677002583979329,2.106848955154419
o3qdx,1.0,0.6146788990825688,0.7613636363636362,0.9848484848484849,0.6018518518518519,0.7471264367816092,1.0,0.6146788990825688,0.7613636363636362,1.508089542388916
o3rb2,1.0,0.11016949152542373,0.1984732824427481,0.9613259668508287,0.10539067231980617,0.18995633187772926,1.0,0.11016949152542373,0.1984732824427481,2.275747299194336
o3rcd,1.0,0.6431372549019608,0.7828162291169452,0.9693251533742331,0.6220472440944882,0.7577937649880097,1.0,0.6431372549019608,0.7828162291169452,1.83056640625
o3reu,1.0,0.9090909090909091,0.9523809523809523,0.9894179894179894,0.8990384615384616,0.9420654911838791,1.0,0.9090909090909091,0.9523809523809523,2.18768572807312
o3ri7,1.0,0.2710163111668758,0.4264560710760119,0.958139534883721,0.25879396984924624,0.4075173095944609,1.0,0.2710163111668758,0.4264560710760119,4.8071653842926025
o3rsh,0.9973190348525469,0.0396208328895516,0.07621389059618931,0.8575268817204301,0.03397954835960801,0.06536885245901639,0.7801608579088471,0.030993716050697624,0.059618930547019056,6.209496259689331
o3sy4,1.0,0.4609375,0.6310160427807486,0.9914529914529915,0.4549019607843137,0.6236559139784946,1.0,0.4609375,0.6310160427807486,1.4867231845855713
o3t26,1.0,0.46236559139784944,0.6323529411764706,0.9764705882352941,0.4486486486486487,0.6148148148148149,1.0,0.46236559139784944,0.6323529411764706,1.6224205493927002
o3t37,1.0,0.12625341841385598,0.22420072845002026,0.9637681159420289,0.12129502963976288,0.21547185095180235,1.0,0.12625341841385598,0.22420072845002026,3.6482667922973633
o3u3b,1.0,0.6075949367088608,0.7559055118110236,0.9789473684210527,0.5923566878980892,0.738095238095238,1.0,0.6075949367088608,0.7559055118110236,1.4558587074279785
o3uj0,1.0,0.30973451327433627,0.4729729729729729,0.9597701149425287,0.29609929078014185,0.4525745257452574,0.92,0.2849557522123894,0.4351351351351351,3.018662452697754
o3umw,1.0,0.26533742331288346,0.4193939393939394,0.9767441860465116,0.25806451612903225,0.4082624544349939,1.0,0.26533742331288346,0.4193939393939394,2.117863893508911
o3v6m,1.0,0.15339966832504145,0.26599568655643424,0.9836956521739131,0.15020746887966804,0.2606191504679626,1.0,0.15339966832504145,0.26599568655643424,2.6033551692962646
o3vh6,1.0,0.2326388888888889,0.3774647887323944,0.96,0.22247972190034762,0.36124176857949203,0.9950248756218906,0.23148148148148148,0.3755868544600939,2.742429256439209
o3vx9,1.0,0.29326047358834245,0.4535211267605634,0.9625,0.28102189781021897,0.4350282485875706,1.0,0.29326047358834245,0.4535211267605634,3.4452569484710693
o3w68,1.0,0.6245353159851301,0.7688787185354691,0.9820359281437125,0.6119402985074627,0.7540229885057471,1.0,0.6245353159851301,0.7688787185354691,2.3878724575042725
o3way,1.0,0.2202753441802253,0.36102564102564105,0.9771428571428571,0.21428571428571427,0.35149023638232274,1.0,0.2202753441802253,0.36102564102564105,2.0776827335357666
o3wbs,1.0,0.576530612244898,0.7313915857605179,0.9821428571428571,0.5641025641025641,0.7166123778501629,1.0,0.576530612244898,0.7313915857605179,1.6782033443450928
o3wjh,1.0,0.7238095238095238,0.8397790055248618,0.9733333333333334,0.7019230769230769,0.8156424581005587,1.0,0.7238095238095238,0.8397790055248618,1.0434296131134033
o3wp2,1.0,0.6,0.7499999999999999,0.976,0.583732057416268,0.7305389221556886,1.0,0.6,0.7499999999999999,1.6429388523101807
o3xpq,1.0,0.2198364008179959,0.36043587594300086,0.9672897196261683,0.21187308085977483,0.34760705289672544,0.9953488372093023,0.21881390593047034,0.3587594300083822,2.918797016143799
o3xyx,1.0,0.06110283159463487,0.11516853932584269,0.9629629629629629,0.058165548098434,0.10970464135021095,0.8658536585365854,0.05290611028315946,0.0997191011235955,1.3507862091064453
o3y38,1.0,0.5575757575757576,0.7159533073929961,0.989010989010989,0.5487804878048781,0.7058823529411764,1.0,0.5575757575757576,0.7159533073929961,2.1904172897338867
o3y3i,1.0,0.3065326633165829,0.4692307692307693,0.9666666666666667,0.29292929292929293,0.4496124031007752,1.0,0.3065326633165829,0.4692307692307693,1.0414838790893555
o3y3v,1.0,0.6715328467153284,0.8034934497816593,0.978021978021978,0.6544117647058824,0.7841409691629956,1.0,0.6715328467153284,0.8034934497816593,1.2185685634613037
o3yjv,1.0,0.2793733681462141,0.43673469387755104,0.9528301886792453,0.2643979057591623,0.4139344262295082,0.7383177570093458,0.206266318537859,0.3224489795918367,1.5528919696807861
o3ykm,1.0,0.12761506276150628,0.22634508348794063,0.95,0.11949685534591195,0.21229050279329612,1.0,0.12761506276150628,0.22634508348794063,1.8099026679992676
o3z2b,1.0,0.4318181818181818,0.6031746031746031,0.9882352941176471,0.4253164556962025,0.5946902654867257,1.0,0.4318181818181818,0.6031746031746031,4.77176570892334
o3zmb,1.0,0.050967147681915875,0.0969909436167105,0.9575757575757575,0.048525798525798525,0.0923706518561824,1.0,0.050967147681915875,0.0969909436167105,2.883065938949585
o401k,0.9947368421052631,0.1704238052299369,0.29099307159353344,0.9259259259259259,0.157942238267148,0.26985350809560527,0.968421052631579,0.1659152389540126,0.2832948421862972,2.305453300476074
o4036,1.0,0.3413333333333333,0.5089463220675945,0.952755905511811,0.3235294117647059,0.4830339321357286,1.0,0.3413333333333333,0.5089463220675945,1.789689302444458
o40ah,1.0,0.29936305732484075,0.4607843137254902,0.9785714285714285,0.29148936170212764,0.4491803278688524,0.6312056737588653,0.18895966029723993,0.2908496732026144,3.353792667388916
o40bn,1.0,0.10006497725795971,0.18192557590076788,0.954248366013072,0.09492847854356307,0.17267888823181549,1.0,0.10006497725795971,0.18192557590076788,2.3203542232513428
o40cy,1.0,0.13553895410885805,0.23872180451127817,0.9682539682539683,0.13034188034188035,0.2297551789077213,1.0,0.13553895410885805,0.23872180451127817,2.3795409202575684
o40eh,1.0,0.2560240963855422,0.407673860911271,0.9642857142857143,0.24471299093655588,0.39036144578313253,1.0,0.2560240963855422,0.407673860911271,1.4097976684570312
o40mf,0.7380952380952381,0.5585585585585585,0.6358974358974359,0.6265060240963856,0.4727272727272727,0.538860103626943,0.7142857142857143,0.5405405405405406,0.6153846153846154,1.3454155921936035
o40ss,1.0,0.5755395683453237,0.730593607305936,0.9873417721518988,0.5652173913043478,0.7188940092165899,1.0,0.5755395683453237,0.730593607305936,1.2437169551849365
o40y9,1.0,0.5339366515837104,0.696165191740413,0.9617021276595744,0.5124716553287982,0.6686390532544378,1.0,0.5339366515837104,0.696165191740413,2.7928366661071777
o410y,0.9787234042553191,0.27710843373493976,0.431924882629108,0.8913043478260869,0.24848484848484848,0.38862559241706157,0.9787234042553191,0.27710843373493976,0.431924882629108,1.0041813850402832
o415b,1.0,0.28761061946902655,0.4467353951890034,0.9375,0.26666666666666666,0.4152249134948097,1.0,0.28761061946902655,0.4467353951890034,0.8852057456970215
o4206,1.0,0.27734375,0.43425076452599387,0.9857142857142858,0.27058823529411763,0.4246153846153846,1.0,0.27734375,0.43425076452599387,0.9688668251037598
o42vl,1.0,0.22585034013605443,0.3684794672586016,0.9757575757575757,0.21934604904632152,0.35817575083426023,1.0,0.22585034013605443,0.3684794672586016,2.090729236602783
o434i,1.0,0.46875,0.6382978723404256,0.972972972972973,0.4528301886792453,0.6180257510729613,1.0,0.46875,0.6382978723404256,1.228926181793213
o435n,1.0,0.24705882352941178,0.39622641509433965,0.9794520547945206,0.24074074074074073,0.3864864864864865,1.0,0.24705882352941178,0.39622641509433965,2.06623911857605
o43vs,1.0,0.1566390041493776,0.27085201793721975,0.9533333333333334,0.14849428868120457,0.25696316262353996,1.0,0.1566390041493776,0.27085201793721975,2.092268466949463
o43vu,1.0,0.3917808219178082,0.562992125984252,0.9788732394366197,0.38186813186813184,0.5494071146245059,1.0,0.3917808219178082,0.562992125984252,1.7380897998809814
o44le,1.0,0.3179916317991632,0.48253968253968255,0.96,0.3025210084033613,0.46006389776357826,1.0,0.3179916317991632,0.48253968253968255,1.7810101509094238
o44n9,1.0,0.04227118036897725,0.08111359340092798,0.9787234042553191,0.041203869580795416,0.07907856283307547,1.0,0.04227118036897725,0.08111359340092798,3.6832408905029297
o44on,1.0,0.3118279569892473,0.4754098360655738,1.0,0.3081081081081081,0.4710743801652893,1.0,0.3118279569892473,0.4754098360655738,0.9394071102142334
o451t,1.0,0.07014945469233877,0.13110216406643183,0.9826923076923076,0.06881228117425263,0.12861817266549208,0.9769673704414588,0.06853372828867645,0.12808253648716658,7.17997145652771
o4523,1.0,0.29403606102635227,0.4544480171489818,0.985781990521327,0.28888888888888886,0.44683136412459723,1.0,0.29403606102635227,0.4544480171489818,9.177523612976074
o454e,1.0,0.5904761904761905,0.7425149700598802,0.983739837398374,0.5789473684210527,0.7289156626506024,1.0,0.5904761904761905,0.7425149700598802,1.5929889678955078
o45a9,1.0,0.8717948717948718,0.9315068493150686,0.9900990099009901,0.8620689655172413,0.9216589861751152,1.0,0.8717948717948718,0.9315068493150686,1.1933271884918213
o4606,1.0,0.4491525423728814,0.6198830409356725,0.9746835443037974,0.43626062322946174,0.6027397260273972,1.0,0.4491525423728814,0.6198830409356725,1.9439969062805176
o4612,0.9821428571428571,0.49107142857142855,0.6547619047619048,0.9272727272727272,0.4594594594594595,0.6144578313253012,0.9642857142857143,0.48214285714285715,0.6428571428571429,1.5728213787078857
o46kd,1.0,0.18181818181818182,0.3076923076923077,0.9696969696969697,0.17204301075268819,0.29223744292237447,1.0,0.18181818181818182,0.3076923076923077,0.6465723514556885
o46pb,1.0,0.17111650485436894,0.2922279792746114,0.9642857142857143,0.16403402187120292,0.28037383177570097,1.0,0.17111650485436894,0.2922279792746114,2.452143907546997
o46y6,1.0,0.15274261603375527,0.26500732064421667,0.9722222222222222,0.14780405405405406,0.2565982404692082,1.0,0.15274261603375527,0.26500732064421667,3.0390400886535645
o473o,1.0,0.48501362397820164,0.6532110091743119,0.9830508474576272,0.47540983606557374,0.6408839779005525,1.0,0.48501362397820164,0.6532110091743119,1.9917144775390625
o47m7,1.0,0.33916849015317285,0.5065359477124183,0.961038961038961,0.32456140350877194,0.4852459016393443,1.0,0.33916849015317285,0.5065359477124183,2.0208942890167236
o47mc,0.26282051282051283,0.3253968253968254,0.29078014184397166,0.01935483870967742,0.024,0.02142857142857143,0.14743589743589744,0.18253968253968253,0.16312056737588654,2.227442979812622
o4802,1.0,0.48066298342541436,0.6492537313432836,0.9883720930232558,0.4722222222222222,0.6390977443609022,1.0,0.48066298342541436,0.6492537313432836,1.1881153583526611
o48k7,1.0,0.049410994764397906,0.09416900530090427,0.9666666666666667,0.04746317512274959,0.0904836193447738,0.9668874172185431,0.047774869109947646,0.09105082631743062,4.8358142375946045
o494z,1.0,0.5706521739130435,0.726643598615917,0.9903846153846154,0.5628415300546448,0.7177700348432056,1.0,0.5706521739130435,0.726643598615917,1.5742709636688232
o49dr,1.0,0.013475359342915811,0.026592376851969104,0.9711538461538461,0.012963676036452317,0.025585813806206458,1.0,0.013475359342915811,0.026592376851969104,2.2099218368530273
o49ox,1.0,0.46808510638297873,0.6376811594202899,0.9714285714285714,0.4533333333333333,0.6181818181818182,1.0,0.46808510638297873,0.6376811594202899,2.094957113265991
o49zc,1.0,0.15915119363395225,0.2745995423340961,1.0,0.15803452855245684,0.27293577981651373,1.0,0.15915119363395225,0.2745995423340961,1.5568866729736328
o4a7m,1.0,0.3074670571010249,0.47032474804031354,0.9856459330143541,0.3020527859237537,0.46240179573512913,1.0,0.3074670571010249,0.47032474804031354,4.008119106292725
o4asu,1.0,0.8992805755395683,0.9469696969696969,0.9919354838709677,0.8913043478260869,0.9389312977099237,1.0,0.8992805755395683,0.9469696969696969,1.5451867580413818
o4bbt,1.0,0.2952029520295203,0.45584045584045585,0.9367088607594937,0.2740740740740741,0.4240687679083095,0.9375,0.2767527675276753,0.4273504273504274,2.870295286178589
o4bij,1.0,0.45146726862302483,0.6220839813374806,0.9748743718592965,0.43891402714932126,0.6053042121684867,1.0,0.45146726862302483,0.6220839813374806,7.651085615158081
o4bir,1.0,0.5,0.6666666666666666,0.9636363636363636,0.4774774774774775,0.6385542168674699,1.0,0.5,0.6666666666666666,0.9787354469299316
o4blt,1.0,0.2445141065830721,0.39294710327455923,0.961038961038961,0.23270440251572327,0.37468354430379747,1.0,0.2445141065830721,0.39294710327455923,1.6752979755401611
o4bm3,1.0,0.34851936218678814,0.5168918918918919,0.9868421052631579,0.3424657534246575,0.5084745762711864,1.0,0.34851936218678814,0.5168918918918919,2.046168804168701
o4c16,1.0,0.16339869281045752,0.28089887640449435,1.0,0.15789473684210525,0.2727272727272727,1.0,0.16339869281045752,0.28089887640449435,0.6024246215820312
o4cr7,1.0,0.4460431654676259,0.6169154228855722,0.967479674796748,0.4296028880866426,0.595,1.0,0.4460431654676259,0.6169154228855722,1.6556990146636963
o4cul,1.0,0.2779069767441861,0.4349408553230209,0.9747899159663865,0.270081490104773,0.42297174111212393,1.0,0.2779069767441861,0.4349408553230209,2.643878936767578
o4czo,1.0,0.28270042194092826,0.44078947368421056,0.96,0.2704225352112676,0.4219780219780219,1.0,0.28270042194092826,0.44078947368421056,2.314030408859253
o4d9u,1.0,0.25384615384615383,0.4049079754601227,0.9795918367346939,0.2467866323907455,0.3942505133470226,1.0,0.25384615384615383,0.4049079754601227,1.3989901542663574
o4df6,1.0,0.18120805369127516,0.30681818181818177,0.9622641509433962,0.1717171717171717,0.2914285714285714,1.0,0.18120805369127516,0.30681818181818177,0.9893100261688232
o4do0,0.9848484848484849,0.2697095435684647,0.4234527687296417,0.8461538461538461,0.22916666666666666,0.360655737704918,0.9242424242424242,0.25311203319502074,0.39739413680781754,0.9736013412475586
o4e6o,1.0,0.3643410852713178,0.5340909090909091,0.9782608695652174,0.3515625,0.5172413793103449,1.0,0.3643410852713178,0.5340909090909091,0.86495041847229
o4ef7,1.0,0.2757417102966841,0.43228454172366615,0.9681528662420382,0.26573426573426573,0.41700960219478744,1.0,0.2757417102966841,0.43228454172366615,2.1152985095977783
o4eqq,0.9940828402366864,0.5299684542586751,0.6913580246913581,0.9523809523809523,0.5063291139240507,0.6611570247933884,0.9940828402366864,0.5299684542586751,0.6913580246913581,1.946448564529419
o4few,1.0,0.26721763085399447,0.4217391304347826,0.9583333333333334,0.2541436464088398,0.4017467248908297,1.0,0.26721763085399447,0.4217391304347826,1.2939324378967285
o4fg4,1.0,0.3888888888888889,0.56,0.9473684210526315,0.36548223350253806,0.5274725274725274,1.0,0.3888888888888889,0.56,1.0967216491699219
o4fsh,1.0,0.6287425149700598,0.7720588235294117,0.9807692307692307,0.6144578313253012,0.7555555555555555,1.0,0.6287425149700598,0.7720588235294117,1.3764173984527588
o4fv8,0.4576271186440678,0.18947368421052632,0.2679900744416873,0.05128205128205128,0.02112676056338028,0.029925187032418952,0.19491525423728814,0.08070175438596491,0.1141439205955335,5.65310001373291
o4g3x,1.0,0.18788410886742757,0.3163340724316334,0.971830985915493,0.18189806678383127,0.306439674315322,1.0,0.18788410886742757,0.3163340724316334,2.8030154705047607
o4g88,1.0,0.308411214953271,0.4714285714285714,0.9692307692307692,0.29577464788732394,0.4532374100719424,1.0,0.308411214953271,0.4714285714285714,0.872338056564331
o4gjo,1.0,0.5148809523809523,0.6797642436149312,0.9709302325581395,0.49850746268656715,0.6587771203155819,1.0,0.5148809523809523,0.6797642436149312,1.855304479598999
o4gp7,1.0,0.2857142857142857,0.4444444444444445,0.9702970297029703,0.2752808988764045,0.4288840262582057,1.0,0.2857142857142857,0.4444444444444445,2.3791589736938477
o4gtm,1.0,0.33507853403141363,0.5019607843137256,0.984251968503937,0.32808398950131235,0.4921259842519685,1.0,0.33507853403141363,0.5019607843137256,1.4806098937988281
o4gv5,1.0,0.08092485549132948,0.1497326203208556,1.0,0.0755813953488372,0.14054054054054055,1.0,0.08092485549132948,0.1497326203208556,0.5251479148864746
o4h5k,1.0,0.4666666666666667,0.6363636363636364,0.9791666666666666,0.4519230769230769,0.618421052631579,1.0,0.4666666666666667,0.6363636363636364,0.7946908473968506
o4he3,1.0,0.2879581151832461,0.44715447154471544,0.9814814814814815,0.2789473684210526,0.43442622950819665,1.0,0.2879581151832461,0.44715447154471544,7.783966302871704
o4hfg,1.0,0.6055045871559633,0.7542857142857143,0.9923664122137404,0.5990783410138248,0.7471264367816092,1.0,0.6055045871559633,0.7542857142857143,6.965101480484009
o4hlv,1.0,0.7155172413793104,0.8341708542713567,0.975609756097561,0.6956521739130435,0.8121827411167512,1.0,0.7155172413793104,0.8341708542713567,1.2887511253356934
o4hnj,0.167192429022082,0.42063492063492064,0.23927765237020313,0.020537124802527645,0.05179282868525897,0.02941176470588235,0.06782334384858044,0.17063492063492064,0.09706546275395034,12.305164813995361
o4huw,1.0,0.10230873698506111,0.1856262833675565,0.9688888888888889,0.09873188405797101,0.1792026304973284,1.0,0.10230873698506111,0.1856262833675565,2.884730100631714
o4ide,1.0,0.5,0.6666666666666666,0.9785714285714285,0.4875444839857651,0.6508313539192399,1.0,0.5,0.6666666666666666,2.1516263484954834
o4iq7,1.0,0.4198895027624309,0.5914396887159533,0.9801324503311258,0.4099722991689751,0.5781250000000001,1.0,0.4198895027624309,0.5914396887159533,1.8401579856872559
o4iu6,1.0,0.41578947368421054,0.587360594795539,0.9617834394904459,0.39841688654353563,0.5634328358208956,1.0,0.41578947368421054,0.587360594795539,2.638014316558838
o4j7g,1.0,0.512,0.6772486772486772,0.9682539682539683,0.49193548387096775,0.6524064171122995,0.671875,0.344,0.455026455026455,0.9760532379150391
o4j9g,1.0,0.2783882783882784,0.43553008595988546,0.9867549668874173,0.27339449541284405,0.42816091954022983,1.0,0.2783882783882784,0.43553008595988546,2.1271159648895264
o4jmz,1.0,0.368,0.5380116959064328,0.9555555555555556,0.3467741935483871,0.5088757396449705,1.0,0.368,0.5380116959064328,0.8335652351379395
o4jqr,1.0,0.2225705329153605,0.3641025641025641,0.9571428571428572,0.21069182389937108,0.34536082474226804,0.8873239436619719,0.1974921630094044,0.3230769230769231,1.0717990398406982
o4jt1,1.0,0.4092664092664093,0.5808219178082191,0.9714285714285714,0.3953488372093023,0.5619834710743802,1.0,0.4092664092664093,0.5808219178082191,1.4100048542022705
o4kcd,1.0,0.16600790513833993,0.28474576271186447,0.975609756097561,0.15873015873015872,0.27303754266211605,1.0,0.16600790513833993,0.28474576271186447,0.7502069473266602
o4kvx,1.0,0.21178637200736647,0.34954407294832823,0.9473684210526315,0.1992619926199262,0.3292682926829268,1.0,0.21178637200736647,0.34954407294832823,4.185481309890747
o4l79,1.0,0.5390625,0.700507614213198,1.0,0.5354330708661418,0.6974358974358975,1.0,0.5390625,0.700507614213198,1.498645305633545
o4l8v,1.0,0.7478991596638656,0.8557692307692307,0.9659090909090909,0.7203389830508474,0.825242718446602,1.0,0.7478991596638656,0.8557692307692307,1.1931402683258057
o4l9g,1.0,0.13632901751713633,0.23994638069705093,0.9438202247191011,0.12804878048780488,0.22550335570469798,1.0,0.13632901751713633,0.23994638069705093,2.564009666442871
o4lxr,0.9934640522875817,0.15004935834155972,0.2607204116638079,0.9539473684210527,0.1432806324110672,0.2491408934707904,0.9934640522875817,0.15004935834155972,0.2607204116638079,3.7872045040130615
o4m2i,1.0,0.2841726618705036,0.44257703081232497,0.9615384615384616,0.27075812274368233,0.4225352112676057,1.0,0.2841726618705036,0.44257703081232497,1.3605215549468994
o4mwj,1.0,0.40433925049309666,0.5758426966292135,0.9705882352941176,0.391304347826087,0.5577464788732395,1.0,0.40433925049309666,0.5758426966292135,3.686321496963501
o4mzb,1.0,0.3888888888888889,0.56,0.9482071713147411,0.3678516228748068,0.5300668151447662,0.996031746031746,0.3873456790123457,0.5577777777777777,5.797077417373657
o4n0k,1.0,0.2793791574279379,0.43674176776429807,0.976,0.27111111111111114,0.4243478260869566,1.0,0.2793791574279379,0.43674176776429807,1.4983482360839844
o4nm6,0.9833333333333333,0.2548596112311015,0.40480274442538594,0.9327731092436975,0.24025974025974026,0.38209982788296043,0.8166666666666667,0.21166306695464362,0.3361921097770154,1.8330559730529785
o4nng,0.9928571428571429,0.3582474226804124,0.5265151515151515,0.9568345323741008,0.34366925064599485,0.505703422053232,0.9857142857142858,0.3556701030927835,0.5227272727272727,1.992093563079834
o5gxy,1.0,0.2381596752368065,0.3846994535519126,0.9714285714285714,0.23035230352303523,0.37239868565169776,1.0,0.2381596752368065,0.3846994535519126,1.9737331867218018
o5h1a,1.0,0.7014925373134329,0.8245614035087719,0.989247311827957,0.6917293233082706,0.8141592920353982,1.0,0.7014925373134329,0.8245614035087719,1.410546064376831
o5h5a,1.0,0.5271966527196653,0.6904109589041095,0.984,0.5168067226890757,0.6776859504132232,1.0,0.5271966527196653,0.6904109589041095,1.5650131702423096
o5hec,1.0,0.48132780082987553,0.6498599439775911,0.991304347826087,0.475,0.6422535211267605,1.0,0.48132780082987553,0.6498599439775911,1.6394860744476318
o5hsy,1.0,0.334070796460177,0.5008291873963516,0.98,0.3259423503325942,0.48918469217970045,1.0,0.334070796460177,0.5008291873963516,1.7359271049499512
o5hzt,0.989247311827957,0.22914072229140722,0.37209302325581395,0.9405405405405406,0.2169576059850374,0.3525835866261398,0.9838709677419355,0.22789539227895392,0.3700707785642063,2.2267048358917236
o5i13,1.0,0.3945409429280397,0.5658362989323843,0.9556962025316456,0.3756218905472637,0.5392857142857143,1.0,0.3945409429280397,0.5658362989323843,2.8023393154144287
o5i5j,1.0,0.6102941176470589,0.7579908675799087,0.9878048780487805,0.6,0.7465437788018432,1.0,0.6102941176470589,0.7579908675799087,2.9436519145965576
o5i95,1.0,0.4188034188034188,0.5903614457831325,0.9791666666666666,0.4051724137931034,0.573170731707317,1.0,0.4188034188034188,0.5903614457831325,0.8213555812835693
o5ife,1.0,0.33505154639175255,0.5019305019305019,0.9612403100775194,0.32041343669250644,0.4806201550387597,1.0,0.33505154639175255,0.5019305019305019,5.7727766036987305
o5ijb,1.0,0.19975786924939468,0.3329969727547932,0.9634146341463414,0.19151515151515153,0.3195146612740142,1.0,0.19975786924939468,0.3329969727547932,1.9913864135742188
o5ijn,1.0,0.5603448275862069,0.718232044198895,0.9767441860465116,0.5454545454545454,0.7,1.0,0.5603448275862069,0.718232044198895,2.578326463699341
o5iw3,1.0,0.2717391304347826,0.4273504273504273,0.9696969696969697,0.2615803814713896,0.41201716738197425,1.0,0.2717391304347826,0.4273504273504273,1.7952826023101807
o5jdg,0.9895287958115183,0.2371392722710163,0.3825910931174089,0.9263157894736842,0.22110552763819097,0.35699797160243407,0.9842931937172775,0.23588456712672523,0.38056680161943324,2.2197184562683105
o5ju1,1.0,0.3614864864864865,0.5310173697270473,0.9811320754716981,0.3525423728813559,0.5187032418952618,1.0,0.3614864864864865,0.5310173697270473,1.282412052154541
o5kaa,0.9939024390243902,0.3273092369477912,0.4924471299093655,0.9079754601226994,0.2977867203219316,0.44848484848484843,0.9512195121951219,0.3132530120481928,0.47129909365558914,2.2074570655822754
o5kao,1.0,0.0745637228979376,0.13877952755905512,0.9571428571428572,0.07089947089947089,0.13201970443349753,1.0,0.0745637228979376,0.13877952755905512,2.1740946769714355
o5ker,1.0,0.42777777777777776,0.5992217898832685,0.9736842105263158,0.4134078212290503,0.5803921568627451,1.0,0.42777777777777776,0.5992217898832685,1.0583384037017822
o5kkk,1.0,0.12324649298597194,0.21944692239072255,0.9754098360655737,0.119358074222668,0.2126899016979446,1.0,0.12324649298597194,0.21944692239072255,1.9482057094573975
o5kn3,1.0,0.25097529258777634,0.40124740124740127,0.984375,0.24609375,0.39375,1.0,0.25097529258777634,0.40124740124740127,4.511476516723633
o5ko9,1.0,0.2372159090909091,0.38346727898966704,0.9698795180722891,0.22901849217638692,0.37054085155350985,0.9880239520958084,0.234375,0.37887485648679675,2.560814380645752
o5ld1,1.0,0.3978494623655914,0.5692307692307692,0.9818181818181818,0.38848920863309355,0.5567010309278351,1.0,0.3978494623655914,0.5692307692307692,2.867156982421875
o5ljb,1.0,0.08445642407906559,0.15575807787903895,0.9715302491103203,0.0817855002995806,0.15087040618955513,0.9858156028368794,0.08325846061695118,0.1535487434410384,3.6230857372283936
o5lk8,1.0,0.2054483541430193,0.3408662900188324,0.9777777777777777,0.2,0.3320754716981132,1.0,0.2054483541430193,0.3408662900188324,2.1368026733398438
o5lkj,1.0,0.33807829181494664,0.5053191489361702,1.0,0.3357142857142857,0.5026737967914439,1.0,0.33807829181494664,0.5053191489361702,1.782409906387329
o5lr2,1.0,0.4740740740740741,0.6432160804020101,0.9682539682539683,0.4552238805970149,0.6192893401015228,1.0,0.4740740740740741,0.6432160804020101,1.1447112560272217
o5lu4,1.0,0.43548387096774194,0.6067415730337078,0.9875,0.42702702702702705,0.5962264150943396,1.0,0.43548387096774194,0.6067415730337078,1.2834250926971436
o5lys,1.0,0.05212483399734396,0.09908488482171032,0.9166666666666666,0.04749252739953504,0.0903062835491001,0.89171974522293,0.04648074369189907,0.08835594824865889,2.6010289192199707
o5m0w,1.0,0.41568627450980394,0.5872576177285318,0.9714285714285714,0.4015748031496063,0.5682451253481894,1.0,0.41568627450980394,0.5872576177285318,1.3794758319854736
o5m78,1.0,0.4318181818181818,0.6031746031746031,0.96,0.4114285714285714,0.576,1.0,0.4318181818181818,0.6031746031746031,1.0788440704345703
o5m8b,1.0,0.11395819285232636,0.2046004842615012,0.9583333333333334,0.10863697705802969,0.19515151515151516,1.0,0.11395819285232636,0.2046004842615012,2.4981815814971924
o5mfk,0.9905660377358491,0.5440414507772021,0.7023411371237459,0.9714285714285714,0.53125,0.6868686868686867,0.9905660377358491,0.5440414507772021,0.7023411371237459,1.5567035675048828
o5mi2,1.0,0.4161849710982659,0.5877551020408164,0.9859154929577465,0.4069767441860465,0.5761316872427984,1.0,0.4161849710982659,0.5877551020408164,1.1286425590515137
o5mua,0.7236842105263158,0.41044776119402987,0.5238095238095237,0.5466666666666666,0.3082706766917293,0.3942307692307692,0.618421052631579,0.35074626865671643,0.44761904761904764,4.578563690185547
o5myn,1.0,0.08222932846048424,0.15196285352469396,0.9608938547486033,0.07861060329067641,0.14533164343050273,0.9111111111111111,0.0749200548195523,0.13845504432249892,2.6805200576782227
o5myx,1.0,0.22520661157024793,0.3676222596964587,0.9814814814814815,0.2194616977225673,0.3587140439932318,1.0,0.22520661157024793,0.3676222596964587,9.673606872558594
o5nai,1.0,0.2005856515373353,0.33414634146341465,0.9779411764705882,0.19501466275659823,0.3251833740831296,1.0,0.2005856515373353,0.33414634146341465,1.678429365158081
o5njv,1.0,0.44,0.6111111111111112,1.0,0.436241610738255,0.6074766355140186,1.0,0.44,0.6111111111111112,1.0116362571716309
o5noy,1.0,0.2835820895522388,0.4418604651162791,0.9574468085106383,0.2694610778443114,0.42056074766355145,1.0,0.2835820895522388,0.4418604651162791,1.491001844406128
o5nwe,1.0,0.25370675453047775,0.40473061760840995,0.9673202614379085,0.24422442244224424,0.38998682476943347,1.0,0.25370675453047775,0.40473061760840995,1.7194111347198486
o5ny4,1.0,0.1944954128440367,0.3256528417818741,0.9428571428571428,0.18198529411764705,0.3050847457627119,1.0,0.1944954128440367,0.3256528417818741,1.5091564655303955
o5oab,1.0,0.13790186125211507,0.24237918215613385,0.9692307692307692,0.13330512060939484,0.23437500000000003,0.9846625766871165,0.13578680203045684,0.2386617100371747,12.120199918746948
o5onn,1.0,0.14854771784232365,0.2586705202312139,0.9662921348314607,0.14285714285714285,0.24891461649782923,0.8938547486033519,0.13278008298755187,0.23121387283236994,2.2213668823242188
o5pcx,1.0,0.0897108843537415,0.16465079984393288,0.9428571428571428,0.0842194810718843,0.15462709878953532,1.0,0.0897108843537415,0.16465079984393288,4.046250104904175
o5phi,1.0,0.29450261780104714,0.455005055611729,0.9732142857142857,0.2857142857142857,0.441742654508612,1.0,0.29450261780104714,0.455005055611729,2.5931496620178223
o5pke,1.0,0.40606060606060607,0.5775862068965517,0.9699248120300752,0.39209726443769,0.5584415584415585,1.0,0.40606060606060607,0.5775862068965517,1.5814597606658936
o5px6,1.0,0.27899686520376177,0.4362745098039216,0.96045197740113,0.2668759811616955,0.4176904176904177,0.9943820224719101,0.2774294670846395,0.4338235294117647,2.3149826526641846
o5q6v,1.0,0.5820568927789934,0.7358229598893499,0.9811320754716981,0.5701754385964912,0.7212205270457697,1.0,0.5820568927789934,0.7358229598893499,3.949373960494995
o5q78,1.0,0.3782991202346041,0.5489361702127659,0.9921875,0.3735294117647059,0.5427350427350427,1.0,0.3782991202346041,0.5489361702127659,1.5702006816864014
o5r7v,1.0,0.15993537964458804,0.27576601671309187,0.9591836734693877,0.15210355987055016,0.26256983240223464,1.0,0.15993537964458804,0.27576601671309187,1.533092975616455
o5r9s,1.0,0.08183241973375098,0.15128483532392328,0.9615384615384616,0.07833920877399138,0.14487504527345163,1.0,0.08183241973375098,0.15128483532392328,2.8147199153900146
o5rmo,1.0,0.47305389221556887,0.6422764227642276,0.9617834394904459,0.45345345345345345,0.6163265306122448,1.0,0.47305389221556887,0.6422764227642276,1.9691259860992432
o5rz8,1.0,0.4750378214826021,0.6441025641025641,0.9840255591054313,0.4666666666666667,0.6330935251798562,1.0,0.4750378214826021,0.6441025641025641,3.590160846710205
o5s52,1.0,0.36597938144329895,0.5358490566037736,0.9716312056737588,0.35400516795865633,0.518939393939394,1.0,0.36597938144329895,0.5358490566037736,1.6047732830047607
o5sef,1.0,0.5774647887323944,0.7321428571428571,0.9918032786885246,0.5707547169811321,0.7245508982035928,1.0,0.5774647887323944,0.7321428571428571,2.3237814903259277
o5sel,1.0,0.4127906976744186,0.5843621399176955,0.9858156028368794,0.40524781341107874,0.5743801652892562,1.0,0.4127906976744186,0.5843621399176955,1.7397985458374023
o5sz6,1.0,0.1997563946406821,0.332994923857868,0.9815950920245399,0.1951219512195122,0.32553407934893186,1.0,0.1997563946406821,0.332994923857868,1.771270990371704
o5to3,1.0,0.08130081300813008,0.15037593984962405,0.981651376146789,0.07914201183431953,0.14647501711156743,1.0,0.08130081300813008,0.15037593984962405,1.678734540939331
o5to5,1.0,0.5871559633027523,0.7398843930635839,1.0,0.5833333333333334,0.7368421052631579,1.0,0.5871559633027523,0.7398843930635839,1.0088772773742676
o5tty,1.0,0.43577981651376146,0.6070287539936102,0.9680851063829787,0.41935483870967744,0.5852090032154341,1.0,0.43577981651376146,0.6070287539936102,1.2443230152130127
o5v6t,1.0,0.5276381909547738,0.6907894736842105,0.9903846153846154,0.5202020202020202,0.6821192052980132,1.0,0.5276381909547738,0.6907894736842105,1.382117509841919
o5v8g,1.0,0.2079207920792079,0.3442622950819672,1.0,0.20398009950248755,0.33884297520661155,1.0,0.2079207920792079,0.3442622950819672,0.7403671741485596
o5vae,1.0,0.16124031007751938,0.2777036048064085,0.9611650485436893,0.15372670807453417,0.26506024096385544,1.0,0.16124031007751938,0.2777036048064085,2.9432625770568848
o5vgo,1.0,0.12091301665638494,0.21574023115024765,0.9743589743589743,0.11728395061728394,0.209366391184573,1.0,0.12091301665638494,0.21574023115024765,2.354736566543579
o5vmp,1.0,0.24019607843137256,0.38735177865612647,0.9791666666666666,0.2315270935960591,0.3745019920318725,1.0,0.24019607843137256,0.38735177865612647,0.86004638671875
o5vmq,1.0,0.41388888888888886,0.5854616895874264,0.972972972972973,0.4011142061281337,0.5680473372781065,1.0,0.41388888888888886,0.5854616895874264,1.7662670612335205
o5vs2,1.0,0.18064516129032257,0.3060109289617486,0.9784172661870504,0.17571059431524547,0.2979189485213582,1.0,0.18064516129032257,0.3060109289617486,1.6705822944641113
o5vz5,1.0,0.6730769230769231,0.8045977011494253,0.9903846153846154,0.6645161290322581,0.7953667953667953,1.0,0.6730769230769231,0.8045977011494253,1.4407753944396973
o5w78,1.0,0.30117647058823527,0.46292947558770337,0.984313725490196,0.2956419316843345,0.45471014492753625,1.0,0.30117647058823527,0.46292947558770337,2.9173803329467773
o5w85,0.9627659574468085,0.8080357142857143,0.8786407766990292,0.8983957219251337,0.7533632286995515,0.8195121951219512,0.9627659574468085,0.8080357142857143,0.8786407766990292,2.223613977432251
o5we4,1.0,0.42168674698795183,0.5932203389830509,1.0,0.41818181818181815,0.5897435897435896,1.0,0.42168674698795183,0.5932203389830509,1.2083954811096191
o5wl4,1.0,0.08574007220216606,0.15793848711554448,0.9682539682539683,0.08261851015801354,0.15224625623960064,0.9947368421052631,0.08528880866425993,0.15710723192019949,2.6187326908111572
o5x84,1.0,0.18543046357615894,0.3128491620111732,1.0,0.18,0.3050847457627119,1.0,0.18543046357615894,0.3128491620111732,0.6488089561462402
o5y0t,1.0,0.363013698630137,0.5326633165829147,0.9807692307692307,0.35172413793103446,0.5177664974619289,1.0,0.363013698630137,0.5326633165829147,0.8342165946960449
o5ykl,1.0,0.10714285714285714,0.19354838709677416,1.0,0.0990990990990991,0.180327868852459,1.0,0.10714285714285714,0.19354838709677416,0.4359140396118164
o5z6t,1.0,0.7480916030534351,0.8558951965065502,1.0,0.7461538461538462,0.8546255506607929,1.0,0.7480916030534351,0.8558951965065502,1.0964398384094238
o5zb3,1.0,0.023225469728601254,0.04539658250446316,0.9548022598870056,0.022054025838444475,0.04311224489795919,0.7584269662921348,0.01761482254697286,0.03442999234889059,3.6985955238342285
o5zqm,1.0,0.5208333333333334,0.684931506849315,1.0,0.5174825174825175,0.6820276497695853,1.0,0.5208333333333334,0.684931506849315,0.9599413871765137
o5zv6,1.0,0.3036053130929791,0.46579330422125176,0.987460815047022,0.29914529914529914,0.45918367346938777,1.0,0.3036053130929791,0.46579330422125176,3.676027297973633
o5zw6,1.0,0.3382352941176471,0.5054945054945055,0.99375,0.33473684210526317,0.5007874015748032,1.0,0.3382352941176471,0.5054945054945055,2.0665509700775146
o5zzt,1.0,0.4944237918215613,0.6616915422885572,0.9848484848484849,0.48507462686567165,0.65,1.0,0.4944237918215613,0.6616915422885572,1.6510584354400635
o608e,1.0,0.5123456790123457,0.6775510204081633,0.975609756097561,0.4968944099378882,0.6584362139917695,1.0,0.5123456790123457,0.6775510204081633,1.2124269008636475
o608q,1.0,0.32571428571428573,0.4913793103448276,0.9705882352941176,0.3148854961832061,0.4755043227665706,1.0,0.32571428571428573,0.4913793103448276,1.7498252391815186
o60br,1.0,0.379746835443038,0.5504587155963303,1.0,0.37579617834394907,0.5462962962962963,1.0,0.379746835443038,0.5504587155963303,2.658928871154785
o60hz,0.9776119402985075,0.5481171548117155,0.7024128686327078,0.9323308270676691,0.5210084033613446,0.6684636118598383,0.9776119402985075,0.5481171548117155,0.7024128686327078,1.699991226196289
o60j5,1.0,0.4375,0.6086956521739131,0.9818181818181818,0.4251968503937008,0.5934065934065934,1.0,0.4375,0.6086956521739131,0.8945353031158447
o6107,1.0,0.273972602739726,0.43010752688172044,0.9874213836477987,0.2692967409948542,0.4231805929919138,1.0,0.273972602739726,0.43010752688172044,1.8948276042938232
o614s,1.0,0.3821138211382114,0.5529411764705883,1.0,0.3770491803278688,0.5476190476190476,1.0,0.3821138211382114,0.5529411764705883,0.7944250106811523
o61p9,1.0,0.09693132001948368,0.17673179396092362,0.9696969696969697,0.0935672514619883,0.17066666666666666,1.0,0.09693132001948368,0.17673179396092362,2.476576566696167
o622k,1.0,0.6956521739130435,0.8205128205128205,0.9894736842105263,0.6861313868613139,0.810344827586207,1.0,0.6956521739130435,0.8205128205128205,1.3685383796691895
o629f,1.0,0.9172932330827067,0.9568627450980391,0.9752066115702479,0.8939393939393939,0.9328063241106719,0.8360655737704918,0.7669172932330827,0.7999999999999999,1.721703290939331
o62hb,1.0,0.1589958158995816,0.27436823104693137,0.9470899470899471,0.14991624790619765,0.2588575560375994,1.0,0.1589958158995816,0.27436823104693137,2.5693047046661377
o62x7,1.0,0.3283018867924528,0.4943181818181818,0.976878612716763,0.31947069943289225,0.4814814814814815,1.0,0.3283018867924528,0.4943181818181818,1.9421539306640625
o63gq,1.0,0.27175208581644816,0.4273664479850047,0.9691629955947136,0.26252983293556087,0.41314553990610337,1.0,0.27175208581644816,0.4273664479850047,2.5310442447662354
o63iz,1.0,0.17261055634807418,0.2944038929440389,0.9833333333333333,0.16857142857142857,0.2878048780487805,1.0,0.17261055634807418,0.2944038929440389,1.6529715061187744
