conversation_id,rouge1_precision,rouge1_recall,rouge1_f1,rouge2_precision,rouge2_recall,rouge2_f1,rougeL_precision,rougeL_recall,rougeL_f1,summary_time_seconds
ckrjw,0.9530744336569579,1.0,0.975973487986744,0.9529983792544571,1.0,0.9759336099585062,0.9530744336569579,1.0,0.975973487986744,
cksef,0.9561324977618622,1.0,0.9775743707093821,0.9560931899641577,1.0,0.977553825011452,0.9561324977618622,1.0,0.9775743707093821,
ckz62,0.9513184584178499,1.0,0.975051975051975,0.9512195121951219,1.0,0.975,0.9513184584178499,1.0,0.975051975051975,
cl2ea,0.9294117647058824,1.0,0.9634146341463414,0.9293286219081273,1.0,0.9633699633699635,0.9294117647058824,1.0,0.9634146341463414,
cl8at,0.920265780730897,1.0,0.9584775086505191,0.9201995012468828,1.0,0.9584415584415583,0.920265780730897,1.0,0.9584775086505191,
clcgf,0.9367396593673966,1.0,0.9673366834170855,0.9367088607594937,1.0,0.9673202614379084,0.9367396593673966,1.0,0.9673366834170855,
clhma,0.9042904290429042,1.0,0.9497400346620449,0.9042272126816381,1.0,0.9497051682275407,0.9042904290429042,1.0,0.9497400346620449,
clicr,0.8894601542416453,1.0,0.9414965986394558,0.8891752577319587,1.0,0.9413369713506139,0.8894601542416453,1.0,0.9414965986394558,
clm0x,0.9467174119885823,1.0,0.9726295210166177,0.9466666666666667,1.0,0.9726027397260273,0.9467174119885823,1.0,0.9726295210166177,
clm8e,0.9697624190064795,1.0,0.9846491228070176,0.9696969696969697,1.0,0.9846153846153847,0.9697624190064795,1.0,0.9846491228070176,
clmej,0.9357585139318886,1.0,0.966813274690124,0.9357336430507163,1.0,0.9668000000000001,0.9357585139318886,1.0,0.966813274690124,
clms8,0.95,1.0,0.9743589743589743,0.9498607242339833,1.0,0.9742857142857143,0.95,1.0,0.9743589743589743,
cltp4,0.9568627450980393,1.0,0.9779559118236473,0.9567779960707269,1.0,0.9779116465863453,0.9568627450980393,1.0,0.9779559118236473,
clxn3,0.9336734693877551,1.0,0.9656992084432717,0.9335604770017035,1.0,0.9656387665198238,0.9336734693877551,1.0,0.9656992084432717,
cly7c,0.9191402251791198,1.0,0.9578666666666666,0.9190573770491803,1.0,0.9578216764548853,0.9191402251791198,1.0,0.9578666666666666,
clzhs,0.9351230425055929,1.0,0.9664739884393064,0.9349775784753364,1.0,0.966396292004635,0.9351230425055929,1.0,0.9664739884393064,
cm2w3,0.9842105263157894,1.0,0.9920424403183024,0.9841269841269841,1.0,0.9919999999999999,0.9842105263157894,1.0,0.9920424403183024,
cm7dp,0.9667458432304038,1.0,0.9830917874396136,0.9666666666666667,1.0,0.983050847457627,0.9667458432304038,1.0,0.9830917874396136,
cmat3,0.9260089686098655,1.0,0.9615832363213038,0.9259536275243081,1.0,0.9615533980582524,0.9260089686098655,1.0,0.9615832363213038,
cmb29,0.9477325134511914,1.0,0.9731649565903709,0.9476923076923077,1.0,0.9731437598736178,0.9477325134511914,1.0,0.9731649565903709,
cmbkj,0.9239904988123515,1.0,0.9604938271604938,0.9238095238095239,1.0,0.9603960396039605,0.9239904988123515,1.0,0.9604938271604938,
cmgap,0.9338842975206612,1.0,0.9658119658119658,0.9338345864661655,1.0,0.9657853810264386,0.9338842975206612,1.0,0.9658119658119658,
cml25,0.916256157635468,1.0,0.9562982005141388,0.9158415841584159,1.0,0.9560723514211887,0.916256157635468,1.0,0.9562982005141388,
cmmqc,0.9376899696048632,1.0,0.9678431372549019,0.9376425855513308,1.0,0.967817896389325,0.9376899696048632,1.0,0.9678431372549019,
cmr65,0.8770491803278688,1.0,0.9344978165938864,0.8760330578512396,1.0,0.9339207048458149,0.8770491803278688,1.0,0.9344978165938864,
cmu5s,0.9360955056179775,1.0,0.966993108451215,0.9360505973295854,1.0,0.9669691470054447,0.9360955056179775,1.0,0.966993108451215,
cmur1,0.8909657320872274,1.0,0.9423393739703461,0.890625,1.0,0.9421487603305785,0.8909657320872274,1.0,0.9423393739703461,
cn0io,0.930635838150289,1.0,0.9640718562874252,0.9302325581395349,1.0,0.963855421686747,0.930635838150289,1.0,0.9640718562874252,
cn36l,0.9354838709677419,1.0,0.9666666666666666,0.935064935064935,1.0,0.9664429530201343,0.9354838709677419,1.0,0.9666666666666666,
cn4vs,0.9329962073324906,1.0,0.9653368214519294,0.9329113924050633,1.0,0.9652914210870989,0.9329962073324906,1.0,0.9653368214519294,
cn5om,0.9176470588235294,1.0,0.9570552147239264,0.9171597633136095,1.0,0.9567901234567902,0.9176470588235294,1.0,0.9570552147239264,
cnakl,0.9318840579710145,1.0,0.9647411852963241,0.9317851959361393,1.0,0.9646882043576258,0.9318840579710145,1.0,0.9647411852963241,
cnbyl,0.9420849420849421,1.0,0.970178926441352,0.9420103092783505,1.0,0.9701393497013935,0.9420849420849421,1.0,0.970178926441352,
cnd1y,0.9282013323464101,1.0,0.962763915547025,0.9281481481481482,1.0,0.9627353054168267,0.9282013323464101,1.0,0.962763915547025,
cnd3k,0.9146567717996289,1.0,0.9554263565891472,0.9146171693735499,1.0,0.9554047503635482,0.9146567717996289,1.0,0.9554263565891472,
cngmr,0.9435215946843853,1.0,0.9709401709401709,0.9433333333333334,1.0,0.9708404802744426,0.9435215946843853,1.0,0.9709401709401709,
cni11,0.9578804347826086,1.0,0.9784871616932685,0.9578231292517007,1.0,0.9784572619874913,0.9578804347826086,1.0,0.9784871616932685,
cnixv,0.9219858156028369,1.0,0.959409594095941,0.9214285714285714,1.0,0.9591078066914498,0.9219858156028369,1.0,0.959409594095941,
cnji3,0.9262672811059908,1.0,0.9617224880382775,0.9259259259259259,1.0,0.9615384615384615,0.9262672811059908,1.0,0.9617224880382775,
cnm0a,0.9477635283077885,1.0,0.9731813072105348,0.9477471839799749,1.0,0.9731726907630522,0.9477635283077885,1.0,0.9731813072105348,
cnme0,0.9130952380952381,1.0,0.9545737398879901,0.9130434782608695,1.0,0.9545454545454545,0.9130952380952381,1.0,0.9545737398879901,
cnp2m,0.916289592760181,1.0,0.9563164108618655,0.9161947904869762,1.0,0.9562647754137115,0.916289592760181,1.0,0.9563164108618655,
cnvn5,0.9363295880149812,1.0,0.9671179883945841,0.9360902255639098,1.0,0.9669902912621359,0.9363295880149812,1.0,0.9671179883945841,
cnzj1,0.9128233970753655,1.0,0.9544251690679212,0.9127743387732132,1.0,0.9543983524566049,0.9128233970753655,1.0,0.9544251690679212,
co5nb,0.9228855721393034,1.0,0.9598965071151359,0.9226932668329177,1.0,0.959792477302205,0.9228855721393034,1.0,0.9598965071151359,
co6ou,0.9210526315789473,1.0,0.958904109589041,0.9210229409552463,1.0,0.9588880187940485,0.9210526315789473,1.0,0.958904109589041,
cod6c,0.9790209790209791,1.0,0.989399293286219,0.9788732394366197,1.0,0.9893238434163701,0.9790209790209791,1.0,0.989399293286219,
cojcu,0.9258675078864353,1.0,0.9615069615069615,0.9257503949447078,1.0,0.9614438063986874,0.9258675078864353,1.0,0.9615069615069615,
coot0,0.9156492785793563,1.0,0.9559675550405563,0.9155555555555556,1.0,0.9559164733178653,0.9156492785793563,1.0,0.9559675550405563,
coud9,0.9227467811158798,1.0,0.9598214285714286,0.9226638023630505,1.0,0.9597765363128491,0.9227467811158798,1.0,0.9598214285714286,
cox98,0.9171270718232044,1.0,0.956772334293948,0.9169741697416974,1.0,0.9566891241578441,0.9171270718232044,1.0,0.956772334293948,
coy1c,0.9655172413793104,1.0,0.9824561403508771,0.9653679653679653,1.0,0.9823788546255507,0.9655172413793104,1.0,0.9824561403508771,
cp48p,0.9743589743589743,1.0,0.9870129870129869,0.9741379310344828,1.0,0.9868995633187774,0.9743589743589743,1.0,0.9870129870129869,
cp77e,0.9368258859784283,1.0,0.9673826571201273,0.9367283950617284,1.0,0.9673306772908367,0.9368258859784283,1.0,0.9673826571201273,
cp7bz,0.944392082940622,1.0,0.9714008725157538,0.9443396226415094,1.0,0.9713731198447356,0.944392082940622,1.0,0.9714008725157538,
cp8og,0.9070548712206047,1.0,0.9512624779800353,0.9069506726457399,1.0,0.9512051734273956,0.9070548712206047,1.0,0.9512624779800353,
cpbj4,0.9360393603936039,1.0,0.9669631512071156,0.9359605911330049,1.0,0.9669211195928753,0.9360393603936039,1.0,0.9669631512071156,
cpdv3,0.9069767441860465,1.0,0.951219512195122,0.9068413391557496,1.0,0.9511450381679388,0.9069767441860465,1.0,0.951219512195122,
cpn3r,0.9204545454545454,1.0,0.9585798816568047,0.9201520912547528,1.0,0.9584158415841584,0.9204545454545454,1.0,0.9585798816568047,
cpqyt,0.9589371980676329,1.0,0.9790382244143033,0.9588377723970944,1.0,0.9789864029666254,0.9589371980676329,1.0,0.9790382244143033,
cq2a6,0.9464627151051626,1.0,0.9724950884086444,0.946360153256705,1.0,0.9724409448818898,0.9464627151051626,1.0,0.9724950884086444,
cq81a,0.9299610894941635,1.0,0.9637096774193549,0.9298245614035088,1.0,0.9636363636363636,0.9299610894941635,1.0,0.9637096774193549,
cqasg,0.927710843373494,1.0,0.9625,0.9272727272727272,1.0,0.9622641509433962,0.927710843373494,1.0,0.9625,
cqbbo,0.9836956521739131,1.0,0.9917808219178083,0.9836065573770492,1.0,0.9917355371900827,0.9836956521739131,1.0,0.9917808219178083,
cqbml,0.9330038440417353,1.0,0.9653409090909091,0.932967032967033,1.0,0.9653212052302445,0.9330038440417353,1.0,0.9653409090909091,
cqe7y,0.9366028708133971,1.0,0.9672637430512662,0.9365269461077844,1.0,0.9672232529375387,0.9366028708133971,1.0,0.9672637430512662,
cqefn,0.741106719367589,1.0,0.8513053348467652,0.7410427477143563,1.0,0.8512631280158954,0.741106719367589,1.0,0.8513053348467652,
cqfqi,0.9166666666666666,1.0,0.9565217391304348,0.916083916083916,1.0,0.9562043795620437,0.9166666666666666,1.0,0.9565217391304348,
cqily,0.9233347297863427,1.0,0.9601394031801351,0.9233025984911987,1.0,0.9601220309435607,0.9233347297863427,1.0,0.9601394031801351,
cqjd9,0.9855769230769231,1.0,0.9927360774818402,0.9855072463768116,1.0,0.9927007299270074,0.9855769230769231,1.0,0.9927360774818402,
cql7g,0.9600997506234414,1.0,0.9796437659033079,0.96,1.0,0.9795918367346939,0.9600997506234414,1.0,0.9796437659033079,
cqnd3,0.9033816425120773,1.0,0.949238578680203,0.9032258064516129,1.0,0.9491525423728813,0.9033816425120773,1.0,0.949238578680203,
cqo13,0.9186602870813397,1.0,0.9576059850374066,0.9184652278177458,1.0,0.9574999999999999,0.9186602870813397,1.0,0.9576059850374066,
cqovk,0.9038461538461539,1.0,0.9494949494949495,0.9033816425120773,1.0,0.949238578680203,0.9038461538461539,1.0,0.9494949494949495,
cqrdq,0.9355424421243759,1.0,0.9666979362101313,0.935513169845595,1.0,0.9666823087752229,0.9355424421243759,1.0,0.9666979362101313,
cqu31,0.9305019305019305,1.0,0.964,0.9302325581395349,1.0,0.963855421686747,0.9305019305019305,1.0,0.964,
cqu8z,0.9803921568627451,1.0,0.99009900990099,0.9802631578947368,1.0,0.9900332225913622,0.9803921568627451,1.0,0.99009900990099,
cqv2n,0.9483985765124555,1.0,0.9735159817351597,0.948306595365419,1.0,0.9734675205855444,0.9483985765124555,1.0,0.9735159817351597,
cqwo8,0.9389312977099237,1.0,0.9685039370078741,0.9387755102040817,1.0,0.968421052631579,0.9389312977099237,1.0,0.9685039370078741,
cqwxa,0.9171075837742504,1.0,0.9567617295308187,0.9169611307420494,1.0,0.9566820276497696,0.9171075837742504,1.0,0.9567617295308187,
cqyw6,0.9787234042553191,1.0,0.989247311827957,0.9785714285714285,1.0,0.9891696750902527,0.9787234042553191,1.0,0.989247311827957,
cqzx5,0.956140350877193,1.0,0.9775784753363228,0.9561082662765179,1.0,0.9775617053103964,0.956140350877193,1.0,0.9775784753363228,
cr06h,0.9401330376940134,1.0,0.9691428571428572,0.94,1.0,0.9690721649484536,0.9401330376940134,1.0,0.9691428571428572,
cr1hg,0.9499136442141624,1.0,0.9743135518157661,0.9498269896193772,1.0,0.974267968056788,0.9499136442141624,1.0,0.9743135518157661,
cr1il,0.9115281501340483,1.0,0.9537166900420757,0.9114093959731544,1.0,0.9536516853932584,0.9115281501340483,1.0,0.9537166900420757,
cr2k8,0.9558823529411765,1.0,0.9774436090225563,0.9557522123893806,1.0,0.9773755656108597,0.9558823529411765,1.0,0.9774436090225563,
cr7xc,0.9027355623100304,1.0,0.9488817891373802,0.9024390243902439,1.0,0.9487179487179488,0.9027355623100304,1.0,0.9488817891373802,
cr9vy,0.9449311639549437,1.0,0.9716859716859716,0.9448621553884712,1.0,0.9716494845360826,0.9449311639549437,1.0,0.9716859716859716,
cra8o,0.9144736842105263,1.0,0.9553264604810997,0.9141914191419142,1.0,0.9551724137931034,0.9144736842105263,1.0,0.9553264604810997,
crelk,0.9525065963060686,1.0,0.9756756756756757,0.9523809523809523,1.0,0.975609756097561,0.9525065963060686,1.0,0.9756756756756757,
crfxu,0.9251012145748988,1.0,0.9610935856992638,0.9249492900608519,1.0,0.9610115911485774,0.9251012145748988,1.0,0.9610935856992638,
crgq1,0.8991935483870968,1.0,0.9469214437367304,0.8987854251012146,1.0,0.9466950959488273,0.8991935483870968,1.0,0.9469214437367304,
crln4,0.9491869918699187,1.0,0.9739311783107404,0.9490835030549898,1.0,0.9738766980146291,0.9491869918699187,1.0,0.9739311783107404,
crmxn,0.9526774595267746,1.0,0.975765306122449,0.9526184538653366,1.0,0.9757343550446999,0.9526774595267746,1.0,0.975765306122449,
crpjl,0.9288256227758007,1.0,0.96309963099631,0.9285714285714286,1.0,0.962962962962963,0.9288256227758007,1.0,0.96309963099631,
crtrv,0.97911227154047,1.0,0.9894459102902375,0.9790575916230366,1.0,0.9894179894179894,0.97911227154047,1.0,0.9894459102902375,
cs04n,0.9252336448598131,1.0,0.9611650485436893,0.9250936329588015,1.0,0.9610894941634242,0.9252336448598131,1.0,0.9611650485436893,
cs33k,0.9479084451460142,1.0,0.973257698541329,0.9478672985781991,1.0,0.9732360097323601,0.9479084451460142,1.0,0.973257698541329,
csa4d,0.9379562043795621,1.0,0.9679849340866291,0.9378427787934186,1.0,0.9679245283018868,0.9379562043795621,1.0,0.9679849340866291,
cseoq,0.8802521008403361,1.0,0.9363128491620112,0.88,1.0,0.9361702127659575,0.8802521008403361,1.0,0.9363128491620112,
csg5y,0.9362170087976539,1.0,0.9670579326012874,0.9361702127659575,1.0,0.967032967032967,0.9362170087976539,1.0,0.9670579326012874,
csgcz,0.9097744360902256,1.0,0.952755905511811,0.909433962264151,1.0,0.9525691699604744,0.9097744360902256,1.0,0.952755905511811,
csolf,0.9641873278236914,1.0,0.9817671809256662,0.9641379310344828,1.0,0.9817415730337078,0.9641873278236914,1.0,0.9817671809256662,
cspo3,0.9276257722859664,1.0,0.9624542124542125,0.9275618374558304,1.0,0.9624197983501376,0.9276257722859664,1.0,0.9624542124542125,
cspp5,0.934984520123839,1.0,0.9663999999999999,0.9347826086956522,1.0,0.9662921348314606,0.934984520123839,1.0,0.9663999999999999,
css88,0.9439560439560439,1.0,0.9711701526286037,0.9438943894389439,1.0,0.9711375212224108,0.9439560439560439,1.0,0.9711701526286037,
csvlp,0.926905132192846,1.0,0.9620661824051654,0.926791277258567,1.0,0.9620048504446241,0.926905132192846,1.0,0.9620661824051654,
ct0bk,0.9383033419023136,1.0,0.9681697612732095,0.9381443298969072,1.0,0.9680851063829787,0.9383033419023136,1.0,0.9681697612732095,
ct16o,0.9413092550790068,1.0,0.9697674418604652,0.9411764705882353,1.0,0.9696969696969697,0.9413092550790068,1.0,0.9697674418604652,
ct5qb,0.9614147909967846,1.0,0.9803278688524591,0.9612903225806452,1.0,0.9802631578947368,0.9614147909967846,1.0,0.9803278688524591,
ct9f6,0.9271758436944938,1.0,0.9622119815668202,0.9270462633451957,1.0,0.9621421975992613,0.9271758436944938,1.0,0.9622119815668202,
ctb7b,0.8922363847045192,1.0,0.9430496019595836,0.8921113689095128,1.0,0.9429797670141018,0.8922363847045192,1.0,0.9430496019595836,
cteoi,0.910941475826972,1.0,0.9533954727030626,0.9108658743633277,1.0,0.9533540648600621,0.910941475826972,1.0,0.9533954727030626,
ctf62,0.9323308270676691,1.0,0.9649805447470817,0.9322033898305084,1.0,0.9649122807017544,0.9323308270676691,1.0,0.9649805447470817,
ctffc,0.924812030075188,1.0,0.9609375000000001,0.9246704331450094,1.0,0.9608610567514676,0.924812030075188,1.0,0.9609375000000001,
ctfyd,0.939978563772776,1.0,0.969060773480663,0.9399463806970509,1.0,0.9690436705362079,0.939978563772776,1.0,0.969060773480663,
cth6g,0.9471830985915493,1.0,0.9728752260397829,0.9469964664310954,1.0,0.9727767695099818,0.9471830985915493,1.0,0.9728752260397829,
cti7d,0.9199255121042831,1.0,0.9582929194956353,0.9198757763975155,1.0,0.9582659333549014,0.9199255121042831,1.0,0.9582929194956353,
ctk6u,0.9171220400728597,1.0,0.956769596199525,0.9170464904284412,1.0,0.9567284831193533,0.9171220400728597,1.0,0.956769596199525,
ctkqk,0.9365466748017084,1.0,0.9672337744171393,0.9365079365079365,1.0,0.9672131147540983,0.9365466748017084,1.0,0.9672337744171393,
ctnxq,0.9327296248382924,1.0,0.965194109772423,0.9326424870466321,1.0,0.9651474530831099,0.9327296248382924,1.0,0.965194109772423,
ctpsd,0.9753363228699552,1.0,0.9875141884222475,0.9752808988764045,1.0,0.987485779294653,0.9753363228699552,1.0,0.9875141884222475,
cttti,0.9245785270629991,1.0,0.9608114338404795,0.9245115452930728,1.0,0.9607752653437932,0.9245785270629991,1.0,0.9608114338404795,
ctw1r,0.9320987654320988,1.0,0.9648562300319489,0.9316770186335404,1.0,0.9646302250803859,0.9320987654320988,1.0,0.9648562300319489,
ctz97,0.9835164835164835,1.0,0.9916897506925207,0.9834254143646409,1.0,0.9916434540389973,0.9835164835164835,1.0,0.9916897506925207,
cu0ic,0.9231707317073171,1.0,0.9600507292327203,0.9230769230769231,1.0,0.9600000000000001,0.9231707317073171,1.0,0.9600507292327203,
cu41u,0.9091886082751209,1.0,0.9524345623416831,0.9091397849462366,1.0,0.9524077724584624,0.9091886082751209,1.0,0.9524345623416831,
cu5ye,0.9423292273236282,1.0,0.970308446238109,0.942296918767507,1.0,0.9702913181424863,0.9423292273236282,1.0,0.970308446238109,
cu7fb,0.9377394636015326,1.0,0.967869500741473,0.9377096310493531,1.0,0.9678536102868447,0.9377394636015326,1.0,0.967869500741473,
cu82c,0.9335431969220007,1.0,0.9656295224312591,0.933519944016795,1.0,0.9656170828809265,0.9335431969220007,1.0,0.9656295224312591,
cu9c1,0.9503239740820735,1.0,0.9745293466223699,0.9502702702702702,1.0,0.97450110864745,0.9503239740820735,1.0,0.9745293466223699,
cubvt,0.9305361305361305,1.0,0.9640183530548178,0.9305037313432836,1.0,0.9640009664170089,0.9305361305361305,1.0,0.9640183530548178,
cud3o,0.9124343257443083,1.0,0.9542124542124543,0.9122807017543859,1.0,0.9541284403669724,0.9124343257443083,1.0,0.9542124542124543,
cudcl,0.9355670103092784,1.0,0.966711051930759,0.9354005167958657,1.0,0.9666221628838452,0.9355670103092784,1.0,0.966711051930759,
cuehj,0.9371824480369515,1.0,0.9675727229375298,0.9371534195933456,1.0,0.9675572519083969,0.9371824480369515,1.0,0.9675727229375298,
cughd,0.9605633802816902,1.0,0.9798850574712644,0.96045197740113,1.0,0.9798270893371758,0.9605633802816902,1.0,0.9798850574712644,
cugmv,0.954248366013072,1.0,0.9765886287625418,0.9542359030236993,1.0,0.9765821020351269,0.954248366013072,1.0,0.9765886287625418,
cuinz,0.9253039953676896,1.0,0.961203007518797,0.925260718424102,1.0,0.9611796569365032,0.9253039953676896,1.0,0.961203007518797,
cumue,0.9364406779661016,1.0,0.9671772428884026,0.9363867684478372,1.0,0.9671484888304863,0.9364406779661016,1.0,0.9671772428884026,
cuns0,0.9345052452509215,1.0,0.9661439249596951,0.9344866704480999,1.0,0.9661339979475151,0.9345052452509215,1.0,0.9661439249596951,
cusyc,0.931924882629108,1.0,0.9647630619684082,0.9318448883666275,1.0,0.9647201946472019,0.931924882629108,1.0,0.9647630619684082,
cuufz,0.9311377245508982,1.0,0.9643410852713179,0.9309309309309309,1.0,0.9642301710730948,0.9311377245508982,1.0,0.9643410852713179,
cuvs1,0.9624724061810155,1.0,0.9808773903262092,0.9623893805309734,1.0,0.9808342728297633,0.9624724061810155,1.0,0.9808773903262092,
cv8z2,0.9366666666666666,1.0,0.9672977624784854,0.9365962180200222,1.0,0.9672601952900631,0.9366666666666666,1.0,0.9672977624784854,
cv95x,0.9317073170731708,1.0,0.9646464646464648,0.9315403422982885,1.0,0.9645569620253165,0.9317073170731708,1.0,0.9646464646464648,
cvi0h,0.927536231884058,1.0,0.9624060150375939,0.927007299270073,1.0,0.9621212121212122,0.927536231884058,1.0,0.9624060150375939,
cvngw,0.9264705882352942,1.0,0.9618320610687023,0.9263502454991817,1.0,0.9617672047578589,0.9264705882352942,1.0,0.9618320610687023,
cvpra,0.98,1.0,0.98989898989899,0.9798657718120806,1.0,0.9898305084745762,0.98,1.0,0.98989898989899,
cvvkm,0.9424326833797586,1.0,0.9703632887189292,0.9423791821561338,1.0,0.970334928229665,0.9424326833797586,1.0,0.9703632887189292,
cvvmw,0.967741935483871,1.0,0.9836065573770492,0.9676258992805755,1.0,0.9835466179159049,0.967741935483871,1.0,0.9836065573770492,
ny2o2,0.937007874015748,1.0,0.9674796747967479,0.9367588932806324,1.0,0.9673469387755103,0.937007874015748,1.0,0.9674796747967479,
ny2xk,0.9761904761904762,1.0,0.9879518072289156,0.976,1.0,0.9878542510121457,0.9761904761904762,1.0,0.9879518072289156,
ny3if,0.9577922077922078,1.0,0.9784411276948589,0.9576547231270358,1.0,0.978369384359401,0.9577922077922078,1.0,0.9784411276948589,
ny53b,0.9423076923076923,1.0,0.9702970297029703,0.9420849420849421,1.0,0.970178926441352,0.9423076923076923,1.0,0.9702970297029703,
ny5bd,0.9769230769230769,1.0,0.9883268482490272,0.9767441860465116,1.0,0.988235294117647,0.9769230769230769,1.0,0.9883268482490272,
ny5fz,0.9415041782729805,1.0,0.96987087517934,0.9413407821229051,1.0,0.9697841726618706,0.9415041782729805,1.0,0.96987087517934,
ny60y,0.9471316085489314,1.0,0.9728480647024841,0.9470720720720721,1.0,0.9728166570271833,0.9471316085489314,1.0,0.9728480647024841,
ny6fz,0.9410958904109589,1.0,0.9696541990119971,0.9410150891632373,1.0,0.9696113074204946,0.9410958904109589,1.0,0.9696541990119971,
ny7ew,0.9357314148681055,1.0,0.966798810703667,0.935700575815739,1.0,0.9667823500247893,0.9357314148681055,1.0,0.966798810703667,
ny8vd,0.9442231075697212,1.0,0.9713114754098361,0.944,1.0,0.9711934156378601,0.9442231075697212,1.0,0.9713114754098361,
nya3t,0.9140767824497258,1.0,0.9551098376313276,0.9139194139194139,1.0,0.9550239234449761,0.9140767824497258,1.0,0.9551098376313276,
nya4b,0.9525691699604744,1.0,0.9757085020242915,0.9523809523809523,1.0,0.975609756097561,0.9525691699604744,1.0,0.9757085020242915,
nybk8,0.9467969598262758,1.0,0.9726715002788622,0.9467391304347826,1.0,0.972640982691234,0.9467969598262758,1.0,0.9726715002788622,
nycav,0.9732142857142857,1.0,0.9864253393665159,0.972972972972973,1.0,0.9863013698630138,0.9732142857142857,1.0,0.9864253393665159,
nycbv,0.9006211180124224,1.0,0.9477124183006536,0.9004149377593361,1.0,0.9475982532751093,0.9006211180124224,1.0,0.9477124183006536,
nycvv,0.9375650364203955,1.0,0.9677765843179378,0.9375,1.0,0.967741935483871,0.9375650364203955,1.0,0.9677765843179378,
nyd1c,0.9745762711864406,1.0,0.9871244635193133,0.9743589743589743,1.0,0.9870129870129869,0.9745762711864406,1.0,0.9871244635193133,
nyd49,0.933649289099526,1.0,0.9656862745098039,0.9333333333333333,1.0,0.9655172413793104,0.933649289099526,1.0,0.9656862745098039,
nye95,0.9236363636363636,1.0,0.9603024574669187,0.9233576642335767,1.0,0.9601518026565464,0.9236363636363636,1.0,0.9603024574669187,
nye9v,0.9249074563722898,1.0,0.9609890109890109,0.9248677248677248,1.0,0.9609675645959318,0.9249074563722898,1.0,0.9609890109890109,
nyeak,0.9466192170818505,1.0,0.9725776965265083,0.9464285714285714,1.0,0.9724770642201834,0.9466192170818505,1.0,0.9725776965265083,
nyedm,0.9280948851000741,1.0,0.9627066512879662,0.9280771131982205,1.0,0.9626970901166517,0.9280948851000741,1.0,0.9627066512879662,
nyf4x,0.913582046050714,1.0,0.9548396923311248,0.9135694505174173,1.0,0.954832812857034,0.913582046050714,1.0,0.9548396923311248,
nyfbp,0.9368932038834952,1.0,0.9674185463659148,0.9367396593673966,1.0,0.9673366834170855,0.9368932038834952,1.0,0.9674185463659148,
nyfhl,0.9769230769230769,1.0,0.9883268482490272,0.9767441860465116,1.0,0.988235294117647,0.9769230769230769,1.0,0.9883268482490272,
nyfwc,0.9319955406911928,1.0,0.964800923254472,0.9319196428571429,1.0,0.9647602541883306,0.9319955406911928,1.0,0.964800923254472,
nyh0c,0.9298780487804879,1.0,0.9636650868878357,0.9296636085626911,1.0,0.9635499207606973,0.9298780487804879,1.0,0.9636650868878357,
nyh6g,0.9370481927710843,1.0,0.9675011662260924,0.9370292256703826,1.0,0.9674910561518121,0.9370481927710843,1.0,0.9675011662260924,
nyhhb,0.953757225433526,1.0,0.9763313609467456,0.9536903039073806,1.0,0.9762962962962963,0.953757225433526,1.0,0.9763313609467456,
nyhp7,0.9097560975609756,1.0,0.9527458492975736,0.9095354523227384,1.0,0.9526248399487836,0.9097560975609756,1.0,0.9527458492975736,
nyhpz,0.93,1.0,0.9637305699481865,0.9299363057324841,1.0,0.9636963696369637,0.93,1.0,0.9637305699481865,
nyi4y,0.9101796407185628,1.0,0.9529780564263323,0.9096385542168675,1.0,0.9526813880126183,0.9101796407185628,1.0,0.9529780564263323,
nyigt,0.969811320754717,1.0,0.9846743295019157,0.9696969696969697,1.0,0.9846153846153847,0.969811320754717,1.0,0.9846743295019157,
nyj1o,0.9150141643059491,1.0,0.9556213017751479,0.9148936170212766,1.0,0.9555555555555556,0.9150141643059491,1.0,0.9556213017751479,
nyj3e,0.9085173501577287,1.0,0.9520661157024793,0.9082278481012658,1.0,0.9519071310116086,0.9085173501577287,1.0,0.9520661157024793,
nyj90,0.9204112718964204,1.0,0.958556414832441,0.9203961150257094,1.0,0.9585481951606505,0.9204112718964204,1.0,0.958556414832441,
nyk5o,0.9515885022692889,1.0,0.9751937984496124,0.9515151515151515,1.0,0.9751552795031055,0.9515885022692889,1.0,0.9751937984496124,
nykuk,0.9269911504424779,1.0,0.9621125143513204,0.9269372693726937,1.0,0.9620834929145922,0.9269911504424779,1.0,0.9621125143513204,
nylbo,0.9405869720830351,1.0,0.9693839911471782,0.9405656999641963,1.0,0.9693726937269374,0.9405869720830351,1.0,0.9693839911471782,
nym3q,0.9325619834710743,1.0,0.9651043448511802,0.9325396825396826,1.0,0.9650924024640657,0.9325619834710743,1.0,0.9651043448511802,
nymb8,0.9243567421164636,1.0,0.9606916658288932,0.9243421052631579,1.0,0.9606837606837606,0.9243567421164636,1.0,0.9606916658288932,
nymk4,0.9325006005284651,1.0,0.9650714729645743,0.9324843825084094,1.0,0.9650627875170955,0.9325006005284651,1.0,0.9650714729645743,
nyn39,0.9410112359550562,1.0,0.9696092619392185,0.9409282700421941,1.0,0.9695652173913044,0.9410112359550562,1.0,0.9696092619392185,
nynnf,0.9346076458752515,1.0,0.9661986479459178,0.9345417925478349,1.0,0.9661634565330558,0.9346076458752515,1.0,0.9661986479459178,
nynsm,0.9451219512195121,1.0,0.9717868338557993,0.9447852760736196,1.0,0.971608832807571,0.9451219512195121,1.0,0.9717868338557993,
nynsr,0.9238578680203046,1.0,0.9604221635883905,0.923469387755102,1.0,0.9602122015915119,0.9238578680203046,1.0,0.9604221635883905,
nynti,0.9225352112676056,1.0,0.9597069597069597,0.9223985890652557,1.0,0.9596330275229358,0.9225352112676056,1.0,0.9597069597069597,
nyo3x,0.9414024975984631,1.0,0.9698169223156854,0.9413461538461538,1.0,0.9697870232788509,0.9414024975984631,1.0,0.9698169223156854,
nyoc8,0.932436069986541,1.0,0.9650369132191113,0.9324178782983307,1.0,0.965027170126794,0.932436069986541,1.0,0.9650369132191113,
nyp3m,0.9021739130434783,1.0,0.9485714285714286,0.9016393442622951,1.0,0.9482758620689655,0.9021739130434783,1.0,0.9485714285714286,
nypcs,0.9142857142857143,1.0,0.955223880597015,0.9138755980861244,1.0,0.955,0.9142857142857143,1.0,0.955223880597015,
nypvn,0.9384057971014492,1.0,0.9682242990654205,0.9381818181818182,1.0,0.9681050656660413,0.9384057971014492,1.0,0.9682242990654205,
nyqcq,0.9440993788819876,1.0,0.9712460063897763,0.9440124416796267,1.0,0.9712,0.9440993788819876,1.0,0.9712460063897763,
nyqrt,0.9090909090909091,1.0,0.9523809523809523,0.9084507042253521,1.0,0.952029520295203,0.9090909090909091,1.0,0.9523809523809523,
nyqxi,0.9536231884057971,1.0,0.9762611275964391,0.9534883720930233,1.0,0.9761904761904763,0.9536231884057971,1.0,0.9762611275964391,
nyr6i,0.9277620396600567,1.0,0.9625275532696547,0.9276595744680851,1.0,0.9624724061810155,0.9277620396600567,1.0,0.9625275532696547,
nyrcv,0.9358974358974359,1.0,0.9668874172185431,0.9354838709677419,1.0,0.9666666666666666,0.9358974358974359,1.0,0.9668874172185431,
nyrgu,0.9556818181818182,1.0,0.9773387565368972,0.9556313993174061,1.0,0.9773123909249564,0.9556818181818182,1.0,0.9773387565368972,
nyrj5,0.9359513791491351,1.0,0.9669162038155036,0.9359214218896165,1.0,0.9669002174438269,0.9359513791491351,1.0,0.9669162038155036,
nyrjy,0.9817073170731707,1.0,0.9907692307692307,0.9815950920245399,1.0,0.9907120743034055,0.9817073170731707,1.0,0.9907692307692307,
nyrtv,0.9439171699741156,1.0,0.971149578339991,0.9438687392055267,1.0,0.9711239449133718,0.9439171699741156,1.0,0.971149578339991,
nysat,0.9343629343629344,1.0,0.9660678642714572,0.9341085271317829,1.0,0.965931863727455,0.9343629343629344,1.0,0.9660678642714572,
nysbq,0.9262734584450402,1.0,0.9617258176757132,0.926224010731053,1.0,0.9616991643454039,0.9262734584450402,1.0,0.9617258176757132,
nysfd,0.9818181818181818,1.0,0.9908256880733944,0.9817073170731707,1.0,0.9907692307692307,0.9818181818181818,1.0,0.9908256880733944,
nyt2c,0.9486166007905138,1.0,0.973630831643002,0.9484126984126984,1.0,0.9735234215885947,0.9486166007905138,1.0,0.973630831643002,
nyt8f,0.9695340501792115,1.0,0.9845313921747043,0.9694793536804309,1.0,0.9845031905195989,0.9695340501792115,1.0,0.9845313921747043,
nytfq,0.9298056155507559,1.0,0.9636261891438165,0.9297297297297298,1.0,0.9635854341736695,0.9298056155507559,1.0,0.9636261891438165,
nytfy,0.9346733668341709,1.0,0.9662337662337662,0.9343434343434344,1.0,0.9660574412532638,0.9346733668341709,1.0,0.9662337662337662,
nytlc,0.9432989690721649,1.0,0.9708222811671088,0.9431524547803618,1.0,0.9707446808510638,0.9432989690721649,1.0,0.9708222811671088,
nytq0,0.932033096926714,1.0,0.964821046191496,0.9319929036073329,1.0,0.9647995102540556,0.932033096926714,1.0,0.964821046191496,
nyufd,0.9348079161816065,1.0,0.9663056558363418,0.9347319347319347,1.0,0.9662650602409638,0.9348079161816065,1.0,0.9663056558363418,
nyurj,0.902247191011236,1.0,0.9486119314825753,0.9021372328458943,1.0,0.9485511531638084,0.902247191011236,1.0,0.9486119314825753,
nyv76,0.98125,1.0,0.9905362776025236,0.9811320754716981,1.0,0.9904761904761905,0.98125,1.0,0.9905362776025236,
nyx78,0.9835164835164835,1.0,0.9916897506925207,0.9834254143646409,1.0,0.9916434540389973,0.9835164835164835,1.0,0.9916897506925207,
nyxfp,0.9535714285714286,1.0,0.9762340036563071,0.953405017921147,1.0,0.9761467889908257,0.9535714285714286,1.0,0.9762340036563071,
nyxqq,0.975,1.0,0.9873417721518987,0.9747899159663865,1.0,0.9872340425531915,0.975,1.0,0.9873417721518987,
nyy21,0.9683972911963883,1.0,0.9839449541284404,0.9683257918552036,1.0,0.9839080459770114,0.9683972911963883,1.0,0.9839449541284404,
nyy3p,0.961352657004831,1.0,0.9802955665024631,0.9613059250302297,1.0,0.9802712700369914,0.961352657004831,1.0,0.9802955665024631,
nyyci,0.9291338582677166,1.0,0.963265306122449,0.9285714285714286,1.0,0.962962962962963,0.9291338582677166,1.0,0.963265306122449,
nyys7,0.9404761904761905,1.0,0.9693251533742331,0.9402390438247012,1.0,0.9691991786447639,0.9404761904761905,1.0,0.9693251533742331,
nyyvz,0.9659574468085106,1.0,0.9826839826839826,0.9658848614072495,1.0,0.982646420824295,0.9659574468085106,1.0,0.9826839826839826,
nyywo,0.941923774954628,1.0,0.9700934579439252,0.9418886198547215,1.0,0.970074812967581,0.941923774954628,1.0,0.9700934579439252,
nyz05,0.9116279069767442,1.0,0.953771289537713,0.9114906832298136,1.0,0.9536961819658814,0.9116279069767442,1.0,0.953771289537713,
nyzvj,0.9228559704554781,1.0,0.9598804950917628,0.922824302134647,1.0,0.9598633646456021,0.9228559704554781,1.0,0.9598804950917628,
nz05j,0.9212588310854207,1.0,0.9590158454235475,0.9212537735243111,1.0,0.9590131051083177,0.9212588310854207,1.0,0.9590158454235475,
nz0fd,0.9828571428571429,1.0,0.9913544668587896,0.9827586206896551,1.0,0.9913043478260869,0.9828571428571429,1.0,0.9913544668587896,
nz0mb,0.9462915601023018,1.0,0.9724047306176083,0.9461538461538461,1.0,0.9723320158102766,0.9462915601023018,1.0,0.9724047306176083,
nz10n,0.9484536082474226,1.0,0.9735449735449735,0.9481865284974094,1.0,0.973404255319149,0.9484536082474226,1.0,0.9735449735449735,
nz1e9,0.9279279279279279,1.0,0.9626168224299065,0.927710843373494,1.0,0.9625,0.9279279279279279,1.0,0.9626168224299065,
nz24k,0.900990099009901,1.0,0.9479166666666667,0.900497512437811,1.0,0.9476439790575917,0.900990099009901,1.0,0.9479166666666667,
nz25e,0.9801324503311258,1.0,0.9899665551839464,0.98,1.0,0.98989898989899,0.9801324503311258,1.0,0.9899665551839464,
nz2hv,0.8897338403041825,1.0,0.9416498993963783,0.8893129770992366,1.0,0.9414141414141415,0.8897338403041825,1.0,0.9416498993963783,
nz2j8,0.9344262295081968,1.0,0.9661016949152543,0.9342105263157895,1.0,0.9659863945578232,0.9344262295081968,1.0,0.9661016949152543,
nz2mc,0.9692307692307692,1.0,0.9843749999999999,0.9691714836223507,1.0,0.9843444227005871,0.9692307692307692,1.0,0.9843749999999999,
nz2nz,0.9360161643374305,1.0,0.9669507740476605,0.936005389019872,1.0,0.9669450243562978,0.9360161643374305,1.0,0.9669507740476605,
nz33n,0.9747899159663865,1.0,0.9872340425531915,0.9745762711864406,1.0,0.9871244635193133,0.9747899159663865,1.0,0.9872340425531915,
nz35r,0.9472883933096807,1.0,0.9729307652264446,0.947261663286004,1.0,0.9729166666666667,0.9472883933096807,1.0,0.9729307652264446,
nz3sk,0.9525547445255474,1.0,0.9757009345794392,0.9523809523809523,1.0,0.975609756097561,0.9525547445255474,1.0,0.9757009345794392,
nz47p,0.9032967032967033,1.0,0.9491916859122402,0.9030837004405287,1.0,0.9490740740740741,0.9032967032967033,1.0,0.9491916859122402,
nz4b6,0.9842105263157894,1.0,0.9920424403183024,0.9841269841269841,1.0,0.9919999999999999,0.9842105263157894,1.0,0.9920424403183024,
nz6f7,0.954337899543379,1.0,0.9766355140186915,0.9541284403669725,1.0,0.9765258215962441,0.954337899543379,1.0,0.9766355140186915,
nz6fd,0.9732142857142857,1.0,0.9864253393665159,0.972972972972973,1.0,0.9863013698630138,0.9732142857142857,1.0,0.9864253393665159,
nz6n0,0.937799043062201,1.0,0.9679012345679012,0.9376498800959233,1.0,0.9678217821782179,0.937799043062201,1.0,0.9679012345679012,
nz6qh,0.8993288590604027,1.0,0.9469964664310955,0.8986486486486487,1.0,0.9466192170818506,0.8993288590604027,1.0,0.9469964664310955,
nz6yv,0.9477911646586346,1.0,0.9731958762886598,0.9475806451612904,1.0,0.9730848861283644,0.9477911646586346,1.0,0.9731958762886598,
nz7e5,0.9354838709677419,1.0,0.9666666666666666,0.9354037267080745,1.0,0.9666238767650833,0.9354838709677419,1.0,0.9666666666666666,
nz7kd,0.9476439790575916,1.0,0.9731182795698924,0.9473684210526315,1.0,0.972972972972973,0.9476439790575916,1.0,0.9731182795698924,
nz7n0,0.9732142857142857,1.0,0.9864253393665159,0.972972972972973,1.0,0.9863013698630138,0.9732142857142857,1.0,0.9864253393665159,
nz83a,0.9354838709677419,1.0,0.9666666666666666,0.9351851851851852,1.0,0.9665071770334929,0.9354838709677419,1.0,0.9666666666666666,
nz84t,0.9239130434782609,1.0,0.96045197740113,0.9234972677595629,1.0,0.9602272727272728,0.9239130434782609,1.0,0.96045197740113,
nz8c1,0.9446153846153846,1.0,0.9715189873417721,0.9444444444444444,1.0,0.9714285714285714,0.9446153846153846,1.0,0.9715189873417721,
nz8du,0.9805194805194806,1.0,0.9901639344262295,0.9803921568627451,1.0,0.99009900990099,0.9805194805194806,1.0,0.9901639344262295,
nz8tf,0.889795918367347,1.0,0.9416846652267818,0.889344262295082,1.0,0.9414316702819957,0.889795918367347,1.0,0.9416846652267818,
nz927,0.9834254143646409,1.0,0.9916434540389973,0.9833333333333333,1.0,0.9915966386554621,0.9834254143646409,1.0,0.9916434540389973,
nz936,0.940149625935162,1.0,0.9691516709511568,0.94,1.0,0.9690721649484536,0.940149625935162,1.0,0.9691516709511568,
nz9bo,0.9211956521739131,1.0,0.958981612446959,0.9209809264305178,1.0,0.9588652482269504,0.9211956521739131,1.0,0.958981612446959,
nz9j9,0.9853658536585366,1.0,0.9926289926289926,0.9852941176470589,1.0,0.9925925925925926,0.9853658536585366,1.0,0.9926289926289926,
nz9mf,0.9483500717360115,1.0,0.9734904270986746,0.9482758620689655,1.0,0.9734513274336283,0.9483500717360115,1.0,0.9734904270986746,
nz9oi,0.9823529411764705,1.0,0.9910979228486646,0.9822485207100592,1.0,0.9910447761194029,0.9823529411764705,1.0,0.9910979228486646,
nzam4,0.9174757281553398,1.0,0.9569620253164557,0.9170731707317074,1.0,0.9567430025445294,0.9174757281553398,1.0,0.9569620253164557,
nzar2,0.9564102564102565,1.0,0.9777195281782437,0.9562982005141388,1.0,0.9776609724047306,0.9564102564102565,1.0,0.9777195281782437,
nzb1l,0.9810126582278481,1.0,0.9904153354632589,0.9808917197452229,1.0,0.9903536977491961,0.9810126582278481,1.0,0.9904153354632589,
nzb22,0.975609756097561,1.0,0.9876543209876543,0.9754098360655737,1.0,0.9875518672199171,0.975609756097561,1.0,0.9876543209876543,
nzbjo,0.9310344827586207,1.0,0.9642857142857143,0.9307958477508651,1.0,0.96415770609319,0.9310344827586207,1.0,0.9642857142857143,
nzbkm,0.9431438127090301,1.0,0.9707401032702238,0.9429530201342282,1.0,0.9706390328151986,0.9431438127090301,1.0,0.9707401032702238,
nzbpe,0.9806451612903225,1.0,0.990228013029316,0.9805194805194806,1.0,0.9901639344262295,0.9806451612903225,1.0,0.990228013029316,
nzbw5,0.9741379310344828,1.0,0.9868995633187774,0.9739130434782609,1.0,0.986784140969163,0.9741379310344828,1.0,0.9868995633187774,
nzcb6,0.9375,1.0,0.967741935483871,0.9374021909233177,1.0,0.9676898222940226,0.9375,1.0,0.967741935483871,
nzcec,0.9802631578947368,1.0,0.9900332225913622,0.9801324503311258,1.0,0.9899665551839464,0.9802631578947368,1.0,0.9900332225913622,
nzcg6,0.9838709677419355,1.0,0.991869918699187,0.9837837837837838,1.0,0.9918256130790191,0.9838709677419355,1.0,0.991869918699187,
nzcm4,0.9837837837837838,1.0,0.9918256130790191,0.9836956521739131,1.0,0.9917808219178083,0.9837837837837838,1.0,0.9918256130790191,
nzcqq,0.9761904761904762,1.0,0.9879518072289156,0.976,1.0,0.9878542510121457,0.9761904761904762,1.0,0.9879518072289156,
nzd75,0.9343811394891945,1.0,0.9660775949624213,0.9343553459119497,1.0,0.9660638081690712,0.9343811394891945,1.0,0.9660775949624213,
nzdoe,0.9320754716981132,1.0,0.96484375,0.9318181818181818,1.0,0.9647058823529412,0.9320754716981132,1.0,0.96484375,
nzdw2,0.9824561403508771,1.0,0.9911504424778761,0.9823529411764705,1.0,0.9910979228486646,0.9824561403508771,1.0,0.9911504424778761,
nzdw9,0.9813664596273292,1.0,0.9905956112852665,0.98125,1.0,0.9905362776025236,0.9813664596273292,1.0,0.9905956112852665,
nzeam,0.8816326530612245,1.0,0.9370932754880695,0.8811475409836066,1.0,0.9368191721132897,0.8816326530612245,1.0,0.9370932754880695,
nzecd,0.9276139410187667,1.0,0.9624478442280946,0.9274193548387096,1.0,0.9623430962343097,0.9276139410187667,1.0,0.9624478442280946,
nzegi,0.9453441295546559,1.0,0.9719042663891779,0.9452332657200812,1.0,0.9718456725755996,0.9453441295546559,1.0,0.9719042663891779,
nzejf,0.9344355758266819,1.0,0.9661066902446213,0.9343981745579008,1.0,0.9660867000884694,0.9344355758266819,1.0,0.9661066902446213,
nzeup,0.9037800687285223,1.0,0.9494584837545127,0.9036144578313253,1.0,0.9493670886075949,0.9037800687285223,1.0,0.9494584837545127,
nzf74,0.9550438596491229,1.0,0.9770050476724622,0.9549945115257958,1.0,0.9769792251544076,0.9550438596491229,1.0,0.9770050476724622,
nzfli,0.9358669833729216,1.0,0.9668711656441717,0.9357907253269917,1.0,0.9668304668304668,0.9358669833729216,1.0,0.9668711656441717,
nzfrp,0.9074626865671642,1.0,0.9514866979655713,0.907185628742515,1.0,0.9513343799058084,0.9074626865671642,1.0,0.9514866979655713,
nzfsa,0.8922155688622755,1.0,0.9430379746835443,0.8920539730134932,1.0,0.9429477020602219,0.8922155688622755,1.0,0.9430379746835443,
nzfsl,0.9555555555555556,0.819047619047619,0.8820512820512821,0.9385474860335196,0.8038277511961722,0.865979381443299,0.9444444444444444,0.8095238095238095,0.8717948717948718,
nzg66,0.9446308724832215,1.0,0.9715271786022434,0.9445378151260504,1.0,0.9714779602420052,0.9446308724832215,1.0,0.9715271786022434,
nzgzz,0.9322033898305084,1.0,0.9649122807017544,0.9318181818181818,1.0,0.9647058823529412,0.9322033898305084,1.0,0.9649122807017544,
nzh40,0.9166666666666666,1.0,0.9565217391304348,0.9164345403899722,1.0,0.9563953488372093,0.9166666666666666,1.0,0.9565217391304348,
nzh6y,0.9327774882751433,1.0,0.9652197357778377,0.9327424400417101,1.0,0.9652009711356893,0.9327774882751433,1.0,0.9652197357778377,
nzhj5,0.9359504132231405,1.0,0.9669156883671292,0.9358178053830227,1.0,0.9668449197860963,0.9359504132231405,1.0,0.9669156883671292,
nzhoy,0.8877551020408163,1.0,0.9405405405405405,0.8871794871794871,1.0,0.9402173913043478,0.8877551020408163,1.0,0.9405405405405405,
nzicc,0.9017857142857143,1.0,0.948356807511737,0.9013452914798207,1.0,0.9481132075471698,0.9017857142857143,1.0,0.948356807511737,
nzihx,0.944206008583691,1.0,0.9713024282560706,0.9439655172413793,1.0,0.9711751662971174,0.944206008583691,1.0,0.9713024282560706,
nzis2,0.8922764227642277,1.0,0.9430719656283566,0.8920570264765784,1.0,0.9429494079655544,0.8922764227642277,1.0,0.9430719656283566,
nzit3,0.9179487179487179,1.0,0.9572192513368984,0.9175257731958762,1.0,0.956989247311828,0.9179487179487179,1.0,0.9572192513368984,
nzj1h,0.9802631578947368,1.0,0.9900332225913622,0.9801324503311258,1.0,0.9899665551839464,0.9802631578947368,1.0,0.9900332225913622,
nzji8,0.9337899543378996,1.0,0.9657615112160567,0.9337142857142857,1.0,0.9657210401891253,0.9337899543378996,1.0,0.9657615112160567,
nzjrt,0.9872340425531915,1.0,0.9935760171306209,0.9871794871794872,1.0,0.9935483870967742,0.9872340425531915,1.0,0.9935760171306209,
nzjtx,0.9862385321100917,1.0,0.9930715935334873,0.9861751152073732,1.0,0.9930394431554525,0.9862385321100917,1.0,0.9930715935334873,
nzjx6,0.9767441860465116,1.0,0.988235294117647,0.9765625,1.0,0.9881422924901185,0.9767441860465116,1.0,0.988235294117647,
nzjzw,0.9391304347826087,1.0,0.968609865470852,0.9388646288209607,1.0,0.9684684684684683,0.9391304347826087,1.0,0.968609865470852,
nzk4c,0.9497206703910615,1.0,0.9742120343839542,0.9496268656716418,1.0,0.9741626794258373,0.9497206703910615,1.0,0.9742120343839542,
nzk9x,0.9730392156862745,1.0,0.986335403726708,0.972972972972973,1.0,0.9863013698630138,0.9730392156862745,1.0,0.986335403726708,
nzkdu,0.92,1.0,0.9583333333333334,0.9198855507868383,1.0,0.9582712369597616,0.92,1.0,0.9583333333333334,
nzkjv,0.975,1.0,0.9873417721518987,0.9747899159663865,1.0,0.9872340425531915,0.975,1.0,0.9873417721518987,
nzkms,0.9496124031007752,1.0,0.9741550695825051,0.9495145631067962,1.0,0.9741035856573707,0.9496124031007752,1.0,0.9741550695825051,
nzl6u,0.9421052631578948,1.0,0.970189701897019,0.9417989417989417,1.0,0.9700272479564032,0.9421052631578948,1.0,0.970189701897019,
nzlkr,0.94140625,1.0,0.9698189134808853,0.9413489736070382,1.0,0.9697885196374623,0.94140625,1.0,0.9698189134808853,
nzm4u,0.9390804597701149,1.0,0.9685832839359809,0.9390629491233113,1.0,0.9685739697598578,0.9390804597701149,1.0,0.9685832839359809,
nzmjg,0.9736842105263158,1.0,0.9866666666666666,0.9734513274336283,1.0,0.9865470852017937,0.9736842105263158,1.0,0.9866666666666666,
nzmoc,0.9410187667560321,1.0,0.9696132596685083,0.9408602150537635,1.0,0.9695290858725762,0.9410187667560321,1.0,0.9696132596685083,
nzmwy,0.924,1.0,0.9604989604989606,0.9236947791164659,1.0,0.9603340292275575,0.924,1.0,0.9604989604989606,
nzn0l,0.9209361163820367,1.0,0.95884096147514,0.9208860759493671,1.0,0.9588138385502472,0.9209361163820367,1.0,0.95884096147514,
nznbr,0.9316546762589928,1.0,0.9646182495344506,0.9315315315315316,1.0,0.9645522388059702,0.9316546762589928,1.0,0.9646182495344506,
nznin,0.9267249757045676,1.0,0.961969131443559,0.9267107309486781,1.0,0.9619614569670064,0.9267249757045676,1.0,0.961969131443559,
nznpd,0.953757225433526,1.0,0.9763313609467456,0.9534883720930233,1.0,0.9761904761904763,0.953757225433526,1.0,0.9763313609467456,
nzo3f,0.975,1.0,0.9873417721518987,0.9747899159663865,1.0,0.9872340425531915,0.975,1.0,0.9873417721518987,
nzo8c,0.8870431893687708,1.0,0.9401408450704226,0.8866666666666667,1.0,0.9399293286219081,0.8870431893687708,1.0,0.9401408450704226,
nzodz,0.92,1.0,0.9583333333333334,0.9193548387096774,1.0,0.9579831932773109,0.92,1.0,0.9583333333333334,
nzq1c,0.9430091185410334,1.0,0.9706687524442706,0.9429657794676806,1.0,0.9706457925636007,0.9430091185410334,1.0,0.9706687524442706,
nzq2f,0.9434582511505588,1.0,0.9709066305818674,0.9434210526315789,1.0,0.970886932972241,0.9434582511505588,1.0,0.9709066305818674,
nzr0l,0.9464435146443515,1.0,0.9724849527085125,0.9463986599664992,1.0,0.972461273666093,0.9464435146443515,1.0,0.9724849527085125,
nzr7g,0.9243697478991597,1.0,0.9606986899563319,0.9242105263157895,1.0,0.9606126914660831,0.9243697478991597,1.0,0.9606986899563319,
nzrd0,0.9484902309058615,1.0,0.9735642661804922,0.9483985765124555,1.0,0.9735159817351597,0.9484902309058615,1.0,0.9735642661804922,
nzruj,0.9205955334987593,1.0,0.958656330749354,0.9203980099502488,1.0,0.9585492227979275,0.9205955334987593,1.0,0.958656330749354,
nzsh7,0.9545454545454546,1.0,0.9767441860465117,0.9543859649122807,1.0,0.9766606822262119,0.9545454545454546,1.0,0.9767441860465117,
nzsz5,0.98,1.0,0.98989898989899,0.9798657718120806,1.0,0.9898305084745762,0.98,1.0,0.98989898989899,
nzt8z,0.935933147632312,1.0,0.9669064748201438,0.9358736059479554,1.0,0.9668746999519924,0.935933147632312,1.0,0.9669064748201438,
nzuhm,0.9238938053097345,1.0,0.9604415823367065,0.9237588652482269,1.0,0.96036866359447,0.9238938053097345,1.0,0.9604415823367065,
nzuvm,0.9763779527559056,1.0,0.9880478087649402,0.9761904761904762,1.0,0.9879518072289156,0.9763779527559056,1.0,0.9880478087649402,
nzv7n,0.9603174603174603,1.0,0.9797570850202428,0.9601593625498008,1.0,0.9796747967479675,0.9603174603174603,1.0,0.9797570850202428,
nzvd8,0.9295125164690382,1.0,0.9634687606691704,0.9294660514172709,1.0,0.9634437991117184,0.9295125164690382,1.0,0.9634687606691704,
nzvrm,0.9371584699453552,1.0,0.9675599435825106,0.936986301369863,1.0,0.9674681753889676,0.9371584699453552,1.0,0.9675599435825106,
nzvxj,0.9852941176470589,1.0,0.9925925925925926,0.9852216748768473,1.0,0.9925558312655086,0.9852941176470589,1.0,0.9925925925925926,
nzw3b,0.933420365535248,1.0,0.9655638082376772,0.9333333333333333,1.0,0.9655172413793104,0.933420365535248,1.0,0.9655638082376772,
nzwhm,0.9418742586002372,1.0,0.9700671960904094,0.9418052256532067,1.0,0.9700305810397553,0.9418742586002372,1.0,0.9700671960904094,
nzxce,0.9765625,1.0,0.9881422924901185,0.9763779527559056,1.0,0.9880478087649402,0.9765625,1.0,0.9881422924901185,
nzxu6,0.927544076708939,1.0,0.9624102378946524,0.9275384734359292,1.0,0.9624072216649949,0.927544076708939,1.0,0.9624102378946524,
nzy2f,0.9841269841269841,1.0,0.9919999999999999,0.9840425531914894,1.0,0.9919571045576407,0.9841269841269841,1.0,0.9919999999999999,
nzzog,0.936046511627907,1.0,0.966966966966967,0.935672514619883,1.0,0.9667673716012084,0.936046511627907,1.0,0.966966966966967,
nzzoy,0.9793103448275862,1.0,0.9895470383275261,0.9791666666666666,1.0,0.9894736842105264,0.9793103448275862,1.0,0.9895470383275261,
o005h,0.9259589652096343,1.0,0.9615562760537286,0.9259259259259259,1.0,0.9615384615384615,0.9259589652096343,1.0,0.9615562760537286,
o01fu,0.9413127413127413,1.0,0.9697692919649961,0.9412673879443586,1.0,0.9697452229299363,0.9413127413127413,1.0,0.9697692919649961,
o01j4,0.9377431906614786,1.0,0.9678714859437751,0.9375,1.0,0.967741935483871,0.9377431906614786,1.0,0.9678714859437751,
o01j7,0.9608695652173913,1.0,0.9800443458980045,0.9606986899563319,1.0,0.9799554565701559,0.9608695652173913,1.0,0.9800443458980045,
o01mt,0.95022335673261,1.0,0.974476439790576,0.9501915708812261,1.0,0.9744597249508841,0.95022335673261,1.0,0.974476439790576,
o01yk,0.9336283185840708,1.0,0.965675057208238,0.9334811529933481,1.0,0.9655963302752293,0.9336283185840708,1.0,0.965675057208238,
o02ck,0.9752066115702479,1.0,0.9874476987447699,0.975,1.0,0.9873417721518987,0.9752066115702479,1.0,0.9874476987447699,
o02fp,0.957968476357268,1.0,0.9785330948121647,0.9578947368421052,1.0,0.978494623655914,0.957968476357268,1.0,0.9785330948121647,
o03tz,0.9739130434782609,1.0,0.986784140969163,0.9736842105263158,1.0,0.9866666666666666,0.9739130434782609,1.0,0.986784140969163,
o03yy,0.9754098360655737,1.0,0.9875518672199171,0.9752066115702479,1.0,0.9874476987447699,0.9754098360655737,1.0,0.9875518672199171,
o04cn,0.9698275862068966,1.0,0.9846827133479212,0.9697624190064795,1.0,0.9846491228070176,0.9698275862068966,1.0,0.9846827133479212,
o04dj,0.9369708372530574,1.0,0.9674599320058281,0.9369114877589454,1.0,0.9674282936315022,0.9369708372530574,1.0,0.9674599320058281,
o0651,0.9532163742690059,1.0,0.9760479041916168,0.9529411764705882,1.0,0.9759036144578312,0.9532163742690059,1.0,0.9760479041916168,
o0673,0.972972972972973,1.0,0.9863013698630138,0.9727272727272728,1.0,0.9861751152073733,0.972972972972973,1.0,0.9863013698630138,
o06cj,0.9745762711864406,1.0,0.9871244635193133,0.9743589743589743,1.0,0.9870129870129869,0.9745762711864406,1.0,0.9871244635193133,
o06ix,0.9314194577352473,1.0,0.9644921552436003,0.9313099041533547,1.0,0.9644334160463194,0.9314194577352473,1.0,0.9644921552436003,
o06j0,0.9820359281437125,1.0,0.9909365558912386,0.9819277108433735,1.0,0.9908814589665653,0.9820359281437125,1.0,0.9909365558912386,
o06nb,0.8810810810810811,1.0,0.9367816091954023,0.8804347826086957,1.0,0.9364161849710982,0.8810810810810811,1.0,0.9367816091954023,
o06uz,0.926056338028169,1.0,0.9616087751371115,0.9259694477085781,1.0,0.961561928004881,0.926056338028169,1.0,0.9616087751371115,
o07zg,0.9777777777777777,1.0,0.9887640449438202,0.9776119402985075,1.0,0.9886792452830189,0.9777777777777777,1.0,0.9887640449438202,
o08m3,0.9438596491228071,1.0,0.9711191335740073,0.9437609841827768,1.0,0.9710669077757685,0.9438596491228071,1.0,0.9711191335740073,
o08yz,0.9665271966527197,1.0,0.9829787234042554,0.9663865546218487,1.0,0.9829059829059829,0.9665271966527197,1.0,0.9829787234042554,
o0927,0.9227799227799228,1.0,0.9598393574297188,0.9227202472952086,1.0,0.9598070739549839,0.9227799227799228,1.0,0.9598393574297188,
o095q,0.9203698180733672,1.0,0.9585339338406584,0.920346062052506,1.0,0.9585210501786546,0.9203698180733672,1.0,0.9585339338406584,
o09da,0.9653979238754326,1.0,0.9823943661971831,0.9652777777777778,1.0,0.9823321554770319,0.9653979238754326,1.0,0.9823943661971831,
o09rh,0.9739130434782609,1.0,0.986784140969163,0.9736842105263158,1.0,0.9866666666666666,0.9739130434782609,1.0,0.986784140969163,
o09u3,0.9246153846153846,1.0,0.9608313349320543,0.9245767060030785,1.0,0.9608104505465209,0.9246153846153846,1.0,0.9608313349320543,
o0aaz,0.9769230769230769,1.0,0.9883268482490272,0.9767441860465116,1.0,0.988235294117647,0.9769230769230769,1.0,0.9883268482490272,
o0aph,0.940952380952381,1.0,0.9695780176643769,0.9408396946564885,1.0,0.9695181907571288,0.940952380952381,1.0,0.9695780176643769,
o0azm,0.9264214046822743,1.0,0.9618055555555556,0.9261744966442953,1.0,0.9616724738675958,0.9264214046822743,1.0,0.9618055555555556,
o0bbr,0.9629629629629629,1.0,0.9811320754716981,0.9628099173553719,1.0,0.9810526315789474,0.9629629629629629,1.0,0.9811320754716981,
o0brk,0.9137931034482759,1.0,0.9549549549549551,0.9134948096885813,1.0,0.9547920433996383,0.9137931034482759,1.0,0.9549549549549551,
o0c1p,0.9457236842105263,1.0,0.9721048182586645,0.9456342668863262,1.0,0.9720575783234547,0.9457236842105263,1.0,0.9721048182586645,
o0c1y,0.9624277456647399,1.0,0.9808541973490427,0.9623188405797102,1.0,0.980797636632201,0.9624277456647399,1.0,0.9808541973490427,
o0cbu,0.9375866851595007,1.0,0.9677881173944166,0.9375,1.0,0.967741935483871,0.9375866851595007,1.0,0.9677881173944166,
o0cf6,0.9536817102137767,1.0,0.9762917933130699,0.9536266349583828,1.0,0.9762629336579428,0.9536817102137767,1.0,0.9762917933130699,
o0cms,0.9112426035502958,1.0,0.9535603715170279,0.9109792284866469,1.0,0.953416149068323,0.9112426035502958,1.0,0.9535603715170279,
o0d14,0.9351198871650211,1.0,0.9664723032069971,0.9350282485875706,1.0,0.9664233576642336,0.9351198871650211,1.0,0.9664723032069971,
o0d1k,0.9801324503311258,1.0,0.9899665551839464,0.98,1.0,0.98989898989899,0.9801324503311258,1.0,0.9899665551839464,
o0d9k,0.90744920993228,1.0,0.9514792899408284,0.9072398190045249,1.0,0.9513641755634639,0.90744920993228,1.0,0.9514792899408284,
o0de9,0.9356652092442224,1.0,0.9667634720877702,0.935625,1.0,0.9667420083952213,0.9356652092442224,1.0,0.9667634720877702,
o0dgf,0.9815950920245399,1.0,0.9907120743034055,0.9814814814814815,1.0,0.9906542056074767,0.9815950920245399,1.0,0.9907120743034055,
o0dos,0.9692898272552783,1.0,0.9844054580896686,0.9692307692307692,1.0,0.9843749999999999,0.9692898272552783,1.0,0.9844054580896686,
o0dzh,0.9146757679180887,1.0,0.9554367201426025,0.9143835616438356,1.0,0.9552772808586762,0.9146757679180887,1.0,0.9554367201426025,
o0dzw,0.9322033898305084,1.0,0.9649122807017544,0.9320594479830149,1.0,0.9648351648351648,0.9322033898305084,1.0,0.9649122807017544,
o0ecq,0.9300699300699301,1.0,0.963768115942029,0.9298245614035088,1.0,0.9636363636363636,0.9300699300699301,1.0,0.963768115942029,
o0ehc,0.9367909238249594,1.0,0.9673640167364016,0.9366883116883117,1.0,0.9673093042749371,0.9367909238249594,1.0,0.9673640167364016,
o0f6c,0.9489704565801254,1.0,0.973817179604961,0.9489247311827957,1.0,0.9737931034482759,0.9489704565801254,1.0,0.973817179604961,
o0fup,0.9383259911894273,1.0,0.9681818181818181,0.9380530973451328,1.0,0.9680365296803652,0.9383259911894273,1.0,0.9681818181818181,
o0gja,0.9454545454545454,1.0,0.9719626168224299,0.9451219512195121,1.0,0.9717868338557993,0.9454545454545454,1.0,0.9719626168224299,
o0hj1,0.9448275862068966,1.0,0.9716312056737589,0.9447004608294931,1.0,0.9715639810426541,0.9448275862068966,1.0,0.9716312056737589,
o0hki,0.9520661157024793,1.0,0.9754445385266722,0.9519867549668874,1.0,0.9754028837998304,0.9520661157024793,1.0,0.9754445385266722,
o0hvc,0.9395161290322581,1.0,0.9688149688149689,0.9392712550607287,1.0,0.9686847599164927,0.9395161290322581,1.0,0.9688149688149689,
o0i09,0.9445843828715366,1.0,0.9715025906735751,0.9445145018915511,1.0,0.9714656290531777,0.9445843828715366,1.0,0.9715025906735751,
o0i86,0.9794520547945206,1.0,0.9896193771626297,0.9793103448275862,1.0,0.9895470383275261,0.9794520547945206,1.0,0.9896193771626297,
o0ioj,0.9342105263157895,1.0,0.9659863945578232,0.933920704845815,1.0,0.9658314350797266,0.9342105263157895,1.0,0.9659863945578232,
o0jeb,0.9361702127659575,1.0,0.967032967032967,0.9358974358974359,1.0,0.9668874172185431,0.9361702127659575,1.0,0.967032967032967,
o0jfp,0.9422268907563025,1.0,0.9702541914548405,0.9421661409043113,1.0,0.9702219815917705,0.9422268907563025,1.0,0.9702541914548405,
o0jlo,0.9790209790209791,1.0,0.989399293286219,0.9788732394366197,1.0,0.9893238434163701,0.9790209790209791,1.0,0.989399293286219,
o0jmr,0.9251968503937008,1.0,0.9611451942740286,0.924901185770751,1.0,0.9609856262833676,0.9251968503937008,1.0,0.9611451942740286,
o0jyl,0.9477911646586346,1.0,0.9731958762886598,0.9475806451612904,1.0,0.9730848861283644,0.9477911646586346,1.0,0.9731958762886598,
o0k3m,0.9323076923076923,1.0,0.964968152866242,0.9320987654320988,1.0,0.9648562300319489,0.9323076923076923,1.0,0.964968152866242,
o0kao,0.9886792452830189,1.0,0.9943074003795066,0.9886363636363636,1.0,0.9942857142857142,0.9886792452830189,1.0,0.9943074003795066,
o0l8i,0.9520958083832335,1.0,0.9754601226993864,0.952,1.0,0.9754098360655737,0.9520958083832335,1.0,0.9754601226993864,
o0ljd,0.9180722891566265,1.0,0.957286432160804,0.9178743961352657,1.0,0.9571788413098236,0.9180722891566265,1.0,0.957286432160804,
o0m2u,0.9743589743589743,1.0,0.9870129870129869,0.9741379310344828,1.0,0.9868995633187774,0.9743589743589743,1.0,0.9870129870129869,
o0m3z,0.9412251655629139,1.0,0.9697228144989339,0.9411764705882353,1.0,0.9696969696969697,0.9412251655629139,1.0,0.9697228144989339,
o0mr8,0.9289473684210526,1.0,0.9631650750341063,0.9287598944591029,1.0,0.9630642954856361,0.9289473684210526,1.0,0.9631650750341063,
o0muo,0.9416666666666667,1.0,0.9699570815450643,0.9416058394160584,1.0,0.9699248120300751,0.9416666666666667,1.0,0.9699570815450643,
o0my1,0.9790209790209791,1.0,0.989399293286219,0.9788732394366197,1.0,0.9893238434163701,0.9790209790209791,1.0,0.989399293286219,
o0n5j,0.9431192660550459,1.0,0.9707271010387158,0.9430670339761249,1.0,0.9706994328922496,0.9431192660550459,1.0,0.9707271010387158,
o0n5s,0.930824008138352,1.0,0.964172813487882,0.9307535641547862,1.0,0.9641350210970464,0.930824008138352,1.0,0.964172813487882,
o0nqj,0.931740614334471,1.0,0.9646643109540637,0.9315068493150684,1.0,0.9645390070921985,0.931740614334471,1.0,0.9646643109540637,
o0o0k,0.9403409090909091,1.0,0.9692532942898975,0.9402560455192034,1.0,0.969208211143695,0.9403409090909091,1.0,0.9692532942898975,
o0ojf,0.976,1.0,0.9878542510121457,0.9758064516129032,1.0,0.9877551020408163,0.976,1.0,0.9878542510121457,
o0pjm,0.9795918367346939,1.0,0.9896907216494846,0.9794520547945206,1.0,0.9896193771626297,0.9795918367346939,1.0,0.9896907216494846,
o0prr,0.9282639885222381,1.0,0.9627976190476191,0.9281609195402298,1.0,0.9627421758569299,0.9282639885222381,1.0,0.9627976190476191,
o0psv,0.9347826086956522,1.0,0.9662921348314606,0.9345454545454546,1.0,0.9661654135338346,0.9347826086956522,1.0,0.9662921348314606,
o0q5z,0.923466516601013,1.0,0.9602106495026331,0.9234449760765551,1.0,0.9601990049751244,0.923466516601013,1.0,0.9602106495026331,
o0qc0,0.9798657718120806,1.0,0.9898305084745762,0.9797297297297297,1.0,0.9897610921501706,0.9798657718120806,1.0,0.9898305084745762,
o0qi7,0.975,1.0,0.9873417721518987,0.9747899159663865,1.0,0.9872340425531915,0.975,1.0,0.9873417721518987,
o0qs7,0.9869565217391304,1.0,0.9934354485776805,0.9868995633187773,1.0,0.9934065934065934,0.9869565217391304,1.0,0.9934354485776805,
o0ree,0.8963815789473685,1.0,0.9453599306157849,0.8962108731466227,1.0,0.945264986967854,0.8963815789473685,1.0,0.9453599306157849,
o0rff,0.934640522875817,1.0,0.9662162162162162,0.9345335515548282,1.0,0.9661590524534688,0.934640522875817,1.0,0.9662162162162162,
o0sdv,0.9752066115702479,1.0,0.9874476987447699,0.975,1.0,0.9873417721518987,0.9752066115702479,1.0,0.9874476987447699,
o0sr0,0.9375,1.0,0.967741935483871,0.9374722838137473,1.0,0.9677271686884871,0.9375,1.0,0.967741935483871,
o0t3o,0.9402887139107612,1.0,0.9692255664524857,0.9402495075508864,1.0,0.9692047377326566,0.9402887139107612,1.0,0.9692255664524857,
o0tmu,0.9337748344370861,1.0,0.9657534246575342,0.9333333333333333,1.0,0.9655172413793104,0.9337748344370861,1.0,0.9657534246575342,
o0tpd,0.9743589743589743,1.0,0.9870129870129869,0.9741379310344828,1.0,0.9868995633187774,0.9743589743589743,1.0,0.9870129870129869,
o0ukj,0.9538904899135446,1.0,0.9764011799410028,0.9538239538239538,1.0,0.9763663220088625,0.9538904899135446,1.0,0.9764011799410028,
o0ul8,0.9219246482069905,1.0,0.9593764761454889,0.92188919164396,1.0,0.9593572778827977,0.9219246482069905,1.0,0.9593764761454889,
o0ung,0.8385416666666666,1.0,0.9121813031161473,0.837696335078534,1.0,0.9116809116809117,0.8385416666666666,1.0,0.9121813031161473,
o0usl,0.9652777777777778,1.0,0.9823321554770319,0.9651567944250871,1.0,0.9822695035460993,0.9652777777777778,1.0,0.9823321554770319,
o0ute,0.9727272727272728,1.0,0.9861751152073733,0.9724770642201835,1.0,0.986046511627907,0.9727272727272728,1.0,0.9861751152073733,
o0uxq,0.933206106870229,1.0,0.9654491609081935,0.9330783938814532,1.0,0.9653808110781404,0.933206106870229,1.0,0.9654491609081935,
o0v4x,0.9743589743589743,1.0,0.9870129870129869,0.9741379310344828,1.0,0.9868995633187774,0.9743589743589743,1.0,0.9870129870129869,
o0vgd,0.9314641744548287,1.0,0.964516129032258,0.93125,1.0,0.964401294498382,0.9314641744548287,1.0,0.964516129032258,
o0vzb,0.967741935483871,1.0,0.9836065573770492,0.9676724137931034,1.0,0.9835706462212486,0.967741935483871,1.0,0.9836065573770492,
o0w77,0.9380403458213257,1.0,0.9680297397769516,0.937950937950938,1.0,0.967982129560685,0.9380403458213257,1.0,0.9680297397769516,
o0wd5,0.9530612244897959,1.0,0.9759665621734587,0.9530132788559755,1.0,0.9759414225941423,0.9530612244897959,1.0,0.9759665621734587,
o0x5g,0.9784172661870504,1.0,0.989090909090909,0.9782608695652174,1.0,0.989010989010989,0.9784172661870504,1.0,0.989090909090909,
o0x8z,0.968,1.0,0.983739837398374,0.9678714859437751,1.0,0.9836734693877551,0.968,1.0,0.983739837398374,
o0xft,0.9333333333333333,1.0,0.9655172413793104,0.933184855233853,1.0,0.9654377880184332,0.9333333333333333,1.0,0.9655172413793104,
o0xi1,0.9473684210526315,1.0,0.972972972972973,0.9472913616398243,1.0,0.9729323308270678,0.9473684210526315,1.0,0.972972972972973,
o0xix,0.9620253164556962,1.0,0.9806451612903226,0.9619047619047619,1.0,0.9805825242718447,0.9620253164556962,1.0,0.9806451612903226,
o0xqm,0.9660130718954248,1.0,0.9827127659574467,0.9659685863874345,1.0,0.9826897470039947,0.9660130718954248,1.0,0.9827127659574467,
o0xxv,0.9271368519383466,1.0,0.9621909840038779,0.9271028037383178,1.0,0.962172647914646,0.9271368519383466,1.0,0.9621909840038779,
o0xyh,0.9754098360655737,1.0,0.9875518672199171,0.9753846153846154,1.0,0.987538940809969,0.9754098360655737,1.0,0.9875518672199171,
o0y0z,0.9448275862068966,1.0,0.9716312056737589,0.9446366782006921,1.0,0.9715302491103203,0.9448275862068966,1.0,0.9716312056737589,
o0yre,0.9271356783919598,1.0,0.9621903520208605,0.9269521410579346,1.0,0.9620915032679739,0.9271356783919598,1.0,0.9621903520208605,
o0yxr,0.9233176838810642,1.0,0.9601301871440195,0.9231974921630094,1.0,0.9600651996740016,0.9233176838810642,1.0,0.9601301871440195,
o0zfg,0.926829268292683,1.0,0.9620253164556963,0.926605504587156,1.0,0.9619047619047619,0.926829268292683,1.0,0.9620253164556963,
o0zpp,0.92018779342723,1.0,0.9584352078239609,0.9198113207547169,1.0,0.9582309582309582,0.92018779342723,1.0,0.9584352078239609,
o110h,0.9570815450643777,1.0,0.9780701754385965,0.9568965517241379,1.0,0.9779735682819383,0.9570815450643777,1.0,0.9780701754385965,
o1114,0.9263565891472868,1.0,0.9617706237424548,0.9263306309481847,1.0,0.9617566331198536,0.9263565891472868,1.0,0.9617706237424548,
o11ua,0.9517684887459807,1.0,0.9752883031301482,0.9517374517374517,1.0,0.9752720079129574,0.9517684887459807,1.0,0.9752883031301482,
o12w0,0.9141104294478528,1.0,0.9551282051282052,0.9135802469135802,1.0,0.9548387096774192,0.9141104294478528,1.0,0.9551282051282052,
o13qu,0.9467455621301775,1.0,0.9726443768996961,0.9466403162055336,1.0,0.9725888324873095,0.9467455621301775,1.0,0.9726443768996961,
o13ra,0.9301675977653632,1.0,0.9638205499276411,0.9299719887955182,1.0,0.9637155297532656,0.9301675977653632,1.0,0.9638205499276411,
o13vn,0.9451073985680191,1.0,0.9717791411042944,0.9449760765550239,1.0,0.971709717097171,0.9451073985680191,1.0,0.9717791411042944,
o1460,0.9154518950437318,1.0,0.9558599695585998,0.9153284671532846,1.0,0.9557926829268293,0.9154518950437318,1.0,0.9558599695585998,
o14mj,0.9732142857142857,1.0,0.9864253393665159,0.972972972972973,1.0,0.9863013698630138,0.9732142857142857,1.0,0.9864253393665159,
o14os,0.9575289575289575,1.0,0.9783037475345168,0.9574468085106383,1.0,0.9782608695652174,0.9575289575289575,1.0,0.9783037475345168,
o150k,0.9323562570462233,1.0,0.9649941656942823,0.9322799097065463,1.0,0.9649532710280373,0.9323562570462233,1.0,0.9649941656942823,
o154u,0.985781990521327,1.0,0.9928400954653938,0.9857142857142858,1.0,0.9928057553956835,0.985781990521327,1.0,0.9928400954653938,
o156c,0.9367194004995837,1.0,0.9673258813413586,0.9366666666666666,1.0,0.9672977624784854,0.9367194004995837,1.0,0.9673258813413586,
o15qv,0.9431438127090301,1.0,0.9707401032702238,0.9429530201342282,1.0,0.9706390328151986,0.9431438127090301,1.0,0.9707401032702238,
o16ag,0.9841269841269841,1.0,0.9919999999999999,0.9840425531914894,1.0,0.9919571045576407,0.9841269841269841,1.0,0.9919999999999999,
o16ck,0.9842931937172775,1.0,0.9920844327176782,0.9842105263157894,1.0,0.9920424403183024,0.9842931937172775,1.0,0.9920844327176782,
o16nk,0.9117647058823529,1.0,0.9538461538461539,0.911504424778761,1.0,0.9537037037037037,0.9117647058823529,1.0,0.9538461538461539,
o16pl,0.9306642809214941,1.0,0.9640871177015755,0.930648769574944,1.0,0.9640787949015064,0.9306642809214941,1.0,0.9640871177015755,
o16rg,0.9500594530321046,1.0,0.974390243902439,0.95,1.0,0.9743589743589743,0.9500594530321046,1.0,0.974390243902439,
o1744,0.920814479638009,1.0,0.9587750294464076,0.9206349206349206,1.0,0.9586776859504132,0.920814479638009,1.0,0.9587750294464076,
o175l,0.8758730158730159,1.0,0.933829751226942,0.8758335979676087,1.0,0.9338073472151683,0.8758730158730159,1.0,0.933829751226942,
o17dr,0.9474708171206225,1.0,0.973026973026973,0.9473684210526315,1.0,0.972972972972973,0.9474708171206225,1.0,0.973026973026973,
o18as,0.9380952380952381,1.0,0.9680589680589681,0.9380214541120382,1.0,0.968019680196802,0.9380952380952381,1.0,0.9680589680589681,
o18fr,0.9802631578947368,1.0,0.9900332225913622,0.9801324503311258,1.0,0.9899665551839464,0.9802631578947368,1.0,0.9900332225913622,
o18tt,0.9565217391304348,1.0,0.9777777777777777,0.9563492063492064,1.0,0.9776876267748479,0.9565217391304348,1.0,0.9777777777777777,
o18tu,0.9477434679334917,1.0,0.973170731707317,0.9476190476190476,1.0,0.9731051344743276,0.9477434679334917,1.0,0.973170731707317,
o18yr,0.9300911854103343,1.0,0.9637795275590552,0.9299847792998478,1.0,0.9637223974763406,0.9300911854103343,1.0,0.9637795275590552,
o193b,0.9826589595375722,1.0,0.9912536443148687,0.9825581395348837,1.0,0.9912023460410557,0.9826589595375722,1.0,0.9912536443148687,
o193k,0.9166243009659379,1.0,0.9564986737400529,0.9165818921668362,1.0,0.9564755838641188,0.9166243009659379,1.0,0.9564986737400529,
o1958,0.9290780141843972,1.0,0.963235294117647,0.9285714285714286,1.0,0.962962962962963,0.9290780141843972,1.0,0.963235294117647,
o19s5,0.9826589595375722,1.0,0.9912536443148687,0.9825581395348837,1.0,0.9912023460410557,0.9826589595375722,1.0,0.9912536443148687,
o19st,0.9765625,1.0,0.9881422924901185,0.9763779527559056,1.0,0.9880478087649402,0.9765625,1.0,0.9881422924901185,
o1a8a,0.9524838012958964,1.0,0.9756637168141594,0.9523809523809523,1.0,0.975609756097561,0.9524838012958964,1.0,0.9756637168141594,
o1ah5,0.9251101321585903,1.0,0.9610983981693363,0.9247787610619469,1.0,0.960919540229885,0.9251101321585903,1.0,0.9610983981693363,
o1ail,0.9366197183098591,1.0,0.9672727272727273,0.9363957597173145,1.0,0.9671532846715328,0.9366197183098591,1.0,0.9672727272727273,
o1ak7,0.9241245136186771,1.0,0.9605662285136501,0.9240506329113924,1.0,0.9605263157894737,0.9241245136186771,1.0,0.9605662285136501,
o1amq,0.9253945480631277,1.0,0.9612518628912072,0.9252873563218391,1.0,0.9611940298507463,0.9253945480631277,1.0,0.9612518628912072,
o1bzr,0.953886925795053,1.0,0.9763993127769238,0.9538787771691112,1.0,0.9763950438636158,0.953886925795053,1.0,0.9763993127769238,
o1c36,0.9508196721311475,1.0,0.9747899159663865,0.9505494505494505,1.0,0.9746478873239436,0.9508196721311475,1.0,0.9747899159663865,
o1cj4,0.9784172661870504,1.0,0.989090909090909,0.9782608695652174,1.0,0.989010989010989,0.9784172661870504,1.0,0.989090909090909,
o1dkj,0.9619377162629758,1.0,0.9805996472663139,0.9618055555555556,1.0,0.9805309734513274,0.9619377162629758,1.0,0.9805996472663139,
o1dtu,0.9336569579288025,1.0,0.9656903765690377,0.93354943273906,1.0,0.9656328583403186,0.9336569579288025,1.0,0.9656903765690377,
o1dvx,0.9132176234979973,1.0,0.9546406140963015,0.9131016042780749,1.0,0.9545772187281621,0.9132176234979973,1.0,0.9546406140963015,
o1f2c,0.9366754617414248,1.0,0.9673024523160763,0.9365079365079365,1.0,0.9672131147540983,0.9366754617414248,1.0,0.9673024523160763,
o1fc2,0.9774436090225563,1.0,0.988593155893536,0.9772727272727273,1.0,0.9885057471264368,0.9774436090225563,1.0,0.988593155893536,
o1fdq,0.9050632911392406,1.0,0.9501661129568107,0.9044585987261147,1.0,0.9498327759197325,0.9050632911392406,1.0,0.9501661129568107,
o1fnm,0.9340974212034384,1.0,0.965925925925926,0.9340028694404591,1.0,0.9658753709198812,0.9340974212034384,1.0,0.965925925925926,
o1fy0,0.9475806451612904,1.0,0.9730848861283644,0.9474747474747475,1.0,0.9730290456431535,0.9475806451612904,1.0,0.9730848861283644,
o1g67,0.9793103448275862,1.0,0.9895470383275261,0.9791666666666666,1.0,0.9894736842105264,0.9793103448275862,1.0,0.9895470383275261,
o1g7m,0.9395161290322581,1.0,0.9688149688149689,0.9393939393939394,1.0,0.96875,0.9395161290322581,1.0,0.9688149688149689,
o1h4u,0.9369369369369369,1.0,0.9674418604651163,0.9367469879518072,1.0,0.9673405909797822,0.9369369369369369,1.0,0.9674418604651163,
o1h58,0.9565217391304348,1.0,0.9777777777777777,0.956386292834891,1.0,0.9777070063694268,0.9565217391304348,1.0,0.9777777777777777,
o1hha,0.95703125,1.0,0.9780439121756487,0.9568627450980393,1.0,0.9779559118236473,0.95703125,1.0,0.9780439121756487,
o1him,0.8842105263157894,1.0,0.9385474860335195,0.8835978835978836,1.0,0.9382022471910112,0.8842105263157894,1.0,0.9385474860335195,
o1hqg,0.916595744680851,1.0,0.9564831261101243,0.9165247018739353,1.0,0.9564444444444444,0.916595744680851,1.0,0.9564831261101243,
o1i10,0.9572649572649573,1.0,0.9781659388646288,0.9570815450643777,1.0,0.9780701754385965,0.9572649572649573,1.0,0.9781659388646288,
o1i2c,0.9444444444444444,1.0,0.9714285714285714,0.9441340782122905,1.0,0.9712643678160919,0.9444444444444444,1.0,0.9714285714285714,
o1jbf,0.9481946624803768,1.0,0.9734085414987913,0.9481132075471698,1.0,0.973365617433414,0.9481946624803768,1.0,0.9734085414987913,
o1jg2,0.924892703862661,1.0,0.9609810479375698,0.9247311827956989,1.0,0.9608938547486032,0.924892703862661,1.0,0.9609810479375698,
o1jrg,0.979002624671916,1.0,0.9893899204244032,0.9789473684210527,1.0,0.9893617021276596,0.979002624671916,1.0,0.9893899204244032,
o1jsq,0.9849246231155779,1.0,0.9924050632911393,0.9848484848484849,1.0,0.9923664122137404,0.9849246231155779,1.0,0.9924050632911393,
o1k1p,0.937245787332946,1.0,0.9676064787042592,0.9372093023255814,1.0,0.9675870348139256,0.937245787332946,1.0,0.9676064787042592,
o1k68,0.9002557544757033,1.0,0.9475100942126514,0.9,1.0,0.9473684210526316,0.9002557544757033,1.0,0.9475100942126514,
o1k9b,0.8973305954825462,1.0,0.945887445887446,0.897119341563786,1.0,0.9457700650759219,0.8973305954825462,1.0,0.945887445887446,
o1kn3,0.9485530546623794,1.0,0.9735973597359735,0.9483870967741935,1.0,0.9735099337748345,0.9485530546623794,1.0,0.9735973597359735,
o1krr,0.9128205128205128,1.0,0.9544235924932977,0.9126712328767124,1.0,0.954341987466428,0.9128205128205128,1.0,0.9544235924932977,
o1l66,0.9672131147540983,1.0,0.9833333333333333,0.9671232876712329,1.0,0.9832869080779943,0.9672131147540983,1.0,0.9833333333333333,
o1l9s,0.9658703071672355,1.0,0.982638888888889,0.9657534246575342,1.0,0.9825783972125435,0.9658703071672355,1.0,0.982638888888889,
o1lf5,0.9826589595375722,1.0,0.9912536443148687,0.9825581395348837,1.0,0.9912023460410557,0.9826589595375722,1.0,0.9912536443148687,
o1ljf,0.9223091976516634,1.0,0.959584648274458,0.9222939909962811,1.0,0.959576417880053,0.9223091976516634,1.0,0.959584648274458,
o1lmn,0.9447004608294931,1.0,0.9715639810426541,0.9446366782006921,1.0,0.9715302491103203,0.9447004608294931,1.0,0.9715639810426541,
o1lxe,0.961439588688946,1.0,0.9803407601572739,0.961340206185567,1.0,0.9802890932982917,0.961439588688946,1.0,0.9803407601572739,
o1m8p,0.9340659340659341,1.0,0.9659090909090909,0.9340256566890653,1.0,0.9658875552747946,0.9340659340659341,1.0,0.9659090909090909,
o1m92,0.9367396593673966,1.0,0.9673366834170855,0.9365853658536586,1.0,0.9672544080604535,0.9367396593673966,1.0,0.9673366834170855,
o1mhn,0.9361111111111111,1.0,0.9670014347202296,0.935933147632312,1.0,0.9669064748201438,0.9361111111111111,1.0,0.9670014347202296,
o1mmf,0.9230038022813688,1.0,0.9599604547701432,0.922930542340628,1.0,0.9599208312716477,0.9230038022813688,1.0,0.9599604547701432,
o1mz7,0.9537953795379538,1.0,0.9763513513513513,0.9536423841059603,1.0,0.976271186440678,0.9537953795379538,1.0,0.9763513513513513,
o1n9i,0.983957219251337,1.0,0.9919137466307278,0.9838709677419355,1.0,0.991869918699187,0.983957219251337,1.0,0.9919137466307278,
o1nni,0.9793103448275862,1.0,0.9895470383275261,0.9791666666666666,1.0,0.9894736842105264,0.9793103448275862,1.0,0.9895470383275261,
o1nrx,0.9854368932038835,1.0,0.9926650366748166,0.9853658536585366,1.0,0.9926289926289926,0.9854368932038835,1.0,0.9926650366748166,
o1nyd,0.9124820659971306,1.0,0.9542385596399099,0.9123563218390804,1.0,0.9541697971450037,0.9124820659971306,1.0,0.9542385596399099,
o1o8h,0.934331797235023,1.0,0.96605122096486,0.9342560553633218,1.0,0.9660107334525938,0.934331797235023,1.0,0.96605122096486,
o1p4u,0.9815950920245399,1.0,0.9907120743034055,0.9814814814814815,1.0,0.9906542056074767,0.9815950920245399,1.0,0.9907120743034055,
o1pji,0.946078431372549,1.0,0.9722921914357683,0.9459459459459459,1.0,0.9722222222222222,0.946078431372549,1.0,0.9722921914357683,
o1ptu,0.9765625,1.0,0.9881422924901185,0.9763779527559056,1.0,0.9880478087649402,0.9765625,1.0,0.9881422924901185,
o1pwp,0.943952802359882,1.0,0.9711684370257967,0.9437869822485208,1.0,0.9710806697108068,0.943952802359882,1.0,0.9711684370257967,
o1pyt,0.9754098360655737,1.0,0.9875518672199171,0.9752066115702479,1.0,0.9874476987447699,0.9754098360655737,1.0,0.9875518672199171,
o1r7l,0.9507523939808481,1.0,0.9747545582047686,0.9506849315068493,1.0,0.9747191011235955,0.9507523939808481,1.0,0.9747545582047686,
o1rcr,0.9741379310344828,1.0,0.9868995633187774,0.9739130434782609,1.0,0.986784140969163,0.9741379310344828,1.0,0.9868995633187774,
o1rus,0.9803921568627451,1.0,0.99009900990099,0.9802631578947368,1.0,0.9900332225913622,0.9803921568627451,1.0,0.99009900990099,
o1ryt,0.9390243902439024,1.0,0.9685534591194969,0.9387755102040817,1.0,0.968421052631579,0.9390243902439024,1.0,0.9685534591194969,
o1s17,0.9793103448275862,1.0,0.9895470383275261,0.9791666666666666,1.0,0.9894736842105264,0.9793103448275862,1.0,0.9895470383275261,
o1s9f,0.9606003752345216,1.0,0.9799043062200957,0.9605633802816902,1.0,0.9798850574712644,0.9606003752345216,1.0,0.9799043062200957,
o1sxb,0.9508771929824561,1.0,0.9748201438848921,0.9507042253521126,1.0,0.9747292418772564,0.9508771929824561,1.0,0.9748201438848921,
o1t5y,0.9290322580645162,1.0,0.963210702341137,0.9285714285714286,1.0,0.962962962962963,0.9290322580645162,1.0,0.963210702341137,
o1tcq,0.9435736677115988,1.0,0.970967741935484,0.9433962264150944,1.0,0.970873786407767,0.9435736677115988,1.0,0.970967741935484,
o1tg4,0.938034188034188,1.0,0.9680264608599779,0.9379014989293362,1.0,0.9679558011049724,0.938034188034188,1.0,0.9680264608599779,
o1tm7,0.9566787003610109,1.0,0.9778597785977861,0.9565217391304348,1.0,0.9777777777777777,0.9566787003610109,1.0,0.9778597785977861,
o1tpi,0.9508050089445438,1.0,0.974782209995415,0.9507609668755596,1.0,0.9747590637907297,0.9508050089445438,1.0,0.974782209995415,
o1u6y,0.9299258037922506,1.0,0.9636907304570697,0.9299175500588928,1.0,0.9636862984436985,0.9299258037922506,1.0,0.9636907304570697,
o1uil,0.9209302325581395,1.0,0.9588377723970943,0.9205607476635514,1.0,0.9586374695863746,0.9209302325581395,1.0,0.9588377723970943,
o1v6f,0.9375,1.0,0.967741935483871,0.9374167776298269,1.0,0.9676975945017181,0.9375,1.0,0.967741935483871,
o1vox,0.9138755980861244,1.0,0.955,0.9136690647482014,1.0,0.9548872180451127,0.9138755980861244,1.0,0.955,
o1vvi,0.9432387312186978,1.0,0.9707903780068728,0.9431438127090301,1.0,0.9707401032702238,0.9432387312186978,1.0,0.9707903780068728,
o1vw5,0.9382566585956417,1.0,0.9681449094316054,0.9381818181818182,1.0,0.9681050656660413,0.9382566585956417,1.0,0.9681449094316054,
o1wcn,0.9638157894736842,1.0,0.9815745393634842,0.9636963696369637,1.0,0.9815126050420168,0.9638157894736842,1.0,0.9815745393634842,
o1wi0,0.9475308641975309,1.0,0.9730586370839936,0.9473684210526315,1.0,0.972972972972973,0.9475308641975309,1.0,0.9730586370839936,
o1x7d,0.9526627218934911,1.0,0.9757575757575757,0.9523809523809523,1.0,0.975609756097561,0.9526627218934911,1.0,0.9757575757575757,
o1xb8,0.9357798165137615,1.0,0.966824644549763,0.9354838709677419,1.0,0.9666666666666666,0.9357798165137615,1.0,0.966824644549763,
o1xgc,0.9556313993174061,1.0,0.9773123909249564,0.9554794520547946,1.0,0.9772329246935202,0.9556313993174061,1.0,0.9773123909249564,
o1xpv,0.9846153846153847,1.0,0.9922480620155039,0.9845360824742269,1.0,0.9922077922077922,0.9846153846153847,1.0,0.9922480620155039,
o1xqm,0.9788732394366197,1.0,0.9893238434163701,0.9787234042553191,1.0,0.989247311827957,0.9788732394366197,1.0,0.9893238434163701,
o1y3c,0.9732142857142857,1.0,0.9864253393665159,0.972972972972973,1.0,0.9863013698630138,0.9732142857142857,1.0,0.9864253393665159,
o1yt3,0.9598393574297188,1.0,0.9795081967213114,0.9596774193548387,1.0,0.9794238683127572,0.9598393574297188,1.0,0.9795081967213114,
o1z4c,0.9841269841269841,1.0,0.9919999999999999,0.9840425531914894,1.0,0.9919571045576407,0.9841269841269841,1.0,0.9919999999999999,
o1zhx,0.935064935064935,1.0,0.9664429530201343,0.9348534201954397,1.0,0.9663299663299663,0.935064935064935,1.0,0.9664429530201343,
o1zod,0.9488084730803178,1.0,0.9737318840579711,0.9487632508833922,1.0,0.9737080689029918,0.9488084730803178,1.0,0.9737318840579711,
o1zpk,0.9832402234636871,1.0,0.9915492957746479,0.9831460674157303,1.0,0.9915014164305949,0.9832402234636871,1.0,0.9915492957746479,
o1zx3,0.8994413407821229,1.0,0.9470588235294117,0.898876404494382,1.0,0.9467455621301775,0.8994413407821229,1.0,0.9470588235294117,
o20an,0.9758064516129032,1.0,0.9877551020408163,0.975609756097561,1.0,0.9876543209876543,0.9758064516129032,1.0,0.9877551020408163,
o20f5,0.9421841541755889,1.0,0.9702315325248071,0.9420600858369099,1.0,0.9701657458563536,0.9421841541755889,1.0,0.9702315325248071,
o20n3,0.9221140472878998,1.0,0.9594790159189579,0.9220055710306406,1.0,0.9594202898550726,0.9221140472878998,1.0,0.9594790159189579,
o20nq,0.9383802816901409,1.0,0.9682107175295186,0.9382716049382716,1.0,0.9681528662420382,0.9383802816901409,1.0,0.9682107175295186,
o20tf,0.9382022471910112,1.0,0.9681159420289854,0.9380863039399625,1.0,0.968054211035818,0.9382022471910112,1.0,0.9681159420289854,
o228y,0.9459459459459459,1.0,0.9722222222222222,0.9458823529411765,1.0,0.9721886336154777,0.9459459459459459,1.0,0.9722222222222222,
o22gc,0.9348659003831418,1.0,0.9663366336633664,0.9347408829174664,1.0,0.9662698412698413,0.9348659003831418,1.0,0.9663366336633664,
o22so,0.9349593495934959,1.0,0.9663865546218486,0.9344262295081968,1.0,0.9661016949152543,0.9349593495934959,1.0,0.9663865546218486,
o22u0,0.9758064516129032,1.0,0.9877551020408163,0.975609756097561,1.0,0.9876543209876543,0.9758064516129032,1.0,0.9877551020408163,
o22w5,0.9342723004694836,1.0,0.9660194174757283,0.934228187919463,1.0,0.9659958362248438,0.9342723004694836,1.0,0.9660194174757283,
o24ca,0.9319727891156463,1.0,0.9647887323943662,0.9315068493150684,1.0,0.9645390070921985,0.9319727891156463,1.0,0.9647887323943662,
o24q4,0.9260237780713342,1.0,0.96159122085048,0.9259259259259259,1.0,0.9615384615384615,0.9260237780713342,1.0,0.96159122085048,
o252a,0.947103274559194,1.0,0.9728331177231566,0.9470365699873896,1.0,0.9727979274611399,0.947103274559194,1.0,0.9728331177231566,
o252g,0.9272727272727272,1.0,0.9622641509433962,0.9271255060728745,1.0,0.9621848739495799,0.9272727272727272,1.0,0.9622641509433962,
o25t2,0.8972602739726028,1.0,0.9458483754512635,0.896551724137931,1.0,0.9454545454545454,0.8972602739726028,1.0,0.9458483754512635,
o261e,0.9233082706766917,1.0,0.9601250977326036,0.9231927710843374,1.0,0.9600626468285043,0.9233082706766917,1.0,0.9601250977326036,
o26kc,0.9741379310344828,1.0,0.9868995633187774,0.9739130434782609,1.0,0.986784140969163,0.9741379310344828,1.0,0.9868995633187774,
o26ky,0.9754098360655737,1.0,0.9875518672199171,0.9752066115702479,1.0,0.9874476987447699,0.9754098360655737,1.0,0.9875518672199171,
o275m,0.9147286821705426,1.0,0.9554655870445344,0.914396887159533,1.0,0.9552845528455285,0.9147286821705426,1.0,0.9554655870445344,
o277f,0.9510385756676558,1.0,0.9749049429657795,0.9510022271714922,1.0,0.9748858447488584,0.9510385756676558,1.0,0.9749049429657795,
o2789,0.9365853658536586,1.0,0.9672544080604535,0.9362745098039216,1.0,0.9670886075949368,0.9365853658536586,1.0,0.9672544080604535,
o27nd,0.9797297297297297,1.0,0.9897610921501706,0.9795918367346939,1.0,0.9896907216494846,0.9797297297297297,1.0,0.9897610921501706,
o27r4,0.9318181818181818,1.0,0.9647058823529412,0.9314285714285714,1.0,0.9644970414201183,0.9318181818181818,1.0,0.9647058823529412,
o27sf,0.9716981132075472,1.0,0.985645933014354,0.9714285714285714,1.0,0.9855072463768115,0.9716981132075472,1.0,0.985645933014354,
o287u,0.9373795761078998,1.0,0.9676777722526106,0.9373493975903614,1.0,0.9676616915422885,0.9373795761078998,1.0,0.9676777722526106,
o2889,0.9637681159420289,1.0,0.981549815498155,0.9636363636363636,1.0,0.9814814814814815,0.9637681159420289,1.0,0.981549815498155,
o28uc,0.9846153846153847,1.0,0.9922480620155039,0.9845360824742269,1.0,0.9922077922077922,0.9846153846153847,1.0,0.9922480620155039,
o2935,0.9142857142857143,1.0,0.955223880597015,0.9141630901287554,1.0,0.9551569506726457,0.9142857142857143,1.0,0.955223880597015,
o29bd,0.95,1.0,0.9743589743589743,0.9498910675381264,1.0,0.9743016759776537,0.95,1.0,0.9743589743589743,
o29xr,0.9397781299524565,1.0,0.9689542483660132,0.9396825396825397,1.0,0.9689034369885434,0.9397781299524565,1.0,0.9689542483660132,
o29zo,0.9477637418914305,1.0,0.9731814198071866,0.9477459016393442,1.0,0.9731720147290899,0.9477637418914305,1.0,0.9731814198071866,
o29zq,0.9458483754512635,1.0,0.9721706864564007,0.9456521739130435,1.0,0.9720670391061452,0.9458483754512635,1.0,0.9721706864564007,
o2awr,0.9163059163059163,1.0,0.9563253012048192,0.9161849710982659,1.0,0.9562594268476622,0.9163059163059163,1.0,0.9563253012048192,
o2ayl,0.937888198757764,1.0,0.9679487179487178,0.9375,1.0,0.967741935483871,0.937888198757764,1.0,0.9679487179487178,
o2bm4,0.936864633493847,1.0,0.967403314917127,0.936830835117773,1.0,0.9673852957435047,0.936864633493847,1.0,0.967403314917127,
o2d9b,0.9832402234636871,1.0,0.9915492957746479,0.9831460674157303,1.0,0.9915014164305949,0.9832402234636871,1.0,0.9915492957746479,
o2dbb,0.8641975308641975,1.0,0.9271523178807948,0.8633540372670807,1.0,0.9266666666666666,0.8641975308641975,1.0,0.9271523178807948,
o2dqb,0.9372384937238494,1.0,0.9676025917926566,0.93717277486911,1.0,0.9675675675675676,0.9372384937238494,1.0,0.9676025917926566,
o2e3i,0.8164251207729468,1.0,0.8989361702127658,0.8155339805825242,1.0,0.8983957219251336,0.8164251207729468,1.0,0.8989361702127658,
o2ekm,0.9315375982042648,1.0,0.9645554909936084,0.9314606741573034,1.0,0.9645142524723677,0.9315375982042648,1.0,0.9645554909936084,
o2exj,0.9512195121951219,1.0,0.975,0.9510703363914373,1.0,0.9749216300940439,0.9512195121951219,1.0,0.975,
o2exq,0.970873786407767,1.0,0.9852216748768473,0.9707792207792207,1.0,0.985172981878089,0.970873786407767,1.0,0.9852216748768473,
o2fcd,0.9245911568746215,1.0,0.9608182533438238,0.9245797364834166,1.0,0.9608120868744099,0.9245911568746215,1.0,0.9608182533438238,
o2fmp,0.9754098360655737,1.0,0.9875518672199171,0.9752066115702479,1.0,0.9874476987447699,0.9754098360655737,1.0,0.9875518672199171,
o2gdi,0.9305301645338209,1.0,0.9640151515151515,0.9304029304029304,1.0,0.9639468690702088,0.9305301645338209,1.0,0.9640151515151515,
o2gws,0.9378076062639821,1.0,0.9679057954283076,0.9377936898635041,1.0,0.9678983833718244,0.9378076062639821,1.0,0.9679057954283076,
o2gzf,0.9358830146231721,1.0,0.9668797210923882,0.9358108108108109,1.0,0.9668411867364747,0.9358830146231721,1.0,0.9668797210923882,
o2hlm,0.9537892791127541,1.0,0.9763481551561021,0.9537465309898242,1.0,0.9763257575757575,0.9537892791127541,1.0,0.9763481551561021,
o2ijn,0.9661458333333334,1.0,0.9827814569536424,0.9660574412532638,1.0,0.9827357237715804,0.9661458333333334,1.0,0.9827814569536424,
o2iky,0.9649122807017544,1.0,0.9821428571428572,0.9647577092511013,1.0,0.9820627802690582,0.9649122807017544,1.0,0.9821428571428572,
o2ixx,0.9563025210084034,1.0,0.9776632302405498,0.9562289562289562,1.0,0.9776247848537004,0.9563025210084034,1.0,0.9776632302405498,
o2j4w,0.9767441860465116,1.0,0.988235294117647,0.9765625,1.0,0.9881422924901185,0.9767441860465116,1.0,0.988235294117647,
o2j7p,0.9348837209302325,1.0,0.9663461538461539,0.9345794392523364,1.0,0.966183574879227,0.9348837209302325,1.0,0.9663461538461539,
o2jnb,0.98125,1.0,0.9905362776025236,0.9811320754716981,1.0,0.9904761904761905,0.98125,1.0,0.9905362776025236,
o2jxn,0.9333996023856859,1.0,0.9655526992287917,0.9333333333333333,1.0,0.9655172413793104,0.9333996023856859,1.0,0.9655526992287917,
o2k05,0.9342019543973942,1.0,0.9659818120579319,0.9341590612777053,1.0,0.9659588810246039,0.9342019543973942,1.0,0.9659818120579319,
o2k8r,0.9175,1.0,0.9569752281616688,0.9172932330827067,1.0,0.9568627450980391,0.9175,1.0,0.9569752281616688,
o2kbr,0.9397089397089398,1.0,0.9689174705251876,0.9396462018730489,1.0,0.9688841201716738,0.9397089397089398,1.0,0.9689174705251876,
o2ke3,0.9767441860465116,1.0,0.988235294117647,0.9765625,1.0,0.9881422924901185,0.9767441860465116,1.0,0.988235294117647,
o2kpo,0.9221719457013575,1.0,0.9595103578154426,0.9221014492753623,1.0,0.9594721960414703,0.9221719457013575,1.0,0.9595103578154426,
o2kt1,0.8987730061349694,1.0,0.9466882067851374,0.8984615384615384,1.0,0.946515397082658,0.8987730061349694,1.0,0.9466882067851374,
o2lgd,0.9066666666666666,1.0,0.9510489510489509,0.90625,1.0,0.9508196721311475,0.9066666666666666,1.0,0.9510489510489509,
o2lh7,0.9382775119617225,1.0,0.9681560108615156,0.9382479655337482,1.0,0.9681402815510003,0.9382775119617225,1.0,0.9681560108615156,
o2li1,0.9170761670761671,1.0,0.9567446331304069,0.9170591849272988,1.0,0.9567353915180001,0.9170761670761671,1.0,0.9567446331304069,
o2lqn,0.9550561797752809,1.0,0.9770114942528736,0.9548872180451128,1.0,0.9769230769230769,0.9550561797752809,1.0,0.9770114942528736,
o2mi5,0.9658994032395567,1.0,0.9826539462272333,0.9658703071672355,1.0,0.982638888888889,0.9658994032395567,1.0,0.9826539462272333,
o2mln,0.9808917197452229,1.0,0.9903536977491961,0.9807692307692307,1.0,0.9902912621359222,0.9808917197452229,1.0,0.9903536977491961,
o2moh,0.8970503181029497,1.0,0.9457317073170731,0.8969907407407407,1.0,0.9456985967053081,0.8970503181029497,1.0,0.9457317073170731,
o2n27,0.9297658862876255,1.0,0.9636048526863085,0.9296482412060302,1.0,0.9635416666666667,0.9297658862876255,1.0,0.9636048526863085,
o2neb,0.9537313432835821,1.0,0.9763177998472117,0.953662182361734,1.0,0.9762815608263198,0.9537313432835821,1.0,0.9763177998472117,
o2ng3,0.9313884386817937,1.0,0.9644755244755245,0.9313853496015487,1.0,0.9644738682456059,0.9313884386817937,1.0,0.9644755244755245,
o2o9r,0.9379652605459057,1.0,0.967989756722151,0.937888198757764,1.0,0.9679487179487178,0.9379652605459057,1.0,0.967989756722151,
o2okt,0.946257197696737,1.0,0.9723865877712032,0.9461538461538461,1.0,0.9723320158102766,0.946257197696737,1.0,0.9723865877712032,
o2or7,0.9422310756972112,1.0,0.9702564102564103,0.9421157684630739,1.0,0.9701952723535457,0.9422310756972112,1.0,0.9702564102564103,
o2oyv,0.9178082191780822,1.0,0.9571428571428571,0.9174311926605505,1.0,0.9569377990430622,0.9178082191780822,1.0,0.9571428571428571,
o2p7c,0.9253294289897511,1.0,0.9612167300380229,0.9252199413489736,1.0,0.9611576542269611,0.9253294289897511,1.0,0.9612167300380229,
o2pnf,0.90625,1.0,0.9508196721311475,0.9056603773584906,1.0,0.9504950495049505,0.90625,1.0,0.9508196721311475,
o2prl,0.9448966812773951,1.0,0.9716677398583387,0.9448621553884712,1.0,0.9716494845360826,0.9448966812773951,1.0,0.9716677398583387,
o2q0u,0.935,1.0,0.9664082687338501,0.9346733668341709,1.0,0.9662337662337662,0.935,1.0,0.9664082687338501,
o2qb8,0.93812375249501,1.0,0.9680741503604532,0.938,1.0,0.9680082559339525,0.93812375249501,1.0,0.9680741503604532,
o2qg9,0.9503105590062112,1.0,0.9745222929936307,0.950207468879668,1.0,0.9744680851063829,0.9503105590062112,1.0,0.9745222929936307,
o2qzi,0.9607329842931938,1.0,0.9799732977303071,0.9606299212598425,1.0,0.9799196787148594,0.9607329842931938,1.0,0.9799732977303071,
o2r8q,0.9359615028687766,1.0,0.9669216061185467,0.9359496482784154,1.0,0.9669152801682923,0.9359615028687766,1.0,0.9669216061185467,
o2rdg,0.9266260813841717,1.0,0.9619158489938467,0.9266025641025641,1.0,0.9619031775079022,0.9266260813841717,1.0,0.9619158489938467,
o2rxt,0.9261363636363636,1.0,0.9616519174041297,0.9257142857142857,1.0,0.9614243323442137,0.9261363636363636,1.0,0.9616519174041297,
o2scm,0.9422222222222222,1.0,0.9702517162471396,0.9419642857142857,1.0,0.9701149425287356,0.9422222222222222,1.0,0.9702517162471396,
o2sfi,0.9722222222222222,1.0,0.9859154929577464,0.9719626168224299,1.0,0.985781990521327,0.9722222222222222,1.0,0.9859154929577464,
o2shs,0.9341692789968652,1.0,0.965964343598055,0.9339622641509434,1.0,0.9658536585365853,0.9341692789968652,1.0,0.965964343598055,
o2sj4,0.927710843373494,1.0,0.9625,0.9272727272727272,1.0,0.9622641509433962,0.927710843373494,1.0,0.9625,
o2sjl,0.936656282450675,1.0,0.9672922252010724,0.9365904365904366,1.0,0.9672571121846485,0.936656282450675,1.0,0.9672922252010724,
o2slr,0.9126760563380282,1.0,0.9543446244477172,0.9124293785310734,1.0,0.9542097488921713,0.9126760563380282,1.0,0.9543446244477172,
o2sqn,0.9836956521739131,1.0,0.9917808219178083,0.9836065573770492,1.0,0.9917355371900827,0.9836956521739131,1.0,0.9917808219178083,
o2sz6,0.8910505836575876,1.0,0.9423868312757202,0.8909090909090909,1.0,0.9423076923076923,0.8910505836575876,1.0,0.9423868312757202,
o2tq2,0.9782608695652174,1.0,0.989010989010989,0.9781021897810219,1.0,0.988929889298893,0.9782608695652174,1.0,0.989010989010989,
o2tth,0.8987951807228916,1.0,0.9467005076142132,0.8985507246376812,1.0,0.9465648854961832,0.8987951807228916,1.0,0.9467005076142132,
o2ugz,0.9297225891677675,1.0,0.9635815991237678,0.9297040169133193,1.0,0.9635716242125445,0.9297225891677675,1.0,0.9635815991237678,
o2umr,0.935005701254276,1.0,0.9664113140836771,0.934931506849315,1.0,0.9663716814159291,0.935005701254276,1.0,0.9664113140836771,
o2urx,0.918194640338505,1.0,0.9573529411764705,0.9180790960451978,1.0,0.9572901325478645,0.918194640338505,1.0,0.9573529411764705,
o2v2n,0.96,1.0,0.9795918367346939,0.9598853868194842,1.0,0.97953216374269,0.96,1.0,0.9795918367346939,
o2vnd,0.9453781512605042,1.0,0.9719222462203023,0.9453015427769986,1.0,0.9718817591925019,0.9453781512605042,1.0,0.9719222462203023,
o2vqd,0.9421768707482994,1.0,0.9702276707530648,0.9420783645655877,1.0,0.9701754385964912,0.9421768707482994,1.0,0.9702276707530648,
o2vqe,0.95,1.0,0.9743589743589743,0.9498207885304659,1.0,0.9742647058823529,0.95,1.0,0.9743589743589743,
o2wce,0.975,1.0,0.9873417721518987,0.9747899159663865,1.0,0.9872340425531915,0.975,1.0,0.9873417721518987,
o2x5q,0.9328358208955224,1.0,0.9652509652509652,0.9326683291770573,1.0,0.9651612903225807,0.9328358208955224,1.0,0.9652509652509652,
o2x6y,0.9542857142857143,1.0,0.976608187134503,0.9542203147353362,1.0,0.9765739385065886,0.9542857142857143,1.0,0.976608187134503,
o2xxx,0.9364833462432223,1.0,0.9672,0.9364341085271318,1.0,0.967173738991193,0.9364833462432223,1.0,0.9672,
o2ydk,0.9313868613138686,1.0,0.9644746787603931,0.9312865497076024,1.0,0.9644208932626798,0.9313868613138686,1.0,0.9644746787603931,
o2ynv,0.9484029484029484,1.0,0.9735182849936949,0.9482758620689655,1.0,0.9734513274336283,0.9484029484029484,1.0,0.9735182849936949,
o2yrd,0.9373433583959899,1.0,0.9676584734799482,0.9371859296482412,1.0,0.9675745784695201,0.9373433583959899,1.0,0.9676584734799482,
o2z6q,0.9522900763358778,1.0,0.9755620723362659,0.9521988527724665,1.0,0.9755142017629774,0.9522900763358778,1.0,0.9755620723362659,
o2zb0,0.9581589958158996,1.0,0.9786324786324786,0.9580712788259959,1.0,0.9785867237687366,0.9581589958158996,1.0,0.9786324786324786,
o2zho,0.9337349397590361,1.0,0.9657320872274142,0.9333333333333333,1.0,0.9655172413793104,0.9337349397590361,1.0,0.9657320872274142,
o2zmu,0.9449152542372882,1.0,0.9716775599128541,0.9448373408769448,1.0,0.9716363636363636,0.9449152542372882,1.0,0.9716775599128541,
o2zo6,0.9777777777777777,1.0,0.9887640449438202,0.9776119402985075,1.0,0.9886792452830189,0.9777777777777777,1.0,0.9887640449438202,
o2zr2,0.9058365758754864,1.0,0.9505920783993467,0.9057632398753894,1.0,0.9505516959542297,0.9058365758754864,1.0,0.9505920783993467,
o303t,0.916955017301038,1.0,0.9566787003610108,0.9166666666666666,1.0,0.9565217391304348,0.916955017301038,1.0,0.9566787003610108,
o30b0,0.9714867617107943,1.0,0.9855371900826446,0.9714285714285714,1.0,0.9855072463768115,0.9714867617107943,1.0,0.9855371900826446,
o30jp,0.9203296703296703,1.0,0.9585121602288984,0.9201101928374655,1.0,0.9583931133428981,0.9203296703296703,1.0,0.9585121602288984,
o310v,0.9157303370786517,1.0,0.9560117302052786,0.9152542372881356,1.0,0.9557522123893806,0.9157303370786517,1.0,0.9560117302052786,
o31bh,0.976,1.0,0.9878542510121457,0.9758064516129032,1.0,0.9877551020408163,0.976,1.0,0.9878542510121457,
o31he,0.9213759213759214,1.0,0.959079283887468,0.9211822660098522,1.0,0.9589743589743589,0.9213759213759214,1.0,0.959079283887468,
o31so,0.9335755059678257,1.0,0.9656468062265164,0.9335410176531672,1.0,0.9656283566058002,0.9335755059678257,1.0,0.9656468062265164,
o31w9,0.9852941176470589,1.0,0.9925925925925926,0.9852216748768473,1.0,0.9925558312655086,0.9852941176470589,1.0,0.9925925925925926,
o32bp,0.9402597402597402,1.0,0.9692101740294511,0.9402539926880893,1.0,0.9692071205434621,0.9402597402597402,1.0,0.9692101740294511,
o32pi,0.8464912280701754,1.0,0.9168646080760094,0.8458149779735683,1.0,0.9164677804295943,0.8464912280701754,1.0,0.9168646080760094,
o32tv,0.9101123595505618,1.0,0.9529411764705883,0.9096045197740112,1.0,0.9526627218934911,0.9101123595505618,1.0,0.9529411764705883,
o3377,0.9478527607361963,1.0,0.9732283464566929,0.9477993858751279,1.0,0.9732002101944298,0.9478527607361963,1.0,0.9732283464566929,
o3390,0.9567198177676538,1.0,0.9778812572759022,0.95662100456621,1.0,0.9778296382730455,0.9567198177676538,1.0,0.9778812572759022,
o33ny,0.9785714285714285,1.0,0.9891696750902527,0.9784172661870504,1.0,0.989090909090909,0.9785714285714285,1.0,0.9891696750902527,
o33st,0.9394884591391142,1.0,0.9688002573174654,0.9394695787831513,1.0,0.9687902187902188,0.9394884591391142,1.0,0.9688002573174654,
o33x3,0.9781021897810219,1.0,0.988929889298893,0.9779411764705882,1.0,0.9888475836431226,0.9781021897810219,1.0,0.988929889298893,
o33yo,0.9826589595375722,1.0,0.9912536443148687,0.9825581395348837,1.0,0.9912023460410557,0.9826589595375722,1.0,0.9912536443148687,
o33zb,0.9230769230769231,1.0,0.9600000000000001,0.9225352112676056,1.0,0.9597069597069597,0.9230769230769231,1.0,0.9600000000000001,
o34d3,0.9357142857142857,1.0,0.966789667896679,0.9355608591885441,1.0,0.966707768187423,0.9357142857142857,1.0,0.966789667896679,
o34du,0.9745762711864406,1.0,0.9871244635193133,0.9743589743589743,1.0,0.9870129870129869,0.9745762711864406,1.0,0.9871244635193133,
o34hw,0.9518072289156626,1.0,0.9753086419753086,0.9515151515151515,1.0,0.9751552795031055,0.9518072289156626,1.0,0.9753086419753086,
o34o1,0.9676190476190476,1.0,0.9835430784123911,0.9675572519083969,1.0,0.9835111542192045,0.9676190476190476,1.0,0.9835430784123911,
o354m,0.9310344827586207,1.0,0.9642857142857143,0.9306930693069307,1.0,0.9641025641025642,0.9310344827586207,1.0,0.9642857142857143,
o357s,0.9563106796116505,1.0,0.9776674937965261,0.9560975609756097,1.0,0.9775561097256857,0.9563106796116505,1.0,0.9776674937965261,
o35fg,0.9794520547945206,1.0,0.9896193771626297,0.9793103448275862,1.0,0.9895470383275261,0.9794520547945206,1.0,0.9896193771626297,
o35ir,0.9416058394160584,1.0,0.9699248120300751,0.9413919413919414,1.0,0.969811320754717,0.9416058394160584,1.0,0.9699248120300751,
o35lg,0.9851485148514851,1.0,0.9925187032418953,0.9850746268656716,1.0,0.9924812030075187,0.9851485148514851,1.0,0.9925187032418953,
o35pe,0.9697732997481109,1.0,0.9846547314578006,0.9696969696969697,1.0,0.9846153846153847,0.9697732997481109,1.0,0.9846547314578006,
o36h7,0.947565543071161,1.0,0.9730769230769232,0.9473684210526315,1.0,0.972972972972973,0.947565543071161,1.0,0.9730769230769232,
o36li,0.9394449116904963,1.0,0.9687771032090199,0.9393939393939394,1.0,0.96875,0.9394449116904963,1.0,0.9687771032090199,
o36mh,0.9736842105263158,1.0,0.9866666666666666,0.9734513274336283,1.0,0.9865470852017937,0.9736842105263158,1.0,0.9866666666666666,
o36rj,0.9181034482758621,1.0,0.9573033707865168,0.9177489177489178,1.0,0.9571106094808126,0.9181034482758621,1.0,0.9573033707865168,
o370y,0.9154078549848943,1.0,0.9558359621451105,0.9151515151515152,1.0,0.9556962025316457,0.9154078549848943,1.0,0.9558359621451105,
o378y,0.9494556765163297,1.0,0.9740725967291584,0.9494163424124513,1.0,0.9740518962075848,0.9494556765163297,1.0,0.9740725967291584,
o37a4,0.9530685920577617,1.0,0.9759704251386322,0.9528985507246377,1.0,0.9758812615955473,0.9530685920577617,1.0,0.9759704251386322,
o37nf,0.9490909090909091,1.0,0.9738805970149254,0.948905109489051,1.0,0.9737827715355805,0.9490909090909091,1.0,0.9738805970149254,
o37q3,0.95260663507109,1.0,0.9757281553398058,0.9524940617577197,1.0,0.975669099756691,0.95260663507109,1.0,0.9757281553398058,
o37r9,0.9211356466876972,1.0,0.9589490968801314,0.9210526315789473,1.0,0.958904109589041,0.9211356466876972,1.0,0.9589490968801314,
o37wm,0.9568965517241379,1.0,0.9779735682819383,0.9567099567099567,1.0,0.9778761061946903,0.9568965517241379,1.0,0.9779735682819383,
o388j,0.9552058111380145,1.0,0.9770897832817338,0.9551515151515152,1.0,0.9770613763174211,0.9552058111380145,1.0,0.9770897832817338,
o38a5,0.9413447782546495,1.0,0.9697862932940309,0.9412607449856734,1.0,0.9697416974169741,0.9413447782546495,1.0,0.9697862932940309,
o38hb,0.9363636363636364,1.0,0.9671361502347418,0.9360730593607306,1.0,0.9669811320754718,0.9363636363636364,1.0,0.9671361502347418,
o38yu,0.9484978540772532,1.0,0.973568281938326,0.9482758620689655,1.0,0.9734513274336283,0.9484978540772532,1.0,0.973568281938326,
o39jl,0.9791666666666666,1.0,0.9894736842105264,0.9790209790209791,1.0,0.989399293286219,0.9791666666666666,1.0,0.9894736842105264,
o39ro,0.9801324503311258,1.0,0.9899665551839464,0.98,1.0,0.98989898989899,0.9801324503311258,1.0,0.9899665551839464,
o3an9,0.9670781893004116,1.0,0.9832635983263598,0.9669421487603306,1.0,0.9831932773109243,0.9670781893004116,1.0,0.9832635983263598,
o3asv,0.9794520547945206,1.0,0.9896193771626297,0.9793103448275862,1.0,0.9895470383275261,0.9794520547945206,1.0,0.9896193771626297,
o3b0h,0.9736842105263158,1.0,0.9866666666666666,0.9734513274336283,1.0,0.9865470852017937,0.9736842105263158,1.0,0.9866666666666666,
o3b0k,0.8941798941798942,1.0,0.9441340782122905,0.8936170212765957,1.0,0.9438202247191011,0.8941798941798942,1.0,0.9441340782122905,
o3b1l,0.9036544850498339,1.0,0.9493891797556718,0.9033333333333333,1.0,0.9492119089316988,0.9036544850498339,1.0,0.9493891797556718,
o3c5n,0.9375,1.0,0.967741935483871,0.9372384937238494,1.0,0.9676025917926566,0.9375,1.0,0.967741935483871,
o3c6f,0.9837837837837838,1.0,0.9918256130790191,0.9836956521739131,1.0,0.9917808219178083,0.9837837837837838,1.0,0.9918256130790191,
o3ce6,0.943289224952741,1.0,0.9708171206225682,0.9431818181818182,1.0,0.9707602339181286,0.943289224952741,1.0,0.9708171206225682,
o3ckf,0.9798657718120806,1.0,0.9898305084745762,0.9797297297297297,1.0,0.9897610921501706,0.9798657718120806,1.0,0.9898305084745762,
o3co1,0.9396551724137931,1.0,0.9688888888888889,0.9395248380129589,1.0,0.9688195991091313,0.9396551724137931,1.0,0.9688888888888889,
o3cry,0.9305993690851735,1.0,0.9640522875816994,0.930379746835443,1.0,0.9639344262295081,0.9305993690851735,1.0,0.9640522875816994,
o3d1n,0.9769230769230769,1.0,0.9883268482490272,0.9767441860465116,1.0,0.988235294117647,0.9769230769230769,1.0,0.9883268482490272,
o3d1q,0.9323607427055703,1.0,0.9649965682910089,0.9322709163346613,1.0,0.9649484536082473,0.9323607427055703,1.0,0.9649965682910089,
o3d5d,0.9782608695652174,1.0,0.989010989010989,0.9781021897810219,1.0,0.988929889298893,0.9782608695652174,1.0,0.989010989010989,
o3dd2,0.9322353532813679,1.0,0.9649294033443946,0.9322268326417704,1.0,0.964924838940587,0.9322353532813679,1.0,0.9649294033443946,
o3dhm,0.9376770538243626,1.0,0.9678362573099415,0.9375,1.0,0.967741935483871,0.9376770538243626,1.0,0.9678362573099415,
o3eqz,0.9683544303797469,1.0,0.9839228295819936,0.9682539682539683,1.0,0.9838709677419354,0.9683544303797469,1.0,0.9839228295819936,
o3f1t,0.9169675090252708,1.0,0.9566854990583804,0.9168674698795181,1.0,0.9566310496543055,0.9169675090252708,1.0,0.9566854990583804,
o3fr7,0.9840425531914894,1.0,0.9919571045576407,0.983957219251337,1.0,0.9919137466307278,0.9840425531914894,1.0,0.9919571045576407,
o3g5w,0.9785714285714285,1.0,0.9891696750902527,0.9784172661870504,1.0,0.989090909090909,0.9785714285714285,1.0,0.9891696750902527,
o3gcw,0.9790209790209791,1.0,0.989399293286219,0.9788732394366197,1.0,0.9893238434163701,0.9790209790209791,1.0,0.989399293286219,
o3gjh,0.9173354735152488,1.0,0.9568857262452909,0.9172690763052209,1.0,0.9568496020108923,0.9173354735152488,1.0,0.9568857262452909,
o3grd,0.9636963696369637,1.0,0.9815126050420168,0.9635761589403974,1.0,0.9814502529510961,0.9636963696369637,1.0,0.9815126050420168,
o3h3o,0.9463109354413702,1.0,0.9724149602301575,0.9463020919123702,1.0,0.9724102911306702,0.9463109354413702,1.0,0.9724149602301575,
o3hle,0.9406952965235174,1.0,0.9694415173867229,0.9406345957011258,1.0,0.9694092827004218,0.9406952965235174,1.0,0.9694415173867229,
o3ifx,0.9533898305084746,1.0,0.9761388286334057,0.9533502968617472,1.0,0.976118106817195,0.9533898305084746,1.0,0.9761388286334057,
o3j3c,0.9439655172413793,1.0,0.9711751662971174,0.9438444924406048,1.0,0.9711111111111111,0.9439655172413793,1.0,0.9711751662971174,
o3jd1,0.9278183292781833,1.0,0.9625578460244005,0.9277597402597403,1.0,0.9625263157894738,0.9278183292781833,1.0,0.9625578460244005,
o3k68,0.9214092140921409,1.0,0.9590973201692524,0.921302578018996,1.0,0.9590395480225988,0.9214092140921409,1.0,0.9590973201692524,
o3kwb,0.9146757679180887,1.0,0.9554367201426025,0.9145299145299145,1.0,0.9553571428571429,0.9146757679180887,1.0,0.9554367201426025,
o3ky4,0.9850746268656716,1.0,0.9924812030075187,0.985,1.0,0.9924433249370278,0.9850746268656716,1.0,0.9924812030075187,
o3l4x,0.9779411764705882,1.0,0.9888475836431226,0.9777777777777777,1.0,0.9887640449438202,0.9779411764705882,1.0,0.9888475836431226,
o3lqp,0.9875,1.0,0.9937106918238994,0.9874476987447699,1.0,0.9936842105263157,0.9875,1.0,0.9937106918238994,
o3mdh,0.9202586206896551,1.0,0.9584736251402918,0.9201725997842503,1.0,0.9584269662921349,0.9202586206896551,1.0,0.9584736251402918,
o3mmp,0.9765625,1.0,0.9881422924901185,0.9763779527559056,1.0,0.9880478087649402,0.9765625,1.0,0.9881422924901185,
o3mw4,0.9777777777777777,1.0,0.9887640449438202,0.9776119402985075,1.0,0.9886792452830189,0.9777777777777777,1.0,0.9887640449438202,
o3n0f,0.9359605911330049,1.0,0.9669211195928753,0.9358024691358025,1.0,0.9668367346938775,0.9359605911330049,1.0,0.9669211195928753,
o3n9k,0.9794520547945206,1.0,0.9896193771626297,0.9793103448275862,1.0,0.9895470383275261,0.9794520547945206,1.0,0.9896193771626297,
o3pcr,0.9185185185185185,1.0,0.9575289575289575,0.9182156133828996,1.0,0.9573643410852712,0.9185185185185185,1.0,0.9575289575289575,
o3po5,0.9523809523809523,1.0,0.975609756097561,0.9522673031026253,1.0,0.9755501222493889,0.9523809523809523,1.0,0.975609756097561,
o3pxf,0.9337539432176656,1.0,0.965742251223491,0.933649289099526,1.0,0.9656862745098039,0.9337539432176656,1.0,0.965742251223491,
o3qdx,0.9732142857142857,1.0,0.9864253393665159,0.972972972972973,1.0,0.9863013698630138,0.9732142857142857,1.0,0.9864253393665159,
o3rb2,0.9312288613303269,1.0,0.9643899591360185,0.9311900733220531,1.0,0.9643691588785047,0.9312288613303269,1.0,0.9643899591360185,
o3rcd,0.9622641509433962,1.0,0.9807692307692307,0.9621212121212122,1.0,0.9806949806949807,0.9622641509433962,1.0,0.9807692307692307,
o3reu,0.95,1.0,0.9743589743589743,0.9497716894977168,1.0,0.9742388758782201,0.95,1.0,0.9743589743589743,
o3ri7,0.9150401836969001,1.0,0.9556354916067146,0.9149425287356322,1.0,0.9555822328931574,0.9150401836969001,1.0,0.9556354916067146,
o3rsh,0.8999329052046391,1.0,0.9473312481081627,0.8999233128834356,1.0,0.9473259334006054,0.8999329052046391,1.0,0.9473312481081627,
o3sy4,0.9481481481481482,1.0,0.973384030418251,0.9479553903345725,1.0,0.9732824427480916,0.9481481481481482,1.0,0.973384030418251,
o3t26,0.9841269841269841,1.0,0.9919999999999999,0.9840425531914894,1.0,0.9919571045576407,0.9841269841269841,1.0,0.9919999999999999,
o3t37,0.9364063166880068,1.0,0.9671589155829843,0.9363791631084543,1.0,0.9671444321940462,0.9364063166880068,1.0,0.9671589155829843,
o3u3b,0.9813664596273292,1.0,0.9905956112852665,0.98125,1.0,0.9905362776025236,0.9813664596273292,1.0,0.9905956112852665,
o3uj0,0.8968253968253969,1.0,0.9456066945606695,0.8966613672496025,1.0,0.9455155071248952,0.8968253968253969,1.0,0.9456066945606695,
o3umw,0.9340974212034384,1.0,0.965925925925926,0.9340028694404591,1.0,0.9658753709198812,0.9340974212034384,1.0,0.965925925925926,
o3v6m,0.9341595662277304,1.0,0.9659591509811775,0.9341085271317829,1.0,0.965931863727455,0.9341595662277304,1.0,0.9659591509811775,
o3vh6,0.9280343716433942,1.0,0.962674094707521,0.9279569892473118,1.0,0.9626324595649749,0.9280343716433942,1.0,0.962674094707521,
o3vx9,0.951473136915078,1.0,0.975133214920071,0.9513888888888888,1.0,0.9750889679715302,0.951473136915078,1.0,0.975133214920071,
o3w68,0.8733766233766234,1.0,0.9324090121317158,0.8729641693811075,1.0,0.9321739130434783,0.8733766233766234,1.0,0.9324090121317158,
o3way,0.9478054567022538,1.0,0.9732034104750305,0.9477434679334917,1.0,0.973170731707317,0.9478054567022538,1.0,0.9732034104750305,
o3wbs,0.9245283018867925,1.0,0.9607843137254902,0.9241706161137441,1.0,0.960591133004926,0.9245283018867925,1.0,0.9607843137254902,
o3wjh,0.9722222222222222,1.0,0.9859154929577464,0.9719626168224299,1.0,0.985781990521327,0.9722222222222222,1.0,0.9859154929577464,
o3wp2,0.963302752293578,1.0,0.9813084112149533,0.9631336405529954,1.0,0.9812206572769953,0.963302752293578,1.0,0.9813084112149533,
o3xpq,0.9349904397705545,1.0,0.9664031620553359,0.9349282296650717,1.0,0.9663699307616221,0.9349904397705545,1.0,0.9664031620553359,
o3xyx,0.9404344779257183,1.0,0.9693029974720115,0.9403927068723703,1.0,0.9692808095410191,0.9404344779257183,1.0,0.9693029974720115,
o3y38,0.9217877094972067,1.0,0.9593023255813954,0.9213483146067416,1.0,0.9590643274853802,0.9217877094972067,1.0,0.9593023255813954,
o3y3i,0.9851485148514851,1.0,0.9925187032418953,0.9850746268656716,1.0,0.9924812030075187,0.9851485148514851,1.0,0.9925187032418953,
o3y3v,0.9785714285714285,1.0,0.9891696750902527,0.9784172661870504,1.0,0.989090909090909,0.9785714285714285,1.0,0.9891696750902527,
o3yjv,0.9341463414634147,1.0,0.9659520807061791,0.9339853300733496,1.0,0.965865992414665,0.9341463414634147,1.0,0.9659520807061791,
o3ykm,0.9104761904761904,1.0,0.9531405782652044,0.9103053435114504,1.0,0.953046953046953,0.9104761904761904,1.0,0.9531405782652044,
o3z2b,0.9406175771971497,1.0,0.9694002447980417,0.9404761904761905,1.0,0.9693251533742331,0.9406175771971497,1.0,0.9694002447980417,
o3zmb,0.9321694333142531,1.0,0.9648940897644794,0.932150014314343,1.0,0.9648836864720699,0.9321694333142531,1.0,0.9648940897644794,
o401k,0.915016501650165,1.0,0.9556225764756571,0.9149463253509497,1.0,0.9555843035791289,0.915016501650165,1.0,0.9556225764756571,
o4036,0.9305210918114144,1.0,0.9640102827763496,0.9303482587064676,1.0,0.9639175257731958,0.9305210918114144,1.0,0.9640102827763496,
o40ah,0.9515151515151515,1.0,0.9751552795031055,0.951417004048583,1.0,0.975103734439834,0.9515151515151515,1.0,0.9751552795031055,
o40bn,0.9476600985221675,1.0,0.9731267783749605,0.9476278496611213,1.0,0.9731097753875356,0.9476600985221675,1.0,0.9731267783749605,
o40cy,0.9512690355329949,1.0,0.9750260145681582,0.9512195121951219,1.0,0.975,0.9512690355329949,1.0,0.9750260145681582,
o40eh,0.9325842696629213,1.0,0.9651162790697675,0.9323943661971831,1.0,0.9650145772594751,0.9325842696629213,1.0,0.9651162790697675,
o40mf,0.9736842105263158,1.0,0.9866666666666666,0.9734513274336283,1.0,0.9865470852017937,0.9736842105263158,1.0,0.9866666666666666,
o40ss,0.9455782312925171,1.0,0.9720279720279721,0.9452054794520548,1.0,0.971830985915493,0.9455782312925171,1.0,0.9720279720279721,
o40y9,0.9629629629629629,1.0,0.9811320754716981,0.962882096069869,1.0,0.9810901001112347,0.9629629629629629,1.0,0.9811320754716981,
o410y,0.9378531073446328,1.0,0.967930029154519,0.9375,1.0,0.967741935483871,0.9378531073446328,1.0,0.967930029154519,
o415b,0.9149797570850202,1.0,0.9556025369978858,0.9146341463414634,1.0,0.9554140127388536,0.9149797570850202,1.0,0.9556025369978858,
o4206,0.927536231884058,1.0,0.9624060150375939,0.9272727272727272,1.0,0.9622641509433962,0.927536231884058,1.0,0.9624060150375939,
o42vl,0.9351145038167938,1.0,0.9664694280078895,0.935031847133758,1.0,0.9664252797893351,0.9351145038167938,1.0,0.9664694280078895,
o434i,0.9195402298850575,1.0,0.9580838323353293,0.9190751445086706,1.0,0.9578313253012047,0.9195402298850575,1.0,0.9580838323353293,
o435n,0.9581320450885669,1.0,0.9786184210526316,0.9580645161290322,1.0,0.9785831960461284,0.9581320450885669,1.0,0.9786184210526316,
o43vs,0.9341085271317829,1.0,0.965931863727455,0.9340446168768186,1.0,0.9658976930792377,0.9341085271317829,1.0,0.965931863727455,
o43vu,0.9287531806615776,1.0,0.9630606860158312,0.9285714285714286,1.0,0.962962962962963,0.9287531806615776,1.0,0.9630606860158312,
o44le,0.9299610894941635,1.0,0.9637096774193549,0.9296875,1.0,0.9635627530364372,0.9299610894941635,1.0,0.9637096774193549,
o44n9,0.9378464639677474,1.0,0.9679264909847435,0.9378360215053764,1.0,0.9679209294260447,0.9378464639677474,1.0,0.9679264909847435,
o44on,0.9073170731707317,1.0,0.9514066496163683,0.9068627450980392,1.0,0.9511568123393317,0.9073170731707317,1.0,0.9514066496163683,
o451t,0.9203221809169765,1.0,0.9585080983416144,0.9203123063576651,1.0,0.9585027428202647,0.9203221809169765,1.0,0.9585080983416144,
o4523,0.9587765957446809,1.0,0.9789545145960624,0.9587217043941412,1.0,0.9789259007477906,0.9587765957446809,1.0,0.9789545145960624,
o454e,0.9292035398230089,1.0,0.9633027522935781,0.9288888888888889,1.0,0.9631336405529953,0.9292035398230089,1.0,0.9633027522935781,
o45a9,0.975,1.0,0.9873417721518987,0.9747899159663865,1.0,0.9872340425531915,0.975,1.0,0.9873417721518987,
o4606,0.9619565217391305,1.0,0.9806094182825486,0.9618528610354223,1.0,0.9805555555555555,0.9619565217391305,1.0,0.9806094182825486,
o4612,0.9739130434782609,1.0,0.986784140969163,0.9736842105263158,1.0,0.9866666666666666,0.9739130434782609,1.0,0.986784140969163,
o46kd,0.8990384615384616,1.0,0.9468354430379746,0.8985507246376812,1.0,0.9465648854961832,0.8990384615384616,1.0,0.9468354430379746,
o46pb,0.9427917620137299,1.0,0.9705535924617196,0.9427262313860252,1.0,0.9705188679245282,0.9427917620137299,1.0,0.9705535924617196,
o46y6,0.9294117647058824,1.0,0.9634146341463414,0.9293563579277865,1.0,0.9633848657445078,0.9294117647058824,1.0,0.9634146341463414,
o473o,0.9458762886597938,1.0,0.9721854304635762,0.9457364341085271,1.0,0.9721115537848606,0.9458762886597938,1.0,0.9721854304635762,
o47m7,0.934560327198364,1.0,0.9661733615221987,0.9344262295081968,1.0,0.9661016949152543,0.934560327198364,1.0,0.9661733615221987,
o47mc,0.9767441860465116,1.0,0.988235294117647,0.9765625,1.0,0.9881422924901185,0.9767441860465116,1.0,0.988235294117647,
o4802,0.923469387755102,1.0,0.9602122015915119,0.9230769230769231,1.0,0.9600000000000001,0.923469387755102,1.0,0.9602122015915119,
o48k7,0.9385749385749386,1.0,0.9683143219264891,0.9385560675883257,1.0,0.9683042789223454,0.9385749385749386,1.0,0.9683143219264891,
o494z,0.9108910891089109,1.0,0.9533678756476685,0.9104477611940298,1.0,0.953125,0.9108910891089109,1.0,0.9533678756476685,
o49dr,0.9386820864956029,1.0,0.9683713415770832,0.9386746987951807,1.0,0.9683674103536138,0.9386820864956029,1.0,0.9683713415770832,
o49ox,0.8392857142857143,1.0,0.9126213592233009,0.8389261744966443,1.0,0.9124087591240876,0.8392857142857143,1.0,0.9126213592233009,
o49zc,0.9654289372599232,1.0,0.9824104234527687,0.9653846153846154,1.0,0.9823874755381604,0.9654289372599232,1.0,0.9824104234527687,
o4a7m,0.921727395411606,1.0,0.9592696629213484,0.9216216216216216,1.0,0.9592123769338958,0.921727395411606,1.0,0.9592696629213484,
o4asu,0.9788732394366197,1.0,0.9893238434163701,0.9787234042553191,1.0,0.989247311827957,0.9788732394366197,1.0,0.9893238434163701,
o4bbt,0.9475524475524476,1.0,0.9730700179533215,0.9473684210526315,1.0,0.972972972972973,0.9475524475524476,1.0,0.9730700179533215,
o4bij,0.9445628997867804,1.0,0.9714912280701754,0.9444444444444444,1.0,0.9714285714285714,0.9445628997867804,1.0,0.9714912280701754,
o4bir,0.9739130434782609,1.0,0.986784140969163,0.9736842105263158,1.0,0.9866666666666666,0.9739130434782609,1.0,0.986784140969163,
o4blt,0.9437869822485208,1.0,0.9710806697108068,0.9436201780415431,1.0,0.9709923664122139,0.9437869822485208,1.0,0.9710806697108068,
o4bm3,0.9440860215053763,1.0,0.9712389380530974,0.9439655172413793,1.0,0.9711751662971174,0.9440860215053763,1.0,0.9712389380530974,
o4c16,0.9807692307692307,1.0,0.9902912621359222,0.9806451612903225,1.0,0.990228013029316,0.9807692307692307,1.0,0.9902912621359222,
o4cr7,0.972027972027972,1.0,0.9858156028368793,0.9719298245614035,1.0,0.9857651245551602,0.972027972027972,1.0,0.9858156028368793,
o4cul,0.9598214285714286,1.0,0.979498861047836,0.9597765363128492,1.0,0.9794754846066135,0.9598214285714286,1.0,0.979498861047836,
o4czo,0.9281984334203656,1.0,0.9627623561272851,0.9281045751633987,1.0,0.9627118644067797,0.9281984334203656,1.0,0.9627623561272851,
o4d9u,0.9605911330049262,1.0,0.9798994974874372,0.9604938271604938,1.0,0.9798488664987405,0.9605911330049262,1.0,0.9798994974874372,
o4df6,0.9400630914826499,1.0,0.9691056910569107,0.939873417721519,1.0,0.9690048939641109,0.9400630914826499,1.0,0.9691056910569107,
o4do0,0.94140625,1.0,0.9698189134808853,0.9411764705882353,1.0,0.9696969696969697,0.94140625,1.0,0.9698189134808853,
o4e6o,0.9772727272727273,1.0,0.9885057471264368,0.9770992366412213,1.0,0.9884169884169884,0.9772727272727273,1.0,0.9885057471264368,
o4ef7,0.889751552795031,1.0,0.9416598192276089,0.8895800933125972,1.0,0.9415637860082304,0.889751552795031,1.0,0.9416598192276089,
o4eqq,0.9406528189910979,1.0,0.9694189602446482,0.9404761904761905,1.0,0.9693251533742331,0.9406528189910979,1.0,0.9694189602446482,
o4few,0.9654255319148937,1.0,0.9824086603518268,0.9653333333333334,1.0,0.9823609226594301,0.9654255319148937,1.0,0.9824086603518268,
o4fg4,0.9428571428571428,1.0,0.9705882352941176,0.9425837320574163,1.0,0.9704433497536945,0.9428571428571428,1.0,0.9705882352941176,
o4fsh,0.9382022471910112,1.0,0.9681159420289854,0.9378531073446328,1.0,0.967930029154519,0.9382022471910112,1.0,0.9681159420289854,
o4fv8,0.9595959595959596,1.0,0.979381443298969,0.9594594594594594,1.0,0.9793103448275862,0.9595959595959596,1.0,0.979381443298969,
o4g3x,0.9374485596707819,1.0,0.967714528462192,0.9373970345963756,1.0,0.967687074829932,0.9374485596707819,1.0,0.967714528462192,
o4g88,0.9184549356223176,1.0,0.9574944071588367,0.9181034482758621,1.0,0.9573033707865168,0.9184549356223176,1.0,0.9574944071588367,
o4gjo,0.9333333333333333,1.0,0.9655172413793104,0.9331476323119777,1.0,0.9654178674351584,0.9333333333333333,1.0,0.9655172413793104,
o4gp7,0.949468085106383,1.0,0.9740791268758527,0.9493333333333334,1.0,0.9740082079343365,0.949468085106383,1.0,0.9740791268758527,
o4gtm,0.9526184538653366,1.0,0.9757343550446999,0.9525,1.0,0.9756722151088347,0.9526184538653366,1.0,0.9757343550446999,
o4gv5,0.9402173913043478,1.0,0.969187675070028,0.9398907103825137,1.0,0.9690140845070422,0.9402173913043478,1.0,0.969187675070028,
o4h5k,0.9722222222222222,1.0,0.9859154929577464,0.9719626168224299,1.0,0.985781990521327,0.9722222222222222,1.0,0.9859154929577464,
o4he3,0.8721461187214612,1.0,0.9317073170731708,0.8715596330275229,1.0,0.9313725490196079,0.8721461187214612,1.0,0.9317073170731708,
o4hfg,0.8934426229508197,1.0,0.9437229437229437,0.8930041152263375,1.0,0.9434782608695652,0.8934426229508197,1.0,0.9437229437229437,
o4hlv,0.9747899159663865,1.0,0.9872340425531915,0.9745762711864406,1.0,0.9871244635193133,0.9747899159663865,1.0,0.9872340425531915,
o4hnj,0.9882352941176471,1.0,0.9940828402366864,0.9881889763779528,1.0,0.994059405940594,0.9882352941176471,1.0,0.9940828402366864,
o4huw,0.9308891698272229,1.0,0.964207769532955,0.9308600337268128,1.0,0.9641921397379912,0.9308891698272229,1.0,0.964207769532955,
o4ide,0.9494949494949495,1.0,0.9740932642487047,0.9493243243243243,1.0,0.9740034662045061,0.9494949494949495,1.0,0.9740932642487047,
o4iq7,0.9653333333333334,1.0,0.9823609226594301,0.9652406417112299,1.0,0.982312925170068,0.9653333333333334,1.0,0.9823609226594301,
o4iu6,0.9178743961352657,1.0,0.9571788413098236,0.9176755447941889,1.0,0.9570707070707071,0.9178743961352657,1.0,0.9571788413098236,
o4j7g,0.9765625,1.0,0.9881422924901185,0.9763779527559056,1.0,0.9880478087649402,0.9765625,1.0,0.9881422924901185,
o4j9g,0.9365351629502573,1.0,0.9672276350752879,0.936426116838488,1.0,0.9671694764862466,0.9365351629502573,1.0,0.9672276350752879,
o4jmz,0.9765625,1.0,0.9881422924901185,0.9763779527559056,1.0,0.9880478087649402,0.9765625,1.0,0.9881422924901185,
o4jqr,0.9465875370919882,1.0,0.9725609756097561,0.9464285714285714,1.0,0.9724770642201834,0.9465875370919882,1.0,0.9725609756097561,
o4jt1,0.9487179487179487,1.0,0.9736842105263158,0.9485294117647058,1.0,0.9735849056603774,0.9487179487179487,1.0,0.9736842105263158,
o4kcd,0.9619771863117871,1.0,0.9806201550387598,0.9618320610687023,1.0,0.9805447470817121,0.9619771863117871,1.0,0.9806201550387598,
o4kvx,0.9156829679595279,1.0,0.9559859154929577,0.9155405405405406,1.0,0.9559082892416226,0.9156829679595279,1.0,0.9559859154929577,
o4l79,0.9770992366412213,1.0,0.9884169884169884,0.9769230769230769,1.0,0.9883268482490272,0.9770992366412213,1.0,0.9884169884169884,
o4l8v,0.9754098360655737,1.0,0.9875518672199171,0.9752066115702479,1.0,0.9874476987447699,0.9754098360655737,1.0,0.9875518672199171,
o4l9g,0.9405444126074498,1.0,0.9693613879660391,0.9405017921146953,1.0,0.9693387513852973,0.9405444126074498,1.0,0.9693613879660391,
o4lxr,0.9601895734597157,1.0,0.9796905222437138,0.9601518026565465,1.0,0.9796708615682479,0.9601895734597157,1.0,0.9796905222437138,
o4m2i,0.9455782312925171,1.0,0.9720279720279721,0.9453924914675768,1.0,0.9719298245614034,0.9455782312925171,1.0,0.9720279720279721,
o4mwj,0.9441340782122905,1.0,0.9712643678160919,0.9440298507462687,1.0,0.9712092130518235,0.9441340782122905,1.0,0.9712643678160919,
o4mzb,0.9515418502202643,1.0,0.9751693002257337,0.9514705882352941,1.0,0.9751318764129615,0.9515418502202643,1.0,0.9751693002257337,
o4n0k,0.9435146443514645,1.0,0.9709364908503767,0.9433962264150944,1.0,0.970873786407767,0.9435146443514645,1.0,0.9709364908503767,
o4nm6,0.9585921325051759,1.0,0.9788583509513741,0.9585062240663901,1.0,0.9788135593220338,0.9585921325051759,1.0,0.9788583509513741,
o4nng,0.9580246913580247,1.0,0.9785624211853721,0.9579207920792079,1.0,0.9785082174462705,0.9580246913580247,1.0,0.9785624211853721,
o5gxy,0.9450127877237852,1.0,0.9717291255752795,0.9449423815620999,1.0,0.9716919025674786,0.9450127877237852,1.0,0.9717291255752795,
o5h1a,0.9781021897810219,1.0,0.988929889298893,0.9779411764705882,1.0,0.9888475836431226,0.9781021897810219,1.0,0.988929889298893,
o5h5a,0.9018867924528302,1.0,0.9484126984126984,0.9015151515151515,1.0,0.9482071713147411,0.9018867924528302,1.0,0.9484126984126984,
o5hec,0.926923076923077,1.0,0.9620758483033932,0.9266409266409267,1.0,0.9619238476953909,0.926923076923077,1.0,0.9620758483033932,
o5hsy,0.9556025369978859,1.0,0.9772972972972973,0.9555084745762712,1.0,0.9772481040086674,0.9556025369978859,1.0,0.9772972972972973,
o5hzt,0.9145785876993167,1.0,0.9553837001784652,0.9144811858608894,1.0,0.9553305539011316,0.9145785876993167,1.0,0.9553837001784652,
o5i13,0.9595238095238096,1.0,0.9793438639125152,0.9594272076372315,1.0,0.979293544457978,0.9595238095238096,1.0,0.9793438639125152,
o5i5j,0.9251700680272109,1.0,0.9611307420494699,0.9246575342465754,1.0,0.9608540925266905,0.9251700680272109,1.0,0.9611307420494699,
o5i95,0.975,1.0,0.9873417721518987,0.9747899159663865,1.0,0.9872340425531915,0.975,1.0,0.9873417721518987,
o5ife,0.9394673123486683,1.0,0.968789013732834,0.9393203883495146,1.0,0.9687108886107634,0.9394673123486683,1.0,0.968789013732834,
o5ijb,0.9418472063854048,1.0,0.9700528479154432,0.9417808219178082,1.0,0.9700176366843034,0.9418472063854048,1.0,0.9700528479154432,
o5ijn,0.8923076923076924,1.0,0.9430894308943091,0.8918918918918919,1.0,0.9428571428571428,0.8923076923076924,1.0,0.9430894308943091,
o5iw3,0.9509043927648578,1.0,0.9748344370860926,0.9507772020725389,1.0,0.9747675962815405,0.9509043927648578,1.0,0.9748344370860926,
o5jdg,0.9310747663551402,1.0,0.9643073200241984,0.9309941520467836,1.0,0.9642640823743185,0.9310747663551402,1.0,0.9643073200241984,
o5ju1,0.9135802469135802,1.0,0.9548387096774192,0.913312693498452,1.0,0.9546925566343043,0.9135802469135802,1.0,0.9548387096774192,
o5kaa,0.9540229885057471,1.0,0.976470588235294,0.9539347408829175,1.0,0.9764243614931238,0.9540229885057471,1.0,0.976470588235294,
o5kao,0.9352126607319485,1.0,0.9665218502427804,0.9351806036615536,1.0,0.9665047302480184,0.9352126607319485,1.0,0.9665218502427804,
o5ker,0.9473684210526315,1.0,0.972972972972973,0.9470899470899471,1.0,0.9728260869565218,0.9473684210526315,1.0,0.972972972972973,
o5kkk,0.9089253187613844,1.0,0.9522900763358779,0.9088422971741112,1.0,0.9522445081184336,0.9089253187613844,1.0,0.9522900763358779,
o5kn3,0.9517326732673267,1.0,0.9752694990488269,0.9516728624535316,1.0,0.9752380952380952,0.9517326732673267,1.0,0.9752694990488269,
o5ko9,0.9178617992177314,1.0,0.9571719918422841,0.9177545691906005,1.0,0.9571136827773996,0.9178617992177314,1.0,0.9571719918422841,
o5ld1,0.9269102990033222,1.0,0.9620689655172414,0.9266666666666666,1.0,0.9619377162629758,0.9269102990033222,1.0,0.9620689655172414,
o5ljb,0.9329421626152556,1.0,0.9653078924544666,0.9329234209055338,1.0,0.9652978600347022,0.9329421626152556,1.0,0.9653078924544666,
o5lk8,0.9342523860021209,1.0,0.9660087719298246,0.9341825902335457,1.0,0.9659714599341384,0.9342523860021209,1.0,0.9660087719298246,
o5lkj,0.9461279461279462,1.0,0.972318339100346,0.9459459459459459,1.0,0.9722222222222222,0.9461279461279462,1.0,0.972318339100346,
o5lr2,0.9782608695652174,1.0,0.989010989010989,0.9781021897810219,1.0,0.988929889298893,0.9782608695652174,1.0,0.989010989010989,
o5lu4,0.9841269841269841,1.0,0.9919999999999999,0.9840425531914894,1.0,0.9919571045576407,0.9841269841269841,1.0,0.9919999999999999,
o5lys,0.9279112754158965,1.0,0.962607861936721,0.9278890600924499,1.0,0.9625959079283887,0.9279112754158965,1.0,0.962607861936721,
o5m0w,0.9375,1.0,0.967741935483871,0.9372693726937269,1.0,0.9676190476190476,0.9375,1.0,0.967741935483871,
o5m78,0.9025641025641026,1.0,0.9487870619946093,0.9020618556701031,1.0,0.948509485094851,0.9025641025641026,1.0,0.9487870619946093,
o5m8b,0.9573918657198193,1.0,0.9782321899736148,0.9573643410852714,1.0,0.9782178217821783,0.9573918657198193,1.0,0.9782321899736148,
o5mfk,0.9846938775510204,1.0,0.9922879177377892,0.9846153846153847,1.0,0.9922480620155039,0.9846938775510204,1.0,0.9922879177377892,
o5mi2,0.9829545454545454,1.0,0.9914040114613181,0.9828571428571429,1.0,0.9913544668587896,0.9829545454545454,1.0,0.9914040114613181,
o5mua,0.9781021897810219,1.0,0.988929889298893,0.9779411764705882,1.0,0.9888475836431226,0.9781021897810219,1.0,0.988929889298893,
o5myn,0.9394849785407725,1.0,0.968798406727152,0.9394589952769429,1.0,0.9687845915430596,0.9394849785407725,1.0,0.968798406727152,
o5myx,0.9641434262948207,1.0,0.9817444219066938,0.9640718562874252,1.0,0.9817073170731708,0.9641434262948207,1.0,0.9817444219066938,
o5nai,0.9343365253077975,1.0,0.9660537482319661,0.9342465753424658,1.0,0.9660056657223797,0.9343365253077975,1.0,0.9660537482319661,
o5njv,0.9803921568627451,1.0,0.99009900990099,0.9802631578947368,1.0,0.9900332225913622,0.9803921568627451,1.0,0.99009900990099,
o5noy,0.9544159544159544,1.0,0.9766763848396501,0.9542857142857143,1.0,0.976608187134503,0.9544159544159544,1.0,0.9766763848396501,
o5nwe,0.9367283950617284,1.0,0.9673306772908367,0.9366306027820711,1.0,0.9672785315243416,0.9367283950617284,1.0,0.9673306772908367,
o5ny4,0.956140350877193,1.0,0.9775784753363228,0.9560632688927944,1.0,0.9775381850853548,0.956140350877193,1.0,0.9775784753363228,
o5oab,0.9318092234923138,1.0,0.9647010814119567,0.931782334384858,1.0,0.9646866707491324,0.9318092234923138,1.0,0.9647010814119567,
o5onn,0.9406713505074161,1.0,0.9694288012872084,0.940625,1.0,0.9694041867954911,0.9406713505074161,1.0,0.9694288012872084,
o5pcx,0.9549330085261876,1.0,0.9769470404984424,0.954914703493095,1.0,0.9769374610430086,0.9549330085261876,1.0,0.9769470404984424,
o5phi,0.9271844660194175,1.0,0.9622166246851386,0.9270959902794653,1.0,0.9621689785624211,0.9271844660194175,1.0,0.9622166246851386,
o5pke,0.9649122807017544,1.0,0.9821428571428572,0.9648093841642229,1.0,0.982089552238806,0.9649122807017544,1.0,0.9821428571428572,
o5px6,0.9696048632218845,1.0,0.9845679012345679,0.969558599695586,1.0,0.9845440494590417,0.9696048632218845,1.0,0.9845679012345679,
o5q6v,0.9364754098360656,1.0,0.9671957671957672,0.9363449691991786,1.0,0.9671261930010604,0.9364754098360656,1.0,0.9671957671957672,
o5q78,0.9715099715099715,1.0,0.9855491329479769,0.9714285714285714,1.0,0.9855072463768115,0.9715099715099715,1.0,0.9855491329479769,
o5r7v,0.9493865030674846,1.0,0.9740361919748229,0.9493087557603687,1.0,0.9739952718676123,0.9493865030674846,1.0,0.9740361919748229,
o5r9s,0.9307580174927114,1.0,0.964137410343526,0.93073277433467,1.0,0.9641238670694864,0.9307580174927114,1.0,0.964137410343526,
o5rmo,0.9709302325581395,1.0,0.9852507374631269,0.9708454810495627,1.0,0.985207100591716,0.9709302325581395,1.0,0.9852507374631269,
o5rz8,0.952449567723343,1.0,0.9756457564575646,0.9523809523809523,1.0,0.975609756097561,0.952449567723343,1.0,0.9756457564575646,
o5s52,0.9371980676328503,1.0,0.9675810473815462,0.937046004842615,1.0,0.9675,0.9371980676328503,1.0,0.9675810473815462,
o5sef,0.8949579831932774,1.0,0.9445676274944569,0.8945147679324894,1.0,0.9443207126948775,0.8949579831932774,1.0,0.9445676274944569,
o5sel,0.9373297002724795,1.0,0.9676511954992967,0.9371584699453552,1.0,0.9675599435825106,0.9373297002724795,1.0,0.9676511954992967,
o5sz6,0.9031903190319032,1.0,0.9491329479768786,0.9030837004405287,1.0,0.9490740740740741,0.9031903190319032,1.0,0.9491329479768786,
o5to3,0.9395833333333333,1.0,0.9688506981740065,0.9395413481584434,1.0,0.968828376925833,0.9395833333333333,1.0,0.9688506981740065,
o5to5,0.9732142857142857,1.0,0.9864253393665159,0.972972972972973,1.0,0.9863013698630138,0.9732142857142857,1.0,0.9864253393665159,
o5tty,0.9159663865546218,1.0,0.9561403508771931,0.9156118143459916,1.0,0.9559471365638766,0.9159663865546218,1.0,0.9561403508771931,
o5v6t,0.9851485148514851,1.0,0.9925187032418953,0.9850746268656716,1.0,0.9924812030075187,0.9851485148514851,1.0,0.9925187032418953,
o5v8g,0.905829596412556,1.0,0.9505882352941176,0.9054054054054054,1.0,0.950354609929078,0.905829596412556,1.0,0.9505882352941176,
o5vae,0.9388646288209607,1.0,0.9684684684684683,0.9387755102040817,1.0,0.968421052631579,0.9388646288209607,1.0,0.9684684684684683,
o5vgo,0.9332181922855498,1.0,0.9654556283502085,0.9331797235023042,1.0,0.9654350417163289,0.9332181922855498,1.0,0.9654556283502085,
o5vmp,0.9444444444444444,1.0,0.9714285714285714,0.9441860465116279,1.0,0.9712918660287081,0.9444444444444444,1.0,0.9714285714285714,
o5vmq,0.9326424870466321,1.0,0.9651474530831099,0.9324675324675324,1.0,0.9650537634408602,0.9326424870466321,1.0,0.9651474530831099,
o5vs2,0.9237187127532777,1.0,0.9603469640644361,0.9236276849642004,1.0,0.9602977667493796,0.9237187127532777,1.0,0.9603469640644361,
o5vz5,0.9811320754716981,1.0,0.9904761904761905,0.9810126582278481,1.0,0.9904153354632589,0.9811320754716981,1.0,0.9904761904761905,
o5w78,0.9593679458239278,1.0,0.9792626728110598,0.9593220338983051,1.0,0.9792387543252595,0.9593679458239278,1.0,0.9792626728110598,
o5w85,0.8818897637795275,1.0,0.9372384937238494,0.8814229249011858,1.0,0.9369747899159664,0.8818897637795275,1.0,0.9372384937238494,
o5we4,0.9431818181818182,1.0,0.9707602339181286,0.9428571428571428,1.0,0.9705882352941176,0.9431818181818182,1.0,0.9707602339181286,
o5wl4,0.9119341563786009,1.0,0.9539388721480845,0.9118979003705229,1.0,0.9539190353143843,0.9119341563786009,1.0,0.9539388721480845,
o5x84,0.9805194805194806,1.0,0.9901639344262295,0.9803921568627451,1.0,0.99009900990099,0.9805194805194806,1.0,0.9901639344262295,
o5y0t,0.9798657718120806,1.0,0.9898305084745762,0.9797297297297297,1.0,0.9897610921501706,0.9798657718120806,1.0,0.9898305084745762,
o5ykl,0.9739130434782609,1.0,0.986784140969163,0.9736842105263158,1.0,0.9866666666666666,0.9739130434782609,1.0,0.986784140969163,
o5z6t,0.9776119402985075,1.0,0.9886792452830189,0.9774436090225563,1.0,0.988593155893536,0.9776119402985075,1.0,0.9886792452830189,
o5zb3,0.8730918204602415,1.0,0.9322466853180877,0.8730773612851772,1.0,0.9322384428223844,0.8730918204602415,1.0,0.9322466853180877,
o5zqm,0.9795918367346939,1.0,0.9896907216494846,0.9794520547945206,1.0,0.9896193771626297,0.9795918367346939,1.0,0.9896907216494846,
o5zv6,0.9368888888888889,1.0,0.9674162459843965,0.9368327402135231,1.0,0.9673863114377583,0.9368888888888889,1.0,0.9674162459843965,
o5zw6,0.9577464788732394,1.0,0.9784172661870503,0.9576612903225806,1.0,0.9783728115345005,0.9577464788732394,1.0,0.9784172661870503,
o5zzt,0.9471830985915493,1.0,0.9728752260397829,0.9469964664310954,1.0,0.9727767695099818,0.9471830985915493,1.0,0.9728752260397829,
o608e,0.9310344827586207,1.0,0.9642857142857143,0.930635838150289,1.0,0.9640718562874252,0.9310344827586207,1.0,0.9642857142857143,
o608q,0.9292035398230089,1.0,0.9633027522935781,0.9290780141843972,1.0,0.963235294117647,0.9292035398230089,1.0,0.9633027522935781,
o60br,0.9813664596273292,1.0,0.9905956112852665,0.98125,1.0,0.9905362776025236,0.9813664596273292,1.0,0.9905956112852665,
o60hz,0.9446640316205533,1.0,0.9715447154471545,0.9444444444444444,1.0,0.9714285714285714,0.9446640316205533,1.0,0.9715447154471545,
o60j5,0.9411764705882353,1.0,0.9696969696969697,0.9407407407407408,1.0,0.9694656488549619,0.9411764705882353,1.0,0.9696969696969697,
o6107,0.955810147299509,1.0,0.9774058577405857,0.9557377049180328,1.0,0.9773679798826487,0.955810147299509,1.0,0.9774058577405857,
o614s,0.9761904761904762,1.0,0.9879518072289156,0.976,1.0,0.9878542510121457,0.9761904761904762,1.0,0.9879518072289156,
o61p9,0.9361605107159142,1.0,0.9670277908619878,0.9361313868613139,1.0,0.9670122525918945,0.9361605107159142,1.0,0.9670277908619878,
o622k,0.9787234042553191,1.0,0.989247311827957,0.9785714285714285,1.0,0.9891696750902527,0.9787234042553191,1.0,0.989247311827957,
o629f,0.9779411764705882,1.0,0.9888475836431226,0.9777777777777777,1.0,0.9887640449438202,0.9779411764705882,1.0,0.9888475836431226,
o62hb,0.9171143514965464,1.0,0.9567654123298639,0.9170506912442397,1.0,0.9567307692307692,0.9171143514965464,1.0,0.9567654123298639,
o62x7,0.9498207885304659,1.0,0.9742647058823529,0.9497307001795332,1.0,0.9742173112338858,0.9498207885304659,1.0,0.9742647058823529,
o63gq,0.9523269012485811,1.0,0.9755813953488371,0.9522727272727273,1.0,0.9755529685681025,0.9523269012485811,1.0,0.9755813953488371,
o63iz,0.9272486772486772,1.0,0.9622512010981469,0.9271523178807947,1.0,0.9621993127147767,0.9272486772486772,1.0,0.9622512010981469,
